2025-07-27 22:01:14 [INFO] face-presence-api: Settings loaded and directories ensured.
2025-07-27 22:01:15 [INFO] face-presence-api: Settings loaded and directories ensured.
2025-07-27 22:01:15 [DEBUG] asyncio: Using selector: SelectSelector
2025-07-27 22:01:15 [INFO] watchfiles.main: 1 change detected
2025-07-27 22:01:39 [DEBUG] tensorflow: Falling back to TensorFlow client; we recommended you install the Cloud TPU client directly with pip install cloud-tpu-client.
2025-07-27 22:01:45 [DEBUG] h5py._conv: Creating converter from 7 to 5
2025-07-27 22:01:45 [DEBUG] h5py._conv: Creating converter from 5 to 7
2025-07-27 22:01:45 [DEBUG] h5py._conv: Creating converter from 7 to 5
2025-07-27 22:01:45 [DEBUG] h5py._conv: Creating converter from 5 to 7
2025-07-27 22:02:28 [DEBUG] urllib3.util.retry: Converted retries value: 3 -> Retry(total=3, connect=None, read=None, redirect=None, status=None)
2025-07-27 22:02:28 [DEBUG] urllib3.connectionpool: Starting new HTTPS connection (1): oauth2.googleapis.com:443
2025-07-27 22:02:29 [DEBUG] urllib3.connectionpool: https://oauth2.googleapis.com:443 "POST /token HTTP/1.1" 200 None
2025-07-27 22:02:29 [DEBUG] urllib3.connectionpool: Starting new HTTPS connection (1): sheets.googleapis.com:443
2025-07-27 22:02:31 [DEBUG] urllib3.connectionpool: https://sheets.googleapis.com:443 "GET /v4/spreadsheets/1hjXERVEURCeKXeCw8TUbrkjF25_GVmORN0JgjZuu058?includeGridData=false HTTP/1.1" 200 None
2025-07-27 22:02:31 [INFO] face-presence-api: [FastAPI] Application initialized and ready.
2025-07-27 22:02:32 [INFO] face-presence-api: TFLite interpreter initialized on startup.
2025-07-27 22:02:32 [INFO] face-presence-api: [BatchLogger] Background loggers started
2025-07-27 22:02:32 [INFO] face-presence-api: [BatchLogger] Spreadsheet integration activated successfully.
2025-07-27 22:02:36 [DEBUG] python_multipart.multipart: Calling on_part_begin with no data
2025-07-27 22:02:36 [DEBUG] python_multipart.multipart: Calling on_header_field with data[42:61]
2025-07-27 22:02:36 [DEBUG] python_multipart.multipart: Calling on_header_value with data[63:88]
2025-07-27 22:02:36 [DEBUG] python_multipart.multipart: Calling on_header_end with no data
2025-07-27 22:02:36 [DEBUG] python_multipart.multipart: Calling on_headers_finished with no data
2025-07-27 22:02:36 [DEBUG] python_multipart.multipart: Calling on_part_data with data[92:94]
2025-07-27 22:02:36 [DEBUG] python_multipart.multipart: Calling on_part_end with no data
2025-07-27 22:02:36 [DEBUG] python_multipart.multipart: Calling on_end with no data
2025-07-27 22:02:36 [INFO] face-presence-api: Checking status for user: 44
2025-07-27 22:02:36 [INFO] face-presence-api: User 44 is already registered.
2025-07-27 22:02:42 [DEBUG] face-presence-api: [BatchLogger] No durations, skip flush
2025-07-27 22:02:52 [DEBUG] face-presence-api: [BatchLogger] No durations, skip flush
2025-07-27 22:03:02 [DEBUG] face-presence-api: [BatchLogger] No registrations, skip flush
2025-07-27 22:03:02 [DEBUG] face-presence-api: [BatchLogger] No verifications, skip flush
2025-07-27 22:03:02 [DEBUG] face-presence-api: [BatchLogger] No durations, skip flush
2025-07-27 22:03:03 [DEBUG] python_multipart.multipart: Calling on_part_begin with no data
2025-07-27 22:03:03 [DEBUG] python_multipart.multipart: Calling on_header_field with data[42:61]
2025-07-27 22:03:03 [DEBUG] python_multipart.multipart: Calling on_header_value with data[63:88]
2025-07-27 22:03:03 [DEBUG] python_multipart.multipart: Calling on_header_end with no data
2025-07-27 22:03:03 [DEBUG] python_multipart.multipart: Calling on_headers_finished with no data
2025-07-27 22:03:03 [DEBUG] python_multipart.multipart: Calling on_part_data with data[92:94]
2025-07-27 22:03:03 [DEBUG] python_multipart.multipart: Calling on_part_end with no data
2025-07-27 22:03:03 [DEBUG] python_multipart.multipart: Calling on_end with no data
2025-07-27 22:03:03 [INFO] face-presence-api: Checking status for user: 44
2025-07-27 22:03:03 [INFO] face-presence-api: User 44 is already registered.
2025-07-27 22:03:12 [DEBUG] face-presence-api: [BatchLogger] No durations, skip flush
2025-07-27 22:03:22 [DEBUG] face-presence-api: [BatchLogger] No durations, skip flush
2025-07-27 22:03:32 [DEBUG] face-presence-api: [BatchLogger] No verifications, skip flush
2025-07-27 22:03:32 [DEBUG] face-presence-api: [BatchLogger] No registrations, skip flush
2025-07-27 22:03:32 [DEBUG] face-presence-api: [BatchLogger] No durations, skip flush
2025-07-27 22:03:42 [DEBUG] face-presence-api: [BatchLogger] No durations, skip flush
2025-07-27 22:03:52 [DEBUG] face-presence-api: [BatchLogger] No durations, skip flush
2025-07-27 22:04:02 [DEBUG] face-presence-api: [BatchLogger] No registrations, skip flush
2025-07-27 22:04:02 [DEBUG] face-presence-api: [BatchLogger] No verifications, skip flush
2025-07-27 22:04:02 [DEBUG] face-presence-api: [BatchLogger] No durations, skip flush
2025-07-27 22:04:12 [DEBUG] face-presence-api: [BatchLogger] No durations, skip flush
2025-07-27 22:04:22 [DEBUG] face-presence-api: [BatchLogger] No durations, skip flush
2025-07-27 22:04:32 [DEBUG] face-presence-api: [BatchLogger] No verifications, skip flush
2025-07-27 22:04:32 [DEBUG] face-presence-api: [BatchLogger] No registrations, skip flush
2025-07-27 22:04:32 [DEBUG] face-presence-api: [BatchLogger] No durations, skip flush
2025-07-27 22:04:42 [DEBUG] face-presence-api: [BatchLogger] No durations, skip flush
2025-07-27 22:04:44 [DEBUG] python_multipart.multipart: Calling on_part_begin with no data
2025-07-27 22:04:44 [DEBUG] python_multipart.multipart: Calling on_header_field with data[42:61]
2025-07-27 22:04:44 [DEBUG] python_multipart.multipart: Calling on_header_value with data[63:88]
2025-07-27 22:04:44 [DEBUG] python_multipart.multipart: Calling on_header_end with no data
2025-07-27 22:04:44 [DEBUG] python_multipart.multipart: Calling on_headers_finished with no data
2025-07-27 22:04:44 [DEBUG] python_multipart.multipart: Calling on_part_data with data[92:94]
2025-07-27 22:04:44 [DEBUG] python_multipart.multipart: Calling on_part_end with no data
2025-07-27 22:04:44 [DEBUG] python_multipart.multipart: Calling on_end with no data
2025-07-27 22:04:44 [INFO] face-presence-api: Checking status for user: 44
2025-07-27 22:04:44 [INFO] face-presence-api: User 44 is already registered.
2025-07-27 22:04:52 [DEBUG] face-presence-api: [BatchLogger] No durations, skip flush
2025-07-27 22:05:02 [DEBUG] face-presence-api: [BatchLogger] No registrations, skip flush
2025-07-27 22:05:02 [DEBUG] face-presence-api: [BatchLogger] No verifications, skip flush
2025-07-27 22:05:02 [DEBUG] face-presence-api: [BatchLogger] No durations, skip flush
2025-07-27 22:05:12 [DEBUG] face-presence-api: [BatchLogger] No durations, skip flush
2025-07-27 22:05:22 [DEBUG] face-presence-api: [BatchLogger] No durations, skip flush
2025-07-27 22:05:32 [DEBUG] face-presence-api: [BatchLogger] No verifications, skip flush
2025-07-27 22:05:32 [DEBUG] face-presence-api: [BatchLogger] No registrations, skip flush
2025-07-27 22:05:32 [DEBUG] face-presence-api: [BatchLogger] No durations, skip flush
2025-07-27 22:05:42 [DEBUG] face-presence-api: [BatchLogger] No durations, skip flush
2025-07-27 22:05:52 [DEBUG] face-presence-api: [BatchLogger] No durations, skip flush
2025-07-27 22:06:02 [DEBUG] face-presence-api: [BatchLogger] No registrations, skip flush
2025-07-27 22:06:02 [DEBUG] face-presence-api: [BatchLogger] No verifications, skip flush
2025-07-27 22:06:02 [DEBUG] face-presence-api: [BatchLogger] No durations, skip flush
2025-07-27 22:06:12 [DEBUG] face-presence-api: [BatchLogger] No durations, skip flush
2025-07-27 22:06:22 [DEBUG] face-presence-api: [BatchLogger] No durations, skip flush
2025-07-27 22:06:32 [DEBUG] face-presence-api: [BatchLogger] No verifications, skip flush
2025-07-27 22:06:32 [DEBUG] face-presence-api: [BatchLogger] No registrations, skip flush
2025-07-27 22:06:32 [DEBUG] face-presence-api: [BatchLogger] No durations, skip flush
2025-07-27 22:06:42 [DEBUG] face-presence-api: [BatchLogger] No durations, skip flush
2025-07-27 22:06:52 [DEBUG] face-presence-api: [BatchLogger] No durations, skip flush
2025-07-27 22:07:02 [DEBUG] face-presence-api: [BatchLogger] No registrations, skip flush
2025-07-27 22:07:02 [DEBUG] face-presence-api: [BatchLogger] No verifications, skip flush
2025-07-27 22:07:02 [DEBUG] face-presence-api: [BatchLogger] No durations, skip flush
2025-07-27 22:07:04 [DEBUG] python_multipart.multipart: Calling on_part_begin with no data
2025-07-27 22:07:04 [DEBUG] python_multipart.multipart: Calling on_header_field with data[42:61]
2025-07-27 22:07:04 [DEBUG] python_multipart.multipart: Calling on_header_value with data[63:88]
2025-07-27 22:07:04 [DEBUG] python_multipart.multipart: Calling on_header_end with no data
2025-07-27 22:07:04 [DEBUG] python_multipart.multipart: Calling on_headers_finished with no data
2025-07-27 22:07:04 [DEBUG] python_multipart.multipart: Calling on_part_data with data[92:94]
2025-07-27 22:07:04 [DEBUG] python_multipart.multipart: Calling on_part_end with no data
2025-07-27 22:07:04 [DEBUG] python_multipart.multipart: Calling on_end with no data
2025-07-27 22:07:04 [INFO] face-presence-api: Checking status for user: 44
2025-07-27 22:07:04 [INFO] face-presence-api: User 44 is already registered.
2025-07-27 22:07:12 [DEBUG] face-presence-api: [BatchLogger] No durations, skip flush
2025-07-27 22:07:18 [DEBUG] python_multipart.multipart: Calling on_part_begin with no data
2025-07-27 22:07:18 [DEBUG] python_multipart.multipart: Calling on_header_field with data[42:61]
2025-07-27 22:07:18 [DEBUG] python_multipart.multipart: Calling on_header_value with data[63:88]
2025-07-27 22:07:18 [DEBUG] python_multipart.multipart: Calling on_header_end with no data
2025-07-27 22:07:18 [DEBUG] python_multipart.multipart: Calling on_headers_finished with no data
2025-07-27 22:07:18 [DEBUG] python_multipart.multipart: Calling on_part_data with data[92:94]
2025-07-27 22:07:18 [DEBUG] python_multipart.multipart: Calling on_part_end with no data
2025-07-27 22:07:18 [DEBUG] python_multipart.multipart: Calling on_end with no data
2025-07-27 22:07:18 [INFO] face-presence-api: Checking status for user: 44
2025-07-27 22:07:18 [INFO] face-presence-api: User 44 is already registered.
2025-07-27 22:07:22 [DEBUG] face-presence-api: [BatchLogger] No durations, skip flush
2025-07-27 22:07:25 [DEBUG] python_multipart.multipart: Calling on_part_begin with no data
2025-07-27 22:07:25 [DEBUG] python_multipart.multipart: Calling on_header_field with data[42:61]
2025-07-27 22:07:25 [DEBUG] python_multipart.multipart: Calling on_header_value with data[63:88]
2025-07-27 22:07:25 [DEBUG] python_multipart.multipart: Calling on_header_end with no data
2025-07-27 22:07:25 [DEBUG] python_multipart.multipart: Calling on_headers_finished with no data
2025-07-27 22:07:25 [DEBUG] python_multipart.multipart: Calling on_part_data with data[92:94]
2025-07-27 22:07:25 [DEBUG] python_multipart.multipart: Calling on_part_end with no data
2025-07-27 22:07:25 [DEBUG] python_multipart.multipart: Calling on_end with no data
2025-07-27 22:07:25 [INFO] face-presence-api: Checking status for user: 44
2025-07-27 22:07:25 [INFO] face-presence-api: User 44 is already registered.
2025-07-27 22:07:32 [DEBUG] face-presence-api: [BatchLogger] No registrations, skip flush
2025-07-27 22:07:32 [DEBUG] face-presence-api: [BatchLogger] No verifications, skip flush
2025-07-27 22:07:32 [DEBUG] face-presence-api: [BatchLogger] No durations, skip flush
2025-07-27 22:07:35 [DEBUG] python_multipart.multipart: Calling on_part_begin with no data
2025-07-27 22:07:35 [DEBUG] python_multipart.multipart: Calling on_header_field with data[42:61]
2025-07-27 22:07:35 [DEBUG] python_multipart.multipart: Calling on_header_value with data[63:88]
2025-07-27 22:07:35 [DEBUG] python_multipart.multipart: Calling on_header_end with no data
2025-07-27 22:07:35 [DEBUG] python_multipart.multipart: Calling on_headers_finished with no data
2025-07-27 22:07:35 [DEBUG] python_multipart.multipart: Calling on_part_data with data[92:94]
2025-07-27 22:07:35 [DEBUG] python_multipart.multipart: Calling on_part_end with no data
2025-07-27 22:07:35 [DEBUG] python_multipart.multipart: Calling on_end with no data
2025-07-27 22:07:35 [INFO] face-presence-api: Checking status for user: 44
2025-07-27 22:07:35 [INFO] face-presence-api: User 44 is already registered.
2025-07-27 22:07:42 [DEBUG] face-presence-api: [BatchLogger] No durations, skip flush
2025-07-27 22:07:52 [DEBUG] face-presence-api: [BatchLogger] No durations, skip flush
2025-07-27 22:07:57 [DEBUG] python_multipart.multipart: Calling on_part_begin with no data
2025-07-27 22:07:57 [DEBUG] python_multipart.multipart: Calling on_header_field with data[42:61]
2025-07-27 22:07:57 [DEBUG] python_multipart.multipart: Calling on_header_value with data[63:88]
2025-07-27 22:07:57 [DEBUG] python_multipart.multipart: Calling on_header_end with no data
2025-07-27 22:07:57 [DEBUG] python_multipart.multipart: Calling on_headers_finished with no data
2025-07-27 22:07:57 [DEBUG] python_multipart.multipart: Calling on_part_data with data[92:94]
2025-07-27 22:07:57 [DEBUG] python_multipart.multipart: Calling on_part_end with no data
2025-07-27 22:07:57 [DEBUG] python_multipart.multipart: Calling on_end with no data
2025-07-27 22:07:57 [INFO] face-presence-api: Checking status for user: 44
2025-07-27 22:07:57 [INFO] face-presence-api: User 44 is already registered.
2025-07-27 22:08:02 [DEBUG] face-presence-api: [BatchLogger] No registrations, skip flush
2025-07-27 22:08:02 [DEBUG] face-presence-api: [BatchLogger] No verifications, skip flush
2025-07-27 22:08:02 [DEBUG] face-presence-api: [BatchLogger] No durations, skip flush
2025-07-27 22:08:03 [DEBUG] python_multipart.multipart: Calling on_part_begin with no data
2025-07-27 22:08:03 [DEBUG] python_multipart.multipart: Calling on_header_field with data[42:61]
2025-07-27 22:08:03 [DEBUG] python_multipart.multipart: Calling on_header_value with data[63:88]
2025-07-27 22:08:03 [DEBUG] python_multipart.multipart: Calling on_header_end with no data
2025-07-27 22:08:03 [DEBUG] python_multipart.multipart: Calling on_headers_finished with no data
2025-07-27 22:08:03 [DEBUG] python_multipart.multipart: Calling on_part_data with data[92:94]
2025-07-27 22:08:03 [DEBUG] python_multipart.multipart: Calling on_part_end with no data
2025-07-27 22:08:03 [DEBUG] python_multipart.multipart: Calling on_end with no data
2025-07-27 22:08:03 [INFO] face-presence-api: Checking status for user: 44
2025-07-27 22:08:03 [INFO] face-presence-api: User 44 is already registered.
2025-07-27 22:08:12 [DEBUG] face-presence-api: [BatchLogger] No durations, skip flush
2025-07-27 22:08:22 [DEBUG] face-presence-api: [BatchLogger] No durations, skip flush
2025-07-27 22:08:32 [DEBUG] face-presence-api: [BatchLogger] No registrations, skip flush
2025-07-27 22:08:32 [DEBUG] face-presence-api: [BatchLogger] No verifications, skip flush
2025-07-27 22:08:32 [DEBUG] face-presence-api: [BatchLogger] No durations, skip flush
2025-07-27 22:08:42 [DEBUG] face-presence-api: [BatchLogger] No durations, skip flush
2025-07-27 22:08:52 [DEBUG] face-presence-api: [BatchLogger] No durations, skip flush
2025-07-27 22:09:02 [DEBUG] face-presence-api: [BatchLogger] No registrations, skip flush
2025-07-27 22:09:02 [DEBUG] face-presence-api: [BatchLogger] No verifications, skip flush
2025-07-27 22:09:02 [DEBUG] face-presence-api: [BatchLogger] No durations, skip flush
2025-07-27 22:09:07 [DEBUG] python_multipart.multipart: Calling on_part_begin with no data
2025-07-27 22:09:07 [DEBUG] python_multipart.multipart: Calling on_header_field with data[42:61]
2025-07-27 22:09:07 [DEBUG] python_multipart.multipart: Calling on_header_value with data[63:88]
2025-07-27 22:09:07 [DEBUG] python_multipart.multipart: Calling on_header_end with no data
2025-07-27 22:09:07 [DEBUG] python_multipart.multipart: Calling on_headers_finished with no data
2025-07-27 22:09:07 [DEBUG] python_multipart.multipart: Calling on_part_data with data[92:94]
2025-07-27 22:09:07 [DEBUG] python_multipart.multipart: Calling on_part_end with no data
2025-07-27 22:09:07 [DEBUG] python_multipart.multipart: Calling on_end with no data
2025-07-27 22:09:07 [INFO] face-presence-api: Checking status for user: 44
2025-07-27 22:09:07 [INFO] face-presence-api: User 44 is already registered.
2025-07-27 22:09:12 [DEBUG] face-presence-api: [BatchLogger] No durations, skip flush
2025-07-27 22:09:22 [DEBUG] face-presence-api: [BatchLogger] No durations, skip flush
2025-07-27 22:09:27 [DEBUG] python_multipart.multipart: Calling on_part_begin with no data
2025-07-27 22:09:27 [DEBUG] python_multipart.multipart: Calling on_header_field with data[42:61]
2025-07-27 22:09:27 [DEBUG] python_multipart.multipart: Calling on_header_value with data[63:88]
2025-07-27 22:09:27 [DEBUG] python_multipart.multipart: Calling on_header_end with no data
2025-07-27 22:09:27 [DEBUG] python_multipart.multipart: Calling on_headers_finished with no data
2025-07-27 22:09:27 [DEBUG] python_multipart.multipart: Calling on_part_data with data[92:94]
2025-07-27 22:09:27 [DEBUG] python_multipart.multipart: Calling on_part_end with no data
2025-07-27 22:09:27 [DEBUG] python_multipart.multipart: Calling on_end with no data
2025-07-27 22:09:27 [INFO] face-presence-api: Checking status for user: 44
2025-07-27 22:09:27 [INFO] face-presence-api: User 44 is already registered.
2025-07-27 22:09:32 [DEBUG] face-presence-api: [BatchLogger] No verifications, skip flush
2025-07-27 22:09:32 [DEBUG] face-presence-api: [BatchLogger] No registrations, skip flush
2025-07-27 22:09:32 [DEBUG] face-presence-api: [BatchLogger] No durations, skip flush
2025-07-27 22:09:42 [DEBUG] face-presence-api: [BatchLogger] No durations, skip flush
2025-07-27 22:09:52 [DEBUG] face-presence-api: [BatchLogger] No durations, skip flush
2025-07-27 22:10:02 [DEBUG] face-presence-api: [BatchLogger] No verifications, skip flush
2025-07-27 22:10:02 [DEBUG] face-presence-api: [BatchLogger] No registrations, skip flush
2025-07-27 22:10:02 [DEBUG] face-presence-api: [BatchLogger] No durations, skip flush
2025-07-27 22:10:12 [DEBUG] face-presence-api: [BatchLogger] No durations, skip flush
2025-07-27 22:10:22 [DEBUG] face-presence-api: [BatchLogger] No durations, skip flush
2025-07-27 22:10:32 [DEBUG] face-presence-api: [BatchLogger] No registrations, skip flush
2025-07-27 22:10:32 [DEBUG] face-presence-api: [BatchLogger] No verifications, skip flush
2025-07-27 22:10:32 [DEBUG] face-presence-api: [BatchLogger] No durations, skip flush
2025-07-27 22:10:42 [DEBUG] face-presence-api: [BatchLogger] No durations, skip flush
2025-07-27 22:10:52 [DEBUG] face-presence-api: [BatchLogger] No durations, skip flush
2025-07-27 22:10:58 [DEBUG] python_multipart.multipart: Calling on_part_begin with no data
2025-07-27 22:10:58 [DEBUG] python_multipart.multipart: Calling on_header_field with data[42:61]
2025-07-27 22:10:58 [DEBUG] python_multipart.multipart: Calling on_header_value with data[63:88]
2025-07-27 22:10:58 [DEBUG] python_multipart.multipart: Calling on_header_end with no data
2025-07-27 22:10:58 [DEBUG] python_multipart.multipart: Calling on_headers_finished with no data
2025-07-27 22:10:58 [DEBUG] python_multipart.multipart: Calling on_part_data with data[92:94]
2025-07-27 22:10:58 [DEBUG] python_multipart.multipart: Calling on_part_end with no data
2025-07-27 22:10:58 [DEBUG] python_multipart.multipart: Calling on_end with no data
2025-07-27 22:10:58 [INFO] face-presence-api: Checking status for user: 44
2025-07-27 22:10:58 [INFO] face-presence-api: User 44 is already registered.
2025-07-27 22:11:02 [DEBUG] face-presence-api: [BatchLogger] No verifications, skip flush
2025-07-27 22:11:02 [DEBUG] face-presence-api: [BatchLogger] No registrations, skip flush
2025-07-27 22:11:02 [DEBUG] face-presence-api: [BatchLogger] No durations, skip flush
2025-07-27 22:11:12 [DEBUG] python_multipart.multipart: Calling on_part_begin with no data
2025-07-27 22:11:12 [DEBUG] python_multipart.multipart: Calling on_header_field with data[42:61]
2025-07-27 22:11:12 [DEBUG] python_multipart.multipart: Calling on_header_value with data[63:88]
2025-07-27 22:11:12 [DEBUG] python_multipart.multipart: Calling on_header_end with no data
2025-07-27 22:11:12 [DEBUG] python_multipart.multipart: Calling on_headers_finished with no data
2025-07-27 22:11:12 [DEBUG] python_multipart.multipart: Calling on_part_data with data[92:94]
2025-07-27 22:11:12 [DEBUG] python_multipart.multipart: Calling on_part_end with no data
2025-07-27 22:11:12 [DEBUG] python_multipart.multipart: Calling on_end with no data
2025-07-27 22:11:12 [INFO] face-presence-api: Checking status for user: 44
2025-07-27 22:11:12 [INFO] face-presence-api: User 44 is already registered.
2025-07-27 22:11:12 [DEBUG] face-presence-api: [BatchLogger] No durations, skip flush
2025-07-27 22:11:22 [DEBUG] face-presence-api: [BatchLogger] No durations, skip flush
2025-07-27 22:11:32 [DEBUG] face-presence-api: [BatchLogger] No registrations, skip flush
2025-07-27 22:11:32 [DEBUG] face-presence-api: [BatchLogger] No verifications, skip flush
2025-07-27 22:11:32 [DEBUG] face-presence-api: [BatchLogger] No durations, skip flush
2025-07-27 22:11:42 [DEBUG] face-presence-api: [BatchLogger] No durations, skip flush
2025-07-27 22:11:52 [DEBUG] face-presence-api: [BatchLogger] No durations, skip flush
2025-07-27 22:12:02 [DEBUG] face-presence-api: [BatchLogger] No verifications, skip flush
2025-07-27 22:12:02 [DEBUG] face-presence-api: [BatchLogger] No registrations, skip flush
2025-07-27 22:12:02 [DEBUG] face-presence-api: [BatchLogger] No durations, skip flush
2025-07-27 22:12:12 [DEBUG] face-presence-api: [BatchLogger] No durations, skip flush
2025-07-27 22:12:22 [DEBUG] face-presence-api: [BatchLogger] No durations, skip flush
2025-07-27 22:12:32 [DEBUG] face-presence-api: [BatchLogger] No verifications, skip flush
2025-07-27 22:12:32 [DEBUG] face-presence-api: [BatchLogger] No registrations, skip flush
2025-07-27 22:12:32 [DEBUG] face-presence-api: [BatchLogger] No durations, skip flush
2025-07-27 22:12:42 [DEBUG] face-presence-api: [BatchLogger] No durations, skip flush
2025-07-27 22:12:52 [DEBUG] face-presence-api: [BatchLogger] No durations, skip flush
2025-07-27 22:13:02 [DEBUG] face-presence-api: [BatchLogger] No registrations, skip flush
2025-07-27 22:13:02 [DEBUG] face-presence-api: [BatchLogger] No verifications, skip flush
2025-07-27 22:13:02 [DEBUG] face-presence-api: [BatchLogger] No durations, skip flush
2025-07-27 22:13:12 [DEBUG] face-presence-api: [BatchLogger] No durations, skip flush
2025-07-27 22:13:16 [DEBUG] python_multipart.multipart: Calling on_part_begin with no data
2025-07-27 22:13:16 [DEBUG] python_multipart.multipart: Calling on_header_field with data[42:61]
2025-07-27 22:13:16 [DEBUG] python_multipart.multipart: Calling on_header_value with data[63:88]
2025-07-27 22:13:16 [DEBUG] python_multipart.multipart: Calling on_header_end with no data
2025-07-27 22:13:16 [DEBUG] python_multipart.multipart: Calling on_headers_finished with no data
2025-07-27 22:13:16 [DEBUG] python_multipart.multipart: Calling on_part_data with data[92:94]
2025-07-27 22:13:16 [DEBUG] python_multipart.multipart: Calling on_part_end with no data
2025-07-27 22:13:16 [DEBUG] python_multipart.multipart: Calling on_end with no data
2025-07-27 22:13:16 [INFO] face-presence-api: Checking status for user: 44
2025-07-27 22:13:16 [INFO] face-presence-api: User 44 is already registered.
2025-07-27 22:13:22 [DEBUG] face-presence-api: [BatchLogger] No durations, skip flush
2025-07-27 22:13:32 [DEBUG] face-presence-api: [BatchLogger] No verifications, skip flush
2025-07-27 22:13:32 [DEBUG] face-presence-api: [BatchLogger] No registrations, skip flush
2025-07-27 22:13:32 [DEBUG] face-presence-api: [BatchLogger] No durations, skip flush
2025-07-27 22:13:42 [DEBUG] face-presence-api: [BatchLogger] No durations, skip flush
2025-07-27 22:13:52 [DEBUG] face-presence-api: [BatchLogger] No durations, skip flush
2025-07-27 22:13:53 [DEBUG] python_multipart.multipart: Calling on_part_begin with no data
2025-07-27 22:13:53 [DEBUG] python_multipart.multipart: Calling on_header_field with data[42:61]
2025-07-27 22:13:53 [DEBUG] python_multipart.multipart: Calling on_header_value with data[63:88]
2025-07-27 22:13:53 [DEBUG] python_multipart.multipart: Calling on_header_end with no data
2025-07-27 22:13:53 [DEBUG] python_multipart.multipart: Calling on_headers_finished with no data
2025-07-27 22:13:53 [DEBUG] python_multipart.multipart: Calling on_part_data with data[92:94]
2025-07-27 22:13:53 [DEBUG] python_multipart.multipart: Calling on_part_end with no data
2025-07-27 22:13:53 [DEBUG] python_multipart.multipart: Calling on_end with no data
2025-07-27 22:13:53 [INFO] face-presence-api: Checking status for user: 44
2025-07-27 22:13:53 [INFO] face-presence-api: User 44 is already registered.
2025-07-27 22:14:02 [DEBUG] face-presence-api: [BatchLogger] No verifications, skip flush
2025-07-27 22:14:02 [DEBUG] face-presence-api: [BatchLogger] No registrations, skip flush
2025-07-27 22:14:02 [DEBUG] face-presence-api: [BatchLogger] No durations, skip flush
2025-07-27 22:14:12 [DEBUG] face-presence-api: [BatchLogger] No durations, skip flush
2025-07-27 22:14:22 [DEBUG] face-presence-api: [BatchLogger] No durations, skip flush
2025-07-27 22:14:32 [DEBUG] face-presence-api: [BatchLogger] No verifications, skip flush
2025-07-27 22:14:32 [DEBUG] face-presence-api: [BatchLogger] No registrations, skip flush
2025-07-27 22:14:32 [DEBUG] face-presence-api: [BatchLogger] No durations, skip flush
2025-07-27 22:14:42 [DEBUG] face-presence-api: [BatchLogger] No durations, skip flush
2025-07-27 22:14:52 [DEBUG] face-presence-api: [BatchLogger] No durations, skip flush
2025-07-27 22:14:53 [DEBUG] python_multipart.multipart: Calling on_part_begin with no data
2025-07-27 22:14:53 [DEBUG] python_multipart.multipart: Calling on_header_field with data[42:61]
2025-07-27 22:14:53 [DEBUG] python_multipart.multipart: Calling on_header_value with data[63:88]
2025-07-27 22:14:53 [DEBUG] python_multipart.multipart: Calling on_header_end with no data
2025-07-27 22:14:53 [DEBUG] python_multipart.multipart: Calling on_headers_finished with no data
2025-07-27 22:14:53 [DEBUG] python_multipart.multipart: Calling on_part_data with data[92:94]
2025-07-27 22:14:53 [DEBUG] python_multipart.multipart: Calling on_part_end with no data
2025-07-27 22:14:53 [DEBUG] python_multipart.multipart: Calling on_end with no data
2025-07-27 22:14:53 [INFO] face-presence-api: Checking status for user: 44
2025-07-27 22:14:53 [INFO] face-presence-api: User 44 is already registered.
2025-07-27 22:15:02 [DEBUG] face-presence-api: [BatchLogger] No registrations, skip flush
2025-07-27 22:15:02 [DEBUG] face-presence-api: [BatchLogger] No verifications, skip flush
2025-07-27 22:15:02 [DEBUG] face-presence-api: [BatchLogger] No durations, skip flush
2025-07-27 22:15:12 [DEBUG] face-presence-api: [BatchLogger] No durations, skip flush
2025-07-27 22:15:22 [DEBUG] face-presence-api: [BatchLogger] No durations, skip flush
2025-07-27 22:15:32 [DEBUG] face-presence-api: [BatchLogger] No verifications, skip flush
2025-07-27 22:15:32 [DEBUG] face-presence-api: [BatchLogger] No registrations, skip flush
2025-07-27 22:15:32 [DEBUG] face-presence-api: [BatchLogger] No durations, skip flush
2025-07-27 22:15:42 [DEBUG] face-presence-api: [BatchLogger] No durations, skip flush
2025-07-27 22:15:48 [DEBUG] python_multipart.multipart: Calling on_part_begin with no data
2025-07-27 22:15:48 [DEBUG] python_multipart.multipart: Calling on_header_field with data[42:61]
2025-07-27 22:15:48 [DEBUG] python_multipart.multipart: Calling on_header_value with data[63:88]
2025-07-27 22:15:48 [DEBUG] python_multipart.multipart: Calling on_header_end with no data
2025-07-27 22:15:48 [DEBUG] python_multipart.multipart: Calling on_headers_finished with no data
2025-07-27 22:15:48 [DEBUG] python_multipart.multipart: Calling on_part_data with data[92:94]
2025-07-27 22:15:48 [DEBUG] python_multipart.multipart: Calling on_part_end with no data
2025-07-27 22:15:48 [DEBUG] python_multipart.multipart: Calling on_end with no data
2025-07-27 22:15:48 [INFO] face-presence-api: Checking status for user: 44
2025-07-27 22:15:48 [INFO] face-presence-api: User 44 is already registered.
2025-07-27 22:15:52 [DEBUG] face-presence-api: [BatchLogger] No durations, skip flush
2025-07-27 22:16:02 [DEBUG] face-presence-api: [BatchLogger] No registrations, skip flush
2025-07-27 22:16:02 [DEBUG] face-presence-api: [BatchLogger] No verifications, skip flush
2025-07-27 22:16:02 [DEBUG] face-presence-api: [BatchLogger] No durations, skip flush
2025-07-27 22:16:12 [DEBUG] face-presence-api: [BatchLogger] No durations, skip flush
2025-07-27 22:16:23 [DEBUG] face-presence-api: [BatchLogger] No durations, skip flush
2025-07-27 22:16:32 [DEBUG] face-presence-api: [BatchLogger] No verifications, skip flush
2025-07-27 22:16:32 [DEBUG] face-presence-api: [BatchLogger] No registrations, skip flush
2025-07-27 22:16:33 [DEBUG] face-presence-api: [BatchLogger] No durations, skip flush
2025-07-27 22:16:43 [DEBUG] face-presence-api: [BatchLogger] No durations, skip flush
2025-07-27 22:16:53 [DEBUG] face-presence-api: [BatchLogger] No durations, skip flush
2025-07-27 22:17:02 [DEBUG] face-presence-api: [BatchLogger] No registrations, skip flush
2025-07-27 22:17:02 [DEBUG] face-presence-api: [BatchLogger] No verifications, skip flush
2025-07-27 22:17:03 [DEBUG] face-presence-api: [BatchLogger] No durations, skip flush
2025-07-27 22:17:13 [DEBUG] face-presence-api: [BatchLogger] No durations, skip flush
2025-07-27 22:17:18 [DEBUG] python_multipart.multipart: Calling on_part_begin with no data
2025-07-27 22:17:18 [DEBUG] python_multipart.multipart: Calling on_header_field with data[42:61]
2025-07-27 22:17:18 [DEBUG] python_multipart.multipart: Calling on_header_value with data[63:88]
2025-07-27 22:17:18 [DEBUG] python_multipart.multipart: Calling on_header_end with no data
2025-07-27 22:17:18 [DEBUG] python_multipart.multipart: Calling on_headers_finished with no data
2025-07-27 22:17:18 [DEBUG] python_multipart.multipart: Calling on_part_data with data[92:94]
2025-07-27 22:17:18 [DEBUG] python_multipart.multipart: Calling on_part_end with no data
2025-07-27 22:17:18 [DEBUG] python_multipart.multipart: Calling on_end with no data
2025-07-27 22:17:18 [INFO] face-presence-api: Checking status for user: 44
2025-07-27 22:17:18 [INFO] face-presence-api: User 44 is already registered.
2025-07-27 22:17:23 [DEBUG] face-presence-api: [BatchLogger] No durations, skip flush
2025-07-27 22:17:32 [DEBUG] face-presence-api: [BatchLogger] No verifications, skip flush
2025-07-27 22:17:32 [DEBUG] face-presence-api: [BatchLogger] No registrations, skip flush
2025-07-27 22:17:33 [DEBUG] face-presence-api: [BatchLogger] No durations, skip flush
2025-07-27 22:17:43 [DEBUG] face-presence-api: [BatchLogger] No durations, skip flush
2025-07-27 22:17:53 [DEBUG] face-presence-api: [BatchLogger] No durations, skip flush
2025-07-27 22:18:02 [DEBUG] face-presence-api: [BatchLogger] No registrations, skip flush
2025-07-27 22:18:02 [DEBUG] face-presence-api: [BatchLogger] No verifications, skip flush
2025-07-27 22:18:03 [DEBUG] face-presence-api: [BatchLogger] No durations, skip flush
2025-07-27 22:18:13 [DEBUG] face-presence-api: [BatchLogger] No durations, skip flush
2025-07-27 22:18:23 [DEBUG] face-presence-api: [BatchLogger] No durations, skip flush
2025-07-27 22:18:32 [DEBUG] face-presence-api: [BatchLogger] No registrations, skip flush
2025-07-27 22:18:32 [DEBUG] face-presence-api: [BatchLogger] No verifications, skip flush
2025-07-27 22:18:33 [DEBUG] face-presence-api: [BatchLogger] No durations, skip flush
2025-07-27 22:18:43 [DEBUG] face-presence-api: [BatchLogger] No durations, skip flush
2025-07-27 22:18:53 [DEBUG] face-presence-api: [BatchLogger] No durations, skip flush
2025-07-27 22:19:02 [DEBUG] face-presence-api: [BatchLogger] No registrations, skip flush
2025-07-27 22:19:02 [DEBUG] face-presence-api: [BatchLogger] No verifications, skip flush
2025-07-27 22:19:03 [DEBUG] face-presence-api: [BatchLogger] No durations, skip flush
2025-07-27 22:19:05 [DEBUG] python_multipart.multipart: Calling on_part_begin with no data
2025-07-27 22:19:05 [DEBUG] python_multipart.multipart: Calling on_header_field with data[42:61]
2025-07-27 22:19:05 [DEBUG] python_multipart.multipart: Calling on_header_value with data[63:88]
2025-07-27 22:19:05 [DEBUG] python_multipart.multipart: Calling on_header_end with no data
2025-07-27 22:19:05 [DEBUG] python_multipart.multipart: Calling on_headers_finished with no data
2025-07-27 22:19:05 [DEBUG] python_multipart.multipart: Calling on_part_data with data[92:94]
2025-07-27 22:19:05 [DEBUG] python_multipart.multipart: Calling on_part_end with no data
2025-07-27 22:19:05 [DEBUG] python_multipart.multipart: Calling on_end with no data
2025-07-27 22:19:05 [INFO] face-presence-api: Checking status for user: 44
2025-07-27 22:19:05 [INFO] face-presence-api: User 44 is already registered.
2025-07-27 22:19:13 [DEBUG] face-presence-api: [BatchLogger] No durations, skip flush
2025-07-27 22:19:23 [DEBUG] face-presence-api: [BatchLogger] No durations, skip flush
2025-07-27 22:19:32 [DEBUG] face-presence-api: [BatchLogger] No registrations, skip flush
2025-07-27 22:19:32 [DEBUG] face-presence-api: [BatchLogger] No verifications, skip flush
2025-07-27 22:19:33 [DEBUG] face-presence-api: [BatchLogger] No durations, skip flush
2025-07-27 22:19:43 [DEBUG] face-presence-api: [BatchLogger] No durations, skip flush
2025-07-27 22:19:53 [DEBUG] python_multipart.multipart: Calling on_part_begin with no data
2025-07-27 22:19:53 [DEBUG] python_multipart.multipart: Calling on_header_field with data[42:61]
2025-07-27 22:19:53 [DEBUG] python_multipart.multipart: Calling on_header_value with data[63:88]
2025-07-27 22:19:53 [DEBUG] python_multipart.multipart: Calling on_header_end with no data
2025-07-27 22:19:53 [DEBUG] python_multipart.multipart: Calling on_headers_finished with no data
2025-07-27 22:19:53 [DEBUG] python_multipart.multipart: Calling on_part_data with data[92:94]
2025-07-27 22:19:53 [DEBUG] python_multipart.multipart: Calling on_part_end with no data
2025-07-27 22:19:53 [DEBUG] python_multipart.multipart: Calling on_end with no data
2025-07-27 22:19:53 [INFO] face-presence-api: Checking status for user: 44
2025-07-27 22:19:53 [INFO] face-presence-api: User 44 is already registered.
2025-07-27 22:19:53 [DEBUG] face-presence-api: [BatchLogger] No durations, skip flush
2025-07-27 22:20:02 [DEBUG] face-presence-api: [BatchLogger] No registrations, skip flush
2025-07-27 22:20:02 [DEBUG] face-presence-api: [BatchLogger] No verifications, skip flush
2025-07-27 22:20:03 [DEBUG] face-presence-api: [BatchLogger] No durations, skip flush
2025-07-27 22:20:04 [DEBUG] python_multipart.multipart: Calling on_part_begin with no data
2025-07-27 22:20:04 [DEBUG] python_multipart.multipart: Calling on_header_field with data[42:61]
2025-07-27 22:20:04 [DEBUG] python_multipart.multipart: Calling on_header_value with data[63:88]
2025-07-27 22:20:04 [DEBUG] python_multipart.multipart: Calling on_header_end with no data
2025-07-27 22:20:04 [DEBUG] python_multipart.multipart: Calling on_headers_finished with no data
2025-07-27 22:20:04 [DEBUG] python_multipart.multipart: Calling on_part_data with data[92:94]
2025-07-27 22:20:04 [DEBUG] python_multipart.multipart: Calling on_part_end with no data
2025-07-27 22:20:04 [DEBUG] python_multipart.multipart: Calling on_end with no data
2025-07-27 22:20:04 [INFO] face-presence-api: Checking status for user: 44
2025-07-27 22:20:04 [INFO] face-presence-api: User 44 is already registered.
2025-07-27 22:20:13 [DEBUG] face-presence-api: [BatchLogger] No durations, skip flush
2025-07-27 22:20:23 [DEBUG] face-presence-api: [BatchLogger] No durations, skip flush
2025-07-27 22:20:32 [DEBUG] face-presence-api: [BatchLogger] No registrations, skip flush
2025-07-27 22:20:32 [DEBUG] face-presence-api: [BatchLogger] No verifications, skip flush
2025-07-27 22:20:33 [DEBUG] face-presence-api: [BatchLogger] No durations, skip flush
2025-07-27 22:20:43 [DEBUG] face-presence-api: [BatchLogger] No durations, skip flush
2025-07-27 22:20:53 [DEBUG] face-presence-api: [BatchLogger] No durations, skip flush
2025-07-27 22:20:56 [DEBUG] python_multipart.multipart: Calling on_part_begin with no data
2025-07-27 22:20:56 [DEBUG] python_multipart.multipart: Calling on_header_field with data[42:61]
2025-07-27 22:20:56 [DEBUG] python_multipart.multipart: Calling on_header_value with data[63:88]
2025-07-27 22:20:56 [DEBUG] python_multipart.multipart: Calling on_header_end with no data
2025-07-27 22:20:56 [DEBUG] python_multipart.multipart: Calling on_headers_finished with no data
2025-07-27 22:20:56 [DEBUG] python_multipart.multipart: Calling on_part_data with data[92:94]
2025-07-27 22:20:56 [DEBUG] python_multipart.multipart: Calling on_part_end with no data
2025-07-27 22:20:56 [DEBUG] python_multipart.multipart: Calling on_end with no data
2025-07-27 22:20:56 [INFO] face-presence-api: Checking status for user: 44
2025-07-27 22:20:56 [INFO] face-presence-api: User 44 is already registered.
2025-07-27 22:21:02 [DEBUG] face-presence-api: [BatchLogger] No registrations, skip flush
2025-07-27 22:21:02 [DEBUG] face-presence-api: [BatchLogger] No verifications, skip flush
2025-07-27 22:21:03 [DEBUG] face-presence-api: [BatchLogger] No durations, skip flush
2025-07-27 22:21:13 [DEBUG] face-presence-api: [BatchLogger] No durations, skip flush
2025-07-27 22:21:23 [DEBUG] face-presence-api: [BatchLogger] No durations, skip flush
2025-07-27 22:21:30 [DEBUG] python_multipart.multipart: Calling on_part_begin with no data
2025-07-27 22:21:30 [DEBUG] python_multipart.multipart: Calling on_header_field with data[42:61]
2025-07-27 22:21:30 [DEBUG] python_multipart.multipart: Calling on_header_value with data[63:88]
2025-07-27 22:21:30 [DEBUG] python_multipart.multipart: Calling on_header_end with no data
2025-07-27 22:21:30 [DEBUG] python_multipart.multipart: Calling on_headers_finished with no data
2025-07-27 22:21:30 [DEBUG] python_multipart.multipart: Calling on_part_data with data[92:94]
2025-07-27 22:21:30 [DEBUG] python_multipart.multipart: Calling on_part_end with no data
2025-07-27 22:21:30 [DEBUG] python_multipart.multipart: Calling on_end with no data
2025-07-27 22:21:30 [INFO] face-presence-api: Checking status for user: 44
2025-07-27 22:21:30 [INFO] face-presence-api: User 44 is already registered.
2025-07-27 22:21:32 [DEBUG] face-presence-api: [BatchLogger] No registrations, skip flush
2025-07-27 22:21:32 [DEBUG] face-presence-api: [BatchLogger] No verifications, skip flush
2025-07-27 22:21:33 [DEBUG] face-presence-api: [BatchLogger] No durations, skip flush
2025-07-27 22:21:43 [DEBUG] face-presence-api: [BatchLogger] No durations, skip flush
2025-07-27 22:21:53 [DEBUG] face-presence-api: [BatchLogger] No durations, skip flush
2025-07-27 22:21:53 [DEBUG] python_multipart.multipart: Calling on_part_begin with no data
2025-07-27 22:21:53 [DEBUG] python_multipart.multipart: Calling on_header_field with data[42:61]
2025-07-27 22:21:53 [DEBUG] python_multipart.multipart: Calling on_header_value with data[63:88]
2025-07-27 22:21:53 [DEBUG] python_multipart.multipart: Calling on_header_end with no data
2025-07-27 22:21:53 [DEBUG] python_multipart.multipart: Calling on_headers_finished with no data
2025-07-27 22:21:53 [DEBUG] python_multipart.multipart: Calling on_part_data with data[92:94]
2025-07-27 22:21:53 [DEBUG] python_multipart.multipart: Calling on_part_end with no data
2025-07-27 22:21:53 [DEBUG] python_multipart.multipart: Calling on_end with no data
2025-07-27 22:21:53 [INFO] face-presence-api: Checking status for user: 44
2025-07-27 22:21:53 [INFO] face-presence-api: User 44 is already registered.
2025-07-27 22:22:02 [DEBUG] face-presence-api: [BatchLogger] No verifications, skip flush
2025-07-27 22:22:02 [DEBUG] face-presence-api: [BatchLogger] No registrations, skip flush
2025-07-27 22:22:03 [DEBUG] face-presence-api: [BatchLogger] No durations, skip flush
2025-07-27 22:22:09 [DEBUG] python_multipart.multipart: Calling on_part_begin with no data
2025-07-27 22:22:09 [DEBUG] python_multipart.multipart: Calling on_header_field with data[42:61]
2025-07-27 22:22:09 [DEBUG] python_multipart.multipart: Calling on_header_value with data[63:88]
2025-07-27 22:22:09 [DEBUG] python_multipart.multipart: Calling on_header_end with no data
2025-07-27 22:22:09 [DEBUG] python_multipart.multipart: Calling on_headers_finished with no data
2025-07-27 22:22:09 [DEBUG] python_multipart.multipart: Calling on_part_data with data[92:94]
2025-07-27 22:22:09 [DEBUG] python_multipart.multipart: Calling on_part_end with no data
2025-07-27 22:22:09 [DEBUG] python_multipart.multipart: Calling on_end with no data
2025-07-27 22:22:09 [INFO] face-presence-api: Checking status for user: 44
2025-07-27 22:22:09 [INFO] face-presence-api: User 44 is already registered.
2025-07-27 22:22:13 [DEBUG] face-presence-api: [BatchLogger] No durations, skip flush
2025-07-27 22:22:23 [DEBUG] face-presence-api: [BatchLogger] No durations, skip flush
2025-07-27 22:22:27 [DEBUG] python_multipart.multipart: Calling on_part_begin with no data
2025-07-27 22:22:27 [DEBUG] python_multipart.multipart: Calling on_header_field with data[42:61]
2025-07-27 22:22:27 [DEBUG] python_multipart.multipart: Calling on_header_value with data[63:88]
2025-07-27 22:22:27 [DEBUG] python_multipart.multipart: Calling on_header_end with no data
2025-07-27 22:22:27 [DEBUG] python_multipart.multipart: Calling on_headers_finished with no data
2025-07-27 22:22:27 [DEBUG] python_multipart.multipart: Calling on_part_data with data[92:94]
2025-07-27 22:22:27 [DEBUG] python_multipart.multipart: Calling on_part_end with no data
2025-07-27 22:22:27 [DEBUG] python_multipart.multipart: Calling on_end with no data
2025-07-27 22:22:27 [INFO] face-presence-api: Checking status for user: 44
2025-07-27 22:22:27 [INFO] face-presence-api: User 44 is already registered.
2025-07-27 22:22:32 [DEBUG] face-presence-api: [BatchLogger] No registrations, skip flush
2025-07-27 22:22:32 [DEBUG] face-presence-api: [BatchLogger] No verifications, skip flush
2025-07-27 22:22:33 [DEBUG] face-presence-api: [BatchLogger] No durations, skip flush
2025-07-27 22:22:43 [DEBUG] face-presence-api: [BatchLogger] No durations, skip flush
2025-07-27 22:22:53 [DEBUG] face-presence-api: [BatchLogger] No durations, skip flush
2025-07-27 22:23:02 [DEBUG] face-presence-api: [BatchLogger] No verifications, skip flush
2025-07-27 22:23:02 [DEBUG] face-presence-api: [BatchLogger] No registrations, skip flush
2025-07-27 22:23:03 [DEBUG] python_multipart.multipart: Calling on_part_begin with no data
2025-07-27 22:23:03 [DEBUG] python_multipart.multipart: Calling on_header_field with data[42:61]
2025-07-27 22:23:03 [DEBUG] python_multipart.multipart: Calling on_header_value with data[63:88]
2025-07-27 22:23:03 [DEBUG] python_multipart.multipart: Calling on_header_end with no data
2025-07-27 22:23:03 [DEBUG] python_multipart.multipart: Calling on_headers_finished with no data
2025-07-27 22:23:03 [DEBUG] python_multipart.multipart: Calling on_part_data with data[92:94]
2025-07-27 22:23:03 [DEBUG] python_multipart.multipart: Calling on_part_end with no data
2025-07-27 22:23:03 [DEBUG] python_multipart.multipart: Calling on_end with no data
2025-07-27 22:23:03 [INFO] face-presence-api: Checking status for user: 44
2025-07-27 22:23:03 [INFO] face-presence-api: User 44 is already registered.
2025-07-27 22:23:03 [DEBUG] face-presence-api: [BatchLogger] No durations, skip flush
2025-07-27 22:23:13 [DEBUG] face-presence-api: [BatchLogger] No durations, skip flush
2025-07-27 22:23:23 [DEBUG] face-presence-api: [BatchLogger] No durations, skip flush
2025-07-27 22:23:24 [DEBUG] python_multipart.multipart: Calling on_part_begin with no data
2025-07-27 22:23:24 [DEBUG] python_multipart.multipart: Calling on_header_field with data[42:61]
2025-07-27 22:23:24 [DEBUG] python_multipart.multipart: Calling on_header_value with data[63:88]
2025-07-27 22:23:24 [DEBUG] python_multipart.multipart: Calling on_header_end with no data
2025-07-27 22:23:24 [DEBUG] python_multipart.multipart: Calling on_headers_finished with no data
2025-07-27 22:23:24 [DEBUG] python_multipart.multipart: Calling on_part_data with data[92:94]
2025-07-27 22:23:24 [DEBUG] python_multipart.multipart: Calling on_part_end with no data
2025-07-27 22:23:24 [DEBUG] python_multipart.multipart: Calling on_end with no data
2025-07-27 22:23:24 [INFO] face-presence-api: Checking status for user: 44
2025-07-27 22:23:24 [INFO] face-presence-api: User 44 is already registered.
2025-07-27 22:23:32 [DEBUG] face-presence-api: [BatchLogger] No registrations, skip flush
2025-07-27 22:23:32 [DEBUG] face-presence-api: [BatchLogger] No verifications, skip flush
2025-07-27 22:23:33 [DEBUG] face-presence-api: [BatchLogger] No durations, skip flush
2025-07-27 22:23:43 [DEBUG] face-presence-api: [BatchLogger] No durations, skip flush
2025-07-27 22:23:50 [DEBUG] python_multipart.multipart: Calling on_part_begin with no data
2025-07-27 22:23:50 [DEBUG] python_multipart.multipart: Calling on_header_field with data[42:61]
2025-07-27 22:23:50 [DEBUG] python_multipart.multipart: Calling on_header_value with data[63:88]
2025-07-27 22:23:50 [DEBUG] python_multipart.multipart: Calling on_header_end with no data
2025-07-27 22:23:50 [DEBUG] python_multipart.multipart: Calling on_headers_finished with no data
2025-07-27 22:23:50 [DEBUG] python_multipart.multipart: Calling on_part_data with data[92:94]
2025-07-27 22:23:50 [DEBUG] python_multipart.multipart: Calling on_part_end with no data
2025-07-27 22:23:50 [DEBUG] python_multipart.multipart: Calling on_end with no data
2025-07-27 22:23:50 [INFO] face-presence-api: Checking status for user: 44
2025-07-27 22:23:50 [INFO] face-presence-api: User 44 is already registered.
2025-07-27 22:23:53 [DEBUG] face-presence-api: [BatchLogger] No durations, skip flush
2025-07-27 22:23:59 [DEBUG] python_multipart.multipart: Calling on_part_begin with no data
2025-07-27 22:23:59 [DEBUG] python_multipart.multipart: Calling on_header_field with data[42:61]
2025-07-27 22:23:59 [DEBUG] python_multipart.multipart: Calling on_header_value with data[63:88]
2025-07-27 22:23:59 [DEBUG] python_multipart.multipart: Calling on_header_end with no data
2025-07-27 22:23:59 [DEBUG] python_multipart.multipart: Calling on_headers_finished with no data
2025-07-27 22:23:59 [DEBUG] python_multipart.multipart: Calling on_part_data with data[92:94]
2025-07-27 22:23:59 [DEBUG] python_multipart.multipart: Calling on_part_end with no data
2025-07-27 22:23:59 [DEBUG] python_multipart.multipart: Calling on_end with no data
2025-07-27 22:23:59 [INFO] face-presence-api: Checking status for user: 44
2025-07-27 22:23:59 [INFO] face-presence-api: User 44 is already registered.
2025-07-27 22:24:02 [DEBUG] face-presence-api: [BatchLogger] No verifications, skip flush
2025-07-27 22:24:02 [DEBUG] face-presence-api: [BatchLogger] No registrations, skip flush
2025-07-27 22:24:03 [DEBUG] face-presence-api: [BatchLogger] No durations, skip flush
2025-07-27 22:24:13 [DEBUG] face-presence-api: [BatchLogger] No durations, skip flush
2025-07-27 22:24:22 [DEBUG] python_multipart.multipart: Calling on_part_begin with no data
2025-07-27 22:24:22 [DEBUG] python_multipart.multipart: Calling on_header_field with data[42:61]
2025-07-27 22:24:22 [DEBUG] python_multipart.multipart: Calling on_header_value with data[63:88]
2025-07-27 22:24:22 [DEBUG] python_multipart.multipart: Calling on_header_end with no data
2025-07-27 22:24:22 [DEBUG] python_multipart.multipart: Calling on_headers_finished with no data
2025-07-27 22:24:22 [DEBUG] python_multipart.multipart: Calling on_part_data with data[92:94]
2025-07-27 22:24:22 [DEBUG] python_multipart.multipart: Calling on_part_end with no data
2025-07-27 22:24:22 [DEBUG] python_multipart.multipart: Calling on_end with no data
2025-07-27 22:24:22 [INFO] face-presence-api: Checking status for user: 44
2025-07-27 22:24:22 [INFO] face-presence-api: User 44 is already registered.
2025-07-27 22:24:23 [DEBUG] face-presence-api: [BatchLogger] No durations, skip flush
2025-07-27 22:24:30 [DEBUG] python_multipart.multipart: Calling on_part_begin with no data
2025-07-27 22:24:30 [DEBUG] python_multipart.multipart: Calling on_header_field with data[42:61]
2025-07-27 22:24:30 [DEBUG] python_multipart.multipart: Calling on_header_value with data[63:88]
2025-07-27 22:24:30 [DEBUG] python_multipart.multipart: Calling on_header_end with no data
2025-07-27 22:24:30 [DEBUG] python_multipart.multipart: Calling on_headers_finished with no data
2025-07-27 22:24:30 [DEBUG] python_multipart.multipart: Calling on_part_data with data[92:94]
2025-07-27 22:24:30 [DEBUG] python_multipart.multipart: Calling on_part_end with no data
2025-07-27 22:24:30 [DEBUG] python_multipart.multipart: Calling on_end with no data
2025-07-27 22:24:30 [INFO] face-presence-api: Checking status for user: 44
2025-07-27 22:24:30 [INFO] face-presence-api: User 44 is already registered.
2025-07-27 22:24:32 [DEBUG] face-presence-api: [BatchLogger] No verifications, skip flush
2025-07-27 22:24:32 [DEBUG] face-presence-api: [BatchLogger] No registrations, skip flush
2025-07-27 22:24:33 [DEBUG] face-presence-api: [BatchLogger] No durations, skip flush
2025-07-27 22:24:43 [DEBUG] face-presence-api: [BatchLogger] No durations, skip flush
2025-07-27 22:24:53 [DEBUG] face-presence-api: [BatchLogger] No durations, skip flush
2025-07-27 22:25:02 [DEBUG] face-presence-api: [BatchLogger] No registrations, skip flush
2025-07-27 22:25:02 [DEBUG] face-presence-api: [BatchLogger] No verifications, skip flush
2025-07-27 22:25:03 [DEBUG] face-presence-api: [BatchLogger] No durations, skip flush
2025-07-27 22:25:07 [DEBUG] python_multipart.multipart: Calling on_part_begin with no data
2025-07-27 22:25:07 [DEBUG] python_multipart.multipart: Calling on_header_field with data[42:61]
2025-07-27 22:25:07 [DEBUG] python_multipart.multipart: Calling on_header_value with data[63:88]
2025-07-27 22:25:07 [DEBUG] python_multipart.multipart: Calling on_header_end with no data
2025-07-27 22:25:07 [DEBUG] python_multipart.multipart: Calling on_headers_finished with no data
2025-07-27 22:25:07 [DEBUG] python_multipart.multipart: Calling on_part_data with data[92:94]
2025-07-27 22:25:07 [DEBUG] python_multipart.multipart: Calling on_part_end with no data
2025-07-27 22:25:07 [DEBUG] python_multipart.multipart: Calling on_end with no data
2025-07-27 22:25:07 [INFO] face-presence-api: Checking status for user: 44
2025-07-27 22:25:07 [INFO] face-presence-api: User 44 is already registered.
2025-07-27 22:25:13 [DEBUG] face-presence-api: [BatchLogger] No durations, skip flush
2025-07-27 22:25:20 [DEBUG] python_multipart.multipart: Calling on_part_begin with no data
2025-07-27 22:25:20 [DEBUG] python_multipart.multipart: Calling on_header_field with data[42:61]
2025-07-27 22:25:20 [DEBUG] python_multipart.multipart: Calling on_header_value with data[63:88]
2025-07-27 22:25:20 [DEBUG] python_multipart.multipart: Calling on_header_end with no data
2025-07-27 22:25:20 [DEBUG] python_multipart.multipart: Calling on_headers_finished with no data
2025-07-27 22:25:20 [DEBUG] python_multipart.multipart: Calling on_part_data with data[92:94]
2025-07-27 22:25:20 [DEBUG] python_multipart.multipart: Calling on_part_end with no data
2025-07-27 22:25:20 [DEBUG] python_multipart.multipart: Calling on_end with no data
2025-07-27 22:25:20 [INFO] face-presence-api: Checking status for user: 44
2025-07-27 22:25:20 [INFO] face-presence-api: User 44 is already registered.
2025-07-27 22:25:23 [DEBUG] face-presence-api: [BatchLogger] No durations, skip flush
2025-07-27 22:25:32 [DEBUG] face-presence-api: [BatchLogger] No registrations, skip flush
2025-07-27 22:25:32 [DEBUG] face-presence-api: [BatchLogger] No verifications, skip flush
2025-07-27 22:25:33 [DEBUG] face-presence-api: [BatchLogger] No durations, skip flush
2025-07-27 22:25:37 [DEBUG] python_multipart.multipart: Calling on_part_begin with no data
2025-07-27 22:25:37 [DEBUG] python_multipart.multipart: Calling on_header_field with data[42:61]
2025-07-27 22:25:37 [DEBUG] python_multipart.multipart: Calling on_header_value with data[63:88]
2025-07-27 22:25:37 [DEBUG] python_multipart.multipart: Calling on_header_end with no data
2025-07-27 22:25:37 [DEBUG] python_multipart.multipart: Calling on_headers_finished with no data
2025-07-27 22:25:37 [DEBUG] python_multipart.multipart: Calling on_part_data with data[92:94]
2025-07-27 22:25:37 [DEBUG] python_multipart.multipart: Calling on_part_end with no data
2025-07-27 22:25:37 [DEBUG] python_multipart.multipart: Calling on_end with no data
2025-07-27 22:25:37 [INFO] face-presence-api: Checking status for user: 44
2025-07-27 22:25:37 [INFO] face-presence-api: User 44 is already registered.
2025-07-27 22:25:43 [DEBUG] face-presence-api: [BatchLogger] No durations, skip flush
2025-07-27 22:25:53 [DEBUG] face-presence-api: [BatchLogger] No durations, skip flush
2025-07-27 22:26:02 [DEBUG] face-presence-api: [BatchLogger] No verifications, skip flush
2025-07-27 22:26:02 [DEBUG] face-presence-api: [BatchLogger] No registrations, skip flush
2025-07-27 22:26:03 [DEBUG] face-presence-api: [BatchLogger] No durations, skip flush
2025-07-27 22:26:13 [DEBUG] face-presence-api: [BatchLogger] No durations, skip flush
2025-07-27 22:26:22 [DEBUG] python_multipart.multipart: Calling on_part_begin with no data
2025-07-27 22:26:22 [DEBUG] python_multipart.multipart: Calling on_header_field with data[42:61]
2025-07-27 22:26:22 [DEBUG] python_multipart.multipart: Calling on_header_value with data[63:88]
2025-07-27 22:26:22 [DEBUG] python_multipart.multipart: Calling on_header_end with no data
2025-07-27 22:26:22 [DEBUG] python_multipart.multipart: Calling on_headers_finished with no data
2025-07-27 22:26:22 [DEBUG] python_multipart.multipart: Calling on_part_data with data[92:94]
2025-07-27 22:26:22 [DEBUG] python_multipart.multipart: Calling on_part_end with no data
2025-07-27 22:26:22 [DEBUG] python_multipart.multipart: Calling on_end with no data
2025-07-27 22:26:22 [INFO] face-presence-api: Checking status for user: 43
2025-07-27 22:26:22 [INFO] face-presence-api: User 43 has not registered.
2025-07-27 22:26:23 [DEBUG] face-presence-api: [BatchLogger] No durations, skip flush
2025-07-27 22:26:26 [DEBUG] python_multipart.multipart: Calling on_part_begin with no data
2025-07-27 22:26:26 [DEBUG] python_multipart.multipart: Calling on_header_field with data[42:61]
2025-07-27 22:26:26 [DEBUG] python_multipart.multipart: Calling on_header_value with data[63:88]
2025-07-27 22:26:26 [DEBUG] python_multipart.multipart: Calling on_header_end with no data
2025-07-27 22:26:26 [DEBUG] python_multipart.multipart: Calling on_headers_finished with no data
2025-07-27 22:26:26 [DEBUG] python_multipart.multipart: Calling on_part_data with data[92:94]
2025-07-27 22:26:26 [DEBUG] python_multipart.multipart: Calling on_part_end with no data
2025-07-27 22:26:26 [DEBUG] python_multipart.multipart: Calling on_end with no data
2025-07-27 22:26:26 [INFO] face-presence-api: Checking status for user: 43
2025-07-27 22:26:26 [INFO] face-presence-api: User 43 has not registered.
2025-07-27 22:26:32 [DEBUG] face-presence-api: [BatchLogger] No registrations, skip flush
2025-07-27 22:26:32 [DEBUG] face-presence-api: [BatchLogger] No verifications, skip flush
2025-07-27 22:26:33 [DEBUG] face-presence-api: [BatchLogger] No durations, skip flush
2025-07-27 22:26:43 [DEBUG] face-presence-api: [BatchLogger] No durations, skip flush
2025-07-27 22:26:53 [DEBUG] face-presence-api: [BatchLogger] No durations, skip flush
2025-07-27 22:27:02 [DEBUG] python_multipart.multipart: Calling on_part_begin with no data
2025-07-27 22:27:02 [DEBUG] python_multipart.multipart: Calling on_header_field with data[42:61]
2025-07-27 22:27:02 [DEBUG] python_multipart.multipart: Calling on_header_value with data[63:88]
2025-07-27 22:27:02 [DEBUG] python_multipart.multipart: Calling on_header_end with no data
2025-07-27 22:27:02 [DEBUG] python_multipart.multipart: Calling on_headers_finished with no data
2025-07-27 22:27:02 [DEBUG] python_multipart.multipart: Calling on_part_data with data[92:94]
2025-07-27 22:27:02 [DEBUG] python_multipart.multipart: Calling on_part_end with no data
2025-07-27 22:27:02 [DEBUG] python_multipart.multipart: Calling on_end with no data
2025-07-27 22:27:02 [INFO] face-presence-api: Checking status for user: 44
2025-07-27 22:27:02 [INFO] face-presence-api: User 44 is already registered.
2025-07-27 22:27:02 [DEBUG] face-presence-api: [BatchLogger] No verifications, skip flush
2025-07-27 22:27:02 [DEBUG] face-presence-api: [BatchLogger] No registrations, skip flush
2025-07-27 22:27:03 [DEBUG] python_multipart.multipart: Calling on_part_begin with no data
2025-07-27 22:27:03 [DEBUG] python_multipart.multipart: Calling on_header_field with data[42:61]
2025-07-27 22:27:03 [DEBUG] python_multipart.multipart: Calling on_header_value with data[63:88]
2025-07-27 22:27:03 [DEBUG] python_multipart.multipart: Calling on_header_end with no data
2025-07-27 22:27:03 [DEBUG] python_multipart.multipart: Calling on_headers_finished with no data
2025-07-27 22:27:03 [DEBUG] python_multipart.multipart: Calling on_part_data with data[92:94]
2025-07-27 22:27:03 [DEBUG] python_multipart.multipart: Calling on_part_end with no data
2025-07-27 22:27:03 [DEBUG] python_multipart.multipart: Calling on_end with no data
2025-07-27 22:27:03 [INFO] face-presence-api: Checking status for user: 43
2025-07-27 22:27:03 [INFO] face-presence-api: User 43 has not registered.
2025-07-27 22:27:03 [DEBUG] face-presence-api: [BatchLogger] No durations, skip flush
2025-07-27 22:27:13 [DEBUG] face-presence-api: [BatchLogger] No durations, skip flush
2025-07-27 22:27:21 [DEBUG] python_multipart.multipart: Calling on_part_begin with no data
2025-07-27 22:27:21 [DEBUG] python_multipart.multipart: Calling on_header_field with data[42:61]
2025-07-27 22:27:21 [DEBUG] python_multipart.multipart: Calling on_header_value with data[63:88]
2025-07-27 22:27:21 [DEBUG] python_multipart.multipart: Calling on_header_end with no data
2025-07-27 22:27:21 [DEBUG] python_multipart.multipart: Calling on_headers_finished with no data
2025-07-27 22:27:21 [DEBUG] python_multipart.multipart: Calling on_part_data with data[92:94]
2025-07-27 22:27:21 [DEBUG] python_multipart.multipart: Calling on_part_end with no data
2025-07-27 22:27:21 [DEBUG] python_multipart.multipart: Calling on_end with no data
2025-07-27 22:27:21 [INFO] face-presence-api: Checking status for user: 44
2025-07-27 22:27:21 [INFO] face-presence-api: User 44 is already registered.
2025-07-27 22:27:21 [DEBUG] python_multipart.multipart: Calling on_part_begin with no data
2025-07-27 22:27:21 [DEBUG] python_multipart.multipart: Calling on_header_field with data[42:61]
2025-07-27 22:27:21 [DEBUG] python_multipart.multipart: Calling on_header_value with data[63:88]
2025-07-27 22:27:21 [DEBUG] python_multipart.multipart: Calling on_header_end with no data
2025-07-27 22:27:21 [DEBUG] python_multipart.multipart: Calling on_headers_finished with no data
2025-07-27 22:27:21 [DEBUG] python_multipart.multipart: Calling on_part_data with data[92:94]
2025-07-27 22:27:21 [DEBUG] python_multipart.multipart: Calling on_part_end with no data
2025-07-27 22:27:21 [DEBUG] python_multipart.multipart: Calling on_end with no data
2025-07-27 22:27:21 [INFO] face-presence-api: Checking status for user: 43
2025-07-27 22:27:21 [INFO] face-presence-api: User 43 has not registered.
2025-07-27 22:27:23 [DEBUG] face-presence-api: [BatchLogger] No durations, skip flush
2025-07-27 22:27:32 [DEBUG] face-presence-api: [BatchLogger] No registrations, skip flush
2025-07-27 22:27:32 [DEBUG] face-presence-api: [BatchLogger] No verifications, skip flush
2025-07-27 22:27:33 [DEBUG] face-presence-api: [BatchLogger] No durations, skip flush
2025-07-27 22:27:43 [DEBUG] face-presence-api: [BatchLogger] No durations, skip flush
2025-07-27 22:27:47 [DEBUG] python_multipart.multipart: Calling on_part_begin with no data
2025-07-27 22:27:47 [DEBUG] python_multipart.multipart: Calling on_header_field with data[42:61]
2025-07-27 22:27:47 [DEBUG] python_multipart.multipart: Calling on_header_value with data[63:88]
2025-07-27 22:27:47 [DEBUG] python_multipart.multipart: Calling on_header_end with no data
2025-07-27 22:27:47 [DEBUG] python_multipart.multipart: Calling on_headers_finished with no data
2025-07-27 22:27:47 [DEBUG] python_multipart.multipart: Calling on_part_data with data[92:94]
2025-07-27 22:27:47 [DEBUG] python_multipart.multipart: Calling on_part_end with no data
2025-07-27 22:27:47 [DEBUG] python_multipart.multipart: Calling on_end with no data
2025-07-27 22:27:47 [INFO] face-presence-api: Checking status for user: 44
2025-07-27 22:27:47 [INFO] face-presence-api: User 44 is already registered.
2025-07-27 22:27:49 [DEBUG] python_multipart.multipart: Calling on_part_begin with no data
2025-07-27 22:27:49 [DEBUG] python_multipart.multipart: Calling on_header_field with data[42:61]
2025-07-27 22:27:49 [DEBUG] python_multipart.multipart: Calling on_header_value with data[63:88]
2025-07-27 22:27:49 [DEBUG] python_multipart.multipart: Calling on_header_end with no data
2025-07-27 22:27:49 [DEBUG] python_multipart.multipart: Calling on_headers_finished with no data
2025-07-27 22:27:49 [DEBUG] python_multipart.multipart: Calling on_part_data with data[92:94]
2025-07-27 22:27:49 [DEBUG] python_multipart.multipart: Calling on_part_end with no data
2025-07-27 22:27:49 [DEBUG] python_multipart.multipart: Calling on_end with no data
2025-07-27 22:27:49 [INFO] face-presence-api: Checking status for user: 43
2025-07-27 22:27:49 [INFO] face-presence-api: User 43 has not registered.
2025-07-27 22:27:53 [DEBUG] face-presence-api: [BatchLogger] No durations, skip flush
2025-07-27 22:28:02 [DEBUG] face-presence-api: [BatchLogger] No verifications, skip flush
2025-07-27 22:28:02 [DEBUG] face-presence-api: [BatchLogger] No registrations, skip flush
2025-07-27 22:28:03 [DEBUG] face-presence-api: [BatchLogger] No durations, skip flush
2025-07-27 22:28:13 [DEBUG] face-presence-api: [BatchLogger] No durations, skip flush
2025-07-27 22:28:23 [DEBUG] face-presence-api: [BatchLogger] No durations, skip flush
2025-07-27 22:28:27 [DEBUG] python_multipart.multipart: Calling on_part_begin with no data
2025-07-27 22:28:27 [DEBUG] python_multipart.multipart: Calling on_header_field with data[42:61]
2025-07-27 22:28:27 [DEBUG] python_multipart.multipart: Calling on_header_value with data[63:88]
2025-07-27 22:28:27 [DEBUG] python_multipart.multipart: Calling on_header_end with no data
2025-07-27 22:28:27 [DEBUG] python_multipart.multipart: Calling on_headers_finished with no data
2025-07-27 22:28:27 [DEBUG] python_multipart.multipart: Calling on_part_data with data[92:94]
2025-07-27 22:28:27 [DEBUG] python_multipart.multipart: Calling on_part_end with no data
2025-07-27 22:28:27 [DEBUG] python_multipart.multipart: Calling on_end with no data
2025-07-27 22:28:27 [INFO] face-presence-api: Checking status for user: 44
2025-07-27 22:28:27 [INFO] face-presence-api: User 44 is already registered.
2025-07-27 22:28:28 [DEBUG] python_multipart.multipart: Calling on_part_begin with no data
2025-07-27 22:28:28 [DEBUG] python_multipart.multipart: Calling on_header_field with data[42:61]
2025-07-27 22:28:28 [DEBUG] python_multipart.multipart: Calling on_header_value with data[63:88]
2025-07-27 22:28:28 [DEBUG] python_multipart.multipart: Calling on_header_end with no data
2025-07-27 22:28:28 [DEBUG] python_multipart.multipart: Calling on_headers_finished with no data
2025-07-27 22:28:28 [DEBUG] python_multipart.multipart: Calling on_part_data with data[92:94]
2025-07-27 22:28:28 [DEBUG] python_multipart.multipart: Calling on_part_end with no data
2025-07-27 22:28:28 [DEBUG] python_multipart.multipart: Calling on_end with no data
2025-07-27 22:28:28 [INFO] face-presence-api: Checking status for user: 43
2025-07-27 22:28:28 [INFO] face-presence-api: User 43 has not registered.
2025-07-27 22:28:32 [DEBUG] face-presence-api: [BatchLogger] No verifications, skip flush
2025-07-27 22:28:32 [DEBUG] face-presence-api: [BatchLogger] No registrations, skip flush
2025-07-27 22:28:33 [DEBUG] face-presence-api: [BatchLogger] No durations, skip flush
2025-07-27 22:28:41 [DEBUG] python_multipart.multipart: Calling on_part_begin with no data
2025-07-27 22:28:41 [DEBUG] python_multipart.multipart: Calling on_header_field with data[42:61]
2025-07-27 22:28:41 [DEBUG] python_multipart.multipart: Calling on_header_value with data[63:88]
2025-07-27 22:28:41 [DEBUG] python_multipart.multipart: Calling on_header_end with no data
2025-07-27 22:28:41 [DEBUG] python_multipart.multipart: Calling on_headers_finished with no data
2025-07-27 22:28:41 [DEBUG] python_multipart.multipart: Calling on_part_data with data[92:94]
2025-07-27 22:28:41 [DEBUG] python_multipart.multipart: Calling on_part_end with no data
2025-07-27 22:28:41 [DEBUG] python_multipart.multipart: Calling on_end with no data
2025-07-27 22:28:41 [INFO] face-presence-api: Checking status for user: 43
2025-07-27 22:28:41 [INFO] face-presence-api: User 43 has not registered.
2025-07-27 22:28:41 [DEBUG] python_multipart.multipart: Calling on_part_begin with no data
2025-07-27 22:28:41 [DEBUG] python_multipart.multipart: Calling on_header_field with data[42:61]
2025-07-27 22:28:41 [DEBUG] python_multipart.multipart: Calling on_header_value with data[63:88]
2025-07-27 22:28:41 [DEBUG] python_multipart.multipart: Calling on_header_end with no data
2025-07-27 22:28:41 [DEBUG] python_multipart.multipart: Calling on_headers_finished with no data
2025-07-27 22:28:41 [DEBUG] python_multipart.multipart: Calling on_part_data with data[92:94]
2025-07-27 22:28:41 [DEBUG] python_multipart.multipart: Calling on_part_end with no data
2025-07-27 22:28:41 [DEBUG] python_multipart.multipart: Calling on_end with no data
2025-07-27 22:28:41 [INFO] face-presence-api: Checking status for user: 44
2025-07-27 22:28:41 [INFO] face-presence-api: User 44 is already registered.
2025-07-27 22:28:43 [DEBUG] face-presence-api: [BatchLogger] No durations, skip flush
2025-07-27 22:28:53 [DEBUG] face-presence-api: [BatchLogger] No durations, skip flush
2025-07-27 22:29:02 [DEBUG] face-presence-api: [BatchLogger] No verifications, skip flush
2025-07-27 22:29:02 [DEBUG] face-presence-api: [BatchLogger] No registrations, skip flush
2025-07-27 22:29:03 [DEBUG] face-presence-api: [BatchLogger] No durations, skip flush
2025-07-27 22:29:13 [DEBUG] face-presence-api: [BatchLogger] No durations, skip flush
2025-07-27 22:29:23 [DEBUG] face-presence-api: [BatchLogger] No durations, skip flush
2025-07-27 22:29:32 [DEBUG] face-presence-api: [BatchLogger] No verifications, skip flush
2025-07-27 22:29:32 [DEBUG] face-presence-api: [BatchLogger] No registrations, skip flush
2025-07-27 22:29:33 [DEBUG] face-presence-api: [BatchLogger] No durations, skip flush
2025-07-27 22:29:44 [DEBUG] face-presence-api: [BatchLogger] No durations, skip flush
2025-07-27 22:29:54 [DEBUG] face-presence-api: [BatchLogger] No durations, skip flush
2025-07-27 22:30:02 [DEBUG] face-presence-api: [BatchLogger] No verifications, skip flush
2025-07-27 22:30:02 [DEBUG] face-presence-api: [BatchLogger] No registrations, skip flush
2025-07-27 22:30:04 [DEBUG] face-presence-api: [BatchLogger] No durations, skip flush
2025-07-27 22:30:14 [DEBUG] face-presence-api: [BatchLogger] No durations, skip flush
2025-07-27 22:30:24 [DEBUG] face-presence-api: [BatchLogger] No durations, skip flush
2025-07-27 22:30:32 [DEBUG] face-presence-api: [BatchLogger] No verifications, skip flush
2025-07-27 22:30:32 [DEBUG] face-presence-api: [BatchLogger] No registrations, skip flush
2025-07-27 22:30:34 [DEBUG] face-presence-api: [BatchLogger] No durations, skip flush
2025-07-27 22:30:44 [DEBUG] face-presence-api: [BatchLogger] No durations, skip flush
2025-07-27 22:30:54 [DEBUG] face-presence-api: [BatchLogger] No durations, skip flush
2025-07-27 22:31:02 [DEBUG] face-presence-api: [BatchLogger] No verifications, skip flush
2025-07-27 22:31:02 [DEBUG] face-presence-api: [BatchLogger] No registrations, skip flush
2025-07-27 22:31:04 [DEBUG] face-presence-api: [BatchLogger] No durations, skip flush
2025-07-27 22:31:14 [DEBUG] face-presence-api: [BatchLogger] No durations, skip flush
2025-07-27 22:31:14 [DEBUG] python_multipart.multipart: Calling on_part_begin with no data
2025-07-27 22:31:14 [DEBUG] python_multipart.multipart: Calling on_header_field with data[42:61]
2025-07-27 22:31:14 [DEBUG] python_multipart.multipart: Calling on_header_value with data[63:88]
2025-07-27 22:31:14 [DEBUG] python_multipart.multipart: Calling on_header_end with no data
2025-07-27 22:31:14 [DEBUG] python_multipart.multipart: Calling on_headers_finished with no data
2025-07-27 22:31:14 [DEBUG] python_multipart.multipart: Calling on_part_data with data[92:94]
2025-07-27 22:31:14 [DEBUG] python_multipart.multipart: Calling on_part_end with no data
2025-07-27 22:31:14 [DEBUG] python_multipart.multipart: Calling on_end with no data
2025-07-27 22:31:14 [INFO] face-presence-api: Checking status for user: 44
2025-07-27 22:31:14 [INFO] face-presence-api: User 44 is already registered.
2025-07-27 22:31:14 [DEBUG] python_multipart.multipart: Calling on_part_begin with no data
2025-07-27 22:31:14 [DEBUG] python_multipart.multipart: Calling on_header_field with data[42:61]
2025-07-27 22:31:14 [DEBUG] python_multipart.multipart: Calling on_header_value with data[63:88]
2025-07-27 22:31:14 [DEBUG] python_multipart.multipart: Calling on_header_end with no data
2025-07-27 22:31:14 [DEBUG] python_multipart.multipart: Calling on_headers_finished with no data
2025-07-27 22:31:14 [DEBUG] python_multipart.multipart: Calling on_part_data with data[92:94]
2025-07-27 22:31:14 [DEBUG] python_multipart.multipart: Calling on_part_end with no data
2025-07-27 22:31:14 [DEBUG] python_multipart.multipart: Calling on_end with no data
2025-07-27 22:31:14 [INFO] face-presence-api: Checking status for user: 43
2025-07-27 22:31:14 [INFO] face-presence-api: User 43 has not registered.
2025-07-27 22:31:24 [DEBUG] face-presence-api: [BatchLogger] No durations, skip flush
2025-07-27 22:31:32 [DEBUG] face-presence-api: [BatchLogger] No verifications, skip flush
2025-07-27 22:31:32 [DEBUG] face-presence-api: [BatchLogger] No registrations, skip flush
2025-07-27 22:31:34 [DEBUG] face-presence-api: [BatchLogger] No durations, skip flush
2025-07-27 22:31:36 [DEBUG] python_multipart.multipart: Calling on_part_begin with no data
2025-07-27 22:31:36 [DEBUG] python_multipart.multipart: Calling on_header_field with data[42:61]
2025-07-27 22:31:36 [DEBUG] python_multipart.multipart: Calling on_header_value with data[63:88]
2025-07-27 22:31:36 [DEBUG] python_multipart.multipart: Calling on_header_end with no data
2025-07-27 22:31:36 [DEBUG] python_multipart.multipart: Calling on_headers_finished with no data
2025-07-27 22:31:36 [DEBUG] python_multipart.multipart: Calling on_part_data with data[92:94]
2025-07-27 22:31:36 [DEBUG] python_multipart.multipart: Calling on_part_end with no data
2025-07-27 22:31:36 [DEBUG] python_multipart.multipart: Calling on_end with no data
2025-07-27 22:31:36 [INFO] face-presence-api: Checking status for user: 43
2025-07-27 22:31:36 [INFO] face-presence-api: User 43 has not registered.
2025-07-27 22:31:44 [DEBUG] face-presence-api: [BatchLogger] No durations, skip flush
2025-07-27 22:31:54 [DEBUG] face-presence-api: [BatchLogger] No durations, skip flush
2025-07-27 22:32:02 [DEBUG] face-presence-api: [BatchLogger] No verifications, skip flush
2025-07-27 22:32:02 [DEBUG] face-presence-api: [BatchLogger] No registrations, skip flush
2025-07-27 22:32:04 [DEBUG] face-presence-api: [BatchLogger] No durations, skip flush
2025-07-27 22:32:09 [DEBUG] python_multipart.multipart: Calling on_part_begin with no data
2025-07-27 22:32:09 [DEBUG] python_multipart.multipart: Calling on_header_field with data[42:61]
2025-07-27 22:32:09 [DEBUG] python_multipart.multipart: Calling on_header_value with data[63:88]
2025-07-27 22:32:09 [DEBUG] python_multipart.multipart: Calling on_header_end with no data
2025-07-27 22:32:09 [DEBUG] python_multipart.multipart: Calling on_headers_finished with no data
2025-07-27 22:32:09 [DEBUG] python_multipart.multipart: Calling on_part_data with data[92:94]
2025-07-27 22:32:09 [DEBUG] python_multipart.multipart: Calling on_part_end with no data
2025-07-27 22:32:09 [DEBUG] python_multipart.multipart: Calling on_end with no data
2025-07-27 22:32:09 [INFO] face-presence-api: Checking status for user: 43
2025-07-27 22:32:09 [INFO] face-presence-api: User 43 has not registered.
2025-07-27 22:32:14 [DEBUG] face-presence-api: [BatchLogger] No durations, skip flush
2025-07-27 22:32:21 [DEBUG] python_multipart.multipart: Calling on_part_begin with no data
2025-07-27 22:32:21 [DEBUG] python_multipart.multipart: Calling on_header_field with data[42:61]
2025-07-27 22:32:21 [DEBUG] python_multipart.multipart: Calling on_header_value with data[63:88]
2025-07-27 22:32:21 [DEBUG] python_multipart.multipart: Calling on_header_end with no data
2025-07-27 22:32:21 [DEBUG] python_multipart.multipart: Calling on_headers_finished with no data
2025-07-27 22:32:21 [DEBUG] python_multipart.multipart: Calling on_part_data with data[92:94]
2025-07-27 22:32:21 [DEBUG] python_multipart.multipart: Calling on_part_end with no data
2025-07-27 22:32:21 [DEBUG] python_multipart.multipart: Calling on_end with no data
2025-07-27 22:32:21 [INFO] face-presence-api: Checking status for user: 43
2025-07-27 22:32:21 [INFO] face-presence-api: User 43 has not registered.
2025-07-27 22:32:24 [DEBUG] face-presence-api: [BatchLogger] No durations, skip flush
2025-07-27 22:32:26 [DEBUG] python_multipart.multipart: Calling on_part_begin with no data
2025-07-27 22:32:26 [DEBUG] python_multipart.multipart: Calling on_header_field with data[42:61]
2025-07-27 22:32:26 [DEBUG] python_multipart.multipart: Calling on_header_value with data[63:88]
2025-07-27 22:32:26 [DEBUG] python_multipart.multipart: Calling on_header_end with no data
2025-07-27 22:32:26 [DEBUG] python_multipart.multipart: Calling on_headers_finished with no data
2025-07-27 22:32:26 [DEBUG] python_multipart.multipart: Calling on_part_data with data[92:94]
2025-07-27 22:32:26 [DEBUG] python_multipart.multipart: Calling on_part_end with no data
2025-07-27 22:32:26 [DEBUG] python_multipart.multipart: Calling on_end with no data
2025-07-27 22:32:26 [INFO] face-presence-api: Checking status for user: 43
2025-07-27 22:32:26 [INFO] face-presence-api: User 43 has not registered.
2025-07-27 22:32:32 [DEBUG] face-presence-api: [BatchLogger] No verifications, skip flush
2025-07-27 22:32:32 [DEBUG] face-presence-api: [BatchLogger] No registrations, skip flush
2025-07-27 22:32:34 [DEBUG] face-presence-api: [BatchLogger] No durations, skip flush
2025-07-27 22:32:37 [DEBUG] python_multipart.multipart: Calling on_part_begin with no data
2025-07-27 22:32:37 [DEBUG] python_multipart.multipart: Calling on_header_field with data[42:61]
2025-07-27 22:32:37 [DEBUG] python_multipart.multipart: Calling on_header_value with data[63:88]
2025-07-27 22:32:37 [DEBUG] python_multipart.multipart: Calling on_header_end with no data
2025-07-27 22:32:37 [DEBUG] python_multipart.multipart: Calling on_headers_finished with no data
2025-07-27 22:32:37 [DEBUG] python_multipart.multipart: Calling on_part_data with data[92:94]
2025-07-27 22:32:37 [DEBUG] python_multipart.multipart: Calling on_part_end with no data
2025-07-27 22:32:37 [DEBUG] python_multipart.multipart: Calling on_end with no data
2025-07-27 22:32:37 [INFO] face-presence-api: Checking status for user: 44
2025-07-27 22:32:37 [INFO] face-presence-api: User 44 is already registered.
2025-07-27 22:32:44 [DEBUG] face-presence-api: [BatchLogger] No durations, skip flush
2025-07-27 22:32:54 [DEBUG] face-presence-api: [BatchLogger] No durations, skip flush
2025-07-27 22:32:55 [DEBUG] python_multipart.multipart: Calling on_part_begin with no data
2025-07-27 22:32:55 [DEBUG] python_multipart.multipart: Calling on_header_field with data[42:61]
2025-07-27 22:32:55 [DEBUG] python_multipart.multipart: Calling on_header_value with data[63:88]
2025-07-27 22:32:55 [DEBUG] python_multipart.multipart: Calling on_header_end with no data
2025-07-27 22:32:55 [DEBUG] python_multipart.multipart: Calling on_headers_finished with no data
2025-07-27 22:32:55 [DEBUG] python_multipart.multipart: Calling on_part_data with data[92:94]
2025-07-27 22:32:55 [DEBUG] python_multipart.multipart: Calling on_part_end with no data
2025-07-27 22:32:55 [DEBUG] python_multipart.multipart: Calling on_end with no data
2025-07-27 22:32:55 [INFO] face-presence-api: Checking status for user: 44
2025-07-27 22:32:55 [INFO] face-presence-api: User 44 is already registered.
2025-07-27 22:32:57 [DEBUG] python_multipart.multipart: Calling on_part_begin with no data
2025-07-27 22:32:57 [DEBUG] python_multipart.multipart: Calling on_header_field with data[42:61]
2025-07-27 22:32:57 [DEBUG] python_multipart.multipart: Calling on_header_value with data[63:88]
2025-07-27 22:32:57 [DEBUG] python_multipart.multipart: Calling on_header_end with no data
2025-07-27 22:32:57 [DEBUG] python_multipart.multipart: Calling on_headers_finished with no data
2025-07-27 22:32:57 [DEBUG] python_multipart.multipart: Calling on_part_data with data[92:94]
2025-07-27 22:32:57 [DEBUG] python_multipart.multipart: Calling on_part_end with no data
2025-07-27 22:32:57 [DEBUG] python_multipart.multipart: Calling on_end with no data
2025-07-27 22:32:57 [INFO] face-presence-api: Checking status for user: 43
2025-07-27 22:32:57 [INFO] face-presence-api: User 43 has not registered.
2025-07-27 22:33:02 [DEBUG] face-presence-api: [BatchLogger] No registrations, skip flush
2025-07-27 22:33:02 [DEBUG] face-presence-api: [BatchLogger] No verifications, skip flush
2025-07-27 22:33:04 [DEBUG] face-presence-api: [BatchLogger] No durations, skip flush
2025-07-27 22:33:14 [DEBUG] face-presence-api: [BatchLogger] No durations, skip flush
2025-07-27 22:33:24 [DEBUG] face-presence-api: [BatchLogger] No durations, skip flush
2025-07-27 22:33:32 [DEBUG] face-presence-api: [BatchLogger] No verifications, skip flush
2025-07-27 22:33:32 [DEBUG] face-presence-api: [BatchLogger] No registrations, skip flush
2025-07-27 22:33:34 [DEBUG] face-presence-api: [BatchLogger] No durations, skip flush
2025-07-27 22:33:44 [DEBUG] face-presence-api: [BatchLogger] No durations, skip flush
2025-07-27 22:33:54 [DEBUG] face-presence-api: [BatchLogger] No durations, skip flush
2025-07-27 22:34:02 [DEBUG] face-presence-api: [BatchLogger] No verifications, skip flush
2025-07-27 22:34:02 [DEBUG] face-presence-api: [BatchLogger] No registrations, skip flush
2025-07-27 22:34:04 [DEBUG] face-presence-api: [BatchLogger] No durations, skip flush
2025-07-27 22:34:14 [DEBUG] face-presence-api: [BatchLogger] No durations, skip flush
2025-07-27 22:34:24 [DEBUG] face-presence-api: [BatchLogger] No durations, skip flush
2025-07-27 22:34:32 [DEBUG] face-presence-api: [BatchLogger] No verifications, skip flush
2025-07-27 22:34:32 [DEBUG] face-presence-api: [BatchLogger] No registrations, skip flush
2025-07-27 22:34:34 [DEBUG] face-presence-api: [BatchLogger] No durations, skip flush
2025-07-27 22:34:44 [DEBUG] face-presence-api: [BatchLogger] No durations, skip flush
2025-07-27 22:34:54 [DEBUG] face-presence-api: [BatchLogger] No durations, skip flush
2025-07-27 22:34:55 [DEBUG] python_multipart.multipart: Calling on_part_begin with no data
2025-07-27 22:34:55 [DEBUG] python_multipart.multipart: Calling on_header_field with data[42:61]
2025-07-27 22:34:55 [DEBUG] python_multipart.multipart: Calling on_header_value with data[63:88]
2025-07-27 22:34:55 [DEBUG] python_multipart.multipart: Calling on_header_end with no data
2025-07-27 22:34:55 [DEBUG] python_multipart.multipart: Calling on_headers_finished with no data
2025-07-27 22:34:55 [DEBUG] python_multipart.multipart: Calling on_part_data with data[92:94]
2025-07-27 22:34:55 [DEBUG] python_multipart.multipart: Calling on_part_end with no data
2025-07-27 22:34:55 [DEBUG] python_multipart.multipart: Calling on_end with no data
2025-07-27 22:34:55 [INFO] face-presence-api: Checking status for user: 44
2025-07-27 22:34:55 [INFO] face-presence-api: User 44 is already registered.
2025-07-27 22:35:02 [DEBUG] face-presence-api: [BatchLogger] No verifications, skip flush
2025-07-27 22:35:02 [DEBUG] face-presence-api: [BatchLogger] No registrations, skip flush
2025-07-27 22:35:04 [DEBUG] face-presence-api: [BatchLogger] No durations, skip flush
2025-07-27 22:35:14 [DEBUG] face-presence-api: [BatchLogger] No durations, skip flush
2025-07-27 22:35:24 [DEBUG] face-presence-api: [BatchLogger] No durations, skip flush
2025-07-27 22:35:32 [DEBUG] face-presence-api: [BatchLogger] No verifications, skip flush
2025-07-27 22:35:32 [DEBUG] face-presence-api: [BatchLogger] No registrations, skip flush
2025-07-27 22:35:34 [DEBUG] face-presence-api: [BatchLogger] No durations, skip flush
2025-07-27 22:35:44 [DEBUG] face-presence-api: [BatchLogger] No durations, skip flush
2025-07-27 22:35:54 [DEBUG] face-presence-api: [BatchLogger] No durations, skip flush
2025-07-27 22:36:02 [DEBUG] face-presence-api: [BatchLogger] No verifications, skip flush
2025-07-27 22:36:02 [DEBUG] face-presence-api: [BatchLogger] No registrations, skip flush
2025-07-27 22:36:04 [DEBUG] face-presence-api: [BatchLogger] No durations, skip flush
2025-07-27 22:36:14 [DEBUG] face-presence-api: [BatchLogger] No durations, skip flush
2025-07-27 22:36:24 [DEBUG] face-presence-api: [BatchLogger] No durations, skip flush
2025-07-27 22:36:32 [DEBUG] face-presence-api: [BatchLogger] No verifications, skip flush
2025-07-27 22:36:33 [DEBUG] face-presence-api: [BatchLogger] No registrations, skip flush
2025-07-27 22:36:34 [DEBUG] face-presence-api: [BatchLogger] No durations, skip flush
2025-07-27 22:36:44 [DEBUG] face-presence-api: [BatchLogger] No durations, skip flush
2025-07-27 22:36:54 [DEBUG] face-presence-api: [BatchLogger] No durations, skip flush
2025-07-27 22:37:02 [DEBUG] face-presence-api: [BatchLogger] No verifications, skip flush
2025-07-27 22:37:03 [DEBUG] face-presence-api: [BatchLogger] No registrations, skip flush
2025-07-27 22:37:04 [DEBUG] face-presence-api: [BatchLogger] No durations, skip flush
2025-07-27 22:37:12 [DEBUG] python_multipart.multipart: Calling on_part_begin with no data
2025-07-27 22:37:12 [DEBUG] python_multipart.multipart: Calling on_header_field with data[42:61]
2025-07-27 22:37:12 [DEBUG] python_multipart.multipart: Calling on_header_value with data[63:88]
2025-07-27 22:37:12 [DEBUG] python_multipart.multipart: Calling on_header_end with no data
2025-07-27 22:37:12 [DEBUG] python_multipart.multipart: Calling on_headers_finished with no data
2025-07-27 22:37:12 [DEBUG] python_multipart.multipart: Calling on_part_data with data[92:94]
2025-07-27 22:37:12 [DEBUG] python_multipart.multipart: Calling on_part_end with no data
2025-07-27 22:37:12 [DEBUG] python_multipart.multipart: Calling on_end with no data
2025-07-27 22:37:12 [INFO] face-presence-api: Checking status for user: 44
2025-07-27 22:37:12 [INFO] face-presence-api: User 44 is already registered.
2025-07-27 22:37:14 [DEBUG] face-presence-api: [BatchLogger] No durations, skip flush
2025-07-27 22:37:24 [DEBUG] face-presence-api: [BatchLogger] No durations, skip flush
2025-07-27 22:37:32 [DEBUG] face-presence-api: [BatchLogger] No verifications, skip flush
2025-07-27 22:37:33 [DEBUG] face-presence-api: [BatchLogger] No registrations, skip flush
2025-07-27 22:37:34 [DEBUG] face-presence-api: [BatchLogger] No durations, skip flush
2025-07-27 22:37:44 [DEBUG] face-presence-api: [BatchLogger] No durations, skip flush
2025-07-27 22:37:45 [DEBUG] python_multipart.multipart: Calling on_part_begin with no data
2025-07-27 22:37:45 [DEBUG] python_multipart.multipart: Calling on_header_field with data[42:61]
2025-07-27 22:37:45 [DEBUG] python_multipart.multipart: Calling on_header_value with data[63:88]
2025-07-27 22:37:45 [DEBUG] python_multipart.multipart: Calling on_header_end with no data
2025-07-27 22:37:45 [DEBUG] python_multipart.multipart: Calling on_headers_finished with no data
2025-07-27 22:37:45 [DEBUG] python_multipart.multipart: Calling on_part_data with data[92:94]
2025-07-27 22:37:45 [DEBUG] python_multipart.multipart: Calling on_part_end with no data
2025-07-27 22:37:45 [DEBUG] python_multipart.multipart: Calling on_end with no data
2025-07-27 22:37:45 [INFO] face-presence-api: Checking status for user: 44
2025-07-27 22:37:45 [INFO] face-presence-api: User 44 is already registered.
2025-07-27 22:37:54 [DEBUG] face-presence-api: [BatchLogger] No durations, skip flush
2025-07-27 22:38:03 [DEBUG] face-presence-api: [BatchLogger] No verifications, skip flush
2025-07-27 22:38:03 [DEBUG] face-presence-api: [BatchLogger] No registrations, skip flush
2025-07-27 22:38:04 [DEBUG] face-presence-api: [BatchLogger] No durations, skip flush
2025-07-27 22:38:14 [DEBUG] face-presence-api: [BatchLogger] No durations, skip flush
2025-07-27 22:38:24 [DEBUG] face-presence-api: [BatchLogger] No durations, skip flush
2025-07-27 22:38:31 [DEBUG] python_multipart.multipart: Calling on_part_begin with no data
2025-07-27 22:38:31 [DEBUG] python_multipart.multipart: Calling on_header_field with data[42:61]
2025-07-27 22:38:31 [DEBUG] python_multipart.multipart: Calling on_header_value with data[63:88]
2025-07-27 22:38:31 [DEBUG] python_multipart.multipart: Calling on_header_end with no data
2025-07-27 22:38:31 [DEBUG] python_multipart.multipart: Calling on_headers_finished with no data
2025-07-27 22:38:31 [DEBUG] python_multipart.multipart: Calling on_part_data with data[92:94]
2025-07-27 22:38:31 [DEBUG] python_multipart.multipart: Calling on_part_end with no data
2025-07-27 22:38:31 [DEBUG] python_multipart.multipart: Calling on_end with no data
2025-07-27 22:38:31 [INFO] face-presence-api: Checking status for user: 44
2025-07-27 22:38:31 [INFO] face-presence-api: User 44 is already registered.
2025-07-27 22:38:33 [DEBUG] face-presence-api: [BatchLogger] No verifications, skip flush
2025-07-27 22:38:33 [DEBUG] face-presence-api: [BatchLogger] No registrations, skip flush
2025-07-27 22:38:34 [DEBUG] face-presence-api: [BatchLogger] No durations, skip flush
2025-07-27 22:38:44 [DEBUG] face-presence-api: [BatchLogger] No durations, skip flush
2025-07-27 22:38:54 [DEBUG] face-presence-api: [BatchLogger] No durations, skip flush
2025-07-27 22:39:03 [DEBUG] face-presence-api: [BatchLogger] No verifications, skip flush
2025-07-27 22:39:03 [DEBUG] face-presence-api: [BatchLogger] No registrations, skip flush
2025-07-27 22:39:04 [DEBUG] face-presence-api: [BatchLogger] No durations, skip flush
2025-07-27 22:39:14 [DEBUG] face-presence-api: [BatchLogger] No durations, skip flush
2025-07-27 22:39:24 [DEBUG] face-presence-api: [BatchLogger] No durations, skip flush
2025-07-27 22:39:33 [DEBUG] face-presence-api: [BatchLogger] No verifications, skip flush
2025-07-27 22:39:33 [DEBUG] face-presence-api: [BatchLogger] No registrations, skip flush
2025-07-27 22:39:34 [DEBUG] face-presence-api: [BatchLogger] No durations, skip flush
2025-07-27 22:39:44 [DEBUG] face-presence-api: [BatchLogger] No durations, skip flush
2025-07-27 22:39:54 [DEBUG] face-presence-api: [BatchLogger] No durations, skip flush
2025-07-27 22:40:03 [DEBUG] face-presence-api: [BatchLogger] No verifications, skip flush
2025-07-27 22:40:03 [DEBUG] face-presence-api: [BatchLogger] No registrations, skip flush
2025-07-27 22:40:04 [DEBUG] face-presence-api: [BatchLogger] No durations, skip flush
2025-07-27 22:40:14 [DEBUG] face-presence-api: [BatchLogger] No durations, skip flush
2025-07-27 22:40:24 [DEBUG] face-presence-api: [BatchLogger] No durations, skip flush
2025-07-27 22:40:33 [DEBUG] face-presence-api: [BatchLogger] No verifications, skip flush
2025-07-27 22:40:33 [DEBUG] face-presence-api: [BatchLogger] No registrations, skip flush
2025-07-27 22:40:34 [DEBUG] face-presence-api: [BatchLogger] No durations, skip flush
2025-07-27 22:40:44 [DEBUG] face-presence-api: [BatchLogger] No durations, skip flush
2025-07-27 22:40:54 [DEBUG] face-presence-api: [BatchLogger] No durations, skip flush
2025-07-27 22:41:03 [DEBUG] face-presence-api: [BatchLogger] No registrations, skip flush
2025-07-27 22:41:03 [DEBUG] face-presence-api: [BatchLogger] No verifications, skip flush
2025-07-27 22:41:04 [DEBUG] face-presence-api: [BatchLogger] No durations, skip flush
2025-07-27 22:41:10 [DEBUG] python_multipart.multipart: Calling on_part_begin with no data
2025-07-27 22:41:10 [DEBUG] python_multipart.multipart: Calling on_header_field with data[42:61]
2025-07-27 22:41:10 [DEBUG] python_multipart.multipart: Calling on_header_value with data[63:88]
2025-07-27 22:41:10 [DEBUG] python_multipart.multipart: Calling on_header_end with no data
2025-07-27 22:41:10 [DEBUG] python_multipart.multipart: Calling on_headers_finished with no data
2025-07-27 22:41:10 [DEBUG] python_multipart.multipart: Calling on_part_data with data[92:94]
2025-07-27 22:41:10 [DEBUG] python_multipart.multipart: Calling on_part_end with no data
2025-07-27 22:41:10 [DEBUG] python_multipart.multipart: Calling on_end with no data
2025-07-27 22:41:10 [INFO] face-presence-api: Checking status for user: 44
2025-07-27 22:41:10 [INFO] face-presence-api: User 44 is already registered.
2025-07-27 22:41:14 [DEBUG] face-presence-api: [BatchLogger] No durations, skip flush
2025-07-27 22:41:24 [DEBUG] face-presence-api: [BatchLogger] No durations, skip flush
2025-07-27 22:41:33 [DEBUG] face-presence-api: [BatchLogger] No verifications, skip flush
2025-07-27 22:41:33 [DEBUG] face-presence-api: [BatchLogger] No registrations, skip flush
2025-07-27 22:41:34 [DEBUG] face-presence-api: [BatchLogger] No durations, skip flush
2025-07-27 22:41:43 [DEBUG] python_multipart.multipart: Calling on_part_begin with no data
2025-07-27 22:41:43 [DEBUG] python_multipart.multipart: Calling on_header_field with data[42:61]
2025-07-27 22:41:43 [DEBUG] python_multipart.multipart: Calling on_header_value with data[63:88]
2025-07-27 22:41:43 [DEBUG] python_multipart.multipart: Calling on_header_end with no data
2025-07-27 22:41:43 [DEBUG] python_multipart.multipart: Calling on_headers_finished with no data
2025-07-27 22:41:43 [DEBUG] python_multipart.multipart: Calling on_part_data with data[92:94]
2025-07-27 22:41:43 [DEBUG] python_multipart.multipart: Calling on_part_end with no data
2025-07-27 22:41:43 [DEBUG] python_multipart.multipart: Calling on_end with no data
2025-07-27 22:41:43 [INFO] face-presence-api: Checking status for user: 44
2025-07-27 22:41:43 [INFO] face-presence-api: User 44 is already registered.
2025-07-27 22:41:44 [DEBUG] face-presence-api: [BatchLogger] No durations, skip flush
2025-07-27 22:41:54 [DEBUG] face-presence-api: [BatchLogger] No durations, skip flush
2025-07-27 22:42:03 [DEBUG] face-presence-api: [BatchLogger] No verifications, skip flush
2025-07-27 22:42:03 [DEBUG] face-presence-api: [BatchLogger] No registrations, skip flush
2025-07-27 22:42:04 [DEBUG] face-presence-api: [BatchLogger] No durations, skip flush
2025-07-27 22:42:14 [DEBUG] face-presence-api: [BatchLogger] No durations, skip flush
2025-07-27 22:42:24 [DEBUG] face-presence-api: [BatchLogger] No durations, skip flush
2025-07-27 22:42:33 [DEBUG] face-presence-api: [BatchLogger] No verifications, skip flush
2025-07-27 22:42:33 [DEBUG] face-presence-api: [BatchLogger] No registrations, skip flush
2025-07-27 22:42:34 [DEBUG] face-presence-api: [BatchLogger] No durations, skip flush
2025-07-27 22:42:44 [DEBUG] face-presence-api: [BatchLogger] No durations, skip flush
2025-07-27 22:42:54 [DEBUG] face-presence-api: [BatchLogger] No durations, skip flush
2025-07-27 22:43:03 [DEBUG] face-presence-api: [BatchLogger] No registrations, skip flush
2025-07-27 22:43:03 [DEBUG] face-presence-api: [BatchLogger] No verifications, skip flush
2025-07-27 22:43:04 [DEBUG] face-presence-api: [BatchLogger] No durations, skip flush
2025-07-27 22:43:14 [DEBUG] python_multipart.multipart: Calling on_part_begin with no data
2025-07-27 22:43:14 [DEBUG] python_multipart.multipart: Calling on_header_field with data[42:61]
2025-07-27 22:43:14 [DEBUG] python_multipart.multipart: Calling on_header_value with data[63:88]
2025-07-27 22:43:14 [DEBUG] python_multipart.multipart: Calling on_header_end with no data
2025-07-27 22:43:14 [DEBUG] python_multipart.multipart: Calling on_headers_finished with no data
2025-07-27 22:43:14 [DEBUG] python_multipart.multipart: Calling on_part_data with data[92:94]
2025-07-27 22:43:14 [DEBUG] python_multipart.multipart: Calling on_part_end with no data
2025-07-27 22:43:14 [DEBUG] python_multipart.multipart: Calling on_end with no data
2025-07-27 22:43:14 [INFO] face-presence-api: Checking status for user: 44
2025-07-27 22:43:14 [INFO] face-presence-api: User 44 is already registered.
2025-07-27 22:43:14 [DEBUG] face-presence-api: [BatchLogger] No durations, skip flush
2025-07-27 22:43:24 [DEBUG] face-presence-api: [BatchLogger] No durations, skip flush
2025-07-27 22:43:33 [DEBUG] face-presence-api: [BatchLogger] No verifications, skip flush
2025-07-27 22:43:33 [DEBUG] face-presence-api: [BatchLogger] No registrations, skip flush
2025-07-27 22:43:34 [DEBUG] face-presence-api: [BatchLogger] No durations, skip flush
2025-07-27 22:43:41 [DEBUG] python_multipart.multipart: Calling on_part_begin with no data
2025-07-27 22:43:41 [DEBUG] python_multipart.multipart: Calling on_header_field with data[42:61]
2025-07-27 22:43:41 [DEBUG] python_multipart.multipart: Calling on_header_value with data[63:88]
2025-07-27 22:43:41 [DEBUG] python_multipart.multipart: Calling on_header_end with no data
2025-07-27 22:43:41 [DEBUG] python_multipart.multipart: Calling on_headers_finished with no data
2025-07-27 22:43:41 [DEBUG] python_multipart.multipart: Calling on_part_data with data[92:94]
2025-07-27 22:43:41 [DEBUG] python_multipart.multipart: Calling on_part_end with no data
2025-07-27 22:43:41 [DEBUG] python_multipart.multipart: Calling on_end with no data
2025-07-27 22:43:41 [INFO] face-presence-api: Checking status for user: 44
2025-07-27 22:43:41 [INFO] face-presence-api: User 44 is already registered.
2025-07-27 22:43:44 [DEBUG] face-presence-api: [BatchLogger] No durations, skip flush
2025-07-27 22:43:54 [DEBUG] face-presence-api: [BatchLogger] No durations, skip flush
2025-07-27 22:44:03 [DEBUG] face-presence-api: [BatchLogger] No registrations, skip flush
2025-07-27 22:44:03 [DEBUG] face-presence-api: [BatchLogger] No verifications, skip flush
2025-07-27 22:44:04 [DEBUG] face-presence-api: [BatchLogger] No durations, skip flush
2025-07-27 22:44:14 [DEBUG] face-presence-api: [BatchLogger] No durations, skip flush
2025-07-27 22:44:24 [DEBUG] face-presence-api: [BatchLogger] No durations, skip flush
2025-07-27 22:44:33 [DEBUG] face-presence-api: [BatchLogger] No verifications, skip flush
2025-07-27 22:44:33 [DEBUG] face-presence-api: [BatchLogger] No registrations, skip flush
2025-07-27 22:44:34 [DEBUG] face-presence-api: [BatchLogger] No durations, skip flush
2025-07-27 22:44:44 [DEBUG] face-presence-api: [BatchLogger] No durations, skip flush
2025-07-27 22:44:54 [DEBUG] face-presence-api: [BatchLogger] No durations, skip flush
2025-07-27 22:45:03 [DEBUG] face-presence-api: [BatchLogger] No registrations, skip flush
2025-07-27 22:45:03 [DEBUG] face-presence-api: [BatchLogger] No verifications, skip flush
2025-07-27 22:45:04 [DEBUG] face-presence-api: [BatchLogger] No durations, skip flush
2025-07-27 22:45:14 [DEBUG] face-presence-api: [BatchLogger] No durations, skip flush
2025-07-27 22:45:24 [DEBUG] face-presence-api: [BatchLogger] No durations, skip flush
2025-07-27 22:45:33 [DEBUG] face-presence-api: [BatchLogger] No verifications, skip flush
2025-07-27 22:45:33 [DEBUG] face-presence-api: [BatchLogger] No registrations, skip flush
2025-07-27 22:45:34 [DEBUG] face-presence-api: [BatchLogger] No durations, skip flush
2025-07-27 22:45:44 [DEBUG] face-presence-api: [BatchLogger] No durations, skip flush
2025-07-27 22:45:54 [DEBUG] face-presence-api: [BatchLogger] No durations, skip flush
2025-07-27 22:46:03 [DEBUG] face-presence-api: [BatchLogger] No verifications, skip flush
2025-07-27 22:46:03 [DEBUG] face-presence-api: [BatchLogger] No registrations, skip flush
2025-07-27 22:46:05 [DEBUG] face-presence-api: [BatchLogger] No durations, skip flush
2025-07-27 22:46:15 [DEBUG] face-presence-api: [BatchLogger] No durations, skip flush
2025-07-27 22:46:25 [DEBUG] face-presence-api: [BatchLogger] No durations, skip flush
2025-07-27 22:46:33 [DEBUG] face-presence-api: [BatchLogger] No registrations, skip flush
2025-07-27 22:46:33 [DEBUG] face-presence-api: [BatchLogger] No verifications, skip flush
2025-07-27 22:46:35 [DEBUG] face-presence-api: [BatchLogger] No durations, skip flush
2025-07-27 22:46:42 [DEBUG] python_multipart.multipart: Calling on_part_begin with no data
2025-07-27 22:46:42 [DEBUG] python_multipart.multipart: Calling on_header_field with data[42:61]
2025-07-27 22:46:42 [DEBUG] python_multipart.multipart: Calling on_header_value with data[63:88]
2025-07-27 22:46:42 [DEBUG] python_multipart.multipart: Calling on_header_end with no data
2025-07-27 22:46:42 [DEBUG] python_multipart.multipart: Calling on_headers_finished with no data
2025-07-27 22:46:42 [DEBUG] python_multipart.multipart: Calling on_part_data with data[92:94]
2025-07-27 22:46:42 [DEBUG] python_multipart.multipart: Calling on_part_end with no data
2025-07-27 22:46:42 [DEBUG] python_multipart.multipart: Calling on_end with no data
2025-07-27 22:46:42 [INFO] face-presence-api: Checking status for user: 44
2025-07-27 22:46:42 [INFO] face-presence-api: User 44 is already registered.
2025-07-27 22:46:45 [DEBUG] face-presence-api: [BatchLogger] No durations, skip flush
2025-07-27 22:46:55 [DEBUG] face-presence-api: [BatchLogger] No durations, skip flush
2025-07-27 22:47:03 [DEBUG] face-presence-api: [BatchLogger] No registrations, skip flush
2025-07-27 22:47:03 [DEBUG] face-presence-api: [BatchLogger] No verifications, skip flush
2025-07-27 22:47:05 [DEBUG] face-presence-api: [BatchLogger] No durations, skip flush
2025-07-27 22:47:15 [DEBUG] face-presence-api: [BatchLogger] No durations, skip flush
2025-07-27 22:47:25 [DEBUG] face-presence-api: [BatchLogger] No durations, skip flush
2025-07-27 22:47:31 [DEBUG] python_multipart.multipart: Calling on_part_begin with no data
2025-07-27 22:47:31 [DEBUG] python_multipart.multipart: Calling on_header_field with data[42:61]
2025-07-27 22:47:31 [DEBUG] python_multipart.multipart: Calling on_header_value with data[63:88]
2025-07-27 22:47:31 [DEBUG] python_multipart.multipart: Calling on_header_end with no data
2025-07-27 22:47:31 [DEBUG] python_multipart.multipart: Calling on_headers_finished with no data
2025-07-27 22:47:31 [DEBUG] python_multipart.multipart: Calling on_part_data with data[92:94]
2025-07-27 22:47:31 [DEBUG] python_multipart.multipart: Calling on_part_end with no data
2025-07-27 22:47:31 [DEBUG] python_multipart.multipart: Calling on_end with no data
2025-07-27 22:47:31 [INFO] face-presence-api: Checking status for user: 44
2025-07-27 22:47:31 [INFO] face-presence-api: User 44 is already registered.
2025-07-27 22:47:33 [DEBUG] face-presence-api: [BatchLogger] No verifications, skip flush
2025-07-27 22:47:33 [DEBUG] face-presence-api: [BatchLogger] No registrations, skip flush
2025-07-27 22:47:35 [DEBUG] face-presence-api: [BatchLogger] No durations, skip flush
2025-07-27 22:47:45 [DEBUG] face-presence-api: [BatchLogger] No durations, skip flush
2025-07-27 22:47:48 [DEBUG] python_multipart.multipart: Calling on_part_begin with no data
2025-07-27 22:47:48 [DEBUG] python_multipart.multipart: Calling on_header_field with data[42:61]
2025-07-27 22:47:48 [DEBUG] python_multipart.multipart: Calling on_header_value with data[63:88]
2025-07-27 22:47:48 [DEBUG] python_multipart.multipart: Calling on_header_end with no data
2025-07-27 22:47:48 [DEBUG] python_multipart.multipart: Calling on_headers_finished with no data
2025-07-27 22:47:48 [DEBUG] python_multipart.multipart: Calling on_part_data with data[92:94]
2025-07-27 22:47:48 [DEBUG] python_multipart.multipart: Calling on_part_end with no data
2025-07-27 22:47:48 [DEBUG] python_multipart.multipart: Calling on_end with no data
2025-07-27 22:47:48 [INFO] face-presence-api: Checking status for user: 44
2025-07-27 22:47:48 [INFO] face-presence-api: User 44 is already registered.
2025-07-27 22:47:55 [DEBUG] face-presence-api: [BatchLogger] No durations, skip flush
2025-07-27 22:48:03 [DEBUG] face-presence-api: [BatchLogger] No registrations, skip flush
2025-07-27 22:48:03 [DEBUG] face-presence-api: [BatchLogger] No verifications, skip flush
2025-07-27 22:48:05 [DEBUG] face-presence-api: [BatchLogger] No durations, skip flush
2025-07-27 22:48:15 [DEBUG] face-presence-api: [BatchLogger] No durations, skip flush
2025-07-27 22:48:21 [DEBUG] python_multipart.multipart: Calling on_part_begin with no data
2025-07-27 22:48:21 [DEBUG] python_multipart.multipart: Calling on_header_field with data[42:61]
2025-07-27 22:48:21 [DEBUG] python_multipart.multipart: Calling on_header_value with data[63:88]
2025-07-27 22:48:21 [DEBUG] python_multipart.multipart: Calling on_header_end with no data
2025-07-27 22:48:21 [DEBUG] python_multipart.multipart: Calling on_headers_finished with no data
2025-07-27 22:48:21 [DEBUG] python_multipart.multipart: Calling on_part_data with data[92:94]
2025-07-27 22:48:21 [DEBUG] python_multipart.multipart: Calling on_part_end with no data
2025-07-27 22:48:21 [DEBUG] python_multipart.multipart: Calling on_end with no data
2025-07-27 22:48:21 [INFO] face-presence-api: Checking status for user: 44
2025-07-27 22:48:21 [INFO] face-presence-api: User 44 is already registered.
2025-07-27 22:48:25 [DEBUG] face-presence-api: [BatchLogger] No durations, skip flush
2025-07-27 22:48:33 [DEBUG] face-presence-api: [BatchLogger] No verifications, skip flush
2025-07-27 22:48:33 [DEBUG] face-presence-api: [BatchLogger] No registrations, skip flush
2025-07-27 22:48:35 [DEBUG] face-presence-api: [BatchLogger] No durations, skip flush
2025-07-27 22:48:45 [DEBUG] face-presence-api: [BatchLogger] No durations, skip flush
2025-07-27 22:48:48 [DEBUG] python_multipart.multipart: Calling on_part_begin with no data
2025-07-27 22:48:48 [DEBUG] python_multipart.multipart: Calling on_header_field with data[42:61]
2025-07-27 22:48:48 [DEBUG] python_multipart.multipart: Calling on_header_value with data[63:88]
2025-07-27 22:48:48 [DEBUG] python_multipart.multipart: Calling on_header_end with no data
2025-07-27 22:48:48 [DEBUG] python_multipart.multipart: Calling on_headers_finished with no data
2025-07-27 22:48:48 [DEBUG] python_multipart.multipart: Calling on_part_data with data[92:94]
2025-07-27 22:48:48 [DEBUG] python_multipart.multipart: Calling on_part_end with no data
2025-07-27 22:48:48 [DEBUG] python_multipart.multipart: Calling on_end with no data
2025-07-27 22:48:48 [INFO] face-presence-api: Checking status for user: 44
2025-07-27 22:48:48 [INFO] face-presence-api: User 44 is already registered.
2025-07-27 22:48:55 [DEBUG] face-presence-api: [BatchLogger] No durations, skip flush
2025-07-27 22:49:02 [DEBUG] python_multipart.multipart: Calling on_part_begin with no data
2025-07-27 22:49:02 [DEBUG] python_multipart.multipart: Calling on_header_field with data[42:61]
2025-07-27 22:49:02 [DEBUG] python_multipart.multipart: Calling on_header_value with data[63:88]
2025-07-27 22:49:02 [DEBUG] python_multipart.multipart: Calling on_header_end with no data
2025-07-27 22:49:02 [DEBUG] python_multipart.multipart: Calling on_headers_finished with no data
2025-07-27 22:49:02 [DEBUG] python_multipart.multipart: Calling on_part_data with data[92:94]
2025-07-27 22:49:02 [DEBUG] python_multipart.multipart: Calling on_part_end with no data
2025-07-27 22:49:02 [DEBUG] python_multipart.multipart: Calling on_end with no data
2025-07-27 22:49:02 [INFO] face-presence-api: Checking status for user: 44
2025-07-27 22:49:02 [INFO] face-presence-api: User 44 is already registered.
2025-07-27 22:49:03 [DEBUG] face-presence-api: [BatchLogger] No registrations, skip flush
2025-07-27 22:49:03 [DEBUG] face-presence-api: [BatchLogger] No verifications, skip flush
2025-07-27 22:49:05 [DEBUG] face-presence-api: [BatchLogger] No durations, skip flush
2025-07-27 22:49:15 [DEBUG] face-presence-api: [BatchLogger] No durations, skip flush
2025-07-27 22:49:23 [DEBUG] python_multipart.multipart: Calling on_part_begin with no data
2025-07-27 22:49:23 [DEBUG] python_multipart.multipart: Calling on_header_field with data[42:61]
2025-07-27 22:49:23 [DEBUG] python_multipart.multipart: Calling on_header_value with data[63:88]
2025-07-27 22:49:23 [DEBUG] python_multipart.multipart: Calling on_header_end with no data
2025-07-27 22:49:23 [DEBUG] python_multipart.multipart: Calling on_headers_finished with no data
2025-07-27 22:49:23 [DEBUG] python_multipart.multipart: Calling on_part_data with data[92:94]
2025-07-27 22:49:23 [DEBUG] python_multipart.multipart: Calling on_part_end with no data
2025-07-27 22:49:23 [DEBUG] python_multipart.multipart: Calling on_end with no data
2025-07-27 22:49:23 [INFO] face-presence-api: Checking status for user: 44
2025-07-27 22:49:23 [INFO] face-presence-api: User 44 is already registered.
2025-07-27 22:49:25 [DEBUG] face-presence-api: [BatchLogger] No durations, skip flush
2025-07-27 22:49:33 [DEBUG] face-presence-api: [BatchLogger] No verifications, skip flush
2025-07-27 22:49:33 [DEBUG] face-presence-api: [BatchLogger] No registrations, skip flush
2025-07-27 22:49:35 [DEBUG] face-presence-api: [BatchLogger] No durations, skip flush
2025-07-27 22:49:45 [DEBUG] face-presence-api: [BatchLogger] No durations, skip flush
2025-07-27 22:49:55 [DEBUG] face-presence-api: [BatchLogger] No durations, skip flush
2025-07-27 22:49:57 [DEBUG] python_multipart.multipart: Calling on_part_begin with no data
2025-07-27 22:49:57 [DEBUG] python_multipart.multipart: Calling on_header_field with data[42:61]
2025-07-27 22:49:57 [DEBUG] python_multipart.multipart: Calling on_header_value with data[63:88]
2025-07-27 22:49:57 [DEBUG] python_multipart.multipart: Calling on_header_end with no data
2025-07-27 22:49:57 [DEBUG] python_multipart.multipart: Calling on_headers_finished with no data
2025-07-27 22:49:57 [DEBUG] python_multipart.multipart: Calling on_part_data with data[92:94]
2025-07-27 22:49:57 [DEBUG] python_multipart.multipart: Calling on_part_end with no data
2025-07-27 22:49:57 [DEBUG] python_multipart.multipart: Calling on_end with no data
2025-07-27 22:49:57 [INFO] face-presence-api: Checking status for user: 44
2025-07-27 22:49:57 [INFO] face-presence-api: User 44 is already registered.
2025-07-27 22:50:03 [DEBUG] face-presence-api: [BatchLogger] No registrations, skip flush
2025-07-27 22:50:03 [DEBUG] face-presence-api: [BatchLogger] No verifications, skip flush
2025-07-27 22:50:05 [DEBUG] face-presence-api: [BatchLogger] No durations, skip flush
2025-07-27 22:50:10 [DEBUG] python_multipart.multipart: Calling on_part_begin with no data
2025-07-27 22:50:10 [DEBUG] python_multipart.multipart: Calling on_header_field with data[42:61]
2025-07-27 22:50:10 [DEBUG] python_multipart.multipart: Calling on_header_value with data[63:88]
2025-07-27 22:50:10 [DEBUG] python_multipart.multipart: Calling on_header_end with no data
2025-07-27 22:50:10 [DEBUG] python_multipart.multipart: Calling on_headers_finished with no data
2025-07-27 22:50:10 [DEBUG] python_multipart.multipart: Calling on_part_data with data[92:94]
2025-07-27 22:50:10 [DEBUG] python_multipart.multipart: Calling on_part_end with no data
2025-07-27 22:50:10 [DEBUG] python_multipart.multipart: Calling on_end with no data
2025-07-27 22:50:10 [INFO] face-presence-api: Checking status for user: 44
2025-07-27 22:50:10 [INFO] face-presence-api: User 44 is already registered.
2025-07-27 22:50:15 [DEBUG] face-presence-api: [BatchLogger] No durations, skip flush
2025-07-27 22:50:25 [DEBUG] face-presence-api: [BatchLogger] No durations, skip flush
2025-07-27 22:50:29 [DEBUG] python_multipart.multipart: Calling on_part_begin with no data
2025-07-27 22:50:29 [DEBUG] python_multipart.multipart: Calling on_header_field with data[42:61]
2025-07-27 22:50:29 [DEBUG] python_multipart.multipart: Calling on_header_value with data[63:88]
2025-07-27 22:50:29 [DEBUG] python_multipart.multipart: Calling on_header_end with no data
2025-07-27 22:50:29 [DEBUG] python_multipart.multipart: Calling on_headers_finished with no data
2025-07-27 22:50:29 [DEBUG] python_multipart.multipart: Calling on_part_data with data[92:94]
2025-07-27 22:50:29 [DEBUG] python_multipart.multipart: Calling on_part_end with no data
2025-07-27 22:50:29 [DEBUG] python_multipart.multipart: Calling on_end with no data
2025-07-27 22:50:29 [INFO] face-presence-api: Checking status for user: 44
2025-07-27 22:50:29 [INFO] face-presence-api: User 44 is already registered.
2025-07-27 22:50:33 [DEBUG] face-presence-api: [BatchLogger] No verifications, skip flush
2025-07-27 22:50:33 [DEBUG] face-presence-api: [BatchLogger] No registrations, skip flush
2025-07-27 22:50:35 [DEBUG] face-presence-api: [BatchLogger] No durations, skip flush
2025-07-27 22:50:45 [DEBUG] face-presence-api: [BatchLogger] No durations, skip flush
2025-07-27 22:50:55 [DEBUG] face-presence-api: [BatchLogger] No durations, skip flush
2025-07-27 22:51:03 [DEBUG] face-presence-api: [BatchLogger] No registrations, skip flush
2025-07-27 22:51:03 [DEBUG] face-presence-api: [BatchLogger] No verifications, skip flush
2025-07-27 22:51:05 [DEBUG] face-presence-api: [BatchLogger] No durations, skip flush
2025-07-27 22:51:15 [DEBUG] face-presence-api: [BatchLogger] No durations, skip flush
2025-07-27 22:51:25 [DEBUG] face-presence-api: [BatchLogger] No durations, skip flush
2025-07-27 22:51:33 [DEBUG] face-presence-api: [BatchLogger] No verifications, skip flush
2025-07-27 22:51:33 [DEBUG] face-presence-api: [BatchLogger] No registrations, skip flush
2025-07-27 22:51:35 [DEBUG] face-presence-api: [BatchLogger] No durations, skip flush
2025-07-27 22:51:45 [DEBUG] face-presence-api: [BatchLogger] No durations, skip flush
2025-07-27 22:51:51 [DEBUG] python_multipart.multipart: Calling on_part_begin with no data
2025-07-27 22:51:51 [DEBUG] python_multipart.multipart: Calling on_header_field with data[42:61]
2025-07-27 22:51:51 [DEBUG] python_multipart.multipart: Calling on_header_value with data[63:88]
2025-07-27 22:51:51 [DEBUG] python_multipart.multipart: Calling on_header_end with no data
2025-07-27 22:51:51 [DEBUG] python_multipart.multipart: Calling on_headers_finished with no data
2025-07-27 22:51:51 [DEBUG] python_multipart.multipart: Calling on_part_data with data[92:94]
2025-07-27 22:51:51 [DEBUG] python_multipart.multipart: Calling on_part_end with no data
2025-07-27 22:51:51 [DEBUG] python_multipart.multipart: Calling on_end with no data
2025-07-27 22:51:51 [INFO] face-presence-api: Checking status for user: 44
2025-07-27 22:51:51 [INFO] face-presence-api: User 44 is already registered.
2025-07-27 22:51:55 [DEBUG] face-presence-api: [BatchLogger] No durations, skip flush
2025-07-27 22:52:03 [DEBUG] face-presence-api: [BatchLogger] No registrations, skip flush
2025-07-27 22:52:03 [DEBUG] face-presence-api: [BatchLogger] No verifications, skip flush
2025-07-27 22:52:05 [DEBUG] face-presence-api: [BatchLogger] No durations, skip flush
2025-07-27 22:52:15 [DEBUG] face-presence-api: [BatchLogger] No durations, skip flush
2025-07-27 22:52:25 [DEBUG] face-presence-api: [BatchLogger] No durations, skip flush
2025-07-27 22:52:33 [DEBUG] face-presence-api: [BatchLogger] No registrations, skip flush
2025-07-27 22:52:33 [DEBUG] face-presence-api: [BatchLogger] No verifications, skip flush
2025-07-27 22:52:33 [DEBUG] python_multipart.multipart: Calling on_part_begin with no data
2025-07-27 22:52:33 [DEBUG] python_multipart.multipart: Calling on_header_field with data[42:61]
2025-07-27 22:52:33 [DEBUG] python_multipart.multipart: Calling on_header_value with data[63:88]
2025-07-27 22:52:33 [DEBUG] python_multipart.multipart: Calling on_header_end with no data
2025-07-27 22:52:33 [DEBUG] python_multipart.multipart: Calling on_headers_finished with no data
2025-07-27 22:52:33 [DEBUG] python_multipart.multipart: Calling on_part_data with data[92:94]
2025-07-27 22:52:33 [DEBUG] python_multipart.multipart: Calling on_part_end with no data
2025-07-27 22:52:33 [DEBUG] python_multipart.multipart: Calling on_end with no data
2025-07-27 22:52:33 [INFO] face-presence-api: Checking status for user: 44
2025-07-27 22:52:33 [INFO] face-presence-api: User 44 is already registered.
2025-07-27 22:52:35 [DEBUG] face-presence-api: [BatchLogger] No durations, skip flush
2025-07-27 22:52:45 [DEBUG] face-presence-api: [BatchLogger] No durations, skip flush
2025-07-27 22:52:49 [DEBUG] python_multipart.multipart: Calling on_part_begin with no data
2025-07-27 22:52:49 [DEBUG] python_multipart.multipart: Calling on_header_field with data[42:61]
2025-07-27 22:52:49 [DEBUG] python_multipart.multipart: Calling on_header_value with data[63:88]
2025-07-27 22:52:49 [DEBUG] python_multipart.multipart: Calling on_header_end with no data
2025-07-27 22:52:49 [DEBUG] python_multipart.multipart: Calling on_headers_finished with no data
2025-07-27 22:52:49 [DEBUG] python_multipart.multipart: Calling on_part_data with data[92:94]
2025-07-27 22:52:49 [DEBUG] python_multipart.multipart: Calling on_part_end with no data
2025-07-27 22:52:49 [DEBUG] python_multipart.multipart: Calling on_end with no data
2025-07-27 22:52:49 [INFO] face-presence-api: Checking status for user: 44
2025-07-27 22:52:49 [INFO] face-presence-api: User 44 is already registered.
2025-07-27 22:52:55 [DEBUG] face-presence-api: [BatchLogger] No durations, skip flush
2025-07-27 22:53:03 [DEBUG] face-presence-api: [BatchLogger] No verifications, skip flush
2025-07-27 22:53:03 [DEBUG] face-presence-api: [BatchLogger] No registrations, skip flush
2025-07-27 22:53:04 [DEBUG] python_multipart.multipart: Calling on_part_begin with no data
2025-07-27 22:53:04 [DEBUG] python_multipart.multipart: Calling on_header_field with data[42:61]
2025-07-27 22:53:04 [DEBUG] python_multipart.multipart: Calling on_header_value with data[63:88]
2025-07-27 22:53:04 [DEBUG] python_multipart.multipart: Calling on_header_end with no data
2025-07-27 22:53:04 [DEBUG] python_multipart.multipart: Calling on_headers_finished with no data
2025-07-27 22:53:04 [DEBUG] python_multipart.multipart: Calling on_part_data with data[92:94]
2025-07-27 22:53:04 [DEBUG] python_multipart.multipart: Calling on_part_end with no data
2025-07-27 22:53:04 [DEBUG] python_multipart.multipart: Calling on_end with no data
2025-07-27 22:53:04 [INFO] face-presence-api: Checking status for user: 44
2025-07-27 22:53:04 [INFO] face-presence-api: User 44 is already registered.
2025-07-27 22:53:05 [DEBUG] face-presence-api: [BatchLogger] No durations, skip flush
2025-07-27 22:53:15 [DEBUG] python_multipart.multipart: Calling on_part_begin with no data
2025-07-27 22:53:15 [DEBUG] python_multipart.multipart: Calling on_header_field with data[42:61]
2025-07-27 22:53:15 [DEBUG] python_multipart.multipart: Calling on_header_value with data[63:88]
2025-07-27 22:53:15 [DEBUG] python_multipart.multipart: Calling on_header_end with no data
2025-07-27 22:53:15 [DEBUG] python_multipart.multipart: Calling on_headers_finished with no data
2025-07-27 22:53:15 [DEBUG] python_multipart.multipart: Calling on_part_data with data[92:94]
2025-07-27 22:53:15 [DEBUG] python_multipart.multipart: Calling on_part_end with no data
2025-07-27 22:53:15 [DEBUG] python_multipart.multipart: Calling on_end with no data
2025-07-27 22:53:15 [INFO] face-presence-api: Checking status for user: 44
2025-07-27 22:53:15 [INFO] face-presence-api: User 44 is already registered.
2025-07-27 22:53:15 [DEBUG] face-presence-api: [BatchLogger] No durations, skip flush
2025-07-27 22:53:25 [DEBUG] face-presence-api: [BatchLogger] No durations, skip flush
2025-07-27 22:53:33 [DEBUG] face-presence-api: [BatchLogger] No registrations, skip flush
2025-07-27 22:53:33 [DEBUG] face-presence-api: [BatchLogger] No verifications, skip flush
2025-07-27 22:53:35 [DEBUG] face-presence-api: [BatchLogger] No durations, skip flush
2025-07-27 22:53:45 [DEBUG] face-presence-api: [BatchLogger] No durations, skip flush
2025-07-27 22:53:55 [DEBUG] face-presence-api: [BatchLogger] No durations, skip flush
2025-07-27 22:54:02 [DEBUG] python_multipart.multipart: Calling on_part_begin with no data
2025-07-27 22:54:02 [DEBUG] python_multipart.multipart: Calling on_header_field with data[42:61]
2025-07-27 22:54:02 [DEBUG] python_multipart.multipart: Calling on_header_value with data[63:88]
2025-07-27 22:54:02 [DEBUG] python_multipart.multipart: Calling on_header_end with no data
2025-07-27 22:54:02 [DEBUG] python_multipart.multipart: Calling on_headers_finished with no data
2025-07-27 22:54:02 [DEBUG] python_multipart.multipart: Calling on_part_data with data[92:94]
2025-07-27 22:54:02 [DEBUG] python_multipart.multipart: Calling on_part_end with no data
2025-07-27 22:54:02 [DEBUG] python_multipart.multipart: Calling on_end with no data
2025-07-27 22:54:02 [INFO] face-presence-api: Checking status for user: 44
2025-07-27 22:54:02 [INFO] face-presence-api: User 44 is already registered.
2025-07-27 22:54:03 [DEBUG] face-presence-api: [BatchLogger] No verifications, skip flush
2025-07-27 22:54:03 [DEBUG] face-presence-api: [BatchLogger] No registrations, skip flush
2025-07-27 22:54:05 [DEBUG] face-presence-api: [BatchLogger] No durations, skip flush
2025-07-27 22:54:15 [DEBUG] face-presence-api: [BatchLogger] No durations, skip flush
2025-07-27 22:54:20 [DEBUG] python_multipart.multipart: Calling on_part_begin with no data
2025-07-27 22:54:20 [DEBUG] python_multipart.multipart: Calling on_header_field with data[42:61]
2025-07-27 22:54:20 [DEBUG] python_multipart.multipart: Calling on_header_value with data[63:88]
2025-07-27 22:54:20 [DEBUG] python_multipart.multipart: Calling on_header_end with no data
2025-07-27 22:54:20 [DEBUG] python_multipart.multipart: Calling on_headers_finished with no data
2025-07-27 22:54:20 [DEBUG] python_multipart.multipart: Calling on_part_data with data[92:94]
2025-07-27 22:54:20 [DEBUG] python_multipart.multipart: Calling on_part_end with no data
2025-07-27 22:54:20 [DEBUG] python_multipart.multipart: Calling on_end with no data
2025-07-27 22:54:20 [INFO] face-presence-api: Checking status for user: 44
2025-07-27 22:54:20 [INFO] face-presence-api: User 44 is already registered.
2025-07-27 22:54:25 [DEBUG] face-presence-api: [BatchLogger] No durations, skip flush
2025-07-27 22:54:33 [DEBUG] face-presence-api: [BatchLogger] No registrations, skip flush
2025-07-27 22:54:33 [DEBUG] face-presence-api: [BatchLogger] No verifications, skip flush
2025-07-27 22:54:35 [DEBUG] face-presence-api: [BatchLogger] No durations, skip flush
2025-07-27 22:54:36 [DEBUG] python_multipart.multipart: Calling on_part_begin with no data
2025-07-27 22:54:36 [DEBUG] python_multipart.multipart: Calling on_header_field with data[42:61]
2025-07-27 22:54:36 [DEBUG] python_multipart.multipart: Calling on_header_value with data[63:88]
2025-07-27 22:54:36 [DEBUG] python_multipart.multipart: Calling on_header_end with no data
2025-07-27 22:54:36 [DEBUG] python_multipart.multipart: Calling on_headers_finished with no data
2025-07-27 22:54:36 [DEBUG] python_multipart.multipart: Calling on_part_data with data[92:94]
2025-07-27 22:54:36 [DEBUG] python_multipart.multipart: Calling on_part_end with no data
2025-07-27 22:54:36 [DEBUG] python_multipart.multipart: Calling on_end with no data
2025-07-27 22:54:36 [INFO] face-presence-api: Checking status for user: 44
2025-07-27 22:54:36 [INFO] face-presence-api: User 44 is already registered.
2025-07-27 22:54:45 [DEBUG] face-presence-api: [BatchLogger] No durations, skip flush
2025-07-27 22:54:52 [DEBUG] python_multipart.multipart: Calling on_part_begin with no data
2025-07-27 22:54:52 [DEBUG] python_multipart.multipart: Calling on_header_field with data[42:61]
2025-07-27 22:54:52 [DEBUG] python_multipart.multipart: Calling on_header_value with data[63:88]
2025-07-27 22:54:52 [DEBUG] python_multipart.multipart: Calling on_header_end with no data
2025-07-27 22:54:52 [DEBUG] python_multipart.multipart: Calling on_headers_finished with no data
2025-07-27 22:54:52 [DEBUG] python_multipart.multipart: Calling on_part_data with data[92:94]
2025-07-27 22:54:52 [DEBUG] python_multipart.multipart: Calling on_part_end with no data
2025-07-27 22:54:52 [DEBUG] python_multipart.multipart: Calling on_end with no data
2025-07-27 22:54:52 [INFO] face-presence-api: Checking status for user: 44
2025-07-27 22:54:52 [INFO] face-presence-api: User 44 is already registered.
2025-07-27 22:54:55 [DEBUG] face-presence-api: [BatchLogger] No durations, skip flush
2025-07-27 22:55:03 [DEBUG] face-presence-api: [BatchLogger] No verifications, skip flush
2025-07-27 22:55:03 [DEBUG] face-presence-api: [BatchLogger] No registrations, skip flush
2025-07-27 22:55:05 [DEBUG] face-presence-api: [BatchLogger] No durations, skip flush
2025-07-27 22:55:15 [DEBUG] face-presence-api: [BatchLogger] No durations, skip flush
2025-07-27 22:55:25 [DEBUG] face-presence-api: [BatchLogger] No durations, skip flush
2025-07-27 22:55:28 [DEBUG] python_multipart.multipart: Calling on_part_begin with no data
2025-07-27 22:55:28 [DEBUG] python_multipart.multipart: Calling on_header_field with data[42:61]
2025-07-27 22:55:28 [DEBUG] python_multipart.multipart: Calling on_header_value with data[63:88]
2025-07-27 22:55:28 [DEBUG] python_multipart.multipart: Calling on_header_end with no data
2025-07-27 22:55:28 [DEBUG] python_multipart.multipart: Calling on_headers_finished with no data
2025-07-27 22:55:28 [DEBUG] python_multipart.multipart: Calling on_part_data with data[92:94]
2025-07-27 22:55:28 [DEBUG] python_multipart.multipart: Calling on_part_end with no data
2025-07-27 22:55:28 [DEBUG] python_multipart.multipart: Calling on_end with no data
2025-07-27 22:55:28 [INFO] face-presence-api: Checking status for user: 44
2025-07-27 22:55:28 [INFO] face-presence-api: User 44 is already registered.
2025-07-27 22:55:33 [DEBUG] face-presence-api: [BatchLogger] No registrations, skip flush
2025-07-27 22:55:33 [DEBUG] face-presence-api: [BatchLogger] No verifications, skip flush
2025-07-27 22:55:35 [DEBUG] face-presence-api: [BatchLogger] No durations, skip flush
2025-07-27 22:55:45 [DEBUG] face-presence-api: [BatchLogger] No durations, skip flush
2025-07-27 22:55:55 [DEBUG] face-presence-api: [BatchLogger] No durations, skip flush
2025-07-27 22:55:57 [DEBUG] python_multipart.multipart: Calling on_part_begin with no data
2025-07-27 22:55:57 [DEBUG] python_multipart.multipart: Calling on_header_field with data[42:61]
2025-07-27 22:55:57 [DEBUG] python_multipart.multipart: Calling on_header_value with data[63:88]
2025-07-27 22:55:57 [DEBUG] python_multipart.multipart: Calling on_header_end with no data
2025-07-27 22:55:57 [DEBUG] python_multipart.multipart: Calling on_headers_finished with no data
2025-07-27 22:55:57 [DEBUG] python_multipart.multipart: Calling on_part_data with data[92:94]
2025-07-27 22:55:57 [DEBUG] python_multipart.multipart: Calling on_part_end with no data
2025-07-27 22:55:57 [DEBUG] python_multipart.multipart: Calling on_end with no data
2025-07-27 22:55:57 [INFO] face-presence-api: Checking status for user: 44
2025-07-27 22:55:57 [INFO] face-presence-api: User 44 is already registered.
2025-07-27 22:56:03 [DEBUG] face-presence-api: [BatchLogger] No verifications, skip flush
2025-07-27 22:56:03 [DEBUG] face-presence-api: [BatchLogger] No registrations, skip flush
2025-07-27 22:56:05 [DEBUG] face-presence-api: [BatchLogger] No durations, skip flush
2025-07-27 22:56:15 [DEBUG] python_multipart.multipart: Calling on_part_begin with no data
2025-07-27 22:56:15 [DEBUG] python_multipart.multipart: Calling on_header_field with data[42:61]
2025-07-27 22:56:15 [DEBUG] python_multipart.multipart: Calling on_header_value with data[63:88]
2025-07-27 22:56:15 [DEBUG] python_multipart.multipart: Calling on_header_end with no data
2025-07-27 22:56:15 [DEBUG] python_multipart.multipart: Calling on_headers_finished with no data
2025-07-27 22:56:15 [DEBUG] python_multipart.multipart: Calling on_part_data with data[92:94]
2025-07-27 22:56:15 [DEBUG] python_multipart.multipart: Calling on_part_end with no data
2025-07-27 22:56:15 [DEBUG] python_multipart.multipart: Calling on_end with no data
2025-07-27 22:56:15 [INFO] face-presence-api: Checking status for user: 44
2025-07-27 22:56:15 [INFO] face-presence-api: User 44 is already registered.
2025-07-27 22:56:15 [DEBUG] face-presence-api: [BatchLogger] No durations, skip flush
2025-07-27 22:56:25 [DEBUG] face-presence-api: [BatchLogger] No durations, skip flush
2025-07-27 22:56:33 [DEBUG] face-presence-api: [BatchLogger] No registrations, skip flush
2025-07-27 22:56:33 [DEBUG] face-presence-api: [BatchLogger] No verifications, skip flush
2025-07-27 22:56:35 [DEBUG] face-presence-api: [BatchLogger] No durations, skip flush
2025-07-27 22:56:45 [DEBUG] face-presence-api: [BatchLogger] No durations, skip flush
2025-07-27 22:56:55 [DEBUG] face-presence-api: [BatchLogger] No durations, skip flush
2025-07-27 22:57:03 [DEBUG] face-presence-api: [BatchLogger] No verifications, skip flush
2025-07-27 22:57:03 [DEBUG] face-presence-api: [BatchLogger] No registrations, skip flush
2025-07-27 22:57:05 [DEBUG] face-presence-api: [BatchLogger] No durations, skip flush
2025-07-27 22:57:15 [DEBUG] face-presence-api: [BatchLogger] No durations, skip flush
2025-07-27 22:57:25 [DEBUG] face-presence-api: [BatchLogger] No durations, skip flush
2025-07-27 22:57:31 [DEBUG] python_multipart.multipart: Calling on_part_begin with no data
2025-07-27 22:57:31 [DEBUG] python_multipart.multipart: Calling on_header_field with data[42:61]
2025-07-27 22:57:31 [DEBUG] python_multipart.multipart: Calling on_header_value with data[63:88]
2025-07-27 22:57:31 [DEBUG] python_multipart.multipart: Calling on_header_end with no data
2025-07-27 22:57:31 [DEBUG] python_multipart.multipart: Calling on_headers_finished with no data
2025-07-27 22:57:31 [DEBUG] python_multipart.multipart: Calling on_part_data with data[92:94]
2025-07-27 22:57:31 [DEBUG] python_multipart.multipart: Calling on_part_end with no data
2025-07-27 22:57:31 [DEBUG] python_multipart.multipart: Calling on_end with no data
2025-07-27 22:57:31 [INFO] face-presence-api: Checking status for user: 44
2025-07-27 22:57:31 [INFO] face-presence-api: User 44 is already registered.
2025-07-27 22:57:33 [DEBUG] face-presence-api: [BatchLogger] No registrations, skip flush
2025-07-27 22:57:33 [DEBUG] face-presence-api: [BatchLogger] No verifications, skip flush
2025-07-27 22:57:35 [DEBUG] face-presence-api: [BatchLogger] No durations, skip flush
2025-07-27 22:57:45 [DEBUG] face-presence-api: [BatchLogger] No durations, skip flush
2025-07-27 22:57:55 [DEBUG] face-presence-api: [BatchLogger] No durations, skip flush
2025-07-27 22:58:03 [DEBUG] face-presence-api: [BatchLogger] No registrations, skip flush
2025-07-27 22:58:03 [DEBUG] face-presence-api: [BatchLogger] No verifications, skip flush
2025-07-27 22:58:05 [DEBUG] face-presence-api: [BatchLogger] No durations, skip flush
2025-07-27 22:58:15 [DEBUG] face-presence-api: [BatchLogger] No durations, skip flush
2025-07-27 22:58:17 [DEBUG] python_multipart.multipart: Calling on_part_begin with no data
2025-07-27 22:58:17 [DEBUG] python_multipart.multipart: Calling on_header_field with data[42:61]
2025-07-27 22:58:17 [DEBUG] python_multipart.multipart: Calling on_header_value with data[63:88]
2025-07-27 22:58:17 [DEBUG] python_multipart.multipart: Calling on_header_end with no data
2025-07-27 22:58:17 [DEBUG] python_multipart.multipart: Calling on_headers_finished with no data
2025-07-27 22:58:17 [DEBUG] python_multipart.multipart: Calling on_part_data with data[92:94]
2025-07-27 22:58:17 [DEBUG] python_multipart.multipart: Calling on_part_end with no data
2025-07-27 22:58:17 [DEBUG] python_multipart.multipart: Calling on_end with no data
2025-07-27 22:58:17 [INFO] face-presence-api: Checking status for user: 44
2025-07-27 22:58:17 [INFO] face-presence-api: User 44 is already registered.
2025-07-27 22:58:25 [DEBUG] face-presence-api: [BatchLogger] No durations, skip flush
2025-07-27 22:58:33 [DEBUG] face-presence-api: [BatchLogger] No verifications, skip flush
2025-07-27 22:58:33 [DEBUG] face-presence-api: [BatchLogger] No registrations, skip flush
2025-07-27 22:58:35 [DEBUG] face-presence-api: [BatchLogger] No durations, skip flush
2025-07-27 22:58:45 [DEBUG] face-presence-api: [BatchLogger] No durations, skip flush
2025-07-27 22:58:46 [DEBUG] python_multipart.multipart: Calling on_part_begin with no data
2025-07-27 22:58:46 [DEBUG] python_multipart.multipart: Calling on_header_field with data[42:61]
2025-07-27 22:58:46 [DEBUG] python_multipart.multipart: Calling on_header_value with data[63:88]
2025-07-27 22:58:46 [DEBUG] python_multipart.multipart: Calling on_header_end with no data
2025-07-27 22:58:46 [DEBUG] python_multipart.multipart: Calling on_headers_finished with no data
2025-07-27 22:58:46 [DEBUG] python_multipart.multipart: Calling on_part_data with data[92:94]
2025-07-27 22:58:46 [DEBUG] python_multipart.multipart: Calling on_part_end with no data
2025-07-27 22:58:46 [DEBUG] python_multipart.multipart: Calling on_end with no data
2025-07-27 22:58:46 [INFO] face-presence-api: Checking status for user: 44
2025-07-27 22:58:46 [INFO] face-presence-api: User 44 is already registered.
2025-07-27 22:58:56 [DEBUG] face-presence-api: [BatchLogger] No durations, skip flush
2025-07-27 22:59:03 [DEBUG] face-presence-api: [BatchLogger] No registrations, skip flush
2025-07-27 22:59:03 [DEBUG] face-presence-api: [BatchLogger] No verifications, skip flush
2025-07-27 22:59:06 [DEBUG] face-presence-api: [BatchLogger] No durations, skip flush
2025-07-27 22:59:11 [DEBUG] python_multipart.multipart: Calling on_part_begin with no data
2025-07-27 22:59:11 [DEBUG] python_multipart.multipart: Calling on_header_field with data[42:61]
2025-07-27 22:59:11 [DEBUG] python_multipart.multipart: Calling on_header_value with data[63:88]
2025-07-27 22:59:11 [DEBUG] python_multipart.multipart: Calling on_header_end with no data
2025-07-27 22:59:11 [DEBUG] python_multipart.multipart: Calling on_headers_finished with no data
2025-07-27 22:59:11 [DEBUG] python_multipart.multipart: Calling on_part_data with data[92:94]
2025-07-27 22:59:11 [DEBUG] python_multipart.multipart: Calling on_part_end with no data
2025-07-27 22:59:11 [DEBUG] python_multipart.multipart: Calling on_end with no data
2025-07-27 22:59:11 [INFO] face-presence-api: Checking status for user: 44
2025-07-27 22:59:11 [INFO] face-presence-api: User 44 is already registered.
2025-07-27 22:59:16 [DEBUG] face-presence-api: [BatchLogger] No durations, skip flush
2025-07-27 22:59:26 [DEBUG] face-presence-api: [BatchLogger] No durations, skip flush
2025-07-27 22:59:27 [DEBUG] python_multipart.multipart: Calling on_part_begin with no data
2025-07-27 22:59:27 [DEBUG] python_multipart.multipart: Calling on_header_field with data[42:61]
2025-07-27 22:59:27 [DEBUG] python_multipart.multipart: Calling on_header_value with data[63:88]
2025-07-27 22:59:27 [DEBUG] python_multipart.multipart: Calling on_header_end with no data
2025-07-27 22:59:27 [DEBUG] python_multipart.multipart: Calling on_headers_finished with no data
2025-07-27 22:59:27 [DEBUG] python_multipart.multipart: Calling on_part_data with data[92:94]
2025-07-27 22:59:27 [DEBUG] python_multipart.multipart: Calling on_part_end with no data
2025-07-27 22:59:27 [DEBUG] python_multipart.multipart: Calling on_end with no data
2025-07-27 22:59:27 [INFO] face-presence-api: Checking status for user: 44
2025-07-27 22:59:27 [INFO] face-presence-api: User 44 is already registered.
2025-07-27 22:59:33 [DEBUG] face-presence-api: [BatchLogger] No verifications, skip flush
2025-07-27 22:59:33 [DEBUG] face-presence-api: [BatchLogger] No registrations, skip flush
2025-07-27 22:59:36 [DEBUG] face-presence-api: [BatchLogger] No durations, skip flush
2025-07-27 22:59:41 [DEBUG] python_multipart.multipart: Calling on_part_begin with no data
2025-07-27 22:59:41 [DEBUG] python_multipart.multipart: Calling on_header_field with data[42:61]
2025-07-27 22:59:41 [DEBUG] python_multipart.multipart: Calling on_header_value with data[63:88]
2025-07-27 22:59:41 [DEBUG] python_multipart.multipart: Calling on_header_end with no data
2025-07-27 22:59:41 [DEBUG] python_multipart.multipart: Calling on_headers_finished with no data
2025-07-27 22:59:41 [DEBUG] python_multipart.multipart: Calling on_part_data with data[92:94]
2025-07-27 22:59:41 [DEBUG] python_multipart.multipart: Calling on_part_end with no data
2025-07-27 22:59:41 [DEBUG] python_multipart.multipart: Calling on_end with no data
2025-07-27 22:59:41 [INFO] face-presence-api: Checking status for user: 44
2025-07-27 22:59:41 [INFO] face-presence-api: User 44 is already registered.
2025-07-27 22:59:46 [DEBUG] face-presence-api: [BatchLogger] No durations, skip flush
2025-07-27 22:59:54 [DEBUG] python_multipart.multipart: Calling on_part_begin with no data
2025-07-27 22:59:54 [DEBUG] python_multipart.multipart: Calling on_header_field with data[42:61]
2025-07-27 22:59:54 [DEBUG] python_multipart.multipart: Calling on_header_value with data[63:88]
2025-07-27 22:59:54 [DEBUG] python_multipart.multipart: Calling on_header_end with no data
2025-07-27 22:59:54 [DEBUG] python_multipart.multipart: Calling on_headers_finished with no data
2025-07-27 22:59:54 [DEBUG] python_multipart.multipart: Calling on_part_data with data[92:94]
2025-07-27 22:59:54 [DEBUG] python_multipart.multipart: Calling on_part_end with no data
2025-07-27 22:59:54 [DEBUG] python_multipart.multipart: Calling on_end with no data
2025-07-27 22:59:54 [INFO] face-presence-api: Checking status for user: 44
2025-07-27 22:59:54 [INFO] face-presence-api: User 44 is already registered.
2025-07-27 22:59:56 [DEBUG] face-presence-api: [BatchLogger] No durations, skip flush
2025-07-27 23:00:03 [DEBUG] face-presence-api: [BatchLogger] No verifications, skip flush
2025-07-27 23:00:03 [DEBUG] face-presence-api: [BatchLogger] No registrations, skip flush
2025-07-27 23:00:06 [DEBUG] face-presence-api: [BatchLogger] No durations, skip flush
2025-07-27 23:00:08 [DEBUG] python_multipart.multipart: Calling on_part_begin with no data
2025-07-27 23:00:08 [DEBUG] python_multipart.multipart: Calling on_header_field with data[42:61]
2025-07-27 23:00:08 [DEBUG] python_multipart.multipart: Calling on_header_value with data[63:88]
2025-07-27 23:00:08 [DEBUG] python_multipart.multipart: Calling on_header_end with no data
2025-07-27 23:00:08 [DEBUG] python_multipart.multipart: Calling on_headers_finished with no data
2025-07-27 23:00:08 [DEBUG] python_multipart.multipart: Calling on_part_data with data[92:94]
2025-07-27 23:00:08 [DEBUG] python_multipart.multipart: Calling on_part_end with no data
2025-07-27 23:00:08 [DEBUG] python_multipart.multipart: Calling on_end with no data
2025-07-27 23:00:08 [INFO] face-presence-api: Checking status for user: 44
2025-07-27 23:00:08 [INFO] face-presence-api: User 44 is already registered.
2025-07-27 23:00:16 [DEBUG] face-presence-api: [BatchLogger] No durations, skip flush
2025-07-27 23:00:26 [DEBUG] face-presence-api: [BatchLogger] No durations, skip flush
2025-07-27 23:00:32 [DEBUG] python_multipart.multipart: Calling on_part_begin with no data
2025-07-27 23:00:32 [DEBUG] python_multipart.multipart: Calling on_header_field with data[42:61]
2025-07-27 23:00:32 [DEBUG] python_multipart.multipart: Calling on_header_value with data[63:88]
2025-07-27 23:00:32 [DEBUG] python_multipart.multipart: Calling on_header_end with no data
2025-07-27 23:00:32 [DEBUG] python_multipart.multipart: Calling on_headers_finished with no data
2025-07-27 23:00:32 [DEBUG] python_multipart.multipart: Calling on_part_data with data[92:94]
2025-07-27 23:00:32 [DEBUG] python_multipart.multipart: Calling on_part_end with no data
2025-07-27 23:00:32 [DEBUG] python_multipart.multipart: Calling on_end with no data
2025-07-27 23:00:32 [INFO] face-presence-api: Checking status for user: 44
2025-07-27 23:00:32 [INFO] face-presence-api: User 44 is already registered.
2025-07-27 23:00:33 [DEBUG] face-presence-api: [BatchLogger] No verifications, skip flush
2025-07-27 23:00:33 [DEBUG] face-presence-api: [BatchLogger] No registrations, skip flush
2025-07-27 23:00:36 [DEBUG] face-presence-api: [BatchLogger] No durations, skip flush
2025-07-27 23:00:46 [DEBUG] face-presence-api: [BatchLogger] No durations, skip flush
2025-07-27 23:00:56 [DEBUG] face-presence-api: [BatchLogger] No durations, skip flush
2025-07-27 23:00:56 [DEBUG] python_multipart.multipart: Calling on_part_begin with no data
2025-07-27 23:00:56 [DEBUG] python_multipart.multipart: Calling on_header_field with data[42:61]
2025-07-27 23:00:56 [DEBUG] python_multipart.multipart: Calling on_header_value with data[63:88]
2025-07-27 23:00:56 [DEBUG] python_multipart.multipart: Calling on_header_end with no data
2025-07-27 23:00:56 [DEBUG] python_multipart.multipart: Calling on_headers_finished with no data
2025-07-27 23:00:56 [DEBUG] python_multipart.multipart: Calling on_part_data with data[92:94]
2025-07-27 23:00:56 [DEBUG] python_multipart.multipart: Calling on_part_end with no data
2025-07-27 23:00:56 [DEBUG] python_multipart.multipart: Calling on_end with no data
2025-07-27 23:00:56 [INFO] face-presence-api: Checking status for user: 44
2025-07-27 23:00:56 [INFO] face-presence-api: User 44 is already registered.
2025-07-27 23:01:03 [DEBUG] face-presence-api: [BatchLogger] No verifications, skip flush
2025-07-27 23:01:03 [DEBUG] face-presence-api: [BatchLogger] No registrations, skip flush
2025-07-27 23:01:06 [DEBUG] face-presence-api: [BatchLogger] No durations, skip flush
2025-07-27 23:01:16 [DEBUG] face-presence-api: [BatchLogger] No durations, skip flush
2025-07-27 23:01:18 [DEBUG] python_multipart.multipart: Calling on_part_begin with no data
2025-07-27 23:01:18 [DEBUG] python_multipart.multipart: Calling on_header_field with data[42:61]
2025-07-27 23:01:18 [DEBUG] python_multipart.multipart: Calling on_header_value with data[63:88]
2025-07-27 23:01:18 [DEBUG] python_multipart.multipart: Calling on_header_end with no data
2025-07-27 23:01:18 [DEBUG] python_multipart.multipart: Calling on_headers_finished with no data
2025-07-27 23:01:18 [DEBUG] python_multipart.multipart: Calling on_part_data with data[92:94]
2025-07-27 23:01:18 [DEBUG] python_multipart.multipart: Calling on_part_end with no data
2025-07-27 23:01:18 [DEBUG] python_multipart.multipart: Calling on_end with no data
2025-07-27 23:01:18 [INFO] face-presence-api: Checking status for user: 44
2025-07-27 23:01:18 [INFO] face-presence-api: User 44 is already registered.
2025-07-27 23:01:26 [DEBUG] face-presence-api: [BatchLogger] No durations, skip flush
2025-07-27 23:01:33 [DEBUG] face-presence-api: [BatchLogger] No verifications, skip flush
2025-07-27 23:01:33 [DEBUG] face-presence-api: [BatchLogger] No registrations, skip flush
2025-07-27 23:01:36 [DEBUG] face-presence-api: [BatchLogger] No durations, skip flush
2025-07-27 23:01:46 [DEBUG] face-presence-api: [BatchLogger] No durations, skip flush
2025-07-27 23:01:56 [DEBUG] face-presence-api: [BatchLogger] No durations, skip flush
2025-07-27 23:02:03 [DEBUG] face-presence-api: [BatchLogger] No verifications, skip flush
2025-07-27 23:02:03 [DEBUG] face-presence-api: [BatchLogger] No registrations, skip flush
2025-07-27 23:02:06 [DEBUG] face-presence-api: [BatchLogger] No durations, skip flush
2025-07-27 23:02:16 [DEBUG] face-presence-api: [BatchLogger] No durations, skip flush
2025-07-27 23:02:26 [DEBUG] face-presence-api: [BatchLogger] No durations, skip flush
2025-07-27 23:02:30 [DEBUG] python_multipart.multipart: Calling on_part_begin with no data
2025-07-27 23:02:30 [DEBUG] python_multipart.multipart: Calling on_header_field with data[42:61]
2025-07-27 23:02:30 [DEBUG] python_multipart.multipart: Calling on_header_value with data[63:88]
2025-07-27 23:02:30 [DEBUG] python_multipart.multipart: Calling on_header_end with no data
2025-07-27 23:02:30 [DEBUG] python_multipart.multipart: Calling on_headers_finished with no data
2025-07-27 23:02:30 [DEBUG] python_multipart.multipart: Calling on_part_data with data[92:94]
2025-07-27 23:02:30 [DEBUG] python_multipart.multipart: Calling on_part_end with no data
2025-07-27 23:02:30 [DEBUG] python_multipart.multipart: Calling on_end with no data
2025-07-27 23:02:30 [INFO] face-presence-api: Checking status for user: 44
2025-07-27 23:02:30 [INFO] face-presence-api: User 44 is already registered.
2025-07-27 23:02:33 [DEBUG] face-presence-api: [BatchLogger] No verifications, skip flush
2025-07-27 23:02:33 [DEBUG] face-presence-api: [BatchLogger] No registrations, skip flush
2025-07-27 23:02:36 [DEBUG] face-presence-api: [BatchLogger] No durations, skip flush
2025-07-27 23:02:46 [DEBUG] face-presence-api: [BatchLogger] No durations, skip flush
2025-07-27 23:02:56 [DEBUG] face-presence-api: [BatchLogger] No durations, skip flush
2025-07-27 23:03:03 [DEBUG] face-presence-api: [BatchLogger] No verifications, skip flush
2025-07-27 23:03:03 [DEBUG] face-presence-api: [BatchLogger] No registrations, skip flush
2025-07-27 23:03:06 [DEBUG] face-presence-api: [BatchLogger] No durations, skip flush
2025-07-27 23:03:16 [DEBUG] face-presence-api: [BatchLogger] No durations, skip flush
2025-07-27 23:03:20 [DEBUG] python_multipart.multipart: Calling on_part_begin with no data
2025-07-27 23:03:20 [DEBUG] python_multipart.multipart: Calling on_header_field with data[42:61]
2025-07-27 23:03:20 [DEBUG] python_multipart.multipart: Calling on_header_value with data[63:88]
2025-07-27 23:03:20 [DEBUG] python_multipart.multipart: Calling on_header_end with no data
2025-07-27 23:03:20 [DEBUG] python_multipart.multipart: Calling on_headers_finished with no data
2025-07-27 23:03:20 [DEBUG] python_multipart.multipart: Calling on_part_data with data[92:94]
2025-07-27 23:03:20 [DEBUG] python_multipart.multipart: Calling on_part_end with no data
2025-07-27 23:03:20 [DEBUG] python_multipart.multipart: Calling on_end with no data
2025-07-27 23:03:20 [INFO] face-presence-api: Checking status for user: 44
2025-07-27 23:03:20 [INFO] face-presence-api: User 44 is already registered.
2025-07-27 23:03:26 [DEBUG] face-presence-api: [BatchLogger] No durations, skip flush
2025-07-27 23:03:33 [DEBUG] face-presence-api: [BatchLogger] No verifications, skip flush
2025-07-27 23:03:33 [DEBUG] face-presence-api: [BatchLogger] No registrations, skip flush
2025-07-27 23:03:36 [DEBUG] face-presence-api: [BatchLogger] No durations, skip flush
2025-07-27 23:03:39 [DEBUG] python_multipart.multipart: Calling on_part_begin with no data
2025-07-27 23:03:39 [DEBUG] python_multipart.multipart: Calling on_header_field with data[42:61]
2025-07-27 23:03:39 [DEBUG] python_multipart.multipart: Calling on_header_value with data[63:88]
2025-07-27 23:03:39 [DEBUG] python_multipart.multipart: Calling on_header_end with no data
2025-07-27 23:03:39 [DEBUG] python_multipart.multipart: Calling on_headers_finished with no data
2025-07-27 23:03:39 [DEBUG] python_multipart.multipart: Calling on_part_data with data[92:94]
2025-07-27 23:03:39 [DEBUG] python_multipart.multipart: Calling on_part_end with no data
2025-07-27 23:03:39 [DEBUG] python_multipart.multipart: Calling on_end with no data
2025-07-27 23:03:39 [INFO] face-presence-api: Checking status for user: 44
2025-07-27 23:03:39 [INFO] face-presence-api: User 44 is already registered.
2025-07-27 23:03:46 [DEBUG] face-presence-api: [BatchLogger] No durations, skip flush
2025-07-27 23:03:56 [DEBUG] face-presence-api: [BatchLogger] No durations, skip flush
2025-07-27 23:04:00 [DEBUG] python_multipart.multipart: Calling on_part_begin with no data
2025-07-27 23:04:00 [DEBUG] python_multipart.multipart: Calling on_header_field with data[42:61]
2025-07-27 23:04:00 [DEBUG] python_multipart.multipart: Calling on_header_value with data[63:88]
2025-07-27 23:04:00 [DEBUG] python_multipart.multipart: Calling on_header_end with no data
2025-07-27 23:04:00 [DEBUG] python_multipart.multipart: Calling on_headers_finished with no data
2025-07-27 23:04:00 [DEBUG] python_multipart.multipart: Calling on_part_data with data[92:94]
2025-07-27 23:04:00 [DEBUG] python_multipart.multipart: Calling on_part_end with no data
2025-07-27 23:04:00 [DEBUG] python_multipart.multipart: Calling on_end with no data
2025-07-27 23:04:00 [INFO] face-presence-api: Checking status for user: 44
2025-07-27 23:04:00 [INFO] face-presence-api: User 44 is already registered.
2025-07-27 23:04:03 [DEBUG] face-presence-api: [BatchLogger] No registrations, skip flush
2025-07-27 23:04:03 [DEBUG] face-presence-api: [BatchLogger] No verifications, skip flush
2025-07-27 23:04:06 [DEBUG] face-presence-api: [BatchLogger] No durations, skip flush
2025-07-27 23:04:16 [DEBUG] face-presence-api: [BatchLogger] No durations, skip flush
2025-07-27 23:04:22 [DEBUG] python_multipart.multipart: Calling on_part_begin with no data
2025-07-27 23:04:22 [DEBUG] python_multipart.multipart: Calling on_header_field with data[42:61]
2025-07-27 23:04:22 [DEBUG] python_multipart.multipart: Calling on_header_value with data[63:88]
2025-07-27 23:04:22 [DEBUG] python_multipart.multipart: Calling on_header_end with no data
2025-07-27 23:04:22 [DEBUG] python_multipart.multipart: Calling on_headers_finished with no data
2025-07-27 23:04:22 [DEBUG] python_multipart.multipart: Calling on_part_data with data[92:94]
2025-07-27 23:04:22 [DEBUG] python_multipart.multipart: Calling on_part_end with no data
2025-07-27 23:04:22 [DEBUG] python_multipart.multipart: Calling on_end with no data
2025-07-27 23:04:22 [INFO] face-presence-api: Checking status for user: 44
2025-07-27 23:04:22 [INFO] face-presence-api: User 44 is already registered.
2025-07-27 23:04:26 [DEBUG] face-presence-api: [BatchLogger] No durations, skip flush
2025-07-27 23:04:33 [DEBUG] face-presence-api: [BatchLogger] No verifications, skip flush
2025-07-27 23:04:33 [DEBUG] face-presence-api: [BatchLogger] No registrations, skip flush
2025-07-27 23:04:36 [DEBUG] face-presence-api: [BatchLogger] No durations, skip flush
2025-07-27 23:04:46 [DEBUG] face-presence-api: [BatchLogger] No durations, skip flush
2025-07-27 23:04:56 [DEBUG] face-presence-api: [BatchLogger] No durations, skip flush
2025-07-27 23:05:03 [DEBUG] face-presence-api: [BatchLogger] No registrations, skip flush
2025-07-27 23:05:03 [DEBUG] face-presence-api: [BatchLogger] No verifications, skip flush
2025-07-27 23:05:06 [DEBUG] face-presence-api: [BatchLogger] No durations, skip flush
2025-07-27 23:05:16 [DEBUG] face-presence-api: [BatchLogger] No durations, skip flush
2025-07-27 23:05:26 [DEBUG] face-presence-api: [BatchLogger] No durations, skip flush
2025-07-27 23:05:33 [DEBUG] face-presence-api: [BatchLogger] No verifications, skip flush
2025-07-27 23:05:33 [DEBUG] face-presence-api: [BatchLogger] No registrations, skip flush
2025-07-27 23:05:36 [DEBUG] face-presence-api: [BatchLogger] No durations, skip flush
2025-07-27 23:05:46 [DEBUG] face-presence-api: [BatchLogger] No durations, skip flush
2025-07-27 23:05:56 [DEBUG] face-presence-api: [BatchLogger] No durations, skip flush
2025-07-27 23:06:03 [DEBUG] face-presence-api: [BatchLogger] No verifications, skip flush
2025-07-27 23:06:03 [DEBUG] face-presence-api: [BatchLogger] No registrations, skip flush
2025-07-27 23:06:06 [DEBUG] face-presence-api: [BatchLogger] No durations, skip flush
2025-07-27 23:06:16 [DEBUG] face-presence-api: [BatchLogger] No durations, skip flush
2025-07-27 23:06:26 [DEBUG] face-presence-api: [BatchLogger] No durations, skip flush
2025-07-27 23:06:33 [DEBUG] face-presence-api: [BatchLogger] No registrations, skip flush
2025-07-27 23:06:33 [DEBUG] face-presence-api: [BatchLogger] No verifications, skip flush
2025-07-27 23:06:36 [DEBUG] face-presence-api: [BatchLogger] No durations, skip flush
2025-07-27 23:06:46 [DEBUG] face-presence-api: [BatchLogger] No durations, skip flush
2025-07-27 23:06:47 [DEBUG] python_multipart.multipart: Calling on_part_begin with no data
2025-07-27 23:06:47 [DEBUG] python_multipart.multipart: Calling on_header_field with data[42:61]
2025-07-27 23:06:47 [DEBUG] python_multipart.multipart: Calling on_header_value with data[63:88]
2025-07-27 23:06:47 [DEBUG] python_multipart.multipart: Calling on_header_end with no data
2025-07-27 23:06:47 [DEBUG] python_multipart.multipart: Calling on_headers_finished with no data
2025-07-27 23:06:47 [DEBUG] python_multipart.multipart: Calling on_part_data with data[92:94]
2025-07-27 23:06:47 [DEBUG] python_multipart.multipart: Calling on_part_end with no data
2025-07-27 23:06:47 [DEBUG] python_multipart.multipart: Calling on_end with no data
2025-07-27 23:06:47 [INFO] face-presence-api: Checking status for user: 44
2025-07-27 23:06:47 [INFO] face-presence-api: User 44 is already registered.
2025-07-27 23:06:56 [DEBUG] face-presence-api: [BatchLogger] No durations, skip flush
2025-07-27 23:07:03 [DEBUG] face-presence-api: [BatchLogger] No verifications, skip flush
2025-07-27 23:07:03 [DEBUG] face-presence-api: [BatchLogger] No registrations, skip flush
2025-07-27 23:07:06 [DEBUG] face-presence-api: [BatchLogger] No durations, skip flush
2025-07-27 23:07:16 [DEBUG] face-presence-api: [BatchLogger] No durations, skip flush
2025-07-27 23:07:26 [DEBUG] face-presence-api: [BatchLogger] No durations, skip flush
2025-07-27 23:07:28 [DEBUG] python_multipart.multipart: Calling on_part_begin with no data
2025-07-27 23:07:28 [DEBUG] python_multipart.multipart: Calling on_header_field with data[42:61]
2025-07-27 23:07:28 [DEBUG] python_multipart.multipart: Calling on_header_value with data[63:88]
2025-07-27 23:07:28 [DEBUG] python_multipart.multipart: Calling on_header_end with no data
2025-07-27 23:07:28 [DEBUG] python_multipart.multipart: Calling on_headers_finished with no data
2025-07-27 23:07:28 [DEBUG] python_multipart.multipart: Calling on_part_data with data[92:94]
2025-07-27 23:07:28 [DEBUG] python_multipart.multipart: Calling on_part_end with no data
2025-07-27 23:07:28 [DEBUG] python_multipart.multipart: Calling on_end with no data
2025-07-27 23:07:28 [INFO] face-presence-api: Checking status for user: 44
2025-07-27 23:07:28 [INFO] face-presence-api: User 44 is already registered.
2025-07-27 23:07:33 [DEBUG] face-presence-api: [BatchLogger] No verifications, skip flush
2025-07-27 23:07:33 [DEBUG] face-presence-api: [BatchLogger] No registrations, skip flush
2025-07-27 23:07:36 [DEBUG] face-presence-api: [BatchLogger] No durations, skip flush
2025-07-27 23:07:46 [DEBUG] face-presence-api: [BatchLogger] No durations, skip flush
2025-07-27 23:07:49 [DEBUG] python_multipart.multipart: Calling on_part_begin with no data
2025-07-27 23:07:49 [DEBUG] python_multipart.multipart: Calling on_header_field with data[42:61]
2025-07-27 23:07:49 [DEBUG] python_multipart.multipart: Calling on_header_value with data[63:88]
2025-07-27 23:07:49 [DEBUG] python_multipart.multipart: Calling on_header_end with no data
2025-07-27 23:07:49 [DEBUG] python_multipart.multipart: Calling on_headers_finished with no data
2025-07-27 23:07:49 [DEBUG] python_multipart.multipart: Calling on_part_data with data[92:94]
2025-07-27 23:07:49 [DEBUG] python_multipart.multipart: Calling on_part_end with no data
2025-07-27 23:07:49 [DEBUG] python_multipart.multipart: Calling on_end with no data
2025-07-27 23:07:49 [INFO] face-presence-api: Checking status for user: 44
2025-07-27 23:07:49 [INFO] face-presence-api: User 44 is already registered.
2025-07-27 23:07:56 [DEBUG] face-presence-api: [BatchLogger] No durations, skip flush
2025-07-27 23:08:03 [DEBUG] face-presence-api: [BatchLogger] No registrations, skip flush
2025-07-27 23:08:03 [DEBUG] face-presence-api: [BatchLogger] No verifications, skip flush
2025-07-27 23:08:06 [DEBUG] face-presence-api: [BatchLogger] No durations, skip flush
2025-07-27 23:08:16 [DEBUG] face-presence-api: [BatchLogger] No durations, skip flush
2025-07-27 23:08:26 [DEBUG] face-presence-api: [BatchLogger] No durations, skip flush
2025-07-27 23:08:27 [DEBUG] python_multipart.multipart: Calling on_part_begin with no data
2025-07-27 23:08:27 [DEBUG] python_multipart.multipart: Calling on_header_field with data[42:61]
2025-07-27 23:08:27 [DEBUG] python_multipart.multipart: Calling on_header_value with data[63:88]
2025-07-27 23:08:27 [DEBUG] python_multipart.multipart: Calling on_header_end with no data
2025-07-27 23:08:27 [DEBUG] python_multipart.multipart: Calling on_headers_finished with no data
2025-07-27 23:08:27 [DEBUG] python_multipart.multipart: Calling on_part_data with data[92:94]
2025-07-27 23:08:27 [DEBUG] python_multipart.multipart: Calling on_part_end with no data
2025-07-27 23:08:27 [DEBUG] python_multipart.multipart: Calling on_end with no data
2025-07-27 23:08:27 [INFO] face-presence-api: Checking status for user: 44
2025-07-27 23:08:27 [INFO] face-presence-api: User 44 is already registered.
2025-07-27 23:08:33 [DEBUG] face-presence-api: [BatchLogger] No verifications, skip flush
2025-07-27 23:08:33 [DEBUG] face-presence-api: [BatchLogger] No registrations, skip flush
2025-07-27 23:08:36 [DEBUG] face-presence-api: [BatchLogger] No durations, skip flush
2025-07-27 23:08:46 [DEBUG] face-presence-api: [BatchLogger] No durations, skip flush
2025-07-27 23:08:56 [DEBUG] face-presence-api: [BatchLogger] No durations, skip flush
2025-07-27 23:09:03 [DEBUG] face-presence-api: [BatchLogger] No registrations, skip flush
2025-07-27 23:09:03 [DEBUG] face-presence-api: [BatchLogger] No verifications, skip flush
2025-07-27 23:09:05 [DEBUG] python_multipart.multipart: Calling on_part_begin with no data
2025-07-27 23:09:05 [DEBUG] python_multipart.multipart: Calling on_header_field with data[42:61]
2025-07-27 23:09:05 [DEBUG] python_multipart.multipart: Calling on_header_value with data[63:88]
2025-07-27 23:09:05 [DEBUG] python_multipart.multipart: Calling on_header_end with no data
2025-07-27 23:09:05 [DEBUG] python_multipart.multipart: Calling on_headers_finished with no data
2025-07-27 23:09:05 [DEBUG] python_multipart.multipart: Calling on_part_data with data[92:94]
2025-07-27 23:09:05 [DEBUG] python_multipart.multipart: Calling on_part_end with no data
2025-07-27 23:09:05 [DEBUG] python_multipart.multipart: Calling on_end with no data
2025-07-27 23:09:05 [INFO] face-presence-api: Checking status for user: 44
2025-07-27 23:09:05 [INFO] face-presence-api: User 44 is already registered.
2025-07-27 23:09:06 [DEBUG] face-presence-api: [BatchLogger] No durations, skip flush
2025-07-27 23:09:16 [DEBUG] face-presence-api: [BatchLogger] No durations, skip flush
2025-07-27 23:09:26 [DEBUG] face-presence-api: [BatchLogger] No durations, skip flush
2025-07-27 23:09:28 [DEBUG] python_multipart.multipart: Calling on_part_begin with no data
2025-07-27 23:09:28 [DEBUG] python_multipart.multipart: Calling on_header_field with data[42:61]
2025-07-27 23:09:28 [DEBUG] python_multipart.multipart: Calling on_header_value with data[63:88]
2025-07-27 23:09:28 [DEBUG] python_multipart.multipart: Calling on_header_end with no data
2025-07-27 23:09:28 [DEBUG] python_multipart.multipart: Calling on_headers_finished with no data
2025-07-27 23:09:28 [DEBUG] python_multipart.multipart: Calling on_part_data with data[92:94]
2025-07-27 23:09:28 [DEBUG] python_multipart.multipart: Calling on_part_end with no data
2025-07-27 23:09:28 [DEBUG] python_multipart.multipart: Calling on_end with no data
2025-07-27 23:09:28 [INFO] face-presence-api: Checking status for user: 44
2025-07-27 23:09:28 [INFO] face-presence-api: User 44 is already registered.
2025-07-27 23:09:33 [DEBUG] face-presence-api: [BatchLogger] No registrations, skip flush
2025-07-27 23:09:33 [DEBUG] face-presence-api: [BatchLogger] No verifications, skip flush
2025-07-27 23:09:36 [DEBUG] face-presence-api: [BatchLogger] No durations, skip flush
2025-07-27 23:09:46 [DEBUG] face-presence-api: [BatchLogger] No durations, skip flush
2025-07-27 23:09:56 [DEBUG] face-presence-api: [BatchLogger] No durations, skip flush
2025-07-27 23:10:03 [DEBUG] face-presence-api: [BatchLogger] No registrations, skip flush
2025-07-27 23:10:03 [DEBUG] face-presence-api: [BatchLogger] No verifications, skip flush
2025-07-27 23:10:06 [DEBUG] face-presence-api: [BatchLogger] No durations, skip flush
2025-07-27 23:10:16 [DEBUG] face-presence-api: [BatchLogger] No durations, skip flush
2025-07-27 23:10:26 [DEBUG] face-presence-api: [BatchLogger] No durations, skip flush
2025-07-27 23:10:33 [DEBUG] face-presence-api: [BatchLogger] No verifications, skip flush
2025-07-27 23:10:33 [DEBUG] face-presence-api: [BatchLogger] No registrations, skip flush
2025-07-27 23:10:35 [DEBUG] python_multipart.multipart: Calling on_part_begin with no data
2025-07-27 23:10:35 [DEBUG] python_multipart.multipart: Calling on_header_field with data[42:61]
2025-07-27 23:10:35 [DEBUG] python_multipart.multipart: Calling on_header_value with data[63:88]
2025-07-27 23:10:35 [DEBUG] python_multipart.multipart: Calling on_header_end with no data
2025-07-27 23:10:35 [DEBUG] python_multipart.multipart: Calling on_headers_finished with no data
2025-07-27 23:10:35 [DEBUG] python_multipart.multipart: Calling on_part_data with data[92:94]
2025-07-27 23:10:35 [DEBUG] python_multipart.multipart: Calling on_part_end with no data
2025-07-27 23:10:35 [DEBUG] python_multipart.multipart: Calling on_end with no data
2025-07-27 23:10:35 [INFO] face-presence-api: Checking status for user: 44
2025-07-27 23:10:35 [INFO] face-presence-api: User 44 is already registered.
2025-07-27 23:10:36 [DEBUG] face-presence-api: [BatchLogger] No durations, skip flush
2025-07-27 23:10:46 [DEBUG] face-presence-api: [BatchLogger] No durations, skip flush
2025-07-27 23:10:47 [DEBUG] python_multipart.multipart: Calling on_part_begin with no data
2025-07-27 23:10:47 [DEBUG] python_multipart.multipart: Calling on_header_field with data[42:61]
2025-07-27 23:10:47 [DEBUG] python_multipart.multipart: Calling on_header_value with data[63:88]
2025-07-27 23:10:47 [DEBUG] python_multipart.multipart: Calling on_header_end with no data
2025-07-27 23:10:47 [DEBUG] python_multipart.multipart: Calling on_headers_finished with no data
2025-07-27 23:10:47 [DEBUG] python_multipart.multipart: Calling on_part_data with data[92:94]
2025-07-27 23:10:47 [DEBUG] python_multipart.multipart: Calling on_part_end with no data
2025-07-27 23:10:47 [DEBUG] python_multipart.multipart: Calling on_end with no data
2025-07-27 23:10:47 [INFO] face-presence-api: Checking status for user: 44
2025-07-27 23:10:47 [INFO] face-presence-api: User 44 is already registered.
2025-07-27 23:10:56 [DEBUG] face-presence-api: [BatchLogger] No durations, skip flush
2025-07-27 23:11:03 [DEBUG] face-presence-api: [BatchLogger] No registrations, skip flush
2025-07-27 23:11:03 [DEBUG] face-presence-api: [BatchLogger] No verifications, skip flush
2025-07-27 23:11:06 [DEBUG] face-presence-api: [BatchLogger] No durations, skip flush
2025-07-27 23:11:16 [DEBUG] face-presence-api: [BatchLogger] No durations, skip flush
2025-07-27 23:11:26 [DEBUG] face-presence-api: [BatchLogger] No durations, skip flush
2025-07-27 23:11:33 [DEBUG] face-presence-api: [BatchLogger] No verifications, skip flush
2025-07-27 23:11:33 [DEBUG] face-presence-api: [BatchLogger] No registrations, skip flush
2025-07-27 23:11:36 [DEBUG] face-presence-api: [BatchLogger] No durations, skip flush
2025-07-27 23:11:46 [DEBUG] face-presence-api: [BatchLogger] No durations, skip flush
2025-07-27 23:11:56 [DEBUG] face-presence-api: [BatchLogger] No durations, skip flush
2025-07-27 23:12:03 [DEBUG] face-presence-api: [BatchLogger] No verifications, skip flush
2025-07-27 23:12:03 [DEBUG] face-presence-api: [BatchLogger] No registrations, skip flush
2025-07-27 23:12:06 [DEBUG] face-presence-api: [BatchLogger] No durations, skip flush
2025-07-27 23:12:07 [DEBUG] python_multipart.multipart: Calling on_part_begin with no data
2025-07-27 23:12:07 [DEBUG] python_multipart.multipart: Calling on_header_field with data[42:61]
2025-07-27 23:12:07 [DEBUG] python_multipart.multipart: Calling on_header_value with data[63:88]
2025-07-27 23:12:07 [DEBUG] python_multipart.multipart: Calling on_header_end with no data
2025-07-27 23:12:07 [DEBUG] python_multipart.multipart: Calling on_headers_finished with no data
2025-07-27 23:12:07 [DEBUG] python_multipart.multipart: Calling on_part_data with data[92:94]
2025-07-27 23:12:07 [DEBUG] python_multipart.multipart: Calling on_part_end with no data
2025-07-27 23:12:07 [DEBUG] python_multipart.multipart: Calling on_end with no data
2025-07-27 23:12:07 [INFO] face-presence-api: Checking status for user: 44
2025-07-27 23:12:07 [INFO] face-presence-api: User 44 is already registered.
2025-07-27 23:12:16 [DEBUG] face-presence-api: [BatchLogger] No durations, skip flush
2025-07-27 23:12:26 [DEBUG] face-presence-api: [BatchLogger] No durations, skip flush
2025-07-27 23:12:33 [DEBUG] face-presence-api: [BatchLogger] No registrations, skip flush
2025-07-27 23:12:33 [DEBUG] face-presence-api: [BatchLogger] No verifications, skip flush
2025-07-27 23:12:34 [DEBUG] python_multipart.multipart: Calling on_part_begin with no data
2025-07-27 23:12:34 [DEBUG] python_multipart.multipart: Calling on_header_field with data[42:61]
2025-07-27 23:12:34 [DEBUG] python_multipart.multipart: Calling on_header_value with data[63:88]
2025-07-27 23:12:34 [DEBUG] python_multipart.multipart: Calling on_header_end with no data
2025-07-27 23:12:34 [DEBUG] python_multipart.multipart: Calling on_headers_finished with no data
2025-07-27 23:12:34 [DEBUG] python_multipart.multipart: Calling on_part_data with data[92:94]
2025-07-27 23:12:34 [DEBUG] python_multipart.multipart: Calling on_part_end with no data
2025-07-27 23:12:34 [DEBUG] python_multipart.multipart: Calling on_end with no data
2025-07-27 23:12:34 [INFO] face-presence-api: Checking status for user: 44
2025-07-27 23:12:34 [INFO] face-presence-api: User 44 is already registered.
2025-07-27 23:12:36 [DEBUG] face-presence-api: [BatchLogger] No durations, skip flush
2025-07-27 23:12:46 [DEBUG] face-presence-api: [BatchLogger] No durations, skip flush
2025-07-27 23:12:56 [DEBUG] face-presence-api: [BatchLogger] No durations, skip flush
2025-07-27 23:13:03 [DEBUG] face-presence-api: [BatchLogger] No registrations, skip flush
2025-07-27 23:13:03 [DEBUG] face-presence-api: [BatchLogger] No verifications, skip flush
2025-07-27 23:13:06 [DEBUG] face-presence-api: [BatchLogger] No durations, skip flush
2025-07-27 23:13:16 [DEBUG] face-presence-api: [BatchLogger] No durations, skip flush
2025-07-27 23:13:26 [DEBUG] face-presence-api: [BatchLogger] No durations, skip flush
2025-07-27 23:13:33 [DEBUG] face-presence-api: [BatchLogger] No registrations, skip flush
2025-07-27 23:13:33 [DEBUG] face-presence-api: [BatchLogger] No verifications, skip flush
2025-07-27 23:13:36 [DEBUG] face-presence-api: [BatchLogger] No durations, skip flush
2025-07-27 23:13:46 [DEBUG] face-presence-api: [BatchLogger] No durations, skip flush
2025-07-27 23:13:56 [DEBUG] face-presence-api: [BatchLogger] No durations, skip flush
2025-07-27 23:14:03 [DEBUG] face-presence-api: [BatchLogger] No registrations, skip flush
2025-07-27 23:14:03 [DEBUG] face-presence-api: [BatchLogger] No verifications, skip flush
2025-07-27 23:14:06 [DEBUG] face-presence-api: [BatchLogger] No durations, skip flush
2025-07-27 23:14:16 [DEBUG] face-presence-api: [BatchLogger] No durations, skip flush
2025-07-27 23:14:26 [DEBUG] face-presence-api: [BatchLogger] No durations, skip flush
2025-07-27 23:14:33 [DEBUG] face-presence-api: [BatchLogger] No registrations, skip flush
2025-07-27 23:14:34 [DEBUG] face-presence-api: [BatchLogger] No verifications, skip flush
2025-07-27 23:14:36 [DEBUG] face-presence-api: [BatchLogger] No durations, skip flush
2025-07-27 23:14:46 [DEBUG] face-presence-api: [BatchLogger] No durations, skip flush
2025-07-27 23:14:56 [DEBUG] face-presence-api: [BatchLogger] No durations, skip flush
2025-07-27 23:15:03 [DEBUG] face-presence-api: [BatchLogger] No registrations, skip flush
2025-07-27 23:15:04 [DEBUG] face-presence-api: [BatchLogger] No verifications, skip flush
2025-07-27 23:15:06 [DEBUG] face-presence-api: [BatchLogger] No durations, skip flush
2025-07-27 23:15:16 [DEBUG] face-presence-api: [BatchLogger] No durations, skip flush
2025-07-27 23:15:26 [DEBUG] face-presence-api: [BatchLogger] No durations, skip flush
2025-07-27 23:15:33 [DEBUG] face-presence-api: [BatchLogger] No registrations, skip flush
2025-07-27 23:15:34 [DEBUG] face-presence-api: [BatchLogger] No verifications, skip flush
2025-07-27 23:15:36 [DEBUG] face-presence-api: [BatchLogger] No durations, skip flush
2025-07-27 23:15:46 [DEBUG] face-presence-api: [BatchLogger] No durations, skip flush
2025-07-27 23:15:56 [DEBUG] face-presence-api: [BatchLogger] No durations, skip flush
2025-07-27 23:16:03 [DEBUG] face-presence-api: [BatchLogger] No registrations, skip flush
2025-07-27 23:16:04 [DEBUG] face-presence-api: [BatchLogger] No verifications, skip flush
2025-07-27 23:16:06 [DEBUG] face-presence-api: [BatchLogger] No durations, skip flush
2025-07-27 23:16:16 [DEBUG] face-presence-api: [BatchLogger] No durations, skip flush
2025-07-27 23:16:26 [DEBUG] face-presence-api: [BatchLogger] No durations, skip flush
2025-07-27 23:16:34 [DEBUG] face-presence-api: [BatchLogger] No registrations, skip flush
2025-07-27 23:16:34 [DEBUG] face-presence-api: [BatchLogger] No verifications, skip flush
2025-07-27 23:16:36 [DEBUG] face-presence-api: [BatchLogger] No durations, skip flush
2025-07-27 23:16:46 [DEBUG] face-presence-api: [BatchLogger] No durations, skip flush
2025-07-27 23:16:56 [DEBUG] face-presence-api: [BatchLogger] No durations, skip flush
2025-07-27 23:17:04 [DEBUG] face-presence-api: [BatchLogger] No registrations, skip flush
2025-07-27 23:17:04 [DEBUG] face-presence-api: [BatchLogger] No verifications, skip flush
2025-07-27 23:17:07 [DEBUG] face-presence-api: [BatchLogger] No durations, skip flush
2025-07-27 23:17:17 [DEBUG] face-presence-api: [BatchLogger] No durations, skip flush
2025-07-27 23:17:27 [DEBUG] face-presence-api: [BatchLogger] No durations, skip flush
2025-07-27 23:17:34 [DEBUG] face-presence-api: [BatchLogger] No verifications, skip flush
2025-07-27 23:17:34 [DEBUG] face-presence-api: [BatchLogger] No registrations, skip flush
2025-07-27 23:17:37 [DEBUG] face-presence-api: [BatchLogger] No durations, skip flush
2025-07-27 23:17:47 [DEBUG] face-presence-api: [BatchLogger] No durations, skip flush
2025-07-27 23:17:57 [DEBUG] face-presence-api: [BatchLogger] No durations, skip flush
2025-07-27 23:18:04 [DEBUG] face-presence-api: [BatchLogger] No registrations, skip flush
2025-07-27 23:18:04 [DEBUG] face-presence-api: [BatchLogger] No verifications, skip flush
2025-07-27 23:18:07 [DEBUG] face-presence-api: [BatchLogger] No durations, skip flush
2025-07-27 23:18:17 [DEBUG] face-presence-api: [BatchLogger] No durations, skip flush
2025-07-27 23:18:27 [DEBUG] face-presence-api: [BatchLogger] No durations, skip flush
2025-07-27 23:18:34 [DEBUG] face-presence-api: [BatchLogger] No verifications, skip flush
2025-07-27 23:18:34 [DEBUG] face-presence-api: [BatchLogger] No registrations, skip flush
2025-07-27 23:18:37 [DEBUG] face-presence-api: [BatchLogger] No durations, skip flush
2025-07-27 23:18:47 [DEBUG] face-presence-api: [BatchLogger] No durations, skip flush
2025-07-27 23:18:57 [DEBUG] face-presence-api: [BatchLogger] No durations, skip flush
2025-07-27 23:19:04 [DEBUG] face-presence-api: [BatchLogger] No verifications, skip flush
2025-07-27 23:19:04 [DEBUG] face-presence-api: [BatchLogger] No registrations, skip flush
2025-07-27 23:19:07 [DEBUG] face-presence-api: [BatchLogger] No durations, skip flush
2025-07-27 23:19:17 [DEBUG] face-presence-api: [BatchLogger] No durations, skip flush
2025-07-27 23:19:27 [DEBUG] face-presence-api: [BatchLogger] No durations, skip flush
2025-07-27 23:19:34 [DEBUG] face-presence-api: [BatchLogger] No verifications, skip flush
2025-07-27 23:19:34 [DEBUG] face-presence-api: [BatchLogger] No registrations, skip flush
2025-07-27 23:19:37 [DEBUG] face-presence-api: [BatchLogger] No durations, skip flush
2025-07-27 23:19:47 [DEBUG] face-presence-api: [BatchLogger] No durations, skip flush
2025-07-27 23:19:57 [DEBUG] face-presence-api: [BatchLogger] No durations, skip flush
2025-07-27 23:20:04 [DEBUG] face-presence-api: [BatchLogger] No registrations, skip flush
2025-07-27 23:20:04 [DEBUG] face-presence-api: [BatchLogger] No verifications, skip flush
2025-07-27 23:20:07 [DEBUG] face-presence-api: [BatchLogger] No durations, skip flush
2025-07-27 23:20:17 [DEBUG] face-presence-api: [BatchLogger] No durations, skip flush
2025-07-27 23:20:27 [DEBUG] face-presence-api: [BatchLogger] No durations, skip flush
2025-07-27 23:20:34 [DEBUG] face-presence-api: [BatchLogger] No registrations, skip flush
2025-07-27 23:20:34 [DEBUG] face-presence-api: [BatchLogger] No verifications, skip flush
2025-07-27 23:20:37 [DEBUG] face-presence-api: [BatchLogger] No durations, skip flush
2025-07-27 23:20:47 [DEBUG] face-presence-api: [BatchLogger] No durations, skip flush
2025-07-27 23:20:57 [DEBUG] face-presence-api: [BatchLogger] No durations, skip flush
2025-07-27 23:21:04 [DEBUG] face-presence-api: [BatchLogger] No verifications, skip flush
2025-07-27 23:21:04 [DEBUG] face-presence-api: [BatchLogger] No registrations, skip flush
2025-07-27 23:21:07 [DEBUG] face-presence-api: [BatchLogger] No durations, skip flush
2025-07-27 23:21:17 [DEBUG] face-presence-api: [BatchLogger] No durations, skip flush
2025-07-27 23:21:27 [DEBUG] face-presence-api: [BatchLogger] No durations, skip flush
2025-07-27 23:21:34 [DEBUG] face-presence-api: [BatchLogger] No verifications, skip flush
2025-07-27 23:21:34 [DEBUG] face-presence-api: [BatchLogger] No registrations, skip flush
2025-07-27 23:21:37 [DEBUG] face-presence-api: [BatchLogger] No durations, skip flush
2025-07-27 23:21:47 [DEBUG] face-presence-api: [BatchLogger] No durations, skip flush
2025-07-27 23:21:57 [DEBUG] face-presence-api: [BatchLogger] No durations, skip flush
2025-07-27 23:22:04 [DEBUG] face-presence-api: [BatchLogger] No registrations, skip flush
2025-07-27 23:22:04 [DEBUG] face-presence-api: [BatchLogger] No verifications, skip flush
2025-07-27 23:22:07 [DEBUG] face-presence-api: [BatchLogger] No durations, skip flush
2025-07-27 23:22:17 [DEBUG] face-presence-api: [BatchLogger] No durations, skip flush
2025-07-27 23:22:27 [DEBUG] face-presence-api: [BatchLogger] No durations, skip flush
2025-07-27 23:22:34 [DEBUG] face-presence-api: [BatchLogger] No verifications, skip flush
2025-07-27 23:22:34 [DEBUG] face-presence-api: [BatchLogger] No registrations, skip flush
2025-07-27 23:22:37 [DEBUG] face-presence-api: [BatchLogger] No durations, skip flush
2025-07-27 23:22:47 [DEBUG] face-presence-api: [BatchLogger] No durations, skip flush
2025-07-27 23:22:57 [DEBUG] face-presence-api: [BatchLogger] No durations, skip flush
2025-07-27 23:23:04 [DEBUG] face-presence-api: [BatchLogger] No registrations, skip flush
2025-07-27 23:23:04 [DEBUG] face-presence-api: [BatchLogger] No verifications, skip flush
2025-07-27 23:23:07 [DEBUG] face-presence-api: [BatchLogger] No durations, skip flush
2025-07-27 23:23:17 [DEBUG] face-presence-api: [BatchLogger] No durations, skip flush
2025-07-27 23:23:27 [DEBUG] face-presence-api: [BatchLogger] No durations, skip flush
2025-07-27 23:23:34 [DEBUG] face-presence-api: [BatchLogger] No registrations, skip flush
2025-07-27 23:23:34 [DEBUG] face-presence-api: [BatchLogger] No verifications, skip flush
2025-07-27 23:23:37 [DEBUG] face-presence-api: [BatchLogger] No durations, skip flush
2025-07-27 23:23:47 [DEBUG] face-presence-api: [BatchLogger] No durations, skip flush
2025-07-27 23:23:57 [DEBUG] face-presence-api: [BatchLogger] No durations, skip flush
2025-07-27 23:24:04 [DEBUG] face-presence-api: [BatchLogger] No verifications, skip flush
2025-07-27 23:24:04 [DEBUG] face-presence-api: [BatchLogger] No registrations, skip flush
2025-07-27 23:24:07 [DEBUG] face-presence-api: [BatchLogger] No durations, skip flush
2025-07-27 23:24:17 [DEBUG] face-presence-api: [BatchLogger] No durations, skip flush
2025-07-27 23:24:27 [DEBUG] face-presence-api: [BatchLogger] No durations, skip flush
2025-07-27 23:24:34 [DEBUG] face-presence-api: [BatchLogger] No verifications, skip flush
2025-07-27 23:24:34 [DEBUG] face-presence-api: [BatchLogger] No registrations, skip flush
2025-07-27 23:24:37 [DEBUG] face-presence-api: [BatchLogger] No durations, skip flush
2025-07-27 23:24:47 [DEBUG] face-presence-api: [BatchLogger] No durations, skip flush
2025-07-27 23:24:57 [DEBUG] face-presence-api: [BatchLogger] No durations, skip flush
2025-07-27 23:25:04 [DEBUG] face-presence-api: [BatchLogger] No verifications, skip flush
2025-07-27 23:25:04 [DEBUG] face-presence-api: [BatchLogger] No registrations, skip flush
2025-07-27 23:25:07 [DEBUG] face-presence-api: [BatchLogger] No durations, skip flush
2025-07-27 23:25:17 [DEBUG] face-presence-api: [BatchLogger] No durations, skip flush
2025-07-27 23:25:27 [DEBUG] face-presence-api: [BatchLogger] No durations, skip flush
2025-07-27 23:25:34 [DEBUG] face-presence-api: [BatchLogger] No verifications, skip flush
2025-07-27 23:25:34 [DEBUG] face-presence-api: [BatchLogger] No registrations, skip flush
2025-07-27 23:25:37 [DEBUG] face-presence-api: [BatchLogger] No durations, skip flush
2025-07-27 23:25:47 [DEBUG] face-presence-api: [BatchLogger] No durations, skip flush
2025-07-27 23:25:57 [DEBUG] face-presence-api: [BatchLogger] No durations, skip flush
2025-07-27 23:26:04 [DEBUG] face-presence-api: [BatchLogger] No verifications, skip flush
2025-07-27 23:26:04 [DEBUG] face-presence-api: [BatchLogger] No registrations, skip flush
2025-07-27 23:26:07 [DEBUG] face-presence-api: [BatchLogger] No durations, skip flush
2025-07-27 23:26:17 [DEBUG] face-presence-api: [BatchLogger] No durations, skip flush
2025-07-27 23:26:27 [DEBUG] face-presence-api: [BatchLogger] No durations, skip flush
2025-07-27 23:26:34 [DEBUG] face-presence-api: [BatchLogger] No verifications, skip flush
2025-07-27 23:26:34 [DEBUG] face-presence-api: [BatchLogger] No registrations, skip flush
2025-07-27 23:26:37 [DEBUG] face-presence-api: [BatchLogger] No durations, skip flush
2025-07-27 23:26:47 [DEBUG] face-presence-api: [BatchLogger] No durations, skip flush
2025-07-27 23:26:57 [DEBUG] face-presence-api: [BatchLogger] No durations, skip flush
2025-07-27 23:27:04 [DEBUG] face-presence-api: [BatchLogger] No verifications, skip flush
2025-07-27 23:27:04 [DEBUG] face-presence-api: [BatchLogger] No registrations, skip flush
2025-07-27 23:27:07 [DEBUG] face-presence-api: [BatchLogger] No durations, skip flush
2025-07-27 23:27:17 [DEBUG] face-presence-api: [BatchLogger] No durations, skip flush
2025-07-27 23:27:27 [DEBUG] face-presence-api: [BatchLogger] No durations, skip flush
2025-07-27 23:27:34 [DEBUG] face-presence-api: [BatchLogger] No registrations, skip flush
2025-07-27 23:27:34 [DEBUG] face-presence-api: [BatchLogger] No verifications, skip flush
2025-07-27 23:27:37 [DEBUG] face-presence-api: [BatchLogger] No durations, skip flush
2025-07-27 23:27:38 [DEBUG] python_multipart.multipart: Calling on_part_begin with no data
2025-07-27 23:27:38 [DEBUG] python_multipart.multipart: Calling on_header_field with data[42:61]
2025-07-27 23:27:38 [DEBUG] python_multipart.multipart: Calling on_header_value with data[63:88]
2025-07-27 23:27:38 [DEBUG] python_multipart.multipart: Calling on_header_end with no data
2025-07-27 23:27:38 [DEBUG] python_multipart.multipart: Calling on_headers_finished with no data
2025-07-27 23:27:38 [DEBUG] python_multipart.multipart: Calling on_part_data with data[92:94]
2025-07-27 23:27:38 [DEBUG] python_multipart.multipart: Calling on_part_end with no data
2025-07-27 23:27:38 [DEBUG] python_multipart.multipart: Calling on_end with no data
2025-07-27 23:27:38 [INFO] face-presence-api: Checking status for user: 44
2025-07-27 23:27:38 [INFO] face-presence-api: User 44 is already registered.
2025-07-27 23:27:47 [DEBUG] face-presence-api: [BatchLogger] No durations, skip flush
2025-07-27 23:27:57 [DEBUG] face-presence-api: [BatchLogger] No durations, skip flush
2025-07-27 23:28:04 [DEBUG] face-presence-api: [BatchLogger] No verifications, skip flush
2025-07-27 23:28:04 [DEBUG] face-presence-api: [BatchLogger] No registrations, skip flush
2025-07-27 23:28:07 [DEBUG] face-presence-api: [BatchLogger] No durations, skip flush
2025-07-27 23:28:17 [DEBUG] face-presence-api: [BatchLogger] No durations, skip flush
2025-07-27 23:28:27 [DEBUG] face-presence-api: [BatchLogger] No durations, skip flush
2025-07-27 23:28:34 [DEBUG] face-presence-api: [BatchLogger] No verifications, skip flush
2025-07-27 23:28:34 [DEBUG] face-presence-api: [BatchLogger] No registrations, skip flush
2025-07-27 23:28:37 [DEBUG] face-presence-api: [BatchLogger] No durations, skip flush
2025-07-27 23:28:47 [DEBUG] face-presence-api: [BatchLogger] No durations, skip flush
2025-07-27 23:28:57 [DEBUG] face-presence-api: [BatchLogger] No durations, skip flush
2025-07-27 23:29:04 [DEBUG] face-presence-api: [BatchLogger] No registrations, skip flush
2025-07-27 23:29:04 [DEBUG] face-presence-api: [BatchLogger] No verifications, skip flush
2025-07-27 23:29:07 [DEBUG] face-presence-api: [BatchLogger] No durations, skip flush
2025-07-27 23:29:17 [DEBUG] face-presence-api: [BatchLogger] No durations, skip flush
2025-07-27 23:29:27 [DEBUG] face-presence-api: [BatchLogger] No durations, skip flush
2025-07-27 23:29:34 [DEBUG] face-presence-api: [BatchLogger] No registrations, skip flush
2025-07-27 23:29:34 [DEBUG] face-presence-api: [BatchLogger] No verifications, skip flush
2025-07-27 23:29:37 [DEBUG] face-presence-api: [BatchLogger] No durations, skip flush
2025-07-27 23:29:47 [DEBUG] face-presence-api: [BatchLogger] No durations, skip flush
2025-07-27 23:29:57 [DEBUG] face-presence-api: [BatchLogger] No durations, skip flush
2025-07-27 23:30:04 [DEBUG] face-presence-api: [BatchLogger] No verifications, skip flush
2025-07-27 23:30:04 [DEBUG] face-presence-api: [BatchLogger] No registrations, skip flush
2025-07-27 23:30:07 [DEBUG] face-presence-api: [BatchLogger] No durations, skip flush
2025-07-27 23:30:17 [DEBUG] face-presence-api: [BatchLogger] No durations, skip flush
2025-07-27 23:30:27 [DEBUG] face-presence-api: [BatchLogger] No durations, skip flush
2025-07-27 23:30:34 [DEBUG] face-presence-api: [BatchLogger] No verifications, skip flush
2025-07-27 23:30:34 [DEBUG] face-presence-api: [BatchLogger] No registrations, skip flush
2025-07-27 23:30:37 [DEBUG] face-presence-api: [BatchLogger] No durations, skip flush
2025-07-27 23:30:47 [DEBUG] face-presence-api: [BatchLogger] No durations, skip flush
2025-07-27 23:30:57 [DEBUG] face-presence-api: [BatchLogger] No durations, skip flush
2025-07-27 23:31:04 [DEBUG] face-presence-api: [BatchLogger] No registrations, skip flush
2025-07-27 23:31:04 [DEBUG] face-presence-api: [BatchLogger] No verifications, skip flush
2025-07-27 23:31:07 [DEBUG] face-presence-api: [BatchLogger] No durations, skip flush
2025-07-27 23:31:17 [DEBUG] face-presence-api: [BatchLogger] No durations, skip flush
2025-07-27 23:31:27 [DEBUG] face-presence-api: [BatchLogger] No durations, skip flush
2025-07-27 23:31:34 [DEBUG] face-presence-api: [BatchLogger] No verifications, skip flush
2025-07-27 23:31:34 [DEBUG] face-presence-api: [BatchLogger] No registrations, skip flush
2025-07-27 23:31:37 [DEBUG] face-presence-api: [BatchLogger] No durations, skip flush
2025-07-27 23:31:47 [DEBUG] face-presence-api: [BatchLogger] No durations, skip flush
2025-07-27 23:31:57 [DEBUG] face-presence-api: [BatchLogger] No durations, skip flush
2025-07-27 23:32:04 [DEBUG] face-presence-api: [BatchLogger] No registrations, skip flush
2025-07-27 23:32:04 [DEBUG] face-presence-api: [BatchLogger] No verifications, skip flush
2025-07-27 23:32:07 [DEBUG] face-presence-api: [BatchLogger] No durations, skip flush
2025-07-27 23:32:17 [DEBUG] face-presence-api: [BatchLogger] No durations, skip flush
2025-07-27 23:32:27 [DEBUG] face-presence-api: [BatchLogger] No durations, skip flush
2025-07-27 23:32:34 [DEBUG] face-presence-api: [BatchLogger] No verifications, skip flush
2025-07-27 23:32:34 [DEBUG] face-presence-api: [BatchLogger] No registrations, skip flush
2025-07-27 23:32:37 [DEBUG] face-presence-api: [BatchLogger] No durations, skip flush
2025-07-27 23:32:47 [DEBUG] face-presence-api: [BatchLogger] No durations, skip flush
2025-07-27 23:32:57 [DEBUG] face-presence-api: [BatchLogger] No durations, skip flush
2025-07-27 23:33:04 [DEBUG] face-presence-api: [BatchLogger] No registrations, skip flush
2025-07-27 23:33:04 [DEBUG] face-presence-api: [BatchLogger] No verifications, skip flush
2025-07-27 23:33:07 [DEBUG] face-presence-api: [BatchLogger] No durations, skip flush
2025-07-27 23:33:17 [DEBUG] face-presence-api: [BatchLogger] No durations, skip flush
2025-07-27 23:33:27 [DEBUG] face-presence-api: [BatchLogger] No durations, skip flush
2025-07-27 23:33:34 [DEBUG] face-presence-api: [BatchLogger] No verifications, skip flush
2025-07-27 23:33:34 [DEBUG] face-presence-api: [BatchLogger] No registrations, skip flush
2025-07-27 23:33:37 [DEBUG] face-presence-api: [BatchLogger] No durations, skip flush
2025-07-27 23:33:47 [DEBUG] face-presence-api: [BatchLogger] No durations, skip flush
2025-07-27 23:33:58 [DEBUG] face-presence-api: [BatchLogger] No durations, skip flush
2025-07-27 23:34:04 [DEBUG] face-presence-api: [BatchLogger] No registrations, skip flush
2025-07-27 23:34:04 [DEBUG] face-presence-api: [BatchLogger] No verifications, skip flush
2025-07-27 23:34:08 [DEBUG] face-presence-api: [BatchLogger] No durations, skip flush
2025-07-27 23:34:18 [DEBUG] face-presence-api: [BatchLogger] No durations, skip flush
2025-07-27 23:34:28 [DEBUG] face-presence-api: [BatchLogger] No durations, skip flush
2025-07-27 23:34:34 [DEBUG] face-presence-api: [BatchLogger] No verifications, skip flush
2025-07-27 23:34:34 [DEBUG] face-presence-api: [BatchLogger] No registrations, skip flush
2025-07-27 23:34:38 [DEBUG] face-presence-api: [BatchLogger] No durations, skip flush
2025-07-27 23:34:48 [DEBUG] face-presence-api: [BatchLogger] No durations, skip flush
2025-07-27 23:34:58 [DEBUG] face-presence-api: [BatchLogger] No durations, skip flush
2025-07-27 23:35:04 [DEBUG] face-presence-api: [BatchLogger] No verifications, skip flush
2025-07-27 23:35:04 [DEBUG] face-presence-api: [BatchLogger] No registrations, skip flush
2025-07-27 23:35:08 [DEBUG] face-presence-api: [BatchLogger] No durations, skip flush
2025-07-27 23:35:18 [DEBUG] face-presence-api: [BatchLogger] No durations, skip flush
2025-07-27 23:35:28 [DEBUG] face-presence-api: [BatchLogger] No durations, skip flush
2025-07-27 23:35:34 [DEBUG] face-presence-api: [BatchLogger] No verifications, skip flush
2025-07-27 23:35:34 [DEBUG] face-presence-api: [BatchLogger] No registrations, skip flush
2025-07-27 23:35:38 [DEBUG] face-presence-api: [BatchLogger] No durations, skip flush
2025-07-27 23:35:48 [DEBUG] face-presence-api: [BatchLogger] No durations, skip flush
2025-07-27 23:35:58 [DEBUG] face-presence-api: [BatchLogger] No durations, skip flush
2025-07-27 23:36:04 [DEBUG] face-presence-api: [BatchLogger] No verifications, skip flush
2025-07-27 23:36:04 [DEBUG] face-presence-api: [BatchLogger] No registrations, skip flush
2025-07-27 23:36:08 [DEBUG] face-presence-api: [BatchLogger] No durations, skip flush
2025-07-27 23:36:18 [DEBUG] face-presence-api: [BatchLogger] No durations, skip flush
2025-07-27 23:36:28 [DEBUG] face-presence-api: [BatchLogger] No durations, skip flush
2025-07-27 23:36:34 [DEBUG] face-presence-api: [BatchLogger] No verifications, skip flush
2025-07-27 23:36:34 [DEBUG] face-presence-api: [BatchLogger] No registrations, skip flush
2025-07-27 23:36:38 [DEBUG] face-presence-api: [BatchLogger] No durations, skip flush
2025-07-27 23:36:48 [DEBUG] face-presence-api: [BatchLogger] No durations, skip flush
2025-07-27 23:36:58 [DEBUG] face-presence-api: [BatchLogger] No durations, skip flush
2025-07-27 23:37:04 [DEBUG] face-presence-api: [BatchLogger] No registrations, skip flush
2025-07-27 23:37:04 [DEBUG] face-presence-api: [BatchLogger] No verifications, skip flush
2025-07-27 23:37:08 [DEBUG] face-presence-api: [BatchLogger] No durations, skip flush
2025-07-27 23:37:18 [DEBUG] face-presence-api: [BatchLogger] No durations, skip flush
2025-07-27 23:37:28 [DEBUG] face-presence-api: [BatchLogger] No durations, skip flush
2025-07-27 23:37:34 [DEBUG] face-presence-api: [BatchLogger] No verifications, skip flush
2025-07-27 23:37:34 [DEBUG] face-presence-api: [BatchLogger] No registrations, skip flush
2025-07-27 23:37:38 [DEBUG] face-presence-api: [BatchLogger] No durations, skip flush
2025-07-27 23:37:48 [DEBUG] face-presence-api: [BatchLogger] No durations, skip flush
2025-07-27 23:37:58 [DEBUG] face-presence-api: [BatchLogger] No durations, skip flush
2025-07-27 23:38:04 [DEBUG] face-presence-api: [BatchLogger] No verifications, skip flush
2025-07-27 23:38:04 [DEBUG] face-presence-api: [BatchLogger] No registrations, skip flush
2025-07-27 23:38:08 [DEBUG] face-presence-api: [BatchLogger] No durations, skip flush
2025-07-27 23:38:18 [DEBUG] face-presence-api: [BatchLogger] No durations, skip flush
2025-07-27 23:38:28 [DEBUG] face-presence-api: [BatchLogger] No durations, skip flush
2025-07-27 23:38:34 [DEBUG] face-presence-api: [BatchLogger] No registrations, skip flush
2025-07-27 23:38:34 [DEBUG] face-presence-api: [BatchLogger] No verifications, skip flush
2025-07-27 23:38:38 [DEBUG] face-presence-api: [BatchLogger] No durations, skip flush
2025-07-27 23:38:48 [DEBUG] face-presence-api: [BatchLogger] No durations, skip flush
2025-07-27 23:38:58 [DEBUG] face-presence-api: [BatchLogger] No durations, skip flush
2025-07-27 23:39:04 [DEBUG] face-presence-api: [BatchLogger] No verifications, skip flush
2025-07-27 23:39:04 [DEBUG] face-presence-api: [BatchLogger] No registrations, skip flush
2025-07-27 23:39:08 [DEBUG] face-presence-api: [BatchLogger] No durations, skip flush
2025-07-27 23:39:18 [DEBUG] face-presence-api: [BatchLogger] No durations, skip flush
2025-07-27 23:39:28 [DEBUG] face-presence-api: [BatchLogger] No durations, skip flush
2025-07-27 23:39:34 [DEBUG] face-presence-api: [BatchLogger] No registrations, skip flush
2025-07-27 23:39:34 [DEBUG] face-presence-api: [BatchLogger] No verifications, skip flush
2025-07-27 23:39:38 [DEBUG] face-presence-api: [BatchLogger] No durations, skip flush
2025-07-27 23:39:48 [DEBUG] face-presence-api: [BatchLogger] No durations, skip flush
2025-07-27 23:39:58 [DEBUG] face-presence-api: [BatchLogger] No durations, skip flush
2025-07-27 23:40:04 [DEBUG] face-presence-api: [BatchLogger] No registrations, skip flush
2025-07-27 23:40:04 [DEBUG] face-presence-api: [BatchLogger] No verifications, skip flush
2025-07-27 23:40:08 [DEBUG] face-presence-api: [BatchLogger] No durations, skip flush
2025-07-27 23:40:18 [DEBUG] face-presence-api: [BatchLogger] No durations, skip flush
2025-07-27 23:40:28 [DEBUG] face-presence-api: [BatchLogger] No durations, skip flush
2025-07-27 23:40:34 [DEBUG] face-presence-api: [BatchLogger] No registrations, skip flush
2025-07-27 23:40:34 [DEBUG] face-presence-api: [BatchLogger] No verifications, skip flush
2025-07-27 23:40:38 [DEBUG] face-presence-api: [BatchLogger] No durations, skip flush
2025-07-27 23:40:48 [DEBUG] face-presence-api: [BatchLogger] No durations, skip flush
2025-07-27 23:40:58 [DEBUG] face-presence-api: [BatchLogger] No durations, skip flush
2025-07-27 23:41:04 [DEBUG] face-presence-api: [BatchLogger] No registrations, skip flush
2025-07-27 23:41:04 [DEBUG] face-presence-api: [BatchLogger] No verifications, skip flush
2025-07-27 23:41:08 [DEBUG] face-presence-api: [BatchLogger] No durations, skip flush
2025-07-27 23:41:18 [DEBUG] face-presence-api: [BatchLogger] No durations, skip flush
2025-07-27 23:41:28 [DEBUG] face-presence-api: [BatchLogger] No durations, skip flush
2025-07-27 23:41:34 [DEBUG] face-presence-api: [BatchLogger] No registrations, skip flush
2025-07-27 23:41:34 [DEBUG] face-presence-api: [BatchLogger] No verifications, skip flush
2025-07-27 23:41:38 [DEBUG] face-presence-api: [BatchLogger] No durations, skip flush
2025-07-27 23:41:48 [DEBUG] face-presence-api: [BatchLogger] No durations, skip flush
2025-07-27 23:41:58 [DEBUG] face-presence-api: [BatchLogger] No durations, skip flush
2025-07-27 23:42:04 [DEBUG] face-presence-api: [BatchLogger] No registrations, skip flush
2025-07-27 23:42:04 [DEBUG] face-presence-api: [BatchLogger] No verifications, skip flush
2025-07-27 23:42:08 [DEBUG] face-presence-api: [BatchLogger] No durations, skip flush
2025-07-27 23:42:18 [DEBUG] face-presence-api: [BatchLogger] No durations, skip flush
2025-07-27 23:42:28 [DEBUG] face-presence-api: [BatchLogger] No durations, skip flush
2025-07-27 23:42:34 [DEBUG] face-presence-api: [BatchLogger] No registrations, skip flush
2025-07-27 23:42:34 [DEBUG] face-presence-api: [BatchLogger] No verifications, skip flush
2025-07-27 23:42:38 [DEBUG] face-presence-api: [BatchLogger] No durations, skip flush
2025-07-27 23:42:48 [DEBUG] face-presence-api: [BatchLogger] No durations, skip flush
2025-07-27 23:42:58 [DEBUG] face-presence-api: [BatchLogger] No durations, skip flush
2025-07-27 23:43:04 [DEBUG] face-presence-api: [BatchLogger] No registrations, skip flush
2025-07-27 23:43:04 [DEBUG] face-presence-api: [BatchLogger] No verifications, skip flush
2025-07-27 23:43:08 [DEBUG] face-presence-api: [BatchLogger] No durations, skip flush
2025-07-27 23:43:18 [DEBUG] face-presence-api: [BatchLogger] No durations, skip flush
2025-07-27 23:43:28 [DEBUG] face-presence-api: [BatchLogger] No durations, skip flush
2025-07-27 23:43:34 [DEBUG] face-presence-api: [BatchLogger] No registrations, skip flush
2025-07-27 23:43:34 [DEBUG] face-presence-api: [BatchLogger] No verifications, skip flush
2025-07-27 23:43:38 [DEBUG] face-presence-api: [BatchLogger] No durations, skip flush
2025-07-27 23:43:48 [DEBUG] face-presence-api: [BatchLogger] No durations, skip flush
2025-07-27 23:43:58 [DEBUG] face-presence-api: [BatchLogger] No durations, skip flush
2025-07-27 23:44:04 [DEBUG] face-presence-api: [BatchLogger] No registrations, skip flush
2025-07-27 23:44:04 [DEBUG] face-presence-api: [BatchLogger] No verifications, skip flush
2025-07-27 23:44:08 [DEBUG] face-presence-api: [BatchLogger] No durations, skip flush
2025-07-27 23:44:18 [DEBUG] face-presence-api: [BatchLogger] No durations, skip flush
2025-07-27 23:44:28 [DEBUG] face-presence-api: [BatchLogger] No durations, skip flush
2025-07-27 23:44:34 [DEBUG] face-presence-api: [BatchLogger] No registrations, skip flush
2025-07-27 23:44:34 [DEBUG] face-presence-api: [BatchLogger] No verifications, skip flush
2025-07-27 23:44:38 [DEBUG] face-presence-api: [BatchLogger] No durations, skip flush
2025-07-27 23:44:48 [DEBUG] face-presence-api: [BatchLogger] No durations, skip flush
2025-07-27 23:44:58 [DEBUG] face-presence-api: [BatchLogger] No durations, skip flush
2025-07-27 23:45:04 [DEBUG] face-presence-api: [BatchLogger] No verifications, skip flush
2025-07-27 23:45:04 [DEBUG] face-presence-api: [BatchLogger] No registrations, skip flush
2025-07-27 23:45:08 [DEBUG] face-presence-api: [BatchLogger] No durations, skip flush
2025-07-27 23:45:18 [DEBUG] face-presence-api: [BatchLogger] No durations, skip flush
2025-07-27 23:45:28 [DEBUG] face-presence-api: [BatchLogger] No durations, skip flush
2025-07-27 23:45:34 [DEBUG] face-presence-api: [BatchLogger] No registrations, skip flush
2025-07-27 23:45:34 [DEBUG] face-presence-api: [BatchLogger] No verifications, skip flush
2025-07-27 23:45:38 [DEBUG] face-presence-api: [BatchLogger] No durations, skip flush
2025-07-27 23:45:48 [DEBUG] face-presence-api: [BatchLogger] No durations, skip flush
2025-07-27 23:45:58 [DEBUG] face-presence-api: [BatchLogger] No durations, skip flush
2025-07-27 23:46:04 [DEBUG] face-presence-api: [BatchLogger] No verifications, skip flush
2025-07-27 23:46:04 [DEBUG] face-presence-api: [BatchLogger] No registrations, skip flush
2025-07-27 23:46:08 [DEBUG] face-presence-api: [BatchLogger] No durations, skip flush
2025-07-27 23:46:14 [DEBUG] python_multipart.multipart: Calling on_part_begin with no data
2025-07-27 23:46:14 [DEBUG] python_multipart.multipart: Calling on_header_field with data[42:61]
2025-07-27 23:46:14 [DEBUG] python_multipart.multipart: Calling on_header_value with data[63:88]
2025-07-27 23:46:14 [DEBUG] python_multipart.multipart: Calling on_header_end with no data
2025-07-27 23:46:14 [DEBUG] python_multipart.multipart: Calling on_headers_finished with no data
2025-07-27 23:46:14 [DEBUG] python_multipart.multipart: Calling on_part_data with data[92:94]
2025-07-27 23:46:14 [DEBUG] python_multipart.multipart: Calling on_part_end with no data
2025-07-27 23:46:14 [DEBUG] python_multipart.multipart: Calling on_end with no data
2025-07-27 23:46:14 [INFO] face-presence-api: Checking status for user: 44
2025-07-27 23:46:14 [INFO] face-presence-api: User 44 is already registered.
2025-07-27 23:46:18 [DEBUG] face-presence-api: [BatchLogger] No durations, skip flush
2025-07-27 23:46:20 [DEBUG] python_multipart.multipart: Calling on_part_begin with no data
2025-07-27 23:46:20 [DEBUG] python_multipart.multipart: Calling on_header_field with data[42:61]
2025-07-27 23:46:20 [DEBUG] python_multipart.multipart: Calling on_header_value with data[63:88]
2025-07-27 23:46:20 [DEBUG] python_multipart.multipart: Calling on_header_end with no data
2025-07-27 23:46:20 [DEBUG] python_multipart.multipart: Calling on_headers_finished with no data
2025-07-27 23:46:20 [DEBUG] python_multipart.multipart: Calling on_part_data with data[92:94]
2025-07-27 23:46:20 [DEBUG] python_multipart.multipart: Calling on_part_end with no data
2025-07-27 23:46:20 [DEBUG] python_multipart.multipart: Calling on_end with no data
2025-07-27 23:46:20 [INFO] face-presence-api: Checking status for user: 44
2025-07-27 23:46:20 [INFO] face-presence-api: User 44 is already registered.
2025-07-27 23:46:25 [DEBUG] python_multipart.multipart: Calling on_part_begin with no data
2025-07-27 23:46:25 [DEBUG] python_multipart.multipart: Calling on_header_field with data[42:61]
2025-07-27 23:46:25 [DEBUG] python_multipart.multipart: Calling on_header_value with data[63:88]
2025-07-27 23:46:25 [DEBUG] python_multipart.multipart: Calling on_header_end with no data
2025-07-27 23:46:25 [DEBUG] python_multipart.multipart: Calling on_headers_finished with no data
2025-07-27 23:46:25 [DEBUG] python_multipart.multipart: Calling on_part_data with data[92:94]
2025-07-27 23:46:25 [DEBUG] python_multipart.multipart: Calling on_part_end with no data
2025-07-27 23:46:25 [DEBUG] python_multipart.multipart: Calling on_end with no data
2025-07-27 23:46:25 [INFO] face-presence-api: Checking status for user: 44
2025-07-27 23:46:25 [INFO] face-presence-api: User 44 is already registered.
2025-07-27 23:46:28 [DEBUG] face-presence-api: [BatchLogger] No durations, skip flush
2025-07-27 23:46:30 [DEBUG] python_multipart.multipart: Calling on_part_begin with no data
2025-07-27 23:46:30 [DEBUG] python_multipart.multipart: Calling on_header_field with data[42:61]
2025-07-27 23:46:30 [DEBUG] python_multipart.multipart: Calling on_header_value with data[63:88]
2025-07-27 23:46:30 [DEBUG] python_multipart.multipart: Calling on_header_end with no data
2025-07-27 23:46:30 [DEBUG] python_multipart.multipart: Calling on_headers_finished with no data
2025-07-27 23:46:30 [DEBUG] python_multipart.multipart: Calling on_part_data with data[92:94]
2025-07-27 23:46:30 [DEBUG] python_multipart.multipart: Calling on_part_end with no data
2025-07-27 23:46:30 [DEBUG] python_multipart.multipart: Calling on_end with no data
2025-07-27 23:46:30 [INFO] face-presence-api: Checking status for user: 44
2025-07-27 23:46:30 [INFO] face-presence-api: User 44 is already registered.
2025-07-27 23:46:34 [DEBUG] face-presence-api: [BatchLogger] No registrations, skip flush
2025-07-27 23:46:34 [DEBUG] face-presence-api: [BatchLogger] No verifications, skip flush
2025-07-27 23:46:39 [DEBUG] face-presence-api: [BatchLogger] No durations, skip flush
2025-07-27 23:46:49 [DEBUG] face-presence-api: [BatchLogger] No durations, skip flush
2025-07-27 23:46:55 [DEBUG] python_multipart.multipart: Calling on_part_begin with no data
2025-07-27 23:46:55 [DEBUG] python_multipart.multipart: Calling on_header_field with data[42:61]
2025-07-27 23:46:55 [DEBUG] python_multipart.multipart: Calling on_header_value with data[63:88]
2025-07-27 23:46:55 [DEBUG] python_multipart.multipart: Calling on_header_end with no data
2025-07-27 23:46:55 [DEBUG] python_multipart.multipart: Calling on_headers_finished with no data
2025-07-27 23:46:55 [DEBUG] python_multipart.multipart: Calling on_part_data with data[92:94]
2025-07-27 23:46:55 [DEBUG] python_multipart.multipart: Calling on_part_end with no data
2025-07-27 23:46:55 [DEBUG] python_multipart.multipart: Calling on_end with no data
2025-07-27 23:46:55 [INFO] face-presence-api: Checking status for user: 44
2025-07-27 23:46:55 [INFO] face-presence-api: User 44 is already registered.
2025-07-27 23:46:59 [DEBUG] face-presence-api: [BatchLogger] No durations, skip flush
2025-07-27 23:47:04 [DEBUG] face-presence-api: [BatchLogger] No registrations, skip flush
2025-07-27 23:47:04 [DEBUG] face-presence-api: [BatchLogger] No verifications, skip flush
2025-07-27 23:47:09 [DEBUG] face-presence-api: [BatchLogger] No durations, skip flush
2025-07-27 23:47:19 [DEBUG] face-presence-api: [BatchLogger] No durations, skip flush
2025-07-27 23:47:29 [DEBUG] face-presence-api: [BatchLogger] No durations, skip flush
2025-07-27 23:47:29 [DEBUG] python_multipart.multipart: Calling on_part_begin with no data
2025-07-27 23:47:29 [DEBUG] python_multipart.multipart: Calling on_header_field with data[42:61]
2025-07-27 23:47:29 [DEBUG] python_multipart.multipart: Calling on_header_value with data[63:88]
2025-07-27 23:47:29 [DEBUG] python_multipart.multipart: Calling on_header_end with no data
2025-07-27 23:47:29 [DEBUG] python_multipart.multipart: Calling on_headers_finished with no data
2025-07-27 23:47:29 [DEBUG] python_multipart.multipart: Calling on_part_data with data[92:94]
2025-07-27 23:47:29 [DEBUG] python_multipart.multipart: Calling on_part_end with no data
2025-07-27 23:47:29 [DEBUG] python_multipart.multipart: Calling on_part_begin with no data
2025-07-27 23:47:29 [DEBUG] python_multipart.multipart: Calling on_header_field with data[138:157]
2025-07-27 23:47:29 [DEBUG] python_multipart.multipart: Calling on_header_value with data[159:205]
2025-07-27 23:47:29 [DEBUG] python_multipart.multipart: Calling on_header_end with no data
2025-07-27 23:47:29 [DEBUG] python_multipart.multipart: Calling on_header_field with data[207:219]
2025-07-27 23:47:29 [DEBUG] python_multipart.multipart: Calling on_header_value with data[221:231]
2025-07-27 23:47:29 [DEBUG] python_multipart.multipart: Calling on_header_end with no data
2025-07-27 23:47:29 [DEBUG] python_multipart.multipart: Calling on_headers_finished with no data
2025-07-27 23:47:29 [DEBUG] python_multipart.multipart: Calling on_part_data with data[235:3177]
2025-07-27 23:47:29 [DEBUG] python_multipart.multipart: Calling on_part_end with no data
2025-07-27 23:47:29 [DEBUG] python_multipart.multipart: Calling on_part_begin with no data
2025-07-27 23:47:29 [DEBUG] python_multipart.multipart: Calling on_header_field with data[3221:3240]
2025-07-27 23:47:29 [DEBUG] python_multipart.multipart: Calling on_header_value with data[3242:3288]
2025-07-27 23:47:29 [DEBUG] python_multipart.multipart: Calling on_header_end with no data
2025-07-27 23:47:29 [DEBUG] python_multipart.multipart: Calling on_header_field with data[3290:3302]
2025-07-27 23:47:29 [DEBUG] python_multipart.multipart: Calling on_header_value with data[3304:3314]
2025-07-27 23:47:29 [DEBUG] python_multipart.multipart: Calling on_header_end with no data
2025-07-27 23:47:29 [DEBUG] python_multipart.multipart: Calling on_headers_finished with no data
2025-07-27 23:47:29 [DEBUG] python_multipart.multipart: Calling on_part_data with data[3318:6276]
2025-07-27 23:47:29 [DEBUG] python_multipart.multipart: Calling on_part_end with no data
2025-07-27 23:47:29 [DEBUG] python_multipart.multipart: Calling on_part_begin with no data
2025-07-27 23:47:29 [DEBUG] python_multipart.multipart: Calling on_header_field with data[6320:6339]
2025-07-27 23:47:29 [DEBUG] python_multipart.multipart: Calling on_header_value with data[6341:6387]
2025-07-27 23:47:29 [DEBUG] python_multipart.multipart: Calling on_header_end with no data
2025-07-27 23:47:29 [DEBUG] python_multipart.multipart: Calling on_header_field with data[6389:6401]
2025-07-27 23:47:29 [DEBUG] python_multipart.multipart: Calling on_header_value with data[6403:6413]
2025-07-27 23:47:29 [DEBUG] python_multipart.multipart: Calling on_header_end with no data
2025-07-27 23:47:29 [DEBUG] python_multipart.multipart: Calling on_headers_finished with no data
2025-07-27 23:47:29 [DEBUG] python_multipart.multipart: Calling on_part_data with data[6417:9391]
2025-07-27 23:47:29 [DEBUG] python_multipart.multipart: Calling on_part_end with no data
2025-07-27 23:47:29 [DEBUG] python_multipart.multipart: Calling on_part_begin with no data
2025-07-27 23:47:29 [DEBUG] python_multipart.multipart: Calling on_header_field with data[9435:9454]
2025-07-27 23:47:29 [DEBUG] python_multipart.multipart: Calling on_header_value with data[9456:9502]
2025-07-27 23:47:29 [DEBUG] python_multipart.multipart: Calling on_header_end with no data
2025-07-27 23:47:29 [DEBUG] python_multipart.multipart: Calling on_header_field with data[9504:9516]
2025-07-27 23:47:29 [DEBUG] python_multipart.multipart: Calling on_header_value with data[9518:9528]
2025-07-27 23:47:29 [DEBUG] python_multipart.multipart: Calling on_header_end with no data
2025-07-27 23:47:29 [DEBUG] python_multipart.multipart: Calling on_headers_finished with no data
2025-07-27 23:47:29 [DEBUG] python_multipart.multipart: Calling on_part_data with data[9532:12556]
2025-07-27 23:47:29 [DEBUG] python_multipart.multipart: Calling on_part_end with no data
2025-07-27 23:47:29 [DEBUG] python_multipart.multipart: Calling on_part_begin with no data
2025-07-27 23:47:29 [DEBUG] python_multipart.multipart: Calling on_header_field with data[12600:12619]
2025-07-27 23:47:29 [DEBUG] python_multipart.multipart: Calling on_header_value with data[12621:12667]
2025-07-27 23:47:29 [DEBUG] python_multipart.multipart: Calling on_header_end with no data
2025-07-27 23:47:29 [DEBUG] python_multipart.multipart: Calling on_header_field with data[12669:12681]
2025-07-27 23:47:29 [DEBUG] python_multipart.multipart: Calling on_header_value with data[12683:12693]
2025-07-27 23:47:29 [DEBUG] python_multipart.multipart: Calling on_header_end with no data
2025-07-27 23:47:29 [DEBUG] python_multipart.multipart: Calling on_headers_finished with no data
2025-07-27 23:47:29 [DEBUG] python_multipart.multipart: Calling on_part_data with data[12697:15719]
2025-07-27 23:47:29 [DEBUG] python_multipart.multipart: Calling on_part_end with no data
2025-07-27 23:47:29 [DEBUG] python_multipart.multipart: Calling on_part_begin with no data
2025-07-27 23:47:29 [DEBUG] python_multipart.multipart: Calling on_header_field with data[15763:15782]
2025-07-27 23:47:29 [DEBUG] python_multipart.multipart: Calling on_header_value with data[15784:15830]
2025-07-27 23:47:29 [DEBUG] python_multipart.multipart: Calling on_header_end with no data
2025-07-27 23:47:29 [DEBUG] python_multipart.multipart: Calling on_header_field with data[15832:15844]
2025-07-27 23:47:29 [DEBUG] python_multipart.multipart: Calling on_header_value with data[15846:15856]
2025-07-27 23:47:29 [DEBUG] python_multipart.multipart: Calling on_header_end with no data
2025-07-27 23:47:29 [DEBUG] python_multipart.multipart: Calling on_headers_finished with no data
2025-07-27 23:47:29 [DEBUG] python_multipart.multipart: Calling on_part_data with data[15860:18880]
2025-07-27 23:47:29 [DEBUG] python_multipart.multipart: Calling on_part_end with no data
2025-07-27 23:47:29 [DEBUG] python_multipart.multipart: Calling on_part_begin with no data
2025-07-27 23:47:29 [DEBUG] python_multipart.multipart: Calling on_header_field with data[18924:18943]
2025-07-27 23:47:29 [DEBUG] python_multipart.multipart: Calling on_header_value with data[18945:18991]
2025-07-27 23:47:29 [DEBUG] python_multipart.multipart: Calling on_header_end with no data
2025-07-27 23:47:29 [DEBUG] python_multipart.multipart: Calling on_header_field with data[18993:19005]
2025-07-27 23:47:29 [DEBUG] python_multipart.multipart: Calling on_header_value with data[19007:19017]
2025-07-27 23:47:29 [DEBUG] python_multipart.multipart: Calling on_header_end with no data
2025-07-27 23:47:29 [DEBUG] python_multipart.multipart: Calling on_headers_finished with no data
2025-07-27 23:47:29 [DEBUG] python_multipart.multipart: Calling on_part_data with data[19021:22023]
2025-07-27 23:47:29 [DEBUG] python_multipart.multipart: Calling on_part_end with no data
2025-07-27 23:47:29 [DEBUG] python_multipart.multipart: Calling on_part_begin with no data
2025-07-27 23:47:29 [DEBUG] python_multipart.multipart: Calling on_header_field with data[22067:22086]
2025-07-27 23:47:29 [DEBUG] python_multipart.multipart: Calling on_header_value with data[22088:22134]
2025-07-27 23:47:29 [DEBUG] python_multipart.multipart: Calling on_header_end with no data
2025-07-27 23:47:29 [DEBUG] python_multipart.multipart: Calling on_header_field with data[22136:22148]
2025-07-27 23:47:29 [DEBUG] python_multipart.multipart: Calling on_header_value with data[22150:22160]
2025-07-27 23:47:29 [DEBUG] python_multipart.multipart: Calling on_header_end with no data
2025-07-27 23:47:29 [DEBUG] python_multipart.multipart: Calling on_headers_finished with no data
2025-07-27 23:47:29 [DEBUG] python_multipart.multipart: Calling on_part_data with data[22164:25148]
2025-07-27 23:47:29 [DEBUG] python_multipart.multipart: Calling on_part_end with no data
2025-07-27 23:47:29 [DEBUG] python_multipart.multipart: Calling on_part_begin with no data
2025-07-27 23:47:29 [DEBUG] python_multipart.multipart: Calling on_header_field with data[25192:25211]
2025-07-27 23:47:29 [DEBUG] python_multipart.multipart: Calling on_header_value with data[25213:25259]
2025-07-27 23:47:29 [DEBUG] python_multipart.multipart: Calling on_header_end with no data
2025-07-27 23:47:29 [DEBUG] python_multipart.multipart: Calling on_header_field with data[25261:25273]
2025-07-27 23:47:29 [DEBUG] python_multipart.multipart: Calling on_header_value with data[25275:25285]
2025-07-27 23:47:29 [DEBUG] python_multipart.multipart: Calling on_header_end with no data
2025-07-27 23:47:29 [DEBUG] python_multipart.multipart: Calling on_headers_finished with no data
2025-07-27 23:47:29 [DEBUG] python_multipart.multipart: Calling on_part_data with data[25289:28279]
2025-07-27 23:47:29 [DEBUG] python_multipart.multipart: Calling on_part_end with no data
2025-07-27 23:47:29 [DEBUG] python_multipart.multipart: Calling on_part_begin with no data
2025-07-27 23:47:29 [DEBUG] python_multipart.multipart: Calling on_header_field with data[28323:28342]
2025-07-27 23:47:29 [DEBUG] python_multipart.multipart: Calling on_header_value with data[28344:28391]
2025-07-27 23:47:29 [DEBUG] python_multipart.multipart: Calling on_header_end with no data
2025-07-27 23:47:29 [DEBUG] python_multipart.multipart: Calling on_header_field with data[28393:28405]
2025-07-27 23:47:29 [DEBUG] python_multipart.multipart: Calling on_header_value with data[28407:28417]
2025-07-27 23:47:29 [DEBUG] python_multipart.multipart: Calling on_header_end with no data
2025-07-27 23:47:29 [DEBUG] python_multipart.multipart: Calling on_headers_finished with no data
2025-07-27 23:47:29 [DEBUG] python_multipart.multipart: Calling on_part_data with data[28421:31365]
2025-07-27 23:47:29 [DEBUG] python_multipart.multipart: Calling on_part_end with no data
2025-07-27 23:47:29 [DEBUG] python_multipart.multipart: Calling on_part_begin with no data
2025-07-27 23:47:29 [DEBUG] python_multipart.multipart: Calling on_header_field with data[31409:31428]
2025-07-27 23:47:29 [DEBUG] python_multipart.multipart: Calling on_header_value with data[31430:31477]
2025-07-27 23:47:29 [DEBUG] python_multipart.multipart: Calling on_header_end with no data
2025-07-27 23:47:29 [DEBUG] python_multipart.multipart: Calling on_header_field with data[31479:31491]
2025-07-27 23:47:29 [DEBUG] python_multipart.multipart: Calling on_header_value with data[31493:31503]
2025-07-27 23:47:29 [DEBUG] python_multipart.multipart: Calling on_header_end with no data
2025-07-27 23:47:29 [DEBUG] python_multipart.multipart: Calling on_headers_finished with no data
2025-07-27 23:47:29 [DEBUG] python_multipart.multipart: Calling on_part_data with data[31507:34473]
2025-07-27 23:47:29 [DEBUG] python_multipart.multipart: Calling on_part_end with no data
2025-07-27 23:47:29 [DEBUG] python_multipart.multipart: Calling on_part_begin with no data
2025-07-27 23:47:29 [DEBUG] python_multipart.multipart: Calling on_header_field with data[34517:34536]
2025-07-27 23:47:29 [DEBUG] python_multipart.multipart: Calling on_header_value with data[34538:34585]
2025-07-27 23:47:29 [DEBUG] python_multipart.multipart: Calling on_header_end with no data
2025-07-27 23:47:29 [DEBUG] python_multipart.multipart: Calling on_header_field with data[34587:34599]
2025-07-27 23:47:29 [DEBUG] python_multipart.multipart: Calling on_header_value with data[34601:34611]
2025-07-27 23:47:29 [DEBUG] python_multipart.multipart: Calling on_header_end with no data
2025-07-27 23:47:29 [DEBUG] python_multipart.multipart: Calling on_headers_finished with no data
2025-07-27 23:47:29 [DEBUG] python_multipart.multipart: Calling on_part_data with data[34615:37609]
2025-07-27 23:47:29 [DEBUG] python_multipart.multipart: Calling on_part_end with no data
2025-07-27 23:47:29 [DEBUG] python_multipart.multipart: Calling on_part_begin with no data
2025-07-27 23:47:29 [DEBUG] python_multipart.multipart: Calling on_header_field with data[37653:37672]
2025-07-27 23:47:29 [DEBUG] python_multipart.multipart: Calling on_header_value with data[37674:37721]
2025-07-27 23:47:29 [DEBUG] python_multipart.multipart: Calling on_header_end with no data
2025-07-27 23:47:29 [DEBUG] python_multipart.multipart: Calling on_header_field with data[37723:37735]
2025-07-27 23:47:29 [DEBUG] python_multipart.multipart: Calling on_header_value with data[37737:37747]
2025-07-27 23:47:29 [DEBUG] python_multipart.multipart: Calling on_header_end with no data
2025-07-27 23:47:29 [DEBUG] python_multipart.multipart: Calling on_headers_finished with no data
2025-07-27 23:47:29 [DEBUG] python_multipart.multipart: Calling on_part_data with data[37751:40695]
2025-07-27 23:47:29 [DEBUG] python_multipart.multipart: Calling on_part_end with no data
2025-07-27 23:47:29 [DEBUG] python_multipart.multipart: Calling on_part_begin with no data
2025-07-27 23:47:29 [DEBUG] python_multipart.multipart: Calling on_header_field with data[40739:40758]
2025-07-27 23:47:29 [DEBUG] python_multipart.multipart: Calling on_header_value with data[40760:40807]
2025-07-27 23:47:29 [DEBUG] python_multipart.multipart: Calling on_header_end with no data
2025-07-27 23:47:29 [DEBUG] python_multipart.multipart: Calling on_header_field with data[40809:40821]
2025-07-27 23:47:29 [DEBUG] python_multipart.multipart: Calling on_header_value with data[40823:40833]
2025-07-27 23:47:29 [DEBUG] python_multipart.multipart: Calling on_header_end with no data
2025-07-27 23:47:29 [DEBUG] python_multipart.multipart: Calling on_headers_finished with no data
2025-07-27 23:47:29 [DEBUG] python_multipart.multipart: Calling on_part_data with data[40837:43777]
2025-07-27 23:47:29 [DEBUG] python_multipart.multipart: Calling on_part_end with no data
2025-07-27 23:47:29 [DEBUG] python_multipart.multipart: Calling on_part_begin with no data
2025-07-27 23:47:29 [DEBUG] python_multipart.multipart: Calling on_header_field with data[43821:43840]
2025-07-27 23:47:29 [DEBUG] python_multipart.multipart: Calling on_header_value with data[43842:43889]
2025-07-27 23:47:29 [DEBUG] python_multipart.multipart: Calling on_header_end with no data
2025-07-27 23:47:29 [DEBUG] python_multipart.multipart: Calling on_header_field with data[43891:43903]
2025-07-27 23:47:29 [DEBUG] python_multipart.multipart: Calling on_header_value with data[43905:43915]
2025-07-27 23:47:29 [DEBUG] python_multipart.multipart: Calling on_header_end with no data
2025-07-27 23:47:29 [DEBUG] python_multipart.multipart: Calling on_headers_finished with no data
2025-07-27 23:47:29 [DEBUG] python_multipart.multipart: Calling on_part_data with data[43919:46829]
2025-07-27 23:47:29 [DEBUG] python_multipart.multipart: Calling on_part_end with no data
2025-07-27 23:47:29 [DEBUG] python_multipart.multipart: Calling on_part_begin with no data
2025-07-27 23:47:29 [DEBUG] python_multipart.multipart: Calling on_header_field with data[46873:46892]
2025-07-27 23:47:29 [DEBUG] python_multipart.multipart: Calling on_header_value with data[46894:46941]
2025-07-27 23:47:29 [DEBUG] python_multipart.multipart: Calling on_header_end with no data
2025-07-27 23:47:29 [DEBUG] python_multipart.multipart: Calling on_header_field with data[46943:46955]
2025-07-27 23:47:29 [DEBUG] python_multipart.multipart: Calling on_header_value with data[46957:46967]
2025-07-27 23:47:29 [DEBUG] python_multipart.multipart: Calling on_header_end with no data
2025-07-27 23:47:29 [DEBUG] python_multipart.multipart: Calling on_headers_finished with no data
2025-07-27 23:47:29 [DEBUG] python_multipart.multipart: Calling on_part_data with data[46971:49847]
2025-07-27 23:47:29 [DEBUG] python_multipart.multipart: Calling on_part_end with no data
2025-07-27 23:47:29 [DEBUG] python_multipart.multipart: Calling on_part_begin with no data
2025-07-27 23:47:29 [DEBUG] python_multipart.multipart: Calling on_header_field with data[49891:49910]
2025-07-27 23:47:29 [DEBUG] python_multipart.multipart: Calling on_header_value with data[49912:49959]
2025-07-27 23:47:29 [DEBUG] python_multipart.multipart: Calling on_header_end with no data
2025-07-27 23:47:29 [DEBUG] python_multipart.multipart: Calling on_header_field with data[49961:49973]
2025-07-27 23:47:29 [DEBUG] python_multipart.multipart: Calling on_header_value with data[49975:49985]
2025-07-27 23:47:29 [DEBUG] python_multipart.multipart: Calling on_header_end with no data
2025-07-27 23:47:29 [DEBUG] python_multipart.multipart: Calling on_headers_finished with no data
2025-07-27 23:47:29 [DEBUG] python_multipart.multipart: Calling on_part_data with data[49989:52877]
2025-07-27 23:47:29 [DEBUG] python_multipart.multipart: Calling on_part_end with no data
2025-07-27 23:47:29 [DEBUG] python_multipart.multipart: Calling on_part_begin with no data
2025-07-27 23:47:29 [DEBUG] python_multipart.multipart: Calling on_header_field with data[52921:52940]
2025-07-27 23:47:29 [DEBUG] python_multipart.multipart: Calling on_header_value with data[52942:52989]
2025-07-27 23:47:29 [DEBUG] python_multipart.multipart: Calling on_header_end with no data
2025-07-27 23:47:29 [DEBUG] python_multipart.multipart: Calling on_header_field with data[52991:53003]
2025-07-27 23:47:29 [DEBUG] python_multipart.multipart: Calling on_header_value with data[53005:53015]
2025-07-27 23:47:29 [DEBUG] python_multipart.multipart: Calling on_header_end with no data
2025-07-27 23:47:29 [DEBUG] python_multipart.multipart: Calling on_headers_finished with no data
2025-07-27 23:47:29 [DEBUG] python_multipart.multipart: Calling on_part_data with data[53019:55901]
2025-07-27 23:47:29 [DEBUG] python_multipart.multipart: Calling on_part_end with no data
2025-07-27 23:47:29 [DEBUG] python_multipart.multipart: Calling on_part_begin with no data
2025-07-27 23:47:29 [DEBUG] python_multipart.multipart: Calling on_header_field with data[55945:55964]
2025-07-27 23:47:29 [DEBUG] python_multipart.multipart: Calling on_header_value with data[55966:56013]
2025-07-27 23:47:29 [DEBUG] python_multipart.multipart: Calling on_header_end with no data
2025-07-27 23:47:29 [DEBUG] python_multipart.multipart: Calling on_header_field with data[56015:56027]
2025-07-27 23:47:29 [DEBUG] python_multipart.multipart: Calling on_header_value with data[56029:56039]
2025-07-27 23:47:29 [DEBUG] python_multipart.multipart: Calling on_header_end with no data
2025-07-27 23:47:29 [DEBUG] python_multipart.multipart: Calling on_headers_finished with no data
2025-07-27 23:47:29 [DEBUG] python_multipart.multipart: Calling on_part_data with data[56043:58975]
2025-07-27 23:47:29 [DEBUG] python_multipart.multipart: Calling on_part_end with no data
2025-07-27 23:47:29 [DEBUG] python_multipart.multipart: Calling on_part_begin with no data
2025-07-27 23:47:29 [DEBUG] python_multipart.multipart: Calling on_header_field with data[59019:59038]
2025-07-27 23:47:29 [DEBUG] python_multipart.multipart: Calling on_header_value with data[59040:59087]
2025-07-27 23:47:29 [DEBUG] python_multipart.multipart: Calling on_header_end with no data
2025-07-27 23:47:29 [DEBUG] python_multipart.multipart: Calling on_header_field with data[59089:59101]
2025-07-27 23:47:29 [DEBUG] python_multipart.multipart: Calling on_header_value with data[59103:59113]
2025-07-27 23:47:29 [DEBUG] python_multipart.multipart: Calling on_header_end with no data
2025-07-27 23:47:29 [DEBUG] python_multipart.multipart: Calling on_headers_finished with no data
2025-07-27 23:47:29 [DEBUG] python_multipart.multipart: Calling on_part_data with data[59117:62037]
2025-07-27 23:47:29 [DEBUG] python_multipart.multipart: Calling on_part_end with no data
2025-07-27 23:47:29 [DEBUG] python_multipart.multipart: Calling on_part_begin with no data
2025-07-27 23:47:29 [DEBUG] python_multipart.multipart: Calling on_header_field with data[62081:62100]
2025-07-27 23:47:29 [DEBUG] python_multipart.multipart: Calling on_header_value with data[62102:62149]
2025-07-27 23:47:29 [DEBUG] python_multipart.multipart: Calling on_header_end with no data
2025-07-27 23:47:29 [DEBUG] python_multipart.multipart: Calling on_header_field with data[62151:62163]
2025-07-27 23:47:29 [DEBUG] python_multipart.multipart: Calling on_header_value with data[62165:62175]
2025-07-27 23:47:29 [DEBUG] python_multipart.multipart: Calling on_header_end with no data
2025-07-27 23:47:29 [DEBUG] python_multipart.multipart: Calling on_headers_finished with no data
2025-07-27 23:47:29 [DEBUG] python_multipart.multipart: Calling on_part_data with data[62179:65113]
2025-07-27 23:47:29 [DEBUG] python_multipart.multipart: Calling on_part_end with no data
2025-07-27 23:47:29 [DEBUG] python_multipart.multipart: Calling on_part_begin with no data
2025-07-27 23:47:29 [DEBUG] python_multipart.multipart: Calling on_header_field with data[65157:65176]
2025-07-27 23:47:29 [DEBUG] python_multipart.multipart: Calling on_header_value with data[65178:65225]
2025-07-27 23:47:29 [DEBUG] python_multipart.multipart: Calling on_header_end with no data
2025-07-27 23:47:29 [DEBUG] python_multipart.multipart: Calling on_header_field with data[65227:65239]
2025-07-27 23:47:29 [DEBUG] python_multipart.multipart: Calling on_header_value with data[65241:65251]
2025-07-27 23:47:29 [DEBUG] python_multipart.multipart: Calling on_header_end with no data
2025-07-27 23:47:29 [DEBUG] python_multipart.multipart: Calling on_headers_finished with no data
2025-07-27 23:47:29 [DEBUG] python_multipart.multipart: Calling on_part_data with data[65255:68125]
2025-07-27 23:47:29 [DEBUG] python_multipart.multipart: Calling on_part_end with no data
2025-07-27 23:47:29 [DEBUG] python_multipart.multipart: Calling on_part_begin with no data
2025-07-27 23:47:29 [DEBUG] python_multipart.multipart: Calling on_header_field with data[68169:68188]
2025-07-27 23:47:29 [DEBUG] python_multipart.multipart: Calling on_header_value with data[68190:68237]
2025-07-27 23:47:29 [DEBUG] python_multipart.multipart: Calling on_header_end with no data
2025-07-27 23:47:29 [DEBUG] python_multipart.multipart: Calling on_header_field with data[68239:68251]
2025-07-27 23:47:29 [DEBUG] python_multipart.multipart: Calling on_header_value with data[68253:68263]
2025-07-27 23:47:29 [DEBUG] python_multipart.multipart: Calling on_header_end with no data
2025-07-27 23:47:29 [DEBUG] python_multipart.multipart: Calling on_headers_finished with no data
2025-07-27 23:47:29 [DEBUG] python_multipart.multipart: Calling on_part_data with data[68267:71127]
2025-07-27 23:47:29 [DEBUG] python_multipart.multipart: Calling on_part_end with no data
2025-07-27 23:47:29 [DEBUG] python_multipart.multipart: Calling on_part_begin with no data
2025-07-27 23:47:29 [DEBUG] python_multipart.multipart: Calling on_header_field with data[71171:71190]
2025-07-27 23:47:29 [DEBUG] python_multipart.multipart: Calling on_header_value with data[71192:71239]
2025-07-27 23:47:29 [DEBUG] python_multipart.multipart: Calling on_header_end with no data
2025-07-27 23:47:29 [DEBUG] python_multipart.multipart: Calling on_header_field with data[71241:71253]
2025-07-27 23:47:29 [DEBUG] python_multipart.multipart: Calling on_header_value with data[71255:71265]
2025-07-27 23:47:29 [DEBUG] python_multipart.multipart: Calling on_header_end with no data
2025-07-27 23:47:29 [DEBUG] python_multipart.multipart: Calling on_headers_finished with no data
2025-07-27 23:47:29 [DEBUG] python_multipart.multipart: Calling on_part_data with data[71269:74115]
2025-07-27 23:47:29 [DEBUG] python_multipart.multipart: Calling on_part_end with no data
2025-07-27 23:47:29 [DEBUG] python_multipart.multipart: Calling on_part_begin with no data
2025-07-27 23:47:29 [DEBUG] python_multipart.multipart: Calling on_header_field with data[74159:74178]
2025-07-27 23:47:29 [DEBUG] python_multipart.multipart: Calling on_header_value with data[74180:74227]
2025-07-27 23:47:29 [DEBUG] python_multipart.multipart: Calling on_header_end with no data
2025-07-27 23:47:29 [DEBUG] python_multipart.multipart: Calling on_header_field with data[74229:74241]
2025-07-27 23:47:29 [DEBUG] python_multipart.multipart: Calling on_header_value with data[74243:74253]
2025-07-27 23:47:29 [DEBUG] python_multipart.multipart: Calling on_header_end with no data
2025-07-27 23:47:29 [DEBUG] python_multipart.multipart: Calling on_headers_finished with no data
2025-07-27 23:47:29 [DEBUG] python_multipart.multipart: Calling on_part_data with data[74257:77169]
2025-07-27 23:47:29 [DEBUG] python_multipart.multipart: Calling on_part_end with no data
2025-07-27 23:47:29 [DEBUG] python_multipart.multipart: Calling on_part_begin with no data
2025-07-27 23:47:29 [DEBUG] python_multipart.multipart: Calling on_header_field with data[77213:77232]
2025-07-27 23:47:29 [DEBUG] python_multipart.multipart: Calling on_header_value with data[77234:77281]
2025-07-27 23:47:29 [DEBUG] python_multipart.multipart: Calling on_header_end with no data
2025-07-27 23:47:29 [DEBUG] python_multipart.multipart: Calling on_header_field with data[77283:77295]
2025-07-27 23:47:29 [DEBUG] python_multipart.multipart: Calling on_header_value with data[77297:77307]
2025-07-27 23:47:29 [DEBUG] python_multipart.multipart: Calling on_header_end with no data
2025-07-27 23:47:29 [DEBUG] python_multipart.multipart: Calling on_headers_finished with no data
2025-07-27 23:47:29 [DEBUG] python_multipart.multipart: Calling on_part_data with data[77311:80217]
2025-07-27 23:47:29 [DEBUG] python_multipart.multipart: Calling on_part_end with no data
2025-07-27 23:47:29 [DEBUG] python_multipart.multipart: Calling on_part_begin with no data
2025-07-27 23:47:29 [DEBUG] python_multipart.multipart: Calling on_header_field with data[80261:80280]
2025-07-27 23:47:29 [DEBUG] python_multipart.multipart: Calling on_header_value with data[80282:80329]
2025-07-27 23:47:29 [DEBUG] python_multipart.multipart: Calling on_header_end with no data
2025-07-27 23:47:29 [DEBUG] python_multipart.multipart: Calling on_header_field with data[80331:80343]
2025-07-27 23:47:29 [DEBUG] python_multipart.multipart: Calling on_header_value with data[80345:80355]
2025-07-27 23:47:29 [DEBUG] python_multipart.multipart: Calling on_header_end with no data
2025-07-27 23:47:29 [DEBUG] python_multipart.multipart: Calling on_headers_finished with no data
2025-07-27 23:47:29 [DEBUG] python_multipart.multipart: Calling on_part_data with data[80359:83265]
2025-07-27 23:47:29 [DEBUG] python_multipart.multipart: Calling on_part_end with no data
2025-07-27 23:47:29 [DEBUG] python_multipart.multipart: Calling on_part_begin with no data
2025-07-27 23:47:29 [DEBUG] python_multipart.multipart: Calling on_header_field with data[83309:83328]
2025-07-27 23:47:29 [DEBUG] python_multipart.multipart: Calling on_header_value with data[83330:83377]
2025-07-27 23:47:29 [DEBUG] python_multipart.multipart: Calling on_header_end with no data
2025-07-27 23:47:29 [DEBUG] python_multipart.multipart: Calling on_header_field with data[83379:83391]
2025-07-27 23:47:29 [DEBUG] python_multipart.multipart: Calling on_header_value with data[83393:83403]
2025-07-27 23:47:29 [DEBUG] python_multipart.multipart: Calling on_header_end with no data
2025-07-27 23:47:29 [DEBUG] python_multipart.multipart: Calling on_headers_finished with no data
2025-07-27 23:47:29 [DEBUG] python_multipart.multipart: Calling on_part_data with data[83407:86227]
2025-07-27 23:47:29 [DEBUG] python_multipart.multipart: Calling on_part_end with no data
2025-07-27 23:47:29 [DEBUG] python_multipart.multipart: Calling on_part_begin with no data
2025-07-27 23:47:29 [DEBUG] python_multipart.multipart: Calling on_header_field with data[86271:86290]
2025-07-27 23:47:29 [DEBUG] python_multipart.multipart: Calling on_header_value with data[86292:86339]
2025-07-27 23:47:29 [DEBUG] python_multipart.multipart: Calling on_header_end with no data
2025-07-27 23:47:29 [DEBUG] python_multipart.multipart: Calling on_header_field with data[86341:86353]
2025-07-27 23:47:29 [DEBUG] python_multipart.multipart: Calling on_header_value with data[86355:86365]
2025-07-27 23:47:29 [DEBUG] python_multipart.multipart: Calling on_header_end with no data
2025-07-27 23:47:29 [DEBUG] python_multipart.multipart: Calling on_headers_finished with no data
2025-07-27 23:47:29 [DEBUG] python_multipart.multipart: Calling on_part_data with data[86369:89077]
2025-07-27 23:47:29 [DEBUG] python_multipart.multipart: Calling on_part_end with no data
2025-07-27 23:47:29 [DEBUG] python_multipart.multipart: Calling on_part_begin with no data
2025-07-27 23:47:29 [DEBUG] python_multipart.multipart: Calling on_header_field with data[89121:89140]
2025-07-27 23:47:29 [DEBUG] python_multipart.multipart: Calling on_header_value with data[89142:89189]
2025-07-27 23:47:29 [DEBUG] python_multipart.multipart: Calling on_header_end with no data
2025-07-27 23:47:29 [DEBUG] python_multipart.multipart: Calling on_header_field with data[89191:89203]
2025-07-27 23:47:29 [DEBUG] python_multipart.multipart: Calling on_header_value with data[89205:89215]
2025-07-27 23:47:29 [DEBUG] python_multipart.multipart: Calling on_header_end with no data
2025-07-27 23:47:29 [DEBUG] python_multipart.multipart: Calling on_headers_finished with no data
2025-07-27 23:47:29 [DEBUG] python_multipart.multipart: Calling on_part_data with data[89219:91949]
2025-07-27 23:47:29 [DEBUG] python_multipart.multipart: Calling on_part_end with no data
2025-07-27 23:47:29 [DEBUG] python_multipart.multipart: Calling on_part_begin with no data
2025-07-27 23:47:29 [DEBUG] python_multipart.multipart: Calling on_header_field with data[91993:92012]
2025-07-27 23:47:29 [DEBUG] python_multipart.multipart: Calling on_header_value with data[92014:92061]
2025-07-27 23:47:29 [DEBUG] python_multipart.multipart: Calling on_header_end with no data
2025-07-27 23:47:29 [DEBUG] python_multipart.multipart: Calling on_header_field with data[92063:92075]
2025-07-27 23:47:29 [DEBUG] python_multipart.multipart: Calling on_header_value with data[92077:92087]
2025-07-27 23:47:29 [DEBUG] python_multipart.multipart: Calling on_header_end with no data
2025-07-27 23:47:29 [DEBUG] python_multipart.multipart: Calling on_headers_finished with no data
2025-07-27 23:47:29 [DEBUG] python_multipart.multipart: Calling on_part_data with data[92091:94795]
2025-07-27 23:47:29 [DEBUG] python_multipart.multipart: Calling on_part_end with no data
2025-07-27 23:47:29 [DEBUG] python_multipart.multipart: Calling on_part_begin with no data
2025-07-27 23:47:29 [DEBUG] python_multipart.multipart: Calling on_header_field with data[94839:94858]
2025-07-27 23:47:29 [DEBUG] python_multipart.multipart: Calling on_header_value with data[94860:94907]
2025-07-27 23:47:29 [DEBUG] python_multipart.multipart: Calling on_header_end with no data
2025-07-27 23:47:29 [DEBUG] python_multipart.multipart: Calling on_header_field with data[94909:94921]
2025-07-27 23:47:29 [DEBUG] python_multipart.multipart: Calling on_header_value with data[94923:94933]
2025-07-27 23:47:29 [DEBUG] python_multipart.multipart: Calling on_header_end with no data
2025-07-27 23:47:29 [DEBUG] python_multipart.multipart: Calling on_headers_finished with no data
2025-07-27 23:47:29 [DEBUG] python_multipart.multipart: Calling on_part_data with data[94937:97665]
2025-07-27 23:47:29 [DEBUG] python_multipart.multipart: Calling on_part_end with no data
2025-07-27 23:47:29 [DEBUG] python_multipart.multipart: Calling on_part_begin with no data
2025-07-27 23:47:29 [DEBUG] python_multipart.multipart: Calling on_header_field with data[97709:97728]
2025-07-27 23:47:29 [DEBUG] python_multipart.multipart: Calling on_header_value with data[97730:97777]
2025-07-27 23:47:29 [DEBUG] python_multipart.multipart: Calling on_header_end with no data
2025-07-27 23:47:29 [DEBUG] python_multipart.multipart: Calling on_header_field with data[97779:97791]
2025-07-27 23:47:29 [DEBUG] python_multipart.multipart: Calling on_header_value with data[97793:97803]
2025-07-27 23:47:29 [DEBUG] python_multipart.multipart: Calling on_header_end with no data
2025-07-27 23:47:29 [DEBUG] python_multipart.multipart: Calling on_headers_finished with no data
2025-07-27 23:47:29 [DEBUG] python_multipart.multipart: Calling on_part_data with data[97807:100553]
2025-07-27 23:47:29 [DEBUG] python_multipart.multipart: Calling on_part_end with no data
2025-07-27 23:47:29 [DEBUG] python_multipart.multipart: Calling on_part_begin with no data
2025-07-27 23:47:29 [DEBUG] python_multipart.multipart: Calling on_header_field with data[100597:100616]
2025-07-27 23:47:29 [DEBUG] python_multipart.multipart: Calling on_header_value with data[100618:100665]
2025-07-27 23:47:29 [DEBUG] python_multipart.multipart: Calling on_header_end with no data
2025-07-27 23:47:29 [DEBUG] python_multipart.multipart: Calling on_header_field with data[100667:100679]
2025-07-27 23:47:29 [DEBUG] python_multipart.multipart: Calling on_header_value with data[100681:100691]
2025-07-27 23:47:29 [DEBUG] python_multipart.multipart: Calling on_header_end with no data
2025-07-27 23:47:29 [DEBUG] python_multipart.multipart: Calling on_headers_finished with no data
2025-07-27 23:47:29 [DEBUG] python_multipart.multipart: Calling on_part_data with data[100695:103445]
2025-07-27 23:47:29 [DEBUG] python_multipart.multipart: Calling on_part_end with no data
2025-07-27 23:47:29 [DEBUG] python_multipart.multipart: Calling on_part_begin with no data
2025-07-27 23:47:29 [DEBUG] python_multipart.multipart: Calling on_header_field with data[103489:103508]
2025-07-27 23:47:29 [DEBUG] python_multipart.multipart: Calling on_header_value with data[103510:103557]
2025-07-27 23:47:29 [DEBUG] python_multipart.multipart: Calling on_header_end with no data
2025-07-27 23:47:29 [DEBUG] python_multipart.multipart: Calling on_header_field with data[103559:103571]
2025-07-27 23:47:29 [DEBUG] python_multipart.multipart: Calling on_header_value with data[103573:103583]
2025-07-27 23:47:29 [DEBUG] python_multipart.multipart: Calling on_header_end with no data
2025-07-27 23:47:29 [DEBUG] python_multipart.multipart: Calling on_headers_finished with no data
2025-07-27 23:47:29 [DEBUG] python_multipart.multipart: Calling on_part_data with data[103587:106275]
2025-07-27 23:47:29 [DEBUG] python_multipart.multipart: Calling on_part_end with no data
2025-07-27 23:47:29 [DEBUG] python_multipart.multipart: Calling on_part_begin with no data
2025-07-27 23:47:29 [DEBUG] python_multipart.multipart: Calling on_header_field with data[106319:106338]
2025-07-27 23:47:29 [DEBUG] python_multipart.multipart: Calling on_header_value with data[106340:106387]
2025-07-27 23:47:29 [DEBUG] python_multipart.multipart: Calling on_header_end with no data
2025-07-27 23:47:29 [DEBUG] python_multipart.multipart: Calling on_header_field with data[106389:106401]
2025-07-27 23:47:29 [DEBUG] python_multipart.multipart: Calling on_header_value with data[106403:106413]
2025-07-27 23:47:29 [DEBUG] python_multipart.multipart: Calling on_header_end with no data
2025-07-27 23:47:29 [DEBUG] python_multipart.multipart: Calling on_headers_finished with no data
2025-07-27 23:47:29 [DEBUG] python_multipart.multipart: Calling on_part_data with data[106417:109117]
2025-07-27 23:47:29 [DEBUG] python_multipart.multipart: Calling on_part_end with no data
2025-07-27 23:47:29 [DEBUG] python_multipart.multipart: Calling on_part_begin with no data
2025-07-27 23:47:29 [DEBUG] python_multipart.multipart: Calling on_header_field with data[109161:109180]
2025-07-27 23:47:29 [DEBUG] python_multipart.multipart: Calling on_header_value with data[109182:109229]
2025-07-27 23:47:29 [DEBUG] python_multipart.multipart: Calling on_header_end with no data
2025-07-27 23:47:29 [DEBUG] python_multipart.multipart: Calling on_header_field with data[109231:109243]
2025-07-27 23:47:29 [DEBUG] python_multipart.multipart: Calling on_header_value with data[109245:109255]
2025-07-27 23:47:29 [DEBUG] python_multipart.multipart: Calling on_header_end with no data
2025-07-27 23:47:29 [DEBUG] python_multipart.multipart: Calling on_headers_finished with no data
2025-07-27 23:47:29 [DEBUG] python_multipart.multipart: Calling on_part_data with data[109259:111997]
2025-07-27 23:47:29 [DEBUG] python_multipart.multipart: Calling on_part_end with no data
2025-07-27 23:47:29 [DEBUG] python_multipart.multipart: Calling on_part_begin with no data
2025-07-27 23:47:29 [DEBUG] python_multipart.multipart: Calling on_header_field with data[112041:112060]
2025-07-27 23:47:29 [DEBUG] python_multipart.multipart: Calling on_header_value with data[112062:112109]
2025-07-27 23:47:29 [DEBUG] python_multipart.multipart: Calling on_header_end with no data
2025-07-27 23:47:29 [DEBUG] python_multipart.multipart: Calling on_header_field with data[112111:112123]
2025-07-27 23:47:29 [DEBUG] python_multipart.multipart: Calling on_header_value with data[112125:112135]
2025-07-27 23:47:29 [DEBUG] python_multipart.multipart: Calling on_header_end with no data
2025-07-27 23:47:29 [DEBUG] python_multipart.multipart: Calling on_headers_finished with no data
2025-07-27 23:47:29 [DEBUG] python_multipart.multipart: Calling on_part_data with data[112139:114949]
2025-07-27 23:47:29 [DEBUG] python_multipart.multipart: Calling on_part_end with no data
2025-07-27 23:47:29 [DEBUG] python_multipart.multipart: Calling on_part_begin with no data
2025-07-27 23:47:29 [DEBUG] python_multipart.multipart: Calling on_header_field with data[114993:115012]
2025-07-27 23:47:29 [DEBUG] python_multipart.multipart: Calling on_header_value with data[115014:115061]
2025-07-27 23:47:29 [DEBUG] python_multipart.multipart: Calling on_header_end with no data
2025-07-27 23:47:29 [DEBUG] python_multipart.multipart: Calling on_header_field with data[115063:115075]
2025-07-27 23:47:29 [DEBUG] python_multipart.multipart: Calling on_header_value with data[115077:115087]
2025-07-27 23:47:29 [DEBUG] python_multipart.multipart: Calling on_header_end with no data
2025-07-27 23:47:29 [DEBUG] python_multipart.multipart: Calling on_headers_finished with no data
2025-07-27 23:47:29 [DEBUG] python_multipart.multipart: Calling on_part_data with data[115091:117877]
2025-07-27 23:47:29 [DEBUG] python_multipart.multipart: Calling on_part_end with no data
2025-07-27 23:47:29 [DEBUG] python_multipart.multipart: Calling on_part_begin with no data
2025-07-27 23:47:29 [DEBUG] python_multipart.multipart: Calling on_header_field with data[117921:117940]
2025-07-27 23:47:29 [DEBUG] python_multipart.multipart: Calling on_header_value with data[117942:117989]
2025-07-27 23:47:29 [DEBUG] python_multipart.multipart: Calling on_header_end with no data
2025-07-27 23:47:29 [DEBUG] python_multipart.multipart: Calling on_header_field with data[117991:118003]
2025-07-27 23:47:29 [DEBUG] python_multipart.multipart: Calling on_header_value with data[118005:118015]
2025-07-27 23:47:29 [DEBUG] python_multipart.multipart: Calling on_header_end with no data
2025-07-27 23:47:29 [DEBUG] python_multipart.multipart: Calling on_headers_finished with no data
2025-07-27 23:47:29 [DEBUG] python_multipart.multipart: Calling on_part_data with data[118019:120733]
2025-07-27 23:47:29 [DEBUG] python_multipart.multipart: Calling on_part_end with no data
2025-07-27 23:47:29 [DEBUG] python_multipart.multipart: Calling on_part_begin with no data
2025-07-27 23:47:29 [DEBUG] python_multipart.multipart: Calling on_header_field with data[120777:120796]
2025-07-27 23:47:29 [DEBUG] python_multipart.multipart: Calling on_header_value with data[120798:120845]
2025-07-27 23:47:29 [DEBUG] python_multipart.multipart: Calling on_header_end with no data
2025-07-27 23:47:29 [DEBUG] python_multipart.multipart: Calling on_header_field with data[120847:120859]
2025-07-27 23:47:29 [DEBUG] python_multipart.multipart: Calling on_header_value with data[120861:120871]
2025-07-27 23:47:29 [DEBUG] python_multipart.multipart: Calling on_header_end with no data
2025-07-27 23:47:29 [DEBUG] python_multipart.multipart: Calling on_headers_finished with no data
2025-07-27 23:47:29 [DEBUG] python_multipart.multipart: Calling on_part_data with data[120875:123535]
2025-07-27 23:47:29 [DEBUG] python_multipart.multipart: Calling on_part_end with no data
2025-07-27 23:47:29 [DEBUG] python_multipart.multipart: Calling on_part_begin with no data
2025-07-27 23:47:29 [DEBUG] python_multipart.multipart: Calling on_header_field with data[123579:123598]
2025-07-27 23:47:29 [DEBUG] python_multipart.multipart: Calling on_header_value with data[123600:123647]
2025-07-27 23:47:29 [DEBUG] python_multipart.multipart: Calling on_header_end with no data
2025-07-27 23:47:29 [DEBUG] python_multipart.multipart: Calling on_header_field with data[123649:123661]
2025-07-27 23:47:29 [DEBUG] python_multipart.multipart: Calling on_header_value with data[123663:123673]
2025-07-27 23:47:29 [DEBUG] python_multipart.multipart: Calling on_header_end with no data
2025-07-27 23:47:29 [DEBUG] python_multipart.multipart: Calling on_headers_finished with no data
2025-07-27 23:47:29 [DEBUG] python_multipart.multipart: Calling on_part_data with data[123677:126377]
2025-07-27 23:47:29 [DEBUG] python_multipart.multipart: Calling on_part_end with no data
2025-07-27 23:47:29 [DEBUG] python_multipart.multipart: Calling on_part_begin with no data
2025-07-27 23:47:29 [DEBUG] python_multipart.multipart: Calling on_header_field with data[126421:126440]
2025-07-27 23:47:29 [DEBUG] python_multipart.multipart: Calling on_header_value with data[126442:126489]
2025-07-27 23:47:29 [DEBUG] python_multipart.multipart: Calling on_header_end with no data
2025-07-27 23:47:29 [DEBUG] python_multipart.multipart: Calling on_header_field with data[126491:126503]
2025-07-27 23:47:29 [DEBUG] python_multipart.multipart: Calling on_header_value with data[126505:126515]
2025-07-27 23:47:29 [DEBUG] python_multipart.multipart: Calling on_header_end with no data
2025-07-27 23:47:29 [DEBUG] python_multipart.multipart: Calling on_headers_finished with no data
2025-07-27 23:47:29 [DEBUG] python_multipart.multipart: Calling on_part_data with data[126519:129291]
2025-07-27 23:47:29 [DEBUG] python_multipart.multipart: Calling on_part_end with no data
2025-07-27 23:47:29 [DEBUG] python_multipart.multipart: Calling on_part_begin with no data
2025-07-27 23:47:29 [DEBUG] python_multipart.multipart: Calling on_header_field with data[129335:129354]
2025-07-27 23:47:29 [DEBUG] python_multipart.multipart: Calling on_header_value with data[129356:129403]
2025-07-27 23:47:29 [DEBUG] python_multipart.multipart: Calling on_header_end with no data
2025-07-27 23:47:29 [DEBUG] python_multipart.multipart: Calling on_header_field with data[129405:129417]
2025-07-27 23:47:29 [DEBUG] python_multipart.multipart: Calling on_header_value with data[129419:129429]
2025-07-27 23:47:29 [DEBUG] python_multipart.multipart: Calling on_header_end with no data
2025-07-27 23:47:29 [DEBUG] python_multipart.multipart: Calling on_headers_finished with no data
2025-07-27 23:47:29 [DEBUG] python_multipart.multipart: Calling on_part_data with data[129433:132097]
2025-07-27 23:47:29 [DEBUG] python_multipart.multipart: Calling on_part_end with no data
2025-07-27 23:47:29 [DEBUG] python_multipart.multipart: Calling on_part_begin with no data
2025-07-27 23:47:29 [DEBUG] python_multipart.multipart: Calling on_header_field with data[132141:132160]
2025-07-27 23:47:29 [DEBUG] python_multipart.multipart: Calling on_header_value with data[132162:132209]
2025-07-27 23:47:29 [DEBUG] python_multipart.multipart: Calling on_header_end with no data
2025-07-27 23:47:29 [DEBUG] python_multipart.multipart: Calling on_header_field with data[132211:132223]
2025-07-27 23:47:29 [DEBUG] python_multipart.multipart: Calling on_header_value with data[132225:132235]
2025-07-27 23:47:29 [DEBUG] python_multipart.multipart: Calling on_header_end with no data
2025-07-27 23:47:29 [DEBUG] python_multipart.multipart: Calling on_headers_finished with no data
2025-07-27 23:47:30 [DEBUG] python_multipart.multipart: Calling on_part_data with data[132239:134945]
2025-07-27 23:47:30 [DEBUG] python_multipart.multipart: Calling on_part_end with no data
2025-07-27 23:47:30 [DEBUG] python_multipart.multipart: Calling on_part_begin with no data
2025-07-27 23:47:30 [DEBUG] python_multipart.multipart: Calling on_header_field with data[134989:135008]
2025-07-27 23:47:30 [DEBUG] python_multipart.multipart: Calling on_header_value with data[135010:135057]
2025-07-27 23:47:30 [DEBUG] python_multipart.multipart: Calling on_header_end with no data
2025-07-27 23:47:30 [DEBUG] python_multipart.multipart: Calling on_header_field with data[135059:135071]
2025-07-27 23:47:30 [DEBUG] python_multipart.multipart: Calling on_header_value with data[135073:135083]
2025-07-27 23:47:30 [DEBUG] python_multipart.multipart: Calling on_header_end with no data
2025-07-27 23:47:30 [DEBUG] python_multipart.multipart: Calling on_headers_finished with no data
2025-07-27 23:47:30 [DEBUG] python_multipart.multipart: Calling on_part_data with data[135087:137747]
2025-07-27 23:47:30 [DEBUG] python_multipart.multipart: Calling on_part_end with no data
2025-07-27 23:47:30 [DEBUG] python_multipart.multipart: Calling on_part_begin with no data
2025-07-27 23:47:30 [DEBUG] python_multipart.multipart: Calling on_header_field with data[137791:137810]
2025-07-27 23:47:30 [DEBUG] python_multipart.multipart: Calling on_header_value with data[137812:137859]
2025-07-27 23:47:30 [DEBUG] python_multipart.multipart: Calling on_header_end with no data
2025-07-27 23:47:30 [DEBUG] python_multipart.multipart: Calling on_header_field with data[137861:137873]
2025-07-27 23:47:30 [DEBUG] python_multipart.multipart: Calling on_header_value with data[137875:137885]
2025-07-27 23:47:30 [DEBUG] python_multipart.multipart: Calling on_header_end with no data
2025-07-27 23:47:30 [DEBUG] python_multipart.multipart: Calling on_headers_finished with no data
2025-07-27 23:47:30 [DEBUG] python_multipart.multipart: Calling on_part_data with data[137889:140495]
2025-07-27 23:47:30 [DEBUG] python_multipart.multipart: Calling on_part_end with no data
2025-07-27 23:47:30 [DEBUG] python_multipart.multipart: Calling on_part_begin with no data
2025-07-27 23:47:30 [DEBUG] python_multipart.multipart: Calling on_header_field with data[140539:140558]
2025-07-27 23:47:30 [DEBUG] python_multipart.multipart: Calling on_header_value with data[140560:140607]
2025-07-27 23:47:30 [DEBUG] python_multipart.multipart: Calling on_header_end with no data
2025-07-27 23:47:30 [DEBUG] python_multipart.multipart: Calling on_header_field with data[140609:140621]
2025-07-27 23:47:30 [DEBUG] python_multipart.multipart: Calling on_header_value with data[140623:140633]
2025-07-27 23:47:30 [DEBUG] python_multipart.multipart: Calling on_header_end with no data
2025-07-27 23:47:30 [DEBUG] python_multipart.multipart: Calling on_headers_finished with no data
2025-07-27 23:47:30 [DEBUG] python_multipart.multipart: Calling on_part_data with data[140637:143249]
2025-07-27 23:47:30 [DEBUG] python_multipart.multipart: Calling on_part_end with no data
2025-07-27 23:47:30 [DEBUG] python_multipart.multipart: Calling on_part_begin with no data
2025-07-27 23:47:30 [DEBUG] python_multipart.multipart: Calling on_header_field with data[143293:143312]
2025-07-27 23:47:30 [DEBUG] python_multipart.multipart: Calling on_header_value with data[143314:143361]
2025-07-27 23:47:30 [DEBUG] python_multipart.multipart: Calling on_header_end with no data
2025-07-27 23:47:30 [DEBUG] python_multipart.multipart: Calling on_header_field with data[143363:143375]
2025-07-27 23:47:30 [DEBUG] python_multipart.multipart: Calling on_header_value with data[143377:143387]
2025-07-27 23:47:30 [DEBUG] python_multipart.multipart: Calling on_header_end with no data
2025-07-27 23:47:30 [DEBUG] python_multipart.multipart: Calling on_headers_finished with no data
2025-07-27 23:47:30 [DEBUG] python_multipart.multipart: Calling on_part_data with data[143391:145915]
2025-07-27 23:47:30 [DEBUG] python_multipart.multipart: Calling on_part_end with no data
2025-07-27 23:47:30 [DEBUG] python_multipart.multipart: Calling on_part_begin with no data
2025-07-27 23:47:30 [DEBUG] python_multipart.multipart: Calling on_header_field with data[145959:145978]
2025-07-27 23:47:30 [DEBUG] python_multipart.multipart: Calling on_header_value with data[145980:146027]
2025-07-27 23:47:30 [DEBUG] python_multipart.multipart: Calling on_header_end with no data
2025-07-27 23:47:30 [DEBUG] python_multipart.multipart: Calling on_header_field with data[146029:146041]
2025-07-27 23:47:30 [DEBUG] python_multipart.multipart: Calling on_header_value with data[146043:146053]
2025-07-27 23:47:30 [DEBUG] python_multipart.multipart: Calling on_header_end with no data
2025-07-27 23:47:30 [DEBUG] python_multipart.multipart: Calling on_headers_finished with no data
2025-07-27 23:47:30 [DEBUG] python_multipart.multipart: Calling on_part_data with data[146057:148615]
2025-07-27 23:47:30 [DEBUG] python_multipart.multipart: Calling on_part_end with no data
2025-07-27 23:47:30 [DEBUG] python_multipart.multipart: Calling on_end with no data
2025-07-27 23:47:30 [INFO] face-presence-api: Registering user: 44
2025-07-27 23:47:31 [DEBUG] PIL.Image: Importing AvifImagePlugin
2025-07-27 23:47:31 [DEBUG] PIL.Image: Importing BlpImagePlugin
2025-07-27 23:47:31 [DEBUG] PIL.Image: Importing BmpImagePlugin
2025-07-27 23:47:31 [DEBUG] PIL.Image: Importing BufrStubImagePlugin
2025-07-27 23:47:31 [DEBUG] PIL.Image: Importing CurImagePlugin
2025-07-27 23:47:31 [DEBUG] PIL.Image: Importing DcxImagePlugin
2025-07-27 23:47:31 [DEBUG] PIL.Image: Importing DdsImagePlugin
2025-07-27 23:47:31 [DEBUG] PIL.Image: Importing EpsImagePlugin
2025-07-27 23:47:31 [DEBUG] PIL.Image: Importing FitsImagePlugin
2025-07-27 23:47:31 [DEBUG] PIL.Image: Importing FliImagePlugin
2025-07-27 23:47:31 [DEBUG] PIL.Image: Importing FpxImagePlugin
2025-07-27 23:47:31 [DEBUG] PIL.Image: Image: failed to import FpxImagePlugin: No module named 'olefile'
2025-07-27 23:47:31 [DEBUG] PIL.Image: Importing FtexImagePlugin
2025-07-27 23:47:31 [DEBUG] PIL.Image: Importing GbrImagePlugin
2025-07-27 23:47:31 [DEBUG] PIL.Image: Importing GifImagePlugin
2025-07-27 23:47:31 [DEBUG] PIL.Image: Importing GribStubImagePlugin
2025-07-27 23:47:31 [DEBUG] PIL.Image: Importing Hdf5StubImagePlugin
2025-07-27 23:47:31 [DEBUG] PIL.Image: Importing IcnsImagePlugin
2025-07-27 23:47:31 [DEBUG] PIL.Image: Importing IcoImagePlugin
2025-07-27 23:47:31 [DEBUG] PIL.Image: Importing ImImagePlugin
2025-07-27 23:47:31 [DEBUG] PIL.Image: Importing ImtImagePlugin
2025-07-27 23:47:31 [DEBUG] PIL.Image: Importing IptcImagePlugin
2025-07-27 23:47:31 [DEBUG] PIL.Image: Importing JpegImagePlugin
2025-07-27 23:47:31 [DEBUG] PIL.Image: Importing Jpeg2KImagePlugin
2025-07-27 23:47:31 [DEBUG] PIL.Image: Importing McIdasImagePlugin
2025-07-27 23:47:31 [DEBUG] PIL.Image: Importing MicImagePlugin
2025-07-27 23:47:31 [DEBUG] PIL.Image: Image: failed to import MicImagePlugin: No module named 'olefile'
2025-07-27 23:47:31 [DEBUG] PIL.Image: Importing MpegImagePlugin
2025-07-27 23:47:31 [DEBUG] PIL.Image: Importing MpoImagePlugin
2025-07-27 23:47:31 [DEBUG] PIL.Image: Importing MspImagePlugin
2025-07-27 23:47:31 [DEBUG] PIL.Image: Importing PalmImagePlugin
2025-07-27 23:47:31 [DEBUG] PIL.Image: Importing PcdImagePlugin
2025-07-27 23:47:31 [DEBUG] PIL.Image: Importing PcxImagePlugin
2025-07-27 23:47:31 [DEBUG] PIL.Image: Importing PdfImagePlugin
2025-07-27 23:47:32 [DEBUG] PIL.Image: Importing PixarImagePlugin
2025-07-27 23:47:32 [DEBUG] PIL.Image: Importing PngImagePlugin
2025-07-27 23:47:32 [DEBUG] PIL.Image: Importing PpmImagePlugin
2025-07-27 23:47:32 [DEBUG] PIL.Image: Importing PsdImagePlugin
2025-07-27 23:47:32 [DEBUG] PIL.Image: Importing QoiImagePlugin
2025-07-27 23:47:32 [DEBUG] PIL.Image: Importing SgiImagePlugin
2025-07-27 23:47:32 [DEBUG] PIL.Image: Importing SpiderImagePlugin
2025-07-27 23:47:32 [DEBUG] PIL.Image: Importing SunImagePlugin
2025-07-27 23:47:32 [DEBUG] PIL.Image: Importing TgaImagePlugin
2025-07-27 23:47:32 [DEBUG] PIL.Image: Importing TiffImagePlugin
2025-07-27 23:47:32 [DEBUG] PIL.Image: Importing WebPImagePlugin
2025-07-27 23:47:32 [DEBUG] PIL.Image: Importing WmfImagePlugin
2025-07-27 23:47:32 [DEBUG] PIL.Image: Importing XbmImagePlugin
2025-07-27 23:47:32 [DEBUG] PIL.Image: Importing XpmImagePlugin
2025-07-27 23:47:32 [DEBUG] PIL.Image: Importing XVThumbImagePlugin
2025-07-27 23:47:32 [INFO] watchfiles.main: 1 change detected
2025-07-27 23:47:33 [DEBUG] face-presence-api: 🧹 Memory cleared with garbage collector.
2025-07-27 23:47:33 [INFO] face-presence-api: 📁 10 test image berhasil disimpan untuk user 44 di F:\Kuliah\Skripsi\praktisi-face-presence-api\src\storage\test_images\44
2025-07-27 23:47:33 [INFO] watchfiles.main: 9 changes detected
2025-07-27 23:47:33 [DEBUG] face-presence-api: 🧹 Memory cleared with garbage collector.
2025-07-27 23:47:33 [INFO] face-presence-api: Processing batch 1/8
2025-07-27 23:47:34 [INFO] face-presence-api: Processing batch 2/8
2025-07-27 23:47:34 [DEBUG] face-presence-api: [BatchLogger] No verifications, skip flush
2025-07-27 23:47:34 [DEBUG] face-presence-api: [BatchLogger] No registrations, skip flush
2025-07-27 23:47:35 [INFO] face-presence-api: Processing batch 3/8
2025-07-27 23:47:35 [INFO] face-presence-api: Processing batch 4/8
2025-07-27 23:47:35 [INFO] face-presence-api: Processing batch 5/8
2025-07-27 23:47:36 [INFO] face-presence-api: Processing batch 6/8
2025-07-27 23:47:36 [INFO] face-presence-api: Processing batch 7/8
2025-07-27 23:47:36 [INFO] face-presence-api: Processing batch 8/8
2025-07-27 23:47:37 [INFO] face-presence-api: Finished processing 40 valid embeddings from 40 images
2025-07-27 23:47:37 [INFO] face-presence-api: Validasi berhasil: 40 embeddings valid
2025-07-27 23:47:37 [INFO] face-presence-api: Validasi berhasil: 40 embeddings valid
2025-07-27 23:47:37 [INFO] face-presence-api: Embedding berhasil disimpan untuk user 44 di F:\Kuliah\Skripsi\praktisi-face-presence-api\src\storage\embeddings\44.pkl
2025-07-27 23:47:37 [INFO] face-presence-api: Embeddings saved successfully for user 44, starting evaluation.
2025-07-27 23:47:37 [INFO] face-presence-api: Evaluating ...
2025-07-27 23:47:37 [INFO] watchfiles.main: 1 change detected
2025-07-27 23:47:37 [INFO] face-presence-api: Evaluating batch 1/4
2025-07-27 23:47:37 [INFO] face-presence-api: Evaluating batch 2/4
2025-07-27 23:47:38 [INFO] face-presence-api: Evaluating batch 3/4
2025-07-27 23:47:38 [INFO] face-presence-api: Evaluating batch 4/4
2025-07-27 23:47:39 [DEBUG] face-presence-api: [BatchLogger] No durations, skip flush
2025-07-27 23:47:39 [INFO] face-presence-api: Face registration successful for user 44.
2025-07-27 23:47:49 [DEBUG] face-presence-api: [BatchLogger] No durations, skip flush
2025-07-27 23:47:59 [DEBUG] face-presence-api: [BatchLogger] No durations, skip flush
2025-07-27 23:48:04 [INFO] face-presence-api: [BatchLogger] Flushing 1 registrations...
2025-07-27 23:48:04 [DEBUG] urllib3.connectionpool: Resetting dropped connection: oauth2.googleapis.com
2025-07-27 23:48:06 [DEBUG] urllib3.connectionpool: https://oauth2.googleapis.com:443 "POST /token HTTP/1.1" 200 None
2025-07-27 23:48:06 [DEBUG] urllib3.connectionpool: Resetting dropped connection: sheets.googleapis.com
2025-07-27 23:48:15 [DEBUG] urllib3.connectionpool: https://sheets.googleapis.com:443 "GET /v4/spreadsheets/1hjXERVEURCeKXeCw8TUbrkjF25_GVmORN0JgjZuu058?includeGridData=false HTTP/1.1" 200 None
2025-07-27 23:48:16 [DEBUG] urllib3.connectionpool: https://sheets.googleapis.com:443 "GET /v4/spreadsheets/1hjXERVEURCeKXeCw8TUbrkjF25_GVmORN0JgjZuu058/values/%27Registration%27 HTTP/1.1" 200 None
2025-07-27 23:48:16 [DEBUG] urllib3.connectionpool: https://sheets.googleapis.com:443 "GET /v4/spreadsheets/1hjXERVEURCeKXeCw8TUbrkjF25_GVmORN0JgjZuu058/values/%27Registration%27 HTTP/1.1" 200 None
2025-07-27 23:48:17 [DEBUG] urllib3.connectionpool: https://sheets.googleapis.com:443 "POST /v4/spreadsheets/1hjXERVEURCeKXeCw8TUbrkjF25_GVmORN0JgjZuu058/values/%27Registration%27:append?valueInputOption=RAW HTTP/1.1" 200 None
2025-07-27 23:48:17 [INFO] face-presence-api: [BatchLogger] Appended 1 new registration rows
2025-07-27 23:48:17 [DEBUG] face-presence-api: [BatchLogger] No verifications, skip flush
2025-07-27 23:48:17 [DEBUG] face-presence-api: [BatchLogger] No durations, skip flush
2025-07-27 23:48:27 [DEBUG] face-presence-api: [BatchLogger] No durations, skip flush
2025-07-27 23:48:37 [DEBUG] face-presence-api: [BatchLogger] No durations, skip flush
2025-07-27 23:48:47 [DEBUG] face-presence-api: [BatchLogger] No registrations, skip flush
2025-07-27 23:48:47 [DEBUG] face-presence-api: [BatchLogger] No verifications, skip flush
2025-07-27 23:48:47 [DEBUG] face-presence-api: [BatchLogger] No durations, skip flush
2025-07-27 23:48:57 [DEBUG] face-presence-api: [BatchLogger] No durations, skip flush
2025-07-27 23:49:07 [DEBUG] python_multipart.multipart: Calling on_part_begin with no data
2025-07-27 23:49:07 [DEBUG] python_multipart.multipart: Calling on_header_field with data[42:61]
2025-07-27 23:49:07 [DEBUG] python_multipart.multipart: Calling on_header_value with data[63:88]
2025-07-27 23:49:07 [DEBUG] python_multipart.multipart: Calling on_header_end with no data
2025-07-27 23:49:07 [DEBUG] python_multipart.multipart: Calling on_headers_finished with no data
2025-07-27 23:49:07 [DEBUG] python_multipart.multipart: Calling on_part_data with data[92:94]
2025-07-27 23:49:07 [DEBUG] python_multipart.multipart: Calling on_part_end with no data
2025-07-27 23:49:07 [DEBUG] python_multipart.multipart: Calling on_end with no data
2025-07-27 23:49:07 [INFO] face-presence-api: Checking status for user: 44
2025-07-27 23:49:07 [INFO] face-presence-api: User 44 is already registered.
2025-07-27 23:49:07 [DEBUG] face-presence-api: [BatchLogger] No durations, skip flush
2025-07-27 23:49:17 [DEBUG] face-presence-api: [BatchLogger] No verifications, skip flush
2025-07-27 23:49:17 [DEBUG] face-presence-api: [BatchLogger] No registrations, skip flush
2025-07-27 23:49:17 [DEBUG] face-presence-api: [BatchLogger] No durations, skip flush
2025-07-27 23:49:24 [DEBUG] python_multipart.multipart: Calling on_part_begin with no data
2025-07-27 23:49:24 [DEBUG] python_multipart.multipart: Calling on_header_field with data[42:61]
2025-07-27 23:49:24 [DEBUG] python_multipart.multipart: Calling on_header_value with data[63:88]
2025-07-27 23:49:24 [DEBUG] python_multipart.multipart: Calling on_header_end with no data
2025-07-27 23:49:24 [DEBUG] python_multipart.multipart: Calling on_headers_finished with no data
2025-07-27 23:49:24 [DEBUG] python_multipart.multipart: Calling on_part_data with data[92:94]
2025-07-27 23:49:24 [DEBUG] python_multipart.multipart: Calling on_part_end with no data
2025-07-27 23:49:24 [DEBUG] python_multipart.multipart: Calling on_end with no data
2025-07-27 23:49:24 [INFO] face-presence-api: Checking status for user: 44
2025-07-27 23:49:24 [INFO] face-presence-api: User 44 is already registered.
2025-07-27 23:49:27 [DEBUG] face-presence-api: [BatchLogger] No durations, skip flush
2025-07-27 23:49:37 [DEBUG] face-presence-api: [BatchLogger] No durations, skip flush
2025-07-27 23:49:39 [DEBUG] python_multipart.multipart: Calling on_part_begin with no data
2025-07-27 23:49:39 [DEBUG] python_multipart.multipart: Calling on_header_field with data[42:61]
2025-07-27 23:49:39 [DEBUG] python_multipart.multipart: Calling on_header_value with data[63:88]
2025-07-27 23:49:39 [DEBUG] python_multipart.multipart: Calling on_header_end with no data
2025-07-27 23:49:39 [DEBUG] python_multipart.multipart: Calling on_headers_finished with no data
2025-07-27 23:49:39 [DEBUG] python_multipart.multipart: Calling on_part_data with data[92:94]
2025-07-27 23:49:39 [DEBUG] python_multipart.multipart: Calling on_part_end with no data
2025-07-27 23:49:39 [DEBUG] python_multipart.multipart: Calling on_part_begin with no data
2025-07-27 23:49:39 [DEBUG] python_multipart.multipart: Calling on_header_field with data[138:157]
2025-07-27 23:49:39 [DEBUG] python_multipart.multipart: Calling on_header_value with data[159:205]
2025-07-27 23:49:39 [DEBUG] python_multipart.multipart: Calling on_header_end with no data
2025-07-27 23:49:39 [DEBUG] python_multipart.multipart: Calling on_header_field with data[207:219]
2025-07-27 23:49:39 [DEBUG] python_multipart.multipart: Calling on_header_value with data[221:231]
2025-07-27 23:49:39 [DEBUG] python_multipart.multipart: Calling on_header_end with no data
2025-07-27 23:49:39 [DEBUG] python_multipart.multipart: Calling on_headers_finished with no data
2025-07-27 23:49:39 [DEBUG] python_multipart.multipart: Calling on_part_data with data[235:3397]
2025-07-27 23:49:39 [DEBUG] python_multipart.multipart: Calling on_part_end with no data
2025-07-27 23:49:39 [DEBUG] python_multipart.multipart: Calling on_part_begin with no data
2025-07-27 23:49:39 [DEBUG] python_multipart.multipart: Calling on_header_field with data[3441:3460]
2025-07-27 23:49:39 [DEBUG] python_multipart.multipart: Calling on_header_value with data[3462:3508]
2025-07-27 23:49:39 [DEBUG] python_multipart.multipart: Calling on_header_end with no data
2025-07-27 23:49:39 [DEBUG] python_multipart.multipart: Calling on_header_field with data[3510:3522]
2025-07-27 23:49:39 [DEBUG] python_multipart.multipart: Calling on_header_value with data[3524:3534]
2025-07-27 23:49:39 [DEBUG] python_multipart.multipart: Calling on_header_end with no data
2025-07-27 23:49:39 [DEBUG] python_multipart.multipart: Calling on_headers_finished with no data
2025-07-27 23:49:39 [DEBUG] python_multipart.multipart: Calling on_part_data with data[3538:6700]
2025-07-27 23:49:39 [DEBUG] python_multipart.multipart: Calling on_part_end with no data
2025-07-27 23:49:39 [DEBUG] python_multipart.multipart: Calling on_part_begin with no data
2025-07-27 23:49:39 [DEBUG] python_multipart.multipart: Calling on_header_field with data[6744:6763]
2025-07-27 23:49:39 [DEBUG] python_multipart.multipart: Calling on_header_value with data[6765:6811]
2025-07-27 23:49:39 [DEBUG] python_multipart.multipart: Calling on_header_end with no data
2025-07-27 23:49:39 [DEBUG] python_multipart.multipart: Calling on_header_field with data[6813:6825]
2025-07-27 23:49:39 [DEBUG] python_multipart.multipart: Calling on_header_value with data[6827:6837]
2025-07-27 23:49:39 [DEBUG] python_multipart.multipart: Calling on_header_end with no data
2025-07-27 23:49:39 [DEBUG] python_multipart.multipart: Calling on_headers_finished with no data
2025-07-27 23:49:39 [DEBUG] python_multipart.multipart: Calling on_part_data with data[6841:10003]
2025-07-27 23:49:39 [DEBUG] python_multipart.multipart: Calling on_part_end with no data
2025-07-27 23:49:39 [DEBUG] python_multipart.multipart: Calling on_part_begin with no data
2025-07-27 23:49:39 [DEBUG] python_multipart.multipart: Calling on_header_field with data[10047:10066]
2025-07-27 23:49:39 [DEBUG] python_multipart.multipart: Calling on_header_value with data[10068:10114]
2025-07-27 23:49:39 [DEBUG] python_multipart.multipart: Calling on_header_end with no data
2025-07-27 23:49:39 [DEBUG] python_multipart.multipart: Calling on_header_field with data[10116:10128]
2025-07-27 23:49:39 [DEBUG] python_multipart.multipart: Calling on_header_value with data[10130:10140]
2025-07-27 23:49:39 [DEBUG] python_multipart.multipart: Calling on_header_end with no data
2025-07-27 23:49:39 [DEBUG] python_multipart.multipart: Calling on_headers_finished with no data
2025-07-27 23:49:39 [DEBUG] python_multipart.multipart: Calling on_part_data with data[10144:13306]
2025-07-27 23:49:39 [DEBUG] python_multipart.multipart: Calling on_part_end with no data
2025-07-27 23:49:39 [DEBUG] python_multipart.multipart: Calling on_part_begin with no data
2025-07-27 23:49:39 [DEBUG] python_multipart.multipart: Calling on_header_field with data[13350:13369]
2025-07-27 23:49:39 [DEBUG] python_multipart.multipart: Calling on_header_value with data[13371:13417]
2025-07-27 23:49:39 [DEBUG] python_multipart.multipart: Calling on_header_end with no data
2025-07-27 23:49:39 [DEBUG] python_multipart.multipart: Calling on_header_field with data[13419:13431]
2025-07-27 23:49:39 [DEBUG] python_multipart.multipart: Calling on_header_value with data[13433:13443]
2025-07-27 23:49:39 [DEBUG] python_multipart.multipart: Calling on_header_end with no data
2025-07-27 23:49:39 [DEBUG] python_multipart.multipart: Calling on_headers_finished with no data
2025-07-27 23:49:39 [DEBUG] python_multipart.multipart: Calling on_part_data with data[13447:16609]
2025-07-27 23:49:39 [DEBUG] python_multipart.multipart: Calling on_part_end with no data
2025-07-27 23:49:39 [DEBUG] python_multipart.multipart: Calling on_part_begin with no data
2025-07-27 23:49:39 [DEBUG] python_multipart.multipart: Calling on_header_field with data[16653:16672]
2025-07-27 23:49:39 [DEBUG] python_multipart.multipart: Calling on_header_value with data[16674:16720]
2025-07-27 23:49:39 [DEBUG] python_multipart.multipart: Calling on_header_end with no data
2025-07-27 23:49:39 [DEBUG] python_multipart.multipart: Calling on_header_field with data[16722:16734]
2025-07-27 23:49:39 [DEBUG] python_multipart.multipart: Calling on_header_value with data[16736:16746]
2025-07-27 23:49:39 [DEBUG] python_multipart.multipart: Calling on_header_end with no data
2025-07-27 23:49:39 [DEBUG] python_multipart.multipart: Calling on_headers_finished with no data
2025-07-27 23:49:39 [DEBUG] python_multipart.multipart: Calling on_part_data with data[16750:19912]
2025-07-27 23:49:39 [DEBUG] python_multipart.multipart: Calling on_part_end with no data
2025-07-27 23:49:39 [DEBUG] python_multipart.multipart: Calling on_part_begin with no data
2025-07-27 23:49:39 [DEBUG] python_multipart.multipart: Calling on_header_field with data[19956:19975]
2025-07-27 23:49:39 [DEBUG] python_multipart.multipart: Calling on_header_value with data[19977:20023]
2025-07-27 23:49:39 [DEBUG] python_multipart.multipart: Calling on_header_end with no data
2025-07-27 23:49:39 [DEBUG] python_multipart.multipart: Calling on_header_field with data[20025:20037]
2025-07-27 23:49:39 [DEBUG] python_multipart.multipart: Calling on_header_value with data[20039:20049]
2025-07-27 23:49:39 [DEBUG] python_multipart.multipart: Calling on_header_end with no data
2025-07-27 23:49:39 [DEBUG] python_multipart.multipart: Calling on_headers_finished with no data
2025-07-27 23:49:39 [DEBUG] python_multipart.multipart: Calling on_part_data with data[20053:23215]
2025-07-27 23:49:39 [DEBUG] python_multipart.multipart: Calling on_part_end with no data
2025-07-27 23:49:39 [DEBUG] python_multipart.multipart: Calling on_part_begin with no data
2025-07-27 23:49:39 [DEBUG] python_multipart.multipart: Calling on_header_field with data[23259:23278]
2025-07-27 23:49:39 [DEBUG] python_multipart.multipart: Calling on_header_value with data[23280:23326]
2025-07-27 23:49:39 [DEBUG] python_multipart.multipart: Calling on_header_end with no data
2025-07-27 23:49:39 [DEBUG] python_multipart.multipart: Calling on_header_field with data[23328:23340]
2025-07-27 23:49:39 [DEBUG] python_multipart.multipart: Calling on_header_value with data[23342:23352]
2025-07-27 23:49:39 [DEBUG] python_multipart.multipart: Calling on_header_end with no data
2025-07-27 23:49:39 [DEBUG] python_multipart.multipart: Calling on_headers_finished with no data
2025-07-27 23:49:39 [DEBUG] python_multipart.multipart: Calling on_part_data with data[23356:26518]
2025-07-27 23:49:39 [DEBUG] python_multipart.multipart: Calling on_part_end with no data
2025-07-27 23:49:39 [DEBUG] python_multipart.multipart: Calling on_part_begin with no data
2025-07-27 23:49:39 [DEBUG] python_multipart.multipart: Calling on_header_field with data[26562:26581]
2025-07-27 23:49:39 [DEBUG] python_multipart.multipart: Calling on_header_value with data[26583:26629]
2025-07-27 23:49:39 [DEBUG] python_multipart.multipart: Calling on_header_end with no data
2025-07-27 23:49:39 [DEBUG] python_multipart.multipart: Calling on_header_field with data[26631:26643]
2025-07-27 23:49:39 [DEBUG] python_multipart.multipart: Calling on_header_value with data[26645:26655]
2025-07-27 23:49:39 [DEBUG] python_multipart.multipart: Calling on_header_end with no data
2025-07-27 23:49:39 [DEBUG] python_multipart.multipart: Calling on_headers_finished with no data
2025-07-27 23:49:39 [DEBUG] python_multipart.multipart: Calling on_part_data with data[26659:29821]
2025-07-27 23:49:39 [DEBUG] python_multipart.multipart: Calling on_part_end with no data
2025-07-27 23:49:39 [DEBUG] python_multipart.multipart: Calling on_part_begin with no data
2025-07-27 23:49:39 [DEBUG] python_multipart.multipart: Calling on_header_field with data[29865:29884]
2025-07-27 23:49:39 [DEBUG] python_multipart.multipart: Calling on_header_value with data[29886:29933]
2025-07-27 23:49:39 [DEBUG] python_multipart.multipart: Calling on_header_end with no data
2025-07-27 23:49:39 [DEBUG] python_multipart.multipart: Calling on_header_field with data[29935:29947]
2025-07-27 23:49:39 [DEBUG] python_multipart.multipart: Calling on_header_value with data[29949:29959]
2025-07-27 23:49:39 [DEBUG] python_multipart.multipart: Calling on_header_end with no data
2025-07-27 23:49:39 [DEBUG] python_multipart.multipart: Calling on_headers_finished with no data
2025-07-27 23:49:39 [DEBUG] python_multipart.multipart: Calling on_part_data with data[29963:33125]
2025-07-27 23:49:39 [DEBUG] python_multipart.multipart: Calling on_part_end with no data
2025-07-27 23:49:39 [DEBUG] python_multipart.multipart: Calling on_part_begin with no data
2025-07-27 23:49:39 [DEBUG] python_multipart.multipart: Calling on_header_field with data[33169:33188]
2025-07-27 23:49:39 [DEBUG] python_multipart.multipart: Calling on_header_value with data[33190:33237]
2025-07-27 23:49:39 [DEBUG] python_multipart.multipart: Calling on_header_end with no data
2025-07-27 23:49:39 [DEBUG] python_multipart.multipart: Calling on_header_field with data[33239:33251]
2025-07-27 23:49:39 [DEBUG] python_multipart.multipart: Calling on_header_value with data[33253:33263]
2025-07-27 23:49:39 [DEBUG] python_multipart.multipart: Calling on_header_end with no data
2025-07-27 23:49:39 [DEBUG] python_multipart.multipart: Calling on_headers_finished with no data
2025-07-27 23:49:39 [DEBUG] python_multipart.multipart: Calling on_part_data with data[33267:36429]
2025-07-27 23:49:39 [DEBUG] python_multipart.multipart: Calling on_part_end with no data
2025-07-27 23:49:39 [DEBUG] python_multipart.multipart: Calling on_part_begin with no data
2025-07-27 23:49:39 [DEBUG] python_multipart.multipart: Calling on_header_field with data[36473:36492]
2025-07-27 23:49:39 [DEBUG] python_multipart.multipart: Calling on_header_value with data[36494:36541]
2025-07-27 23:49:39 [DEBUG] python_multipart.multipart: Calling on_header_end with no data
2025-07-27 23:49:39 [DEBUG] python_multipart.multipart: Calling on_header_field with data[36543:36555]
2025-07-27 23:49:39 [DEBUG] python_multipart.multipart: Calling on_header_value with data[36557:36567]
2025-07-27 23:49:39 [DEBUG] python_multipart.multipart: Calling on_header_end with no data
2025-07-27 23:49:39 [DEBUG] python_multipart.multipart: Calling on_headers_finished with no data
2025-07-27 23:49:39 [DEBUG] python_multipart.multipart: Calling on_part_data with data[36571:39733]
2025-07-27 23:49:39 [DEBUG] python_multipart.multipart: Calling on_part_end with no data
2025-07-27 23:49:39 [DEBUG] python_multipart.multipart: Calling on_part_begin with no data
2025-07-27 23:49:39 [DEBUG] python_multipart.multipart: Calling on_header_field with data[39777:39796]
2025-07-27 23:49:39 [DEBUG] python_multipart.multipart: Calling on_header_value with data[39798:39845]
2025-07-27 23:49:39 [DEBUG] python_multipart.multipart: Calling on_header_end with no data
2025-07-27 23:49:39 [DEBUG] python_multipart.multipart: Calling on_header_field with data[39847:39859]
2025-07-27 23:49:39 [DEBUG] python_multipart.multipart: Calling on_header_value with data[39861:39871]
2025-07-27 23:49:39 [DEBUG] python_multipart.multipart: Calling on_header_end with no data
2025-07-27 23:49:39 [DEBUG] python_multipart.multipart: Calling on_headers_finished with no data
2025-07-27 23:49:39 [DEBUG] python_multipart.multipart: Calling on_part_data with data[39875:43037]
2025-07-27 23:49:39 [DEBUG] python_multipart.multipart: Calling on_part_end with no data
2025-07-27 23:49:39 [DEBUG] python_multipart.multipart: Calling on_part_begin with no data
2025-07-27 23:49:39 [DEBUG] python_multipart.multipart: Calling on_header_field with data[43081:43100]
2025-07-27 23:49:39 [DEBUG] python_multipart.multipart: Calling on_header_value with data[43102:43149]
2025-07-27 23:49:39 [DEBUG] python_multipart.multipart: Calling on_header_end with no data
2025-07-27 23:49:39 [DEBUG] python_multipart.multipart: Calling on_header_field with data[43151:43163]
2025-07-27 23:49:39 [DEBUG] python_multipart.multipart: Calling on_header_value with data[43165:43175]
2025-07-27 23:49:39 [DEBUG] python_multipart.multipart: Calling on_header_end with no data
2025-07-27 23:49:39 [DEBUG] python_multipart.multipart: Calling on_headers_finished with no data
2025-07-27 23:49:39 [DEBUG] python_multipart.multipart: Calling on_part_data with data[43179:46341]
2025-07-27 23:49:39 [DEBUG] python_multipart.multipart: Calling on_part_end with no data
2025-07-27 23:49:39 [DEBUG] python_multipart.multipart: Calling on_part_begin with no data
2025-07-27 23:49:39 [DEBUG] python_multipart.multipart: Calling on_header_field with data[46385:46404]
2025-07-27 23:49:39 [DEBUG] python_multipart.multipart: Calling on_header_value with data[46406:46453]
2025-07-27 23:49:39 [DEBUG] python_multipart.multipart: Calling on_header_end with no data
2025-07-27 23:49:39 [DEBUG] python_multipart.multipart: Calling on_header_field with data[46455:46467]
2025-07-27 23:49:39 [DEBUG] python_multipart.multipart: Calling on_header_value with data[46469:46479]
2025-07-27 23:49:39 [DEBUG] python_multipart.multipart: Calling on_header_end with no data
2025-07-27 23:49:39 [DEBUG] python_multipart.multipart: Calling on_headers_finished with no data
2025-07-27 23:49:39 [DEBUG] python_multipart.multipart: Calling on_part_data with data[46483:49645]
2025-07-27 23:49:39 [DEBUG] python_multipart.multipart: Calling on_part_end with no data
2025-07-27 23:49:39 [DEBUG] python_multipart.multipart: Calling on_part_begin with no data
2025-07-27 23:49:39 [DEBUG] python_multipart.multipart: Calling on_header_field with data[49689:49708]
2025-07-27 23:49:39 [DEBUG] python_multipart.multipart: Calling on_header_value with data[49710:49757]
2025-07-27 23:49:39 [DEBUG] python_multipart.multipart: Calling on_header_end with no data
2025-07-27 23:49:39 [DEBUG] python_multipart.multipart: Calling on_header_field with data[49759:49771]
2025-07-27 23:49:39 [DEBUG] python_multipart.multipart: Calling on_header_value with data[49773:49783]
2025-07-27 23:49:39 [DEBUG] python_multipart.multipart: Calling on_header_end with no data
2025-07-27 23:49:39 [DEBUG] python_multipart.multipart: Calling on_headers_finished with no data
2025-07-27 23:49:39 [DEBUG] python_multipart.multipart: Calling on_part_data with data[49787:52949]
2025-07-27 23:49:39 [DEBUG] python_multipart.multipart: Calling on_part_end with no data
2025-07-27 23:49:39 [DEBUG] python_multipart.multipart: Calling on_part_begin with no data
2025-07-27 23:49:39 [DEBUG] python_multipart.multipart: Calling on_header_field with data[52993:53012]
2025-07-27 23:49:39 [DEBUG] python_multipart.multipart: Calling on_header_value with data[53014:53061]
2025-07-27 23:49:39 [DEBUG] python_multipart.multipart: Calling on_header_end with no data
2025-07-27 23:49:39 [DEBUG] python_multipart.multipart: Calling on_header_field with data[53063:53075]
2025-07-27 23:49:39 [DEBUG] python_multipart.multipart: Calling on_header_value with data[53077:53087]
2025-07-27 23:49:39 [DEBUG] python_multipart.multipart: Calling on_header_end with no data
2025-07-27 23:49:39 [DEBUG] python_multipart.multipart: Calling on_headers_finished with no data
2025-07-27 23:49:39 [DEBUG] python_multipart.multipart: Calling on_part_data with data[53091:56253]
2025-07-27 23:49:39 [DEBUG] python_multipart.multipart: Calling on_part_end with no data
2025-07-27 23:49:39 [DEBUG] python_multipart.multipart: Calling on_part_begin with no data
2025-07-27 23:49:39 [DEBUG] python_multipart.multipart: Calling on_header_field with data[56297:56316]
2025-07-27 23:49:39 [DEBUG] python_multipart.multipart: Calling on_header_value with data[56318:56365]
2025-07-27 23:49:39 [DEBUG] python_multipart.multipart: Calling on_header_end with no data
2025-07-27 23:49:39 [DEBUG] python_multipart.multipart: Calling on_header_field with data[56367:56379]
2025-07-27 23:49:39 [DEBUG] python_multipart.multipart: Calling on_header_value with data[56381:56391]
2025-07-27 23:49:39 [DEBUG] python_multipart.multipart: Calling on_header_end with no data
2025-07-27 23:49:39 [DEBUG] python_multipart.multipart: Calling on_headers_finished with no data
2025-07-27 23:49:39 [DEBUG] python_multipart.multipart: Calling on_part_data with data[56395:59557]
2025-07-27 23:49:39 [DEBUG] python_multipart.multipart: Calling on_part_end with no data
2025-07-27 23:49:39 [DEBUG] python_multipart.multipart: Calling on_part_begin with no data
2025-07-27 23:49:39 [DEBUG] python_multipart.multipart: Calling on_header_field with data[59601:59620]
2025-07-27 23:49:39 [DEBUG] python_multipart.multipart: Calling on_header_value with data[59622:59669]
2025-07-27 23:49:39 [DEBUG] python_multipart.multipart: Calling on_header_end with no data
2025-07-27 23:49:39 [DEBUG] python_multipart.multipart: Calling on_header_field with data[59671:59683]
2025-07-27 23:49:39 [DEBUG] python_multipart.multipart: Calling on_header_value with data[59685:59695]
2025-07-27 23:49:39 [DEBUG] python_multipart.multipart: Calling on_header_end with no data
2025-07-27 23:49:39 [DEBUG] python_multipart.multipart: Calling on_headers_finished with no data
2025-07-27 23:49:39 [DEBUG] python_multipart.multipart: Calling on_part_data with data[59699:62861]
2025-07-27 23:49:39 [DEBUG] python_multipart.multipart: Calling on_part_end with no data
2025-07-27 23:49:39 [DEBUG] python_multipart.multipart: Calling on_part_begin with no data
2025-07-27 23:49:39 [DEBUG] python_multipart.multipart: Calling on_header_field with data[62905:62924]
2025-07-27 23:49:39 [DEBUG] python_multipart.multipart: Calling on_header_value with data[62926:62973]
2025-07-27 23:49:39 [DEBUG] python_multipart.multipart: Calling on_header_end with no data
2025-07-27 23:49:39 [DEBUG] python_multipart.multipart: Calling on_header_field with data[62975:62987]
2025-07-27 23:49:39 [DEBUG] python_multipart.multipart: Calling on_header_value with data[62989:62999]
2025-07-27 23:49:39 [DEBUG] python_multipart.multipart: Calling on_header_end with no data
2025-07-27 23:49:39 [DEBUG] python_multipart.multipart: Calling on_headers_finished with no data
2025-07-27 23:49:39 [DEBUG] python_multipart.multipart: Calling on_part_data with data[63003:66165]
2025-07-27 23:49:39 [DEBUG] python_multipart.multipart: Calling on_part_end with no data
2025-07-27 23:49:39 [DEBUG] python_multipart.multipart: Calling on_part_begin with no data
2025-07-27 23:49:39 [DEBUG] python_multipart.multipart: Calling on_header_field with data[66209:66228]
2025-07-27 23:49:39 [DEBUG] python_multipart.multipart: Calling on_header_value with data[66230:66277]
2025-07-27 23:49:39 [DEBUG] python_multipart.multipart: Calling on_header_end with no data
2025-07-27 23:49:39 [DEBUG] python_multipart.multipart: Calling on_header_field with data[66279:66291]
2025-07-27 23:49:39 [DEBUG] python_multipart.multipart: Calling on_header_value with data[66293:66303]
2025-07-27 23:49:39 [DEBUG] python_multipart.multipart: Calling on_header_end with no data
2025-07-27 23:49:39 [DEBUG] python_multipart.multipart: Calling on_headers_finished with no data
2025-07-27 23:49:39 [DEBUG] python_multipart.multipart: Calling on_part_data with data[66307:69469]
2025-07-27 23:49:39 [DEBUG] python_multipart.multipart: Calling on_part_end with no data
2025-07-27 23:49:39 [DEBUG] python_multipart.multipart: Calling on_part_begin with no data
2025-07-27 23:49:39 [DEBUG] python_multipart.multipart: Calling on_header_field with data[69513:69532]
2025-07-27 23:49:39 [DEBUG] python_multipart.multipart: Calling on_header_value with data[69534:69581]
2025-07-27 23:49:39 [DEBUG] python_multipart.multipart: Calling on_header_end with no data
2025-07-27 23:49:39 [DEBUG] python_multipart.multipart: Calling on_header_field with data[69583:69595]
2025-07-27 23:49:39 [DEBUG] python_multipart.multipart: Calling on_header_value with data[69597:69607]
2025-07-27 23:49:39 [DEBUG] python_multipart.multipart: Calling on_header_end with no data
2025-07-27 23:49:39 [DEBUG] python_multipart.multipart: Calling on_headers_finished with no data
2025-07-27 23:49:39 [DEBUG] python_multipart.multipart: Calling on_part_data with data[69611:72773]
2025-07-27 23:49:39 [DEBUG] python_multipart.multipart: Calling on_part_end with no data
2025-07-27 23:49:39 [DEBUG] python_multipart.multipart: Calling on_part_begin with no data
2025-07-27 23:49:39 [DEBUG] python_multipart.multipart: Calling on_header_field with data[72817:72836]
2025-07-27 23:49:39 [DEBUG] python_multipart.multipart: Calling on_header_value with data[72838:72885]
2025-07-27 23:49:39 [DEBUG] python_multipart.multipart: Calling on_header_end with no data
2025-07-27 23:49:39 [DEBUG] python_multipart.multipart: Calling on_header_field with data[72887:72899]
2025-07-27 23:49:39 [DEBUG] python_multipart.multipart: Calling on_header_value with data[72901:72911]
2025-07-27 23:49:39 [DEBUG] python_multipart.multipart: Calling on_header_end with no data
2025-07-27 23:49:39 [DEBUG] python_multipart.multipart: Calling on_headers_finished with no data
2025-07-27 23:49:39 [DEBUG] python_multipart.multipart: Calling on_part_data with data[72915:76077]
2025-07-27 23:49:39 [DEBUG] python_multipart.multipart: Calling on_part_end with no data
2025-07-27 23:49:39 [DEBUG] python_multipart.multipart: Calling on_part_begin with no data
2025-07-27 23:49:39 [DEBUG] python_multipart.multipart: Calling on_header_field with data[76121:76140]
2025-07-27 23:49:39 [DEBUG] python_multipart.multipart: Calling on_header_value with data[76142:76189]
2025-07-27 23:49:39 [DEBUG] python_multipart.multipart: Calling on_header_end with no data
2025-07-27 23:49:39 [DEBUG] python_multipart.multipart: Calling on_header_field with data[76191:76203]
2025-07-27 23:49:39 [DEBUG] python_multipart.multipart: Calling on_header_value with data[76205:76215]
2025-07-27 23:49:39 [DEBUG] python_multipart.multipart: Calling on_header_end with no data
2025-07-27 23:49:39 [DEBUG] python_multipart.multipart: Calling on_headers_finished with no data
2025-07-27 23:49:39 [DEBUG] python_multipart.multipart: Calling on_part_data with data[76219:79381]
2025-07-27 23:49:39 [DEBUG] python_multipart.multipart: Calling on_part_end with no data
2025-07-27 23:49:39 [DEBUG] python_multipart.multipart: Calling on_part_begin with no data
2025-07-27 23:49:39 [DEBUG] python_multipart.multipart: Calling on_header_field with data[79425:79444]
2025-07-27 23:49:39 [DEBUG] python_multipart.multipart: Calling on_header_value with data[79446:79493]
2025-07-27 23:49:39 [DEBUG] python_multipart.multipart: Calling on_header_end with no data
2025-07-27 23:49:39 [DEBUG] python_multipart.multipart: Calling on_header_field with data[79495:79507]
2025-07-27 23:49:39 [DEBUG] python_multipart.multipart: Calling on_header_value with data[79509:79519]
2025-07-27 23:49:39 [DEBUG] python_multipart.multipart: Calling on_header_end with no data
2025-07-27 23:49:39 [DEBUG] python_multipart.multipart: Calling on_headers_finished with no data
2025-07-27 23:49:39 [DEBUG] python_multipart.multipart: Calling on_part_data with data[79523:81920]
2025-07-27 23:49:39 [DEBUG] python_multipart.multipart: Calling on_part_data with data[0:765]
2025-07-27 23:49:39 [DEBUG] python_multipart.multipart: Calling on_part_end with no data
2025-07-27 23:49:39 [DEBUG] python_multipart.multipart: Calling on_part_begin with no data
2025-07-27 23:49:39 [DEBUG] python_multipart.multipart: Calling on_header_field with data[809:828]
2025-07-27 23:49:39 [DEBUG] python_multipart.multipart: Calling on_header_value with data[830:877]
2025-07-27 23:49:39 [DEBUG] python_multipart.multipart: Calling on_header_end with no data
2025-07-27 23:49:39 [DEBUG] python_multipart.multipart: Calling on_header_field with data[879:891]
2025-07-27 23:49:39 [DEBUG] python_multipart.multipart: Calling on_header_value with data[893:903]
2025-07-27 23:49:39 [DEBUG] python_multipart.multipart: Calling on_header_end with no data
2025-07-27 23:49:39 [DEBUG] python_multipart.multipart: Calling on_headers_finished with no data
2025-07-27 23:49:39 [DEBUG] python_multipart.multipart: Calling on_part_data with data[907:4069]
2025-07-27 23:49:39 [DEBUG] python_multipart.multipart: Calling on_part_end with no data
2025-07-27 23:49:39 [DEBUG] python_multipart.multipart: Calling on_part_begin with no data
2025-07-27 23:49:39 [DEBUG] python_multipart.multipart: Calling on_header_field with data[4113:4132]
2025-07-27 23:49:39 [DEBUG] python_multipart.multipart: Calling on_header_value with data[4134:4181]
2025-07-27 23:49:39 [DEBUG] python_multipart.multipart: Calling on_header_end with no data
2025-07-27 23:49:39 [DEBUG] python_multipart.multipart: Calling on_header_field with data[4183:4195]
2025-07-27 23:49:39 [DEBUG] python_multipart.multipart: Calling on_header_value with data[4197:4207]
2025-07-27 23:49:39 [DEBUG] python_multipart.multipart: Calling on_header_end with no data
2025-07-27 23:49:39 [DEBUG] python_multipart.multipart: Calling on_headers_finished with no data
2025-07-27 23:49:39 [DEBUG] python_multipart.multipart: Calling on_part_data with data[4211:7373]
2025-07-27 23:49:39 [DEBUG] python_multipart.multipart: Calling on_part_end with no data
2025-07-27 23:49:39 [DEBUG] python_multipart.multipart: Calling on_part_begin with no data
2025-07-27 23:49:39 [DEBUG] python_multipart.multipart: Calling on_header_field with data[7417:7436]
2025-07-27 23:49:39 [DEBUG] python_multipart.multipart: Calling on_header_value with data[7438:7485]
2025-07-27 23:49:39 [DEBUG] python_multipart.multipart: Calling on_header_end with no data
2025-07-27 23:49:39 [DEBUG] python_multipart.multipart: Calling on_header_field with data[7487:7499]
2025-07-27 23:49:39 [DEBUG] python_multipart.multipart: Calling on_header_value with data[7501:7511]
2025-07-27 23:49:39 [DEBUG] python_multipart.multipart: Calling on_header_end with no data
2025-07-27 23:49:39 [DEBUG] python_multipart.multipart: Calling on_headers_finished with no data
2025-07-27 23:49:39 [DEBUG] python_multipart.multipart: Calling on_part_data with data[7515:10677]
2025-07-27 23:49:39 [DEBUG] python_multipart.multipart: Calling on_part_end with no data
2025-07-27 23:49:39 [DEBUG] python_multipart.multipart: Calling on_part_begin with no data
2025-07-27 23:49:39 [DEBUG] python_multipart.multipart: Calling on_header_field with data[10721:10740]
2025-07-27 23:49:39 [DEBUG] python_multipart.multipart: Calling on_header_value with data[10742:10789]
2025-07-27 23:49:39 [DEBUG] python_multipart.multipart: Calling on_header_end with no data
2025-07-27 23:49:39 [DEBUG] python_multipart.multipart: Calling on_header_field with data[10791:10803]
2025-07-27 23:49:39 [DEBUG] python_multipart.multipart: Calling on_header_value with data[10805:10815]
2025-07-27 23:49:39 [DEBUG] python_multipart.multipart: Calling on_header_end with no data
2025-07-27 23:49:39 [DEBUG] python_multipart.multipart: Calling on_headers_finished with no data
2025-07-27 23:49:39 [DEBUG] python_multipart.multipart: Calling on_part_data with data[10819:13981]
2025-07-27 23:49:39 [DEBUG] python_multipart.multipart: Calling on_part_end with no data
2025-07-27 23:49:39 [DEBUG] python_multipart.multipart: Calling on_part_begin with no data
2025-07-27 23:49:39 [DEBUG] python_multipart.multipart: Calling on_header_field with data[14025:14044]
2025-07-27 23:49:39 [DEBUG] python_multipart.multipart: Calling on_header_value with data[14046:14093]
2025-07-27 23:49:39 [DEBUG] python_multipart.multipart: Calling on_header_end with no data
2025-07-27 23:49:39 [DEBUG] python_multipart.multipart: Calling on_header_field with data[14095:14107]
2025-07-27 23:49:39 [DEBUG] python_multipart.multipart: Calling on_header_value with data[14109:14119]
2025-07-27 23:49:39 [DEBUG] python_multipart.multipart: Calling on_header_end with no data
2025-07-27 23:49:39 [DEBUG] python_multipart.multipart: Calling on_headers_finished with no data
2025-07-27 23:49:39 [DEBUG] python_multipart.multipart: Calling on_part_data with data[14123:17285]
2025-07-27 23:49:39 [DEBUG] python_multipart.multipart: Calling on_part_end with no data
2025-07-27 23:49:39 [DEBUG] python_multipart.multipart: Calling on_part_begin with no data
2025-07-27 23:49:39 [DEBUG] python_multipart.multipart: Calling on_header_field with data[17329:17348]
2025-07-27 23:49:39 [DEBUG] python_multipart.multipart: Calling on_header_value with data[17350:17397]
2025-07-27 23:49:39 [DEBUG] python_multipart.multipart: Calling on_header_end with no data
2025-07-27 23:49:39 [DEBUG] python_multipart.multipart: Calling on_header_field with data[17399:17411]
2025-07-27 23:49:39 [DEBUG] python_multipart.multipart: Calling on_header_value with data[17413:17423]
2025-07-27 23:49:39 [DEBUG] python_multipart.multipart: Calling on_header_end with no data
2025-07-27 23:49:39 [DEBUG] python_multipart.multipart: Calling on_headers_finished with no data
2025-07-27 23:49:39 [DEBUG] python_multipart.multipart: Calling on_part_data with data[17427:20589]
2025-07-27 23:49:39 [DEBUG] python_multipart.multipart: Calling on_part_end with no data
2025-07-27 23:49:39 [DEBUG] python_multipart.multipart: Calling on_part_begin with no data
2025-07-27 23:49:39 [DEBUG] python_multipart.multipart: Calling on_header_field with data[20633:20652]
2025-07-27 23:49:39 [DEBUG] python_multipart.multipart: Calling on_header_value with data[20654:20701]
2025-07-27 23:49:39 [DEBUG] python_multipart.multipart: Calling on_header_end with no data
2025-07-27 23:49:39 [DEBUG] python_multipart.multipart: Calling on_header_field with data[20703:20715]
2025-07-27 23:49:39 [DEBUG] python_multipart.multipart: Calling on_header_value with data[20717:20727]
2025-07-27 23:49:39 [DEBUG] python_multipart.multipart: Calling on_header_end with no data
2025-07-27 23:49:39 [DEBUG] python_multipart.multipart: Calling on_headers_finished with no data
2025-07-27 23:49:39 [DEBUG] python_multipart.multipart: Calling on_part_data with data[20731:23893]
2025-07-27 23:49:39 [DEBUG] python_multipart.multipart: Calling on_part_end with no data
2025-07-27 23:49:39 [DEBUG] python_multipart.multipart: Calling on_part_begin with no data
2025-07-27 23:49:39 [DEBUG] python_multipart.multipart: Calling on_header_field with data[23937:23956]
2025-07-27 23:49:39 [DEBUG] python_multipart.multipart: Calling on_header_value with data[23958:24005]
2025-07-27 23:49:39 [DEBUG] python_multipart.multipart: Calling on_header_end with no data
2025-07-27 23:49:39 [DEBUG] python_multipart.multipart: Calling on_header_field with data[24007:24019]
2025-07-27 23:49:39 [DEBUG] python_multipart.multipart: Calling on_header_value with data[24021:24031]
2025-07-27 23:49:39 [DEBUG] python_multipart.multipart: Calling on_header_end with no data
2025-07-27 23:49:39 [DEBUG] python_multipart.multipart: Calling on_headers_finished with no data
2025-07-27 23:49:39 [DEBUG] python_multipart.multipart: Calling on_part_data with data[24035:27197]
2025-07-27 23:49:39 [DEBUG] python_multipart.multipart: Calling on_part_end with no data
2025-07-27 23:49:39 [DEBUG] python_multipart.multipart: Calling on_part_begin with no data
2025-07-27 23:49:39 [DEBUG] python_multipart.multipart: Calling on_header_field with data[27241:27260]
2025-07-27 23:49:39 [DEBUG] python_multipart.multipart: Calling on_header_value with data[27262:27309]
2025-07-27 23:49:39 [DEBUG] python_multipart.multipart: Calling on_header_end with no data
2025-07-27 23:49:39 [DEBUG] python_multipart.multipart: Calling on_header_field with data[27311:27323]
2025-07-27 23:49:39 [DEBUG] python_multipart.multipart: Calling on_header_value with data[27325:27335]
2025-07-27 23:49:39 [DEBUG] python_multipart.multipart: Calling on_header_end with no data
2025-07-27 23:49:39 [DEBUG] python_multipart.multipart: Calling on_headers_finished with no data
2025-07-27 23:49:39 [DEBUG] python_multipart.multipart: Calling on_part_data with data[27339:30501]
2025-07-27 23:49:39 [DEBUG] python_multipart.multipart: Calling on_part_end with no data
2025-07-27 23:49:39 [DEBUG] python_multipart.multipart: Calling on_part_begin with no data
2025-07-27 23:49:39 [DEBUG] python_multipart.multipart: Calling on_header_field with data[30545:30564]
2025-07-27 23:49:39 [DEBUG] python_multipart.multipart: Calling on_header_value with data[30566:30613]
2025-07-27 23:49:39 [DEBUG] python_multipart.multipart: Calling on_header_end with no data
2025-07-27 23:49:39 [DEBUG] python_multipart.multipart: Calling on_header_field with data[30615:30627]
2025-07-27 23:49:39 [DEBUG] python_multipart.multipart: Calling on_header_value with data[30629:30639]
2025-07-27 23:49:39 [DEBUG] python_multipart.multipart: Calling on_header_end with no data
2025-07-27 23:49:39 [DEBUG] python_multipart.multipart: Calling on_headers_finished with no data
2025-07-27 23:49:39 [DEBUG] python_multipart.multipart: Calling on_part_data with data[30643:33805]
2025-07-27 23:49:39 [DEBUG] python_multipart.multipart: Calling on_part_end with no data
2025-07-27 23:49:39 [DEBUG] python_multipart.multipart: Calling on_part_begin with no data
2025-07-27 23:49:39 [DEBUG] python_multipart.multipart: Calling on_header_field with data[33849:33868]
2025-07-27 23:49:39 [DEBUG] python_multipart.multipart: Calling on_header_value with data[33870:33917]
2025-07-27 23:49:39 [DEBUG] python_multipart.multipart: Calling on_header_end with no data
2025-07-27 23:49:39 [DEBUG] python_multipart.multipart: Calling on_header_field with data[33919:33931]
2025-07-27 23:49:39 [DEBUG] python_multipart.multipart: Calling on_header_value with data[33933:33943]
2025-07-27 23:49:39 [DEBUG] python_multipart.multipart: Calling on_header_end with no data
2025-07-27 23:49:39 [DEBUG] python_multipart.multipart: Calling on_headers_finished with no data
2025-07-27 23:49:39 [DEBUG] python_multipart.multipart: Calling on_part_data with data[33947:37109]
2025-07-27 23:49:39 [DEBUG] python_multipart.multipart: Calling on_part_end with no data
2025-07-27 23:49:39 [DEBUG] python_multipart.multipart: Calling on_part_begin with no data
2025-07-27 23:49:39 [DEBUG] python_multipart.multipart: Calling on_header_field with data[37153:37172]
2025-07-27 23:49:39 [DEBUG] python_multipart.multipart: Calling on_header_value with data[37174:37221]
2025-07-27 23:49:39 [DEBUG] python_multipart.multipart: Calling on_header_end with no data
2025-07-27 23:49:39 [DEBUG] python_multipart.multipart: Calling on_header_field with data[37223:37235]
2025-07-27 23:49:39 [DEBUG] python_multipart.multipart: Calling on_header_value with data[37237:37247]
2025-07-27 23:49:39 [DEBUG] python_multipart.multipart: Calling on_header_end with no data
2025-07-27 23:49:39 [DEBUG] python_multipart.multipart: Calling on_headers_finished with no data
2025-07-27 23:49:39 [DEBUG] python_multipart.multipart: Calling on_part_data with data[37251:40413]
2025-07-27 23:49:39 [DEBUG] python_multipart.multipart: Calling on_part_end with no data
2025-07-27 23:49:39 [DEBUG] python_multipart.multipart: Calling on_part_begin with no data
2025-07-27 23:49:39 [DEBUG] python_multipart.multipart: Calling on_header_field with data[40457:40476]
2025-07-27 23:49:39 [DEBUG] python_multipart.multipart: Calling on_header_value with data[40478:40525]
2025-07-27 23:49:39 [DEBUG] python_multipart.multipart: Calling on_header_end with no data
2025-07-27 23:49:39 [DEBUG] python_multipart.multipart: Calling on_header_field with data[40527:40539]
2025-07-27 23:49:39 [DEBUG] python_multipart.multipart: Calling on_header_value with data[40541:40551]
2025-07-27 23:49:39 [DEBUG] python_multipart.multipart: Calling on_header_end with no data
2025-07-27 23:49:39 [DEBUG] python_multipart.multipart: Calling on_headers_finished with no data
2025-07-27 23:49:39 [DEBUG] python_multipart.multipart: Calling on_part_data with data[40555:43717]
2025-07-27 23:49:39 [DEBUG] python_multipart.multipart: Calling on_part_end with no data
2025-07-27 23:49:39 [DEBUG] python_multipart.multipart: Calling on_part_begin with no data
2025-07-27 23:49:39 [DEBUG] python_multipart.multipart: Calling on_header_field with data[43761:43780]
2025-07-27 23:49:39 [DEBUG] python_multipart.multipart: Calling on_header_value with data[43782:43829]
2025-07-27 23:49:39 [DEBUG] python_multipart.multipart: Calling on_header_end with no data
2025-07-27 23:49:39 [DEBUG] python_multipart.multipart: Calling on_header_field with data[43831:43843]
2025-07-27 23:49:39 [DEBUG] python_multipart.multipart: Calling on_header_value with data[43845:43855]
2025-07-27 23:49:39 [DEBUG] python_multipart.multipart: Calling on_header_end with no data
2025-07-27 23:49:39 [DEBUG] python_multipart.multipart: Calling on_headers_finished with no data
2025-07-27 23:49:39 [DEBUG] python_multipart.multipart: Calling on_part_data with data[43859:47021]
2025-07-27 23:49:39 [DEBUG] python_multipart.multipart: Calling on_part_end with no data
2025-07-27 23:49:39 [DEBUG] python_multipart.multipart: Calling on_part_begin with no data
2025-07-27 23:49:39 [DEBUG] python_multipart.multipart: Calling on_header_field with data[47065:47084]
2025-07-27 23:49:39 [DEBUG] python_multipart.multipart: Calling on_header_value with data[47086:47133]
2025-07-27 23:49:39 [DEBUG] python_multipart.multipart: Calling on_header_end with no data
2025-07-27 23:49:39 [DEBUG] python_multipart.multipart: Calling on_header_field with data[47135:47147]
2025-07-27 23:49:39 [DEBUG] python_multipart.multipart: Calling on_header_value with data[47149:47159]
2025-07-27 23:49:39 [DEBUG] python_multipart.multipart: Calling on_header_end with no data
2025-07-27 23:49:39 [DEBUG] python_multipart.multipart: Calling on_headers_finished with no data
2025-07-27 23:49:39 [DEBUG] python_multipart.multipart: Calling on_part_data with data[47163:50325]
2025-07-27 23:49:39 [DEBUG] python_multipart.multipart: Calling on_part_end with no data
2025-07-27 23:49:39 [DEBUG] python_multipart.multipart: Calling on_part_begin with no data
2025-07-27 23:49:39 [DEBUG] python_multipart.multipart: Calling on_header_field with data[50369:50388]
2025-07-27 23:49:39 [DEBUG] python_multipart.multipart: Calling on_header_value with data[50390:50437]
2025-07-27 23:49:39 [DEBUG] python_multipart.multipart: Calling on_header_end with no data
2025-07-27 23:49:39 [DEBUG] python_multipart.multipart: Calling on_header_field with data[50439:50451]
2025-07-27 23:49:39 [DEBUG] python_multipart.multipart: Calling on_header_value with data[50453:50463]
2025-07-27 23:49:39 [DEBUG] python_multipart.multipart: Calling on_header_end with no data
2025-07-27 23:49:39 [DEBUG] python_multipart.multipart: Calling on_headers_finished with no data
2025-07-27 23:49:39 [DEBUG] python_multipart.multipart: Calling on_part_data with data[50467:53629]
2025-07-27 23:49:39 [DEBUG] python_multipart.multipart: Calling on_part_end with no data
2025-07-27 23:49:39 [DEBUG] python_multipart.multipart: Calling on_part_begin with no data
2025-07-27 23:49:39 [DEBUG] python_multipart.multipart: Calling on_header_field with data[53673:53692]
2025-07-27 23:49:39 [DEBUG] python_multipart.multipart: Calling on_header_value with data[53694:53741]
2025-07-27 23:49:39 [DEBUG] python_multipart.multipart: Calling on_header_end with no data
2025-07-27 23:49:39 [DEBUG] python_multipart.multipart: Calling on_header_field with data[53743:53755]
2025-07-27 23:49:39 [DEBUG] python_multipart.multipart: Calling on_header_value with data[53757:53767]
2025-07-27 23:49:39 [DEBUG] python_multipart.multipart: Calling on_header_end with no data
2025-07-27 23:49:39 [DEBUG] python_multipart.multipart: Calling on_headers_finished with no data
2025-07-27 23:49:39 [DEBUG] python_multipart.multipart: Calling on_part_data with data[53771:56933]
2025-07-27 23:49:39 [DEBUG] python_multipart.multipart: Calling on_part_end with no data
2025-07-27 23:49:39 [DEBUG] python_multipart.multipart: Calling on_part_begin with no data
2025-07-27 23:49:39 [DEBUG] python_multipart.multipart: Calling on_header_field with data[56977:56996]
2025-07-27 23:49:39 [DEBUG] python_multipart.multipart: Calling on_header_value with data[56998:57045]
2025-07-27 23:49:39 [DEBUG] python_multipart.multipart: Calling on_header_end with no data
2025-07-27 23:49:39 [DEBUG] python_multipart.multipart: Calling on_header_field with data[57047:57059]
2025-07-27 23:49:39 [DEBUG] python_multipart.multipart: Calling on_header_value with data[57061:57071]
2025-07-27 23:49:39 [DEBUG] python_multipart.multipart: Calling on_header_end with no data
2025-07-27 23:49:39 [DEBUG] python_multipart.multipart: Calling on_headers_finished with no data
2025-07-27 23:49:39 [DEBUG] python_multipart.multipart: Calling on_part_data with data[57075:60237]
2025-07-27 23:49:39 [DEBUG] python_multipart.multipart: Calling on_part_end with no data
2025-07-27 23:49:39 [DEBUG] python_multipart.multipart: Calling on_part_begin with no data
2025-07-27 23:49:39 [DEBUG] python_multipart.multipart: Calling on_header_field with data[60281:60300]
2025-07-27 23:49:39 [DEBUG] python_multipart.multipart: Calling on_header_value with data[60302:60349]
2025-07-27 23:49:39 [DEBUG] python_multipart.multipart: Calling on_header_end with no data
2025-07-27 23:49:39 [DEBUG] python_multipart.multipart: Calling on_header_field with data[60351:60363]
2025-07-27 23:49:39 [DEBUG] python_multipart.multipart: Calling on_header_value with data[60365:60375]
2025-07-27 23:49:39 [DEBUG] python_multipart.multipart: Calling on_header_end with no data
2025-07-27 23:49:39 [DEBUG] python_multipart.multipart: Calling on_headers_finished with no data
2025-07-27 23:49:39 [DEBUG] python_multipart.multipart: Calling on_part_data with data[60379:63541]
2025-07-27 23:49:39 [DEBUG] python_multipart.multipart: Calling on_part_end with no data
2025-07-27 23:49:39 [DEBUG] python_multipart.multipart: Calling on_part_begin with no data
2025-07-27 23:49:39 [DEBUG] python_multipart.multipart: Calling on_header_field with data[63585:63604]
2025-07-27 23:49:39 [DEBUG] python_multipart.multipart: Calling on_header_value with data[63606:63653]
2025-07-27 23:49:39 [DEBUG] python_multipart.multipart: Calling on_header_end with no data
2025-07-27 23:49:39 [DEBUG] python_multipart.multipart: Calling on_header_field with data[63655:63667]
2025-07-27 23:49:39 [DEBUG] python_multipart.multipart: Calling on_header_value with data[63669:63679]
2025-07-27 23:49:39 [DEBUG] python_multipart.multipart: Calling on_header_end with no data
2025-07-27 23:49:39 [DEBUG] python_multipart.multipart: Calling on_headers_finished with no data
2025-07-27 23:49:39 [DEBUG] python_multipart.multipart: Calling on_part_data with data[63683:66845]
2025-07-27 23:49:39 [DEBUG] python_multipart.multipart: Calling on_part_end with no data
2025-07-27 23:49:39 [DEBUG] python_multipart.multipart: Calling on_part_begin with no data
2025-07-27 23:49:39 [DEBUG] python_multipart.multipart: Calling on_header_field with data[66889:66908]
2025-07-27 23:49:39 [DEBUG] python_multipart.multipart: Calling on_header_value with data[66910:66957]
2025-07-27 23:49:39 [DEBUG] python_multipart.multipart: Calling on_header_end with no data
2025-07-27 23:49:39 [DEBUG] python_multipart.multipart: Calling on_header_field with data[66959:66971]
2025-07-27 23:49:39 [DEBUG] python_multipart.multipart: Calling on_header_value with data[66973:66983]
2025-07-27 23:49:39 [DEBUG] python_multipart.multipart: Calling on_header_end with no data
2025-07-27 23:49:39 [DEBUG] python_multipart.multipart: Calling on_headers_finished with no data
2025-07-27 23:49:39 [DEBUG] python_multipart.multipart: Calling on_part_data with data[66987:70149]
2025-07-27 23:49:39 [DEBUG] python_multipart.multipart: Calling on_part_end with no data
2025-07-27 23:49:39 [DEBUG] python_multipart.multipart: Calling on_part_begin with no data
2025-07-27 23:49:39 [DEBUG] python_multipart.multipart: Calling on_header_field with data[70193:70212]
2025-07-27 23:49:39 [DEBUG] python_multipart.multipart: Calling on_header_value with data[70214:70261]
2025-07-27 23:49:39 [DEBUG] python_multipart.multipart: Calling on_header_end with no data
2025-07-27 23:49:39 [DEBUG] python_multipart.multipart: Calling on_header_field with data[70263:70275]
2025-07-27 23:49:39 [DEBUG] python_multipart.multipart: Calling on_header_value with data[70277:70287]
2025-07-27 23:49:39 [DEBUG] python_multipart.multipart: Calling on_header_end with no data
2025-07-27 23:49:39 [DEBUG] python_multipart.multipart: Calling on_headers_finished with no data
2025-07-27 23:49:39 [DEBUG] python_multipart.multipart: Calling on_part_data with data[70291:73453]
2025-07-27 23:49:39 [DEBUG] python_multipart.multipart: Calling on_part_end with no data
2025-07-27 23:49:39 [DEBUG] python_multipart.multipart: Calling on_part_begin with no data
2025-07-27 23:49:39 [DEBUG] python_multipart.multipart: Calling on_header_field with data[73497:73516]
2025-07-27 23:49:39 [DEBUG] python_multipart.multipart: Calling on_header_value with data[73518:73565]
2025-07-27 23:49:39 [DEBUG] python_multipart.multipart: Calling on_header_end with no data
2025-07-27 23:49:39 [DEBUG] python_multipart.multipart: Calling on_header_field with data[73567:73579]
2025-07-27 23:49:39 [DEBUG] python_multipart.multipart: Calling on_header_value with data[73581:73591]
2025-07-27 23:49:39 [DEBUG] python_multipart.multipart: Calling on_header_end with no data
2025-07-27 23:49:39 [DEBUG] python_multipart.multipart: Calling on_headers_finished with no data
2025-07-27 23:49:39 [DEBUG] python_multipart.multipart: Calling on_part_data with data[73595:76757]
2025-07-27 23:49:39 [DEBUG] python_multipart.multipart: Calling on_part_end with no data
2025-07-27 23:49:39 [DEBUG] python_multipart.multipart: Calling on_part_begin with no data
2025-07-27 23:49:39 [DEBUG] python_multipart.multipart: Calling on_header_field with data[76801:76820]
2025-07-27 23:49:39 [DEBUG] python_multipart.multipart: Calling on_header_value with data[76822:76869]
2025-07-27 23:49:39 [DEBUG] python_multipart.multipart: Calling on_header_end with no data
2025-07-27 23:49:39 [DEBUG] python_multipart.multipart: Calling on_header_field with data[76871:76883]
2025-07-27 23:49:39 [DEBUG] python_multipart.multipart: Calling on_header_value with data[76885:76895]
2025-07-27 23:49:39 [DEBUG] python_multipart.multipart: Calling on_header_end with no data
2025-07-27 23:49:39 [DEBUG] python_multipart.multipart: Calling on_headers_finished with no data
2025-07-27 23:49:39 [DEBUG] python_multipart.multipart: Calling on_part_data with data[76899:80061]
2025-07-27 23:49:39 [DEBUG] python_multipart.multipart: Calling on_part_end with no data
2025-07-27 23:49:39 [DEBUG] python_multipart.multipart: Calling on_part_begin with no data
2025-07-27 23:49:39 [DEBUG] python_multipart.multipart: Calling on_header_field with data[80105:80124]
2025-07-27 23:49:39 [DEBUG] python_multipart.multipart: Calling on_header_value with data[80126:80173]
2025-07-27 23:49:39 [DEBUG] python_multipart.multipart: Calling on_header_end with no data
2025-07-27 23:49:39 [DEBUG] python_multipart.multipart: Calling on_header_field with data[80175:80187]
2025-07-27 23:49:39 [DEBUG] python_multipart.multipart: Calling on_header_value with data[80189:80199]
2025-07-27 23:49:39 [DEBUG] python_multipart.multipart: Calling on_header_end with no data
2025-07-27 23:49:39 [DEBUG] python_multipart.multipart: Calling on_headers_finished with no data
2025-07-27 23:49:39 [DEBUG] python_multipart.multipart: Calling on_part_data with data[80203:83365]
2025-07-27 23:49:39 [DEBUG] python_multipart.multipart: Calling on_part_end with no data
2025-07-27 23:49:39 [DEBUG] python_multipart.multipart: Calling on_end with no data
2025-07-27 23:49:39 [INFO] face-presence-api: Registering user: 44
2025-07-27 23:49:39 [INFO] watchfiles.main: 1 change detected
2025-07-27 23:49:39 [DEBUG] face-presence-api: 🧹 Memory cleared with garbage collector.
2025-07-27 23:49:40 [INFO] face-presence-api: 📁 10 test image berhasil disimpan untuk user 44 di F:\Kuliah\Skripsi\praktisi-face-presence-api\src\storage\test_images\44
2025-07-27 23:49:40 [INFO] watchfiles.main: 9 changes detected
2025-07-27 23:49:40 [DEBUG] face-presence-api: 🧹 Memory cleared with garbage collector.
2025-07-27 23:49:40 [INFO] face-presence-api: Processing batch 1/8
2025-07-27 23:49:40 [INFO] face-presence-api: Processing batch 2/8
2025-07-27 23:49:41 [INFO] face-presence-api: Processing batch 3/8
2025-07-27 23:49:41 [INFO] face-presence-api: Processing batch 4/8
2025-07-27 23:49:41 [INFO] face-presence-api: Processing batch 5/8
2025-07-27 23:49:42 [INFO] face-presence-api: Processing batch 6/8
2025-07-27 23:49:42 [INFO] face-presence-api: Processing batch 7/8
2025-07-27 23:49:42 [INFO] face-presence-api: Processing batch 8/8
2025-07-27 23:49:43 [INFO] face-presence-api: Finished processing 40 valid embeddings from 40 images
2025-07-27 23:49:43 [INFO] face-presence-api: Validasi berhasil: 40 embeddings valid
2025-07-27 23:49:43 [INFO] face-presence-api: Validasi berhasil: 40 embeddings valid
2025-07-27 23:49:43 [INFO] face-presence-api: Embedding berhasil disimpan untuk user 44 di F:\Kuliah\Skripsi\praktisi-face-presence-api\src\storage\embeddings\44.pkl
2025-07-27 23:49:43 [INFO] face-presence-api: Embeddings saved successfully for user 44, starting evaluation.
2025-07-27 23:49:43 [INFO] face-presence-api: Evaluating ...
2025-07-27 23:49:43 [INFO] watchfiles.main: 1 change detected
2025-07-27 23:49:43 [INFO] face-presence-api: Evaluating batch 1/4
2025-07-27 23:49:43 [INFO] face-presence-api: Evaluating batch 2/4
2025-07-27 23:49:43 [INFO] face-presence-api: Evaluating batch 3/4
2025-07-27 23:49:44 [INFO] face-presence-api: Evaluating batch 4/4
2025-07-27 23:49:44 [INFO] face-presence-api: Face registration successful for user 44.
2025-07-27 23:49:47 [INFO] face-presence-api: [BatchLogger] Flushing 1 registrations...
2025-07-27 23:49:50 [DEBUG] urllib3.connectionpool: https://sheets.googleapis.com:443 "GET /v4/spreadsheets/1hjXERVEURCeKXeCw8TUbrkjF25_GVmORN0JgjZuu058?includeGridData=false HTTP/1.1" 200 None
2025-07-27 23:49:51 [DEBUG] urllib3.connectionpool: https://sheets.googleapis.com:443 "GET /v4/spreadsheets/1hjXERVEURCeKXeCw8TUbrkjF25_GVmORN0JgjZuu058/values/%27Registration%27 HTTP/1.1" 200 None
2025-07-27 23:49:52 [DEBUG] urllib3.connectionpool: https://sheets.googleapis.com:443 "GET /v4/spreadsheets/1hjXERVEURCeKXeCw8TUbrkjF25_GVmORN0JgjZuu058/values/%27Registration%27 HTTP/1.1" 200 None
2025-07-27 23:49:52 [DEBUG] urllib3.connectionpool: https://sheets.googleapis.com:443 "POST /v4/spreadsheets/1hjXERVEURCeKXeCw8TUbrkjF25_GVmORN0JgjZuu058/values:batchUpdate HTTP/1.1" 200 None
2025-07-27 23:49:52 [INFO] face-presence-api: [BatchLogger] Updated 1 registration rows
2025-07-27 23:49:52 [DEBUG] face-presence-api: [BatchLogger] No verifications, skip flush
2025-07-27 23:49:52 [DEBUG] face-presence-api: [BatchLogger] No durations, skip flush
2025-07-27 23:50:02 [DEBUG] face-presence-api: [BatchLogger] No durations, skip flush
2025-07-27 23:50:12 [DEBUG] face-presence-api: [BatchLogger] No durations, skip flush
2025-07-27 23:50:18 [DEBUG] python_multipart.multipart: Calling on_part_begin with no data
2025-07-27 23:50:18 [DEBUG] python_multipart.multipart: Calling on_header_field with data[42:61]
2025-07-27 23:50:18 [DEBUG] python_multipart.multipart: Calling on_header_value with data[63:88]
2025-07-27 23:50:18 [DEBUG] python_multipart.multipart: Calling on_header_end with no data
2025-07-27 23:50:18 [DEBUG] python_multipart.multipart: Calling on_headers_finished with no data
2025-07-27 23:50:18 [DEBUG] python_multipart.multipart: Calling on_part_data with data[92:94]
2025-07-27 23:50:18 [DEBUG] python_multipart.multipart: Calling on_part_end with no data
2025-07-27 23:50:18 [DEBUG] python_multipart.multipart: Calling on_end with no data
2025-07-27 23:50:18 [INFO] face-presence-api: Checking status for user: 44
2025-07-27 23:50:18 [INFO] face-presence-api: User 44 is already registered.
2025-07-27 23:50:22 [DEBUG] face-presence-api: [BatchLogger] No registrations, skip flush
2025-07-27 23:50:22 [DEBUG] face-presence-api: [BatchLogger] No verifications, skip flush
2025-07-27 23:50:22 [DEBUG] face-presence-api: [BatchLogger] No durations, skip flush
2025-07-27 23:50:32 [DEBUG] face-presence-api: [BatchLogger] No durations, skip flush
2025-07-27 23:50:42 [DEBUG] face-presence-api: [BatchLogger] No durations, skip flush
2025-07-27 23:50:50 [DEBUG] python_multipart.multipart: Calling on_part_begin with no data
2025-07-27 23:50:50 [DEBUG] python_multipart.multipart: Calling on_header_field with data[42:61]
2025-07-27 23:50:50 [DEBUG] python_multipart.multipart: Calling on_header_value with data[63:88]
2025-07-27 23:50:50 [DEBUG] python_multipart.multipart: Calling on_header_end with no data
2025-07-27 23:50:50 [DEBUG] python_multipart.multipart: Calling on_headers_finished with no data
2025-07-27 23:50:50 [DEBUG] python_multipart.multipart: Calling on_part_data with data[92:94]
2025-07-27 23:50:50 [DEBUG] python_multipart.multipart: Calling on_part_end with no data
2025-07-27 23:50:50 [DEBUG] python_multipart.multipart: Calling on_end with no data
2025-07-27 23:50:50 [INFO] face-presence-api: Checking status for user: 44
2025-07-27 23:50:50 [INFO] face-presence-api: User 44 is already registered.
2025-07-27 23:50:52 [DEBUG] face-presence-api: [BatchLogger] No registrations, skip flush
2025-07-27 23:50:52 [DEBUG] face-presence-api: [BatchLogger] No verifications, skip flush
2025-07-27 23:50:53 [DEBUG] face-presence-api: [BatchLogger] No durations, skip flush
2025-07-27 23:51:02 [DEBUG] python_multipart.multipart: Calling on_part_begin with no data
2025-07-27 23:51:02 [DEBUG] python_multipart.multipart: Calling on_header_field with data[42:61]
2025-07-27 23:51:02 [DEBUG] python_multipart.multipart: Calling on_header_value with data[63:88]
2025-07-27 23:51:02 [DEBUG] python_multipart.multipart: Calling on_header_end with no data
2025-07-27 23:51:02 [DEBUG] python_multipart.multipart: Calling on_headers_finished with no data
2025-07-27 23:51:02 [DEBUG] python_multipart.multipart: Calling on_part_data with data[92:94]
2025-07-27 23:51:02 [DEBUG] python_multipart.multipart: Calling on_part_end with no data
2025-07-27 23:51:02 [DEBUG] python_multipart.multipart: Calling on_part_begin with no data
2025-07-27 23:51:02 [DEBUG] python_multipart.multipart: Calling on_header_field with data[138:157]
2025-07-27 23:51:02 [DEBUG] python_multipart.multipart: Calling on_header_value with data[159:205]
2025-07-27 23:51:02 [DEBUG] python_multipart.multipart: Calling on_header_end with no data
2025-07-27 23:51:02 [DEBUG] python_multipart.multipart: Calling on_header_field with data[207:219]
2025-07-27 23:51:02 [DEBUG] python_multipart.multipart: Calling on_header_value with data[221:231]
2025-07-27 23:51:02 [DEBUG] python_multipart.multipart: Calling on_header_end with no data
2025-07-27 23:51:02 [DEBUG] python_multipart.multipart: Calling on_headers_finished with no data
2025-07-27 23:51:02 [DEBUG] python_multipart.multipart: Calling on_part_data with data[235:3397]
2025-07-27 23:51:02 [DEBUG] python_multipart.multipart: Calling on_part_end with no data
2025-07-27 23:51:02 [DEBUG] python_multipart.multipart: Calling on_part_begin with no data
2025-07-27 23:51:02 [DEBUG] python_multipart.multipart: Calling on_header_field with data[3441:3460]
2025-07-27 23:51:02 [DEBUG] python_multipart.multipart: Calling on_header_value with data[3462:3508]
2025-07-27 23:51:02 [DEBUG] python_multipart.multipart: Calling on_header_end with no data
2025-07-27 23:51:02 [DEBUG] python_multipart.multipart: Calling on_header_field with data[3510:3522]
2025-07-27 23:51:02 [DEBUG] python_multipart.multipart: Calling on_header_value with data[3524:3534]
2025-07-27 23:51:02 [DEBUG] python_multipart.multipart: Calling on_header_end with no data
2025-07-27 23:51:02 [DEBUG] python_multipart.multipart: Calling on_headers_finished with no data
2025-07-27 23:51:02 [DEBUG] python_multipart.multipart: Calling on_part_data with data[3538:6700]
2025-07-27 23:51:02 [DEBUG] python_multipart.multipart: Calling on_part_end with no data
2025-07-27 23:51:02 [DEBUG] python_multipart.multipart: Calling on_part_begin with no data
2025-07-27 23:51:02 [DEBUG] python_multipart.multipart: Calling on_header_field with data[6744:6763]
2025-07-27 23:51:02 [DEBUG] python_multipart.multipart: Calling on_header_value with data[6765:6811]
2025-07-27 23:51:02 [DEBUG] python_multipart.multipart: Calling on_header_end with no data
2025-07-27 23:51:02 [DEBUG] python_multipart.multipart: Calling on_header_field with data[6813:6825]
2025-07-27 23:51:02 [DEBUG] python_multipart.multipart: Calling on_header_value with data[6827:6837]
2025-07-27 23:51:02 [DEBUG] python_multipart.multipart: Calling on_header_end with no data
2025-07-27 23:51:02 [DEBUG] python_multipart.multipart: Calling on_headers_finished with no data
2025-07-27 23:51:02 [DEBUG] python_multipart.multipart: Calling on_part_data with data[6841:10003]
2025-07-27 23:51:02 [DEBUG] python_multipart.multipart: Calling on_part_end with no data
2025-07-27 23:51:02 [DEBUG] python_multipart.multipart: Calling on_part_begin with no data
2025-07-27 23:51:02 [DEBUG] python_multipart.multipart: Calling on_header_field with data[10047:10066]
2025-07-27 23:51:02 [DEBUG] python_multipart.multipart: Calling on_header_value with data[10068:10114]
2025-07-27 23:51:02 [DEBUG] python_multipart.multipart: Calling on_header_end with no data
2025-07-27 23:51:02 [DEBUG] python_multipart.multipart: Calling on_header_field with data[10116:10128]
2025-07-27 23:51:02 [DEBUG] python_multipart.multipart: Calling on_header_value with data[10130:10140]
2025-07-27 23:51:02 [DEBUG] python_multipart.multipart: Calling on_header_end with no data
2025-07-27 23:51:02 [DEBUG] python_multipart.multipart: Calling on_headers_finished with no data
2025-07-27 23:51:02 [DEBUG] python_multipart.multipart: Calling on_part_data with data[10144:13306]
2025-07-27 23:51:02 [DEBUG] python_multipart.multipart: Calling on_part_end with no data
2025-07-27 23:51:02 [DEBUG] python_multipart.multipart: Calling on_part_begin with no data
2025-07-27 23:51:02 [DEBUG] python_multipart.multipart: Calling on_header_field with data[13350:13369]
2025-07-27 23:51:02 [DEBUG] python_multipart.multipart: Calling on_header_value with data[13371:13417]
2025-07-27 23:51:02 [DEBUG] python_multipart.multipart: Calling on_header_end with no data
2025-07-27 23:51:02 [DEBUG] python_multipart.multipart: Calling on_header_field with data[13419:13431]
2025-07-27 23:51:02 [DEBUG] python_multipart.multipart: Calling on_header_value with data[13433:13443]
2025-07-27 23:51:02 [DEBUG] python_multipart.multipart: Calling on_header_end with no data
2025-07-27 23:51:02 [DEBUG] python_multipart.multipart: Calling on_headers_finished with no data
2025-07-27 23:51:02 [DEBUG] python_multipart.multipart: Calling on_part_data with data[13447:16609]
2025-07-27 23:51:02 [DEBUG] python_multipart.multipart: Calling on_part_end with no data
2025-07-27 23:51:02 [DEBUG] python_multipart.multipart: Calling on_part_begin with no data
2025-07-27 23:51:02 [DEBUG] python_multipart.multipart: Calling on_header_field with data[16653:16672]
2025-07-27 23:51:02 [DEBUG] python_multipart.multipart: Calling on_header_value with data[16674:16720]
2025-07-27 23:51:02 [DEBUG] python_multipart.multipart: Calling on_header_end with no data
2025-07-27 23:51:02 [DEBUG] python_multipart.multipart: Calling on_header_field with data[16722:16734]
2025-07-27 23:51:02 [DEBUG] python_multipart.multipart: Calling on_header_value with data[16736:16746]
2025-07-27 23:51:02 [DEBUG] python_multipart.multipart: Calling on_header_end with no data
2025-07-27 23:51:02 [DEBUG] python_multipart.multipart: Calling on_headers_finished with no data
2025-07-27 23:51:02 [DEBUG] python_multipart.multipart: Calling on_part_data with data[16750:19912]
2025-07-27 23:51:02 [DEBUG] python_multipart.multipart: Calling on_part_end with no data
2025-07-27 23:51:02 [DEBUG] python_multipart.multipart: Calling on_part_begin with no data
2025-07-27 23:51:02 [DEBUG] python_multipart.multipart: Calling on_header_field with data[19956:19975]
2025-07-27 23:51:02 [DEBUG] python_multipart.multipart: Calling on_header_value with data[19977:20023]
2025-07-27 23:51:02 [DEBUG] python_multipart.multipart: Calling on_header_end with no data
2025-07-27 23:51:02 [DEBUG] python_multipart.multipart: Calling on_header_field with data[20025:20037]
2025-07-27 23:51:02 [DEBUG] python_multipart.multipart: Calling on_header_value with data[20039:20049]
2025-07-27 23:51:02 [DEBUG] python_multipart.multipart: Calling on_header_end with no data
2025-07-27 23:51:02 [DEBUG] python_multipart.multipart: Calling on_headers_finished with no data
2025-07-27 23:51:02 [DEBUG] python_multipart.multipart: Calling on_part_data with data[20053:23215]
2025-07-27 23:51:02 [DEBUG] python_multipart.multipart: Calling on_part_end with no data
2025-07-27 23:51:02 [DEBUG] python_multipart.multipart: Calling on_part_begin with no data
2025-07-27 23:51:02 [DEBUG] python_multipart.multipart: Calling on_header_field with data[23259:23278]
2025-07-27 23:51:02 [DEBUG] python_multipart.multipart: Calling on_header_value with data[23280:23326]
2025-07-27 23:51:02 [DEBUG] python_multipart.multipart: Calling on_header_end with no data
2025-07-27 23:51:02 [DEBUG] python_multipart.multipart: Calling on_header_field with data[23328:23340]
2025-07-27 23:51:02 [DEBUG] python_multipart.multipart: Calling on_header_value with data[23342:23352]
2025-07-27 23:51:02 [DEBUG] python_multipart.multipart: Calling on_header_end with no data
2025-07-27 23:51:02 [DEBUG] python_multipart.multipart: Calling on_headers_finished with no data
2025-07-27 23:51:02 [DEBUG] python_multipart.multipart: Calling on_part_data with data[23356:26518]
2025-07-27 23:51:02 [DEBUG] python_multipart.multipart: Calling on_part_end with no data
2025-07-27 23:51:02 [DEBUG] python_multipart.multipart: Calling on_part_begin with no data
2025-07-27 23:51:02 [DEBUG] python_multipart.multipart: Calling on_header_field with data[26562:26581]
2025-07-27 23:51:02 [DEBUG] python_multipart.multipart: Calling on_header_value with data[26583:26629]
2025-07-27 23:51:02 [DEBUG] python_multipart.multipart: Calling on_header_end with no data
2025-07-27 23:51:02 [DEBUG] python_multipart.multipart: Calling on_header_field with data[26631:26643]
2025-07-27 23:51:02 [DEBUG] python_multipart.multipart: Calling on_header_value with data[26645:26655]
2025-07-27 23:51:02 [DEBUG] python_multipart.multipart: Calling on_header_end with no data
2025-07-27 23:51:02 [DEBUG] python_multipart.multipart: Calling on_headers_finished with no data
2025-07-27 23:51:02 [DEBUG] python_multipart.multipart: Calling on_part_data with data[26659:29821]
2025-07-27 23:51:02 [DEBUG] python_multipart.multipart: Calling on_part_end with no data
2025-07-27 23:51:02 [DEBUG] python_multipart.multipart: Calling on_part_begin with no data
2025-07-27 23:51:02 [DEBUG] python_multipart.multipart: Calling on_header_field with data[29865:29884]
2025-07-27 23:51:02 [DEBUG] python_multipart.multipart: Calling on_header_value with data[29886:29933]
2025-07-27 23:51:02 [DEBUG] python_multipart.multipart: Calling on_header_end with no data
2025-07-27 23:51:02 [DEBUG] python_multipart.multipart: Calling on_header_field with data[29935:29947]
2025-07-27 23:51:02 [DEBUG] python_multipart.multipart: Calling on_header_value with data[29949:29959]
2025-07-27 23:51:02 [DEBUG] python_multipart.multipart: Calling on_header_end with no data
2025-07-27 23:51:02 [DEBUG] python_multipart.multipart: Calling on_headers_finished with no data
2025-07-27 23:51:02 [DEBUG] python_multipart.multipart: Calling on_part_data with data[29963:33125]
2025-07-27 23:51:02 [DEBUG] python_multipart.multipart: Calling on_part_end with no data
2025-07-27 23:51:02 [DEBUG] python_multipart.multipart: Calling on_part_begin with no data
2025-07-27 23:51:02 [DEBUG] python_multipart.multipart: Calling on_header_field with data[33169:33188]
2025-07-27 23:51:02 [DEBUG] python_multipart.multipart: Calling on_header_value with data[33190:33237]
2025-07-27 23:51:02 [DEBUG] python_multipart.multipart: Calling on_header_end with no data
2025-07-27 23:51:02 [DEBUG] python_multipart.multipart: Calling on_header_field with data[33239:33251]
2025-07-27 23:51:02 [DEBUG] python_multipart.multipart: Calling on_header_value with data[33253:33263]
2025-07-27 23:51:02 [DEBUG] python_multipart.multipart: Calling on_header_end with no data
2025-07-27 23:51:02 [DEBUG] python_multipart.multipart: Calling on_headers_finished with no data
2025-07-27 23:51:02 [DEBUG] python_multipart.multipart: Calling on_part_data with data[33267:36429]
2025-07-27 23:51:02 [DEBUG] python_multipart.multipart: Calling on_part_end with no data
2025-07-27 23:51:02 [DEBUG] python_multipart.multipart: Calling on_part_begin with no data
2025-07-27 23:51:02 [DEBUG] python_multipart.multipart: Calling on_header_field with data[36473:36492]
2025-07-27 23:51:02 [DEBUG] python_multipart.multipart: Calling on_header_value with data[36494:36541]
2025-07-27 23:51:02 [DEBUG] python_multipart.multipart: Calling on_header_end with no data
2025-07-27 23:51:02 [DEBUG] python_multipart.multipart: Calling on_header_field with data[36543:36555]
2025-07-27 23:51:02 [DEBUG] python_multipart.multipart: Calling on_header_value with data[36557:36567]
2025-07-27 23:51:02 [DEBUG] python_multipart.multipart: Calling on_header_end with no data
2025-07-27 23:51:02 [DEBUG] python_multipart.multipart: Calling on_headers_finished with no data
2025-07-27 23:51:02 [DEBUG] python_multipart.multipart: Calling on_part_data with data[36571:39733]
2025-07-27 23:51:02 [DEBUG] python_multipart.multipart: Calling on_part_end with no data
2025-07-27 23:51:02 [DEBUG] python_multipart.multipart: Calling on_part_begin with no data
2025-07-27 23:51:02 [DEBUG] python_multipart.multipart: Calling on_header_field with data[39777:39796]
2025-07-27 23:51:02 [DEBUG] python_multipart.multipart: Calling on_header_value with data[39798:39845]
2025-07-27 23:51:02 [DEBUG] python_multipart.multipart: Calling on_header_end with no data
2025-07-27 23:51:02 [DEBUG] python_multipart.multipart: Calling on_header_field with data[39847:39859]
2025-07-27 23:51:02 [DEBUG] python_multipart.multipart: Calling on_header_value with data[39861:39871]
2025-07-27 23:51:02 [DEBUG] python_multipart.multipart: Calling on_header_end with no data
2025-07-27 23:51:02 [DEBUG] python_multipart.multipart: Calling on_headers_finished with no data
2025-07-27 23:51:02 [DEBUG] python_multipart.multipart: Calling on_part_data with data[39875:43037]
2025-07-27 23:51:02 [DEBUG] python_multipart.multipart: Calling on_part_end with no data
2025-07-27 23:51:02 [DEBUG] python_multipart.multipart: Calling on_part_begin with no data
2025-07-27 23:51:02 [DEBUG] python_multipart.multipart: Calling on_header_field with data[43081:43100]
2025-07-27 23:51:02 [DEBUG] python_multipart.multipart: Calling on_header_value with data[43102:43149]
2025-07-27 23:51:02 [DEBUG] python_multipart.multipart: Calling on_header_end with no data
2025-07-27 23:51:02 [DEBUG] python_multipart.multipart: Calling on_header_field with data[43151:43163]
2025-07-27 23:51:02 [DEBUG] python_multipart.multipart: Calling on_header_value with data[43165:43175]
2025-07-27 23:51:02 [DEBUG] python_multipart.multipart: Calling on_header_end with no data
2025-07-27 23:51:02 [DEBUG] python_multipart.multipart: Calling on_headers_finished with no data
2025-07-27 23:51:02 [DEBUG] python_multipart.multipart: Calling on_part_data with data[43179:46341]
2025-07-27 23:51:02 [DEBUG] python_multipart.multipart: Calling on_part_end with no data
2025-07-27 23:51:02 [DEBUG] python_multipart.multipart: Calling on_part_begin with no data
2025-07-27 23:51:02 [DEBUG] python_multipart.multipart: Calling on_header_field with data[46385:46404]
2025-07-27 23:51:02 [DEBUG] python_multipart.multipart: Calling on_header_value with data[46406:46453]
2025-07-27 23:51:02 [DEBUG] python_multipart.multipart: Calling on_header_end with no data
2025-07-27 23:51:02 [DEBUG] python_multipart.multipart: Calling on_header_field with data[46455:46467]
2025-07-27 23:51:02 [DEBUG] python_multipart.multipart: Calling on_header_value with data[46469:46479]
2025-07-27 23:51:02 [DEBUG] python_multipart.multipart: Calling on_header_end with no data
2025-07-27 23:51:02 [DEBUG] python_multipart.multipart: Calling on_headers_finished with no data
2025-07-27 23:51:02 [DEBUG] python_multipart.multipart: Calling on_part_data with data[46483:49645]
2025-07-27 23:51:02 [DEBUG] python_multipart.multipart: Calling on_part_end with no data
2025-07-27 23:51:02 [DEBUG] python_multipart.multipart: Calling on_part_begin with no data
2025-07-27 23:51:02 [DEBUG] python_multipart.multipart: Calling on_header_field with data[49689:49708]
2025-07-27 23:51:02 [DEBUG] python_multipart.multipart: Calling on_header_value with data[49710:49757]
2025-07-27 23:51:02 [DEBUG] python_multipart.multipart: Calling on_header_end with no data
2025-07-27 23:51:02 [DEBUG] python_multipart.multipart: Calling on_header_field with data[49759:49771]
2025-07-27 23:51:02 [DEBUG] python_multipart.multipart: Calling on_header_value with data[49773:49783]
2025-07-27 23:51:02 [DEBUG] python_multipart.multipart: Calling on_header_end with no data
2025-07-27 23:51:02 [DEBUG] python_multipart.multipart: Calling on_headers_finished with no data
2025-07-27 23:51:02 [DEBUG] python_multipart.multipart: Calling on_part_data with data[49787:52949]
2025-07-27 23:51:02 [DEBUG] python_multipart.multipart: Calling on_part_end with no data
2025-07-27 23:51:02 [DEBUG] python_multipart.multipart: Calling on_part_begin with no data
2025-07-27 23:51:02 [DEBUG] python_multipart.multipart: Calling on_header_field with data[52993:53012]
2025-07-27 23:51:02 [DEBUG] python_multipart.multipart: Calling on_header_value with data[53014:53061]
2025-07-27 23:51:02 [DEBUG] python_multipart.multipart: Calling on_header_end with no data
2025-07-27 23:51:02 [DEBUG] python_multipart.multipart: Calling on_header_field with data[53063:53075]
2025-07-27 23:51:02 [DEBUG] python_multipart.multipart: Calling on_header_value with data[53077:53087]
2025-07-27 23:51:02 [DEBUG] python_multipart.multipart: Calling on_header_end with no data
2025-07-27 23:51:02 [DEBUG] python_multipart.multipart: Calling on_headers_finished with no data
2025-07-27 23:51:02 [DEBUG] python_multipart.multipart: Calling on_part_data with data[53091:56253]
2025-07-27 23:51:02 [DEBUG] python_multipart.multipart: Calling on_part_end with no data
2025-07-27 23:51:02 [DEBUG] python_multipart.multipart: Calling on_part_begin with no data
2025-07-27 23:51:02 [DEBUG] python_multipart.multipart: Calling on_header_field with data[56297:56316]
2025-07-27 23:51:02 [DEBUG] python_multipart.multipart: Calling on_header_value with data[56318:56365]
2025-07-27 23:51:02 [DEBUG] python_multipart.multipart: Calling on_header_end with no data
2025-07-27 23:51:02 [DEBUG] python_multipart.multipart: Calling on_header_field with data[56367:56379]
2025-07-27 23:51:02 [DEBUG] python_multipart.multipart: Calling on_header_value with data[56381:56391]
2025-07-27 23:51:02 [DEBUG] python_multipart.multipart: Calling on_header_end with no data
2025-07-27 23:51:02 [DEBUG] python_multipart.multipart: Calling on_headers_finished with no data
2025-07-27 23:51:02 [DEBUG] python_multipart.multipart: Calling on_part_data with data[56395:59557]
2025-07-27 23:51:02 [DEBUG] python_multipart.multipart: Calling on_part_end with no data
2025-07-27 23:51:02 [DEBUG] python_multipart.multipart: Calling on_part_begin with no data
2025-07-27 23:51:02 [DEBUG] python_multipart.multipart: Calling on_header_field with data[59601:59620]
2025-07-27 23:51:02 [DEBUG] python_multipart.multipart: Calling on_header_value with data[59622:59669]
2025-07-27 23:51:02 [DEBUG] python_multipart.multipart: Calling on_header_end with no data
2025-07-27 23:51:02 [DEBUG] python_multipart.multipart: Calling on_header_field with data[59671:59683]
2025-07-27 23:51:02 [DEBUG] python_multipart.multipart: Calling on_header_value with data[59685:59695]
2025-07-27 23:51:02 [DEBUG] python_multipart.multipart: Calling on_header_end with no data
2025-07-27 23:51:02 [DEBUG] python_multipart.multipart: Calling on_headers_finished with no data
2025-07-27 23:51:02 [DEBUG] python_multipart.multipart: Calling on_part_data with data[59699:62861]
2025-07-27 23:51:02 [DEBUG] python_multipart.multipart: Calling on_part_end with no data
2025-07-27 23:51:02 [DEBUG] python_multipart.multipart: Calling on_part_begin with no data
2025-07-27 23:51:02 [DEBUG] python_multipart.multipart: Calling on_header_field with data[62905:62924]
2025-07-27 23:51:02 [DEBUG] python_multipart.multipart: Calling on_header_value with data[62926:62973]
2025-07-27 23:51:02 [DEBUG] python_multipart.multipart: Calling on_header_end with no data
2025-07-27 23:51:02 [DEBUG] python_multipart.multipart: Calling on_header_field with data[62975:62987]
2025-07-27 23:51:02 [DEBUG] python_multipart.multipart: Calling on_header_value with data[62989:62999]
2025-07-27 23:51:02 [DEBUG] python_multipart.multipart: Calling on_header_end with no data
2025-07-27 23:51:02 [DEBUG] python_multipart.multipart: Calling on_headers_finished with no data
2025-07-27 23:51:02 [DEBUG] python_multipart.multipart: Calling on_part_data with data[63003:66165]
2025-07-27 23:51:02 [DEBUG] python_multipart.multipart: Calling on_part_end with no data
2025-07-27 23:51:02 [DEBUG] python_multipart.multipart: Calling on_part_begin with no data
2025-07-27 23:51:02 [DEBUG] python_multipart.multipart: Calling on_header_field with data[66209:66228]
2025-07-27 23:51:02 [DEBUG] python_multipart.multipart: Calling on_header_value with data[66230:66277]
2025-07-27 23:51:02 [DEBUG] python_multipart.multipart: Calling on_header_end with no data
2025-07-27 23:51:02 [DEBUG] python_multipart.multipart: Calling on_header_field with data[66279:66291]
2025-07-27 23:51:02 [DEBUG] python_multipart.multipart: Calling on_header_value with data[66293:66303]
2025-07-27 23:51:02 [DEBUG] python_multipart.multipart: Calling on_header_end with no data
2025-07-27 23:51:02 [DEBUG] python_multipart.multipart: Calling on_headers_finished with no data
2025-07-27 23:51:02 [DEBUG] python_multipart.multipart: Calling on_part_data with data[66307:69469]
2025-07-27 23:51:02 [DEBUG] python_multipart.multipart: Calling on_part_end with no data
2025-07-27 23:51:02 [DEBUG] python_multipart.multipart: Calling on_part_begin with no data
2025-07-27 23:51:02 [DEBUG] python_multipart.multipart: Calling on_header_field with data[69513:69532]
2025-07-27 23:51:02 [DEBUG] python_multipart.multipart: Calling on_header_value with data[69534:69581]
2025-07-27 23:51:02 [DEBUG] python_multipart.multipart: Calling on_header_end with no data
2025-07-27 23:51:02 [DEBUG] python_multipart.multipart: Calling on_header_field with data[69583:69595]
2025-07-27 23:51:02 [DEBUG] python_multipart.multipart: Calling on_header_value with data[69597:69607]
2025-07-27 23:51:02 [DEBUG] python_multipart.multipart: Calling on_header_end with no data
2025-07-27 23:51:02 [DEBUG] python_multipart.multipart: Calling on_headers_finished with no data
2025-07-27 23:51:02 [DEBUG] python_multipart.multipart: Calling on_part_data with data[69611:72773]
2025-07-27 23:51:02 [DEBUG] python_multipart.multipart: Calling on_part_end with no data
2025-07-27 23:51:02 [DEBUG] python_multipart.multipart: Calling on_part_begin with no data
2025-07-27 23:51:02 [DEBUG] python_multipart.multipart: Calling on_header_field with data[72817:72836]
2025-07-27 23:51:02 [DEBUG] python_multipart.multipart: Calling on_header_value with data[72838:72885]
2025-07-27 23:51:02 [DEBUG] python_multipart.multipart: Calling on_header_end with no data
2025-07-27 23:51:02 [DEBUG] python_multipart.multipart: Calling on_header_field with data[72887:72899]
2025-07-27 23:51:02 [DEBUG] python_multipart.multipart: Calling on_header_value with data[72901:72911]
2025-07-27 23:51:02 [DEBUG] python_multipart.multipart: Calling on_header_end with no data
2025-07-27 23:51:02 [DEBUG] python_multipart.multipart: Calling on_headers_finished with no data
2025-07-27 23:51:02 [DEBUG] python_multipart.multipart: Calling on_part_data with data[72915:76077]
2025-07-27 23:51:02 [DEBUG] python_multipart.multipart: Calling on_part_end with no data
2025-07-27 23:51:02 [DEBUG] python_multipart.multipart: Calling on_part_begin with no data
2025-07-27 23:51:02 [DEBUG] python_multipart.multipart: Calling on_header_field with data[76121:76140]
2025-07-27 23:51:02 [DEBUG] python_multipart.multipart: Calling on_header_value with data[76142:76189]
2025-07-27 23:51:02 [DEBUG] python_multipart.multipart: Calling on_header_end with no data
2025-07-27 23:51:02 [DEBUG] python_multipart.multipart: Calling on_header_field with data[76191:76203]
2025-07-27 23:51:02 [DEBUG] python_multipart.multipart: Calling on_header_value with data[76205:76215]
2025-07-27 23:51:02 [DEBUG] python_multipart.multipart: Calling on_header_end with no data
2025-07-27 23:51:02 [DEBUG] python_multipart.multipart: Calling on_headers_finished with no data
2025-07-27 23:51:02 [DEBUG] python_multipart.multipart: Calling on_part_data with data[76219:79381]
2025-07-27 23:51:02 [DEBUG] python_multipart.multipart: Calling on_part_end with no data
2025-07-27 23:51:02 [DEBUG] python_multipart.multipart: Calling on_part_begin with no data
2025-07-27 23:51:02 [DEBUG] python_multipart.multipart: Calling on_header_field with data[79425:79444]
2025-07-27 23:51:02 [DEBUG] python_multipart.multipart: Calling on_header_value with data[79446:79493]
2025-07-27 23:51:02 [DEBUG] python_multipart.multipart: Calling on_header_end with no data
2025-07-27 23:51:02 [DEBUG] python_multipart.multipart: Calling on_header_field with data[79495:79507]
2025-07-27 23:51:02 [DEBUG] python_multipart.multipart: Calling on_header_value with data[79509:79519]
2025-07-27 23:51:02 [DEBUG] python_multipart.multipart: Calling on_header_end with no data
2025-07-27 23:51:02 [DEBUG] python_multipart.multipart: Calling on_headers_finished with no data
2025-07-27 23:51:02 [DEBUG] python_multipart.multipart: Calling on_part_data with data[79523:82685]
2025-07-27 23:51:02 [DEBUG] python_multipart.multipart: Calling on_part_end with no data
2025-07-27 23:51:02 [DEBUG] python_multipart.multipart: Calling on_part_begin with no data
2025-07-27 23:51:02 [DEBUG] python_multipart.multipart: Calling on_header_field with data[82729:82748]
2025-07-27 23:51:02 [DEBUG] python_multipart.multipart: Calling on_header_value with data[82750:82797]
2025-07-27 23:51:02 [DEBUG] python_multipart.multipart: Calling on_header_end with no data
2025-07-27 23:51:02 [DEBUG] python_multipart.multipart: Calling on_header_field with data[82799:82811]
2025-07-27 23:51:02 [DEBUG] python_multipart.multipart: Calling on_header_value with data[82813:82823]
2025-07-27 23:51:03 [DEBUG] python_multipart.multipart: Calling on_header_end with no data
2025-07-27 23:51:03 [DEBUG] python_multipart.multipart: Calling on_headers_finished with no data
2025-07-27 23:51:03 [DEBUG] python_multipart.multipart: Calling on_part_data with data[82827:85989]
2025-07-27 23:51:03 [DEBUG] python_multipart.multipart: Calling on_part_end with no data
2025-07-27 23:51:03 [DEBUG] python_multipart.multipart: Calling on_part_begin with no data
2025-07-27 23:51:03 [DEBUG] python_multipart.multipart: Calling on_header_field with data[86033:86052]
2025-07-27 23:51:03 [DEBUG] python_multipart.multipart: Calling on_header_value with data[86054:86101]
2025-07-27 23:51:03 [DEBUG] python_multipart.multipart: Calling on_header_end with no data
2025-07-27 23:51:03 [DEBUG] python_multipart.multipart: Calling on_header_field with data[86103:86115]
2025-07-27 23:51:03 [DEBUG] python_multipart.multipart: Calling on_header_value with data[86117:86127]
2025-07-27 23:51:03 [DEBUG] python_multipart.multipart: Calling on_header_end with no data
2025-07-27 23:51:03 [DEBUG] python_multipart.multipart: Calling on_headers_finished with no data
2025-07-27 23:51:03 [DEBUG] python_multipart.multipart: Calling on_part_data with data[86131:89293]
2025-07-27 23:51:03 [DEBUG] python_multipart.multipart: Calling on_part_end with no data
2025-07-27 23:51:03 [DEBUG] python_multipart.multipart: Calling on_part_begin with no data
2025-07-27 23:51:03 [DEBUG] python_multipart.multipart: Calling on_header_field with data[89337:89356]
2025-07-27 23:51:03 [DEBUG] python_multipart.multipart: Calling on_header_value with data[89358:89405]
2025-07-27 23:51:03 [DEBUG] python_multipart.multipart: Calling on_header_end with no data
2025-07-27 23:51:03 [DEBUG] python_multipart.multipart: Calling on_header_field with data[89407:89419]
2025-07-27 23:51:03 [DEBUG] python_multipart.multipart: Calling on_header_value with data[89421:89431]
2025-07-27 23:51:03 [DEBUG] face-presence-api: [BatchLogger] No durations, skip flush
2025-07-27 23:51:03 [DEBUG] python_multipart.multipart: Calling on_header_end with no data
2025-07-27 23:51:03 [DEBUG] python_multipart.multipart: Calling on_headers_finished with no data
2025-07-27 23:51:03 [DEBUG] python_multipart.multipart: Calling on_part_data with data[89435:92597]
2025-07-27 23:51:03 [DEBUG] python_multipart.multipart: Calling on_part_end with no data
2025-07-27 23:51:03 [DEBUG] python_multipart.multipart: Calling on_part_begin with no data
2025-07-27 23:51:03 [DEBUG] python_multipart.multipart: Calling on_header_field with data[92641:92660]
2025-07-27 23:51:03 [DEBUG] python_multipart.multipart: Calling on_header_value with data[92662:92709]
2025-07-27 23:51:03 [DEBUG] python_multipart.multipart: Calling on_header_end with no data
2025-07-27 23:51:03 [DEBUG] python_multipart.multipart: Calling on_header_field with data[92711:92723]
2025-07-27 23:51:03 [DEBUG] python_multipart.multipart: Calling on_header_value with data[92725:92735]
2025-07-27 23:51:03 [DEBUG] python_multipart.multipart: Calling on_header_end with no data
2025-07-27 23:51:03 [DEBUG] python_multipart.multipart: Calling on_headers_finished with no data
2025-07-27 23:51:03 [DEBUG] python_multipart.multipart: Calling on_part_data with data[92739:95901]
2025-07-27 23:51:03 [DEBUG] python_multipart.multipart: Calling on_part_end with no data
2025-07-27 23:51:03 [DEBUG] python_multipart.multipart: Calling on_part_begin with no data
2025-07-27 23:51:03 [DEBUG] python_multipart.multipart: Calling on_header_field with data[95945:95964]
2025-07-27 23:51:03 [DEBUG] python_multipart.multipart: Calling on_header_value with data[95966:96013]
2025-07-27 23:51:03 [DEBUG] python_multipart.multipart: Calling on_header_end with no data
2025-07-27 23:51:03 [DEBUG] python_multipart.multipart: Calling on_header_field with data[96015:96027]
2025-07-27 23:51:03 [DEBUG] python_multipart.multipart: Calling on_header_value with data[96029:96039]
2025-07-27 23:51:03 [DEBUG] python_multipart.multipart: Calling on_header_end with no data
2025-07-27 23:51:03 [DEBUG] python_multipart.multipart: Calling on_headers_finished with no data
2025-07-27 23:51:03 [DEBUG] python_multipart.multipart: Calling on_part_data with data[96043:98304]
2025-07-27 23:51:03 [DEBUG] python_multipart.multipart: Calling on_part_data with data[0:901]
2025-07-27 23:51:03 [DEBUG] python_multipart.multipart: Calling on_part_end with no data
2025-07-27 23:51:03 [DEBUG] python_multipart.multipart: Calling on_part_begin with no data
2025-07-27 23:51:03 [DEBUG] python_multipart.multipart: Calling on_header_field with data[945:964]
2025-07-27 23:51:03 [DEBUG] python_multipart.multipart: Calling on_header_value with data[966:1013]
2025-07-27 23:51:03 [DEBUG] python_multipart.multipart: Calling on_header_end with no data
2025-07-27 23:51:03 [DEBUG] python_multipart.multipart: Calling on_header_field with data[1015:1027]
2025-07-27 23:51:03 [DEBUG] python_multipart.multipart: Calling on_header_value with data[1029:1039]
2025-07-27 23:51:03 [DEBUG] python_multipart.multipart: Calling on_header_end with no data
2025-07-27 23:51:03 [DEBUG] python_multipart.multipart: Calling on_headers_finished with no data
2025-07-27 23:51:03 [DEBUG] python_multipart.multipart: Calling on_part_data with data[1043:4205]
2025-07-27 23:51:03 [DEBUG] python_multipart.multipart: Calling on_part_end with no data
2025-07-27 23:51:03 [DEBUG] python_multipart.multipart: Calling on_part_begin with no data
2025-07-27 23:51:03 [DEBUG] python_multipart.multipart: Calling on_header_field with data[4249:4268]
2025-07-27 23:51:03 [DEBUG] python_multipart.multipart: Calling on_header_value with data[4270:4317]
2025-07-27 23:51:03 [DEBUG] python_multipart.multipart: Calling on_header_end with no data
2025-07-27 23:51:03 [DEBUG] python_multipart.multipart: Calling on_header_field with data[4319:4331]
2025-07-27 23:51:03 [DEBUG] python_multipart.multipart: Calling on_header_value with data[4333:4343]
2025-07-27 23:51:03 [DEBUG] python_multipart.multipart: Calling on_header_end with no data
2025-07-27 23:51:03 [DEBUG] python_multipart.multipart: Calling on_headers_finished with no data
2025-07-27 23:51:03 [DEBUG] python_multipart.multipart: Calling on_part_data with data[4347:7509]
2025-07-27 23:51:03 [DEBUG] python_multipart.multipart: Calling on_part_end with no data
2025-07-27 23:51:03 [DEBUG] python_multipart.multipart: Calling on_part_begin with no data
2025-07-27 23:51:03 [DEBUG] python_multipart.multipart: Calling on_header_field with data[7553:7572]
2025-07-27 23:51:03 [DEBUG] python_multipart.multipart: Calling on_header_value with data[7574:7621]
2025-07-27 23:51:03 [DEBUG] python_multipart.multipart: Calling on_header_end with no data
2025-07-27 23:51:03 [DEBUG] python_multipart.multipart: Calling on_header_field with data[7623:7635]
2025-07-27 23:51:03 [DEBUG] python_multipart.multipart: Calling on_header_value with data[7637:7647]
2025-07-27 23:51:03 [DEBUG] python_multipart.multipart: Calling on_header_end with no data
2025-07-27 23:51:03 [DEBUG] python_multipart.multipart: Calling on_headers_finished with no data
2025-07-27 23:51:03 [DEBUG] python_multipart.multipart: Calling on_part_data with data[7651:10813]
2025-07-27 23:51:03 [DEBUG] python_multipart.multipart: Calling on_part_end with no data
2025-07-27 23:51:03 [DEBUG] python_multipart.multipart: Calling on_part_begin with no data
2025-07-27 23:51:03 [DEBUG] python_multipart.multipart: Calling on_header_field with data[10857:10876]
2025-07-27 23:51:03 [DEBUG] python_multipart.multipart: Calling on_header_value with data[10878:10925]
2025-07-27 23:51:03 [DEBUG] python_multipart.multipart: Calling on_header_end with no data
2025-07-27 23:51:03 [DEBUG] python_multipart.multipart: Calling on_header_field with data[10927:10939]
2025-07-27 23:51:03 [DEBUG] python_multipart.multipart: Calling on_header_value with data[10941:10951]
2025-07-27 23:51:03 [DEBUG] python_multipart.multipart: Calling on_header_end with no data
2025-07-27 23:51:03 [DEBUG] python_multipart.multipart: Calling on_headers_finished with no data
2025-07-27 23:51:03 [DEBUG] python_multipart.multipart: Calling on_part_data with data[10955:14117]
2025-07-27 23:51:03 [DEBUG] python_multipart.multipart: Calling on_part_end with no data
2025-07-27 23:51:03 [DEBUG] python_multipart.multipart: Calling on_part_begin with no data
2025-07-27 23:51:03 [DEBUG] python_multipart.multipart: Calling on_header_field with data[14161:14180]
2025-07-27 23:51:03 [DEBUG] python_multipart.multipart: Calling on_header_value with data[14182:14229]
2025-07-27 23:51:03 [DEBUG] python_multipart.multipart: Calling on_header_end with no data
2025-07-27 23:51:03 [DEBUG] python_multipart.multipart: Calling on_header_field with data[14231:14243]
2025-07-27 23:51:03 [DEBUG] python_multipart.multipart: Calling on_header_value with data[14245:14255]
2025-07-27 23:51:03 [DEBUG] python_multipart.multipart: Calling on_header_end with no data
2025-07-27 23:51:03 [DEBUG] python_multipart.multipart: Calling on_headers_finished with no data
2025-07-27 23:51:03 [DEBUG] python_multipart.multipart: Calling on_part_data with data[14259:17421]
2025-07-27 23:51:03 [DEBUG] python_multipart.multipart: Calling on_part_end with no data
2025-07-27 23:51:03 [DEBUG] python_multipart.multipart: Calling on_part_begin with no data
2025-07-27 23:51:03 [DEBUG] python_multipart.multipart: Calling on_header_field with data[17465:17484]
2025-07-27 23:51:03 [DEBUG] python_multipart.multipart: Calling on_header_value with data[17486:17533]
2025-07-27 23:51:03 [DEBUG] python_multipart.multipart: Calling on_header_end with no data
2025-07-27 23:51:03 [DEBUG] python_multipart.multipart: Calling on_header_field with data[17535:17547]
2025-07-27 23:51:03 [DEBUG] python_multipart.multipart: Calling on_header_value with data[17549:17559]
2025-07-27 23:51:03 [DEBUG] python_multipart.multipart: Calling on_header_end with no data
2025-07-27 23:51:03 [DEBUG] python_multipart.multipart: Calling on_headers_finished with no data
2025-07-27 23:51:03 [DEBUG] python_multipart.multipart: Calling on_part_data with data[17563:20725]
2025-07-27 23:51:03 [DEBUG] python_multipart.multipart: Calling on_part_end with no data
2025-07-27 23:51:03 [DEBUG] python_multipart.multipart: Calling on_part_begin with no data
2025-07-27 23:51:03 [DEBUG] python_multipart.multipart: Calling on_header_field with data[20769:20788]
2025-07-27 23:51:03 [DEBUG] python_multipart.multipart: Calling on_header_value with data[20790:20837]
2025-07-27 23:51:03 [DEBUG] python_multipart.multipart: Calling on_header_end with no data
2025-07-27 23:51:03 [DEBUG] python_multipart.multipart: Calling on_header_field with data[20839:20851]
2025-07-27 23:51:03 [DEBUG] python_multipart.multipart: Calling on_header_value with data[20853:20863]
2025-07-27 23:51:03 [DEBUG] python_multipart.multipart: Calling on_header_end with no data
2025-07-27 23:51:03 [DEBUG] python_multipart.multipart: Calling on_headers_finished with no data
2025-07-27 23:51:03 [DEBUG] python_multipart.multipart: Calling on_part_data with data[20867:24029]
2025-07-27 23:51:03 [DEBUG] python_multipart.multipart: Calling on_part_end with no data
2025-07-27 23:51:03 [DEBUG] python_multipart.multipart: Calling on_part_begin with no data
2025-07-27 23:51:03 [DEBUG] python_multipart.multipart: Calling on_header_field with data[24073:24092]
2025-07-27 23:51:03 [DEBUG] python_multipart.multipart: Calling on_header_value with data[24094:24141]
2025-07-27 23:51:03 [DEBUG] python_multipart.multipart: Calling on_header_end with no data
2025-07-27 23:51:03 [DEBUG] python_multipart.multipart: Calling on_header_field with data[24143:24155]
2025-07-27 23:51:03 [DEBUG] python_multipart.multipart: Calling on_header_value with data[24157:24167]
2025-07-27 23:51:03 [DEBUG] python_multipart.multipart: Calling on_header_end with no data
2025-07-27 23:51:03 [DEBUG] python_multipart.multipart: Calling on_headers_finished with no data
2025-07-27 23:51:03 [DEBUG] python_multipart.multipart: Calling on_part_data with data[24171:27333]
2025-07-27 23:51:03 [DEBUG] python_multipart.multipart: Calling on_part_end with no data
2025-07-27 23:51:03 [DEBUG] python_multipart.multipart: Calling on_part_begin with no data
2025-07-27 23:51:03 [DEBUG] python_multipart.multipart: Calling on_header_field with data[27377:27396]
2025-07-27 23:51:03 [DEBUG] python_multipart.multipart: Calling on_header_value with data[27398:27445]
2025-07-27 23:51:03 [DEBUG] python_multipart.multipart: Calling on_header_end with no data
2025-07-27 23:51:03 [DEBUG] python_multipart.multipart: Calling on_header_field with data[27447:27459]
2025-07-27 23:51:03 [DEBUG] python_multipart.multipart: Calling on_header_value with data[27461:27471]
2025-07-27 23:51:03 [DEBUG] python_multipart.multipart: Calling on_header_end with no data
2025-07-27 23:51:03 [DEBUG] python_multipart.multipart: Calling on_headers_finished with no data
2025-07-27 23:51:03 [DEBUG] python_multipart.multipart: Calling on_part_data with data[27475:30637]
2025-07-27 23:51:03 [DEBUG] python_multipart.multipart: Calling on_part_end with no data
2025-07-27 23:51:03 [DEBUG] python_multipart.multipart: Calling on_part_begin with no data
2025-07-27 23:51:03 [DEBUG] python_multipart.multipart: Calling on_header_field with data[30681:30700]
2025-07-27 23:51:03 [DEBUG] python_multipart.multipart: Calling on_header_value with data[30702:30749]
2025-07-27 23:51:03 [DEBUG] python_multipart.multipart: Calling on_header_end with no data
2025-07-27 23:51:03 [DEBUG] python_multipart.multipart: Calling on_header_field with data[30751:30763]
2025-07-27 23:51:03 [DEBUG] python_multipart.multipart: Calling on_header_value with data[30765:30775]
2025-07-27 23:51:03 [DEBUG] python_multipart.multipart: Calling on_header_end with no data
2025-07-27 23:51:03 [DEBUG] python_multipart.multipart: Calling on_headers_finished with no data
2025-07-27 23:51:03 [DEBUG] python_multipart.multipart: Calling on_part_data with data[30779:33941]
2025-07-27 23:51:03 [DEBUG] python_multipart.multipart: Calling on_part_end with no data
2025-07-27 23:51:03 [DEBUG] python_multipart.multipart: Calling on_part_begin with no data
2025-07-27 23:51:03 [DEBUG] python_multipart.multipart: Calling on_header_field with data[33985:34004]
2025-07-27 23:51:03 [DEBUG] python_multipart.multipart: Calling on_header_value with data[34006:34053]
2025-07-27 23:51:03 [DEBUG] python_multipart.multipart: Calling on_header_end with no data
2025-07-27 23:51:03 [DEBUG] python_multipart.multipart: Calling on_header_field with data[34055:34067]
2025-07-27 23:51:03 [DEBUG] python_multipart.multipart: Calling on_header_value with data[34069:34079]
2025-07-27 23:51:03 [DEBUG] python_multipart.multipart: Calling on_header_end with no data
2025-07-27 23:51:03 [DEBUG] python_multipart.multipart: Calling on_headers_finished with no data
2025-07-27 23:51:03 [DEBUG] python_multipart.multipart: Calling on_part_data with data[34083:37245]
2025-07-27 23:51:03 [DEBUG] python_multipart.multipart: Calling on_part_end with no data
2025-07-27 23:51:03 [DEBUG] python_multipart.multipart: Calling on_part_begin with no data
2025-07-27 23:51:03 [DEBUG] python_multipart.multipart: Calling on_header_field with data[37289:37308]
2025-07-27 23:51:03 [DEBUG] python_multipart.multipart: Calling on_header_value with data[37310:37357]
2025-07-27 23:51:03 [DEBUG] python_multipart.multipart: Calling on_header_end with no data
2025-07-27 23:51:03 [DEBUG] python_multipart.multipart: Calling on_header_field with data[37359:37371]
2025-07-27 23:51:03 [DEBUG] python_multipart.multipart: Calling on_header_value with data[37373:37383]
2025-07-27 23:51:03 [DEBUG] python_multipart.multipart: Calling on_header_end with no data
2025-07-27 23:51:03 [DEBUG] python_multipart.multipart: Calling on_headers_finished with no data
2025-07-27 23:51:03 [DEBUG] python_multipart.multipart: Calling on_part_data with data[37387:40549]
2025-07-27 23:51:03 [DEBUG] python_multipart.multipart: Calling on_part_end with no data
2025-07-27 23:51:03 [DEBUG] python_multipart.multipart: Calling on_part_begin with no data
2025-07-27 23:51:03 [DEBUG] python_multipart.multipart: Calling on_header_field with data[40593:40612]
2025-07-27 23:51:03 [DEBUG] python_multipart.multipart: Calling on_header_value with data[40614:40661]
2025-07-27 23:51:03 [DEBUG] python_multipart.multipart: Calling on_header_end with no data
2025-07-27 23:51:03 [DEBUG] python_multipart.multipart: Calling on_header_field with data[40663:40675]
2025-07-27 23:51:03 [DEBUG] python_multipart.multipart: Calling on_header_value with data[40677:40687]
2025-07-27 23:51:03 [DEBUG] python_multipart.multipart: Calling on_header_end with no data
2025-07-27 23:51:03 [DEBUG] python_multipart.multipart: Calling on_headers_finished with no data
2025-07-27 23:51:03 [DEBUG] python_multipart.multipart: Calling on_part_data with data[40691:43853]
2025-07-27 23:51:03 [DEBUG] python_multipart.multipart: Calling on_part_end with no data
2025-07-27 23:51:03 [DEBUG] python_multipart.multipart: Calling on_part_begin with no data
2025-07-27 23:51:03 [DEBUG] python_multipart.multipart: Calling on_header_field with data[43897:43916]
2025-07-27 23:51:03 [DEBUG] python_multipart.multipart: Calling on_header_value with data[43918:43965]
2025-07-27 23:51:03 [DEBUG] python_multipart.multipart: Calling on_header_end with no data
2025-07-27 23:51:03 [DEBUG] python_multipart.multipart: Calling on_header_field with data[43967:43979]
2025-07-27 23:51:03 [DEBUG] python_multipart.multipart: Calling on_header_value with data[43981:43991]
2025-07-27 23:51:03 [DEBUG] python_multipart.multipart: Calling on_header_end with no data
2025-07-27 23:51:03 [DEBUG] python_multipart.multipart: Calling on_headers_finished with no data
2025-07-27 23:51:03 [DEBUG] python_multipart.multipart: Calling on_part_data with data[43995:47157]
2025-07-27 23:51:03 [DEBUG] python_multipart.multipart: Calling on_part_end with no data
2025-07-27 23:51:03 [DEBUG] python_multipart.multipart: Calling on_part_begin with no data
2025-07-27 23:51:03 [DEBUG] python_multipart.multipart: Calling on_header_field with data[47201:47220]
2025-07-27 23:51:03 [DEBUG] python_multipart.multipart: Calling on_header_value with data[47222:47269]
2025-07-27 23:51:03 [DEBUG] python_multipart.multipart: Calling on_header_end with no data
2025-07-27 23:51:03 [DEBUG] python_multipart.multipart: Calling on_header_field with data[47271:47283]
2025-07-27 23:51:03 [DEBUG] python_multipart.multipart: Calling on_header_value with data[47285:47295]
2025-07-27 23:51:03 [DEBUG] python_multipart.multipart: Calling on_header_end with no data
2025-07-27 23:51:03 [DEBUG] python_multipart.multipart: Calling on_headers_finished with no data
2025-07-27 23:51:03 [DEBUG] python_multipart.multipart: Calling on_part_data with data[47299:50461]
2025-07-27 23:51:03 [DEBUG] python_multipart.multipart: Calling on_part_end with no data
2025-07-27 23:51:03 [DEBUG] python_multipart.multipart: Calling on_part_begin with no data
2025-07-27 23:51:03 [DEBUG] python_multipart.multipart: Calling on_header_field with data[50505:50524]
2025-07-27 23:51:03 [DEBUG] python_multipart.multipart: Calling on_header_value with data[50526:50573]
2025-07-27 23:51:03 [DEBUG] python_multipart.multipart: Calling on_header_end with no data
2025-07-27 23:51:03 [DEBUG] python_multipart.multipart: Calling on_header_field with data[50575:50587]
2025-07-27 23:51:03 [DEBUG] python_multipart.multipart: Calling on_header_value with data[50589:50599]
2025-07-27 23:51:03 [DEBUG] python_multipart.multipart: Calling on_header_end with no data
2025-07-27 23:51:03 [DEBUG] python_multipart.multipart: Calling on_headers_finished with no data
2025-07-27 23:51:03 [DEBUG] python_multipart.multipart: Calling on_part_data with data[50603:53765]
2025-07-27 23:51:03 [DEBUG] python_multipart.multipart: Calling on_part_end with no data
2025-07-27 23:51:03 [DEBUG] python_multipart.multipart: Calling on_part_begin with no data
2025-07-27 23:51:03 [DEBUG] python_multipart.multipart: Calling on_header_field with data[53809:53828]
2025-07-27 23:51:03 [DEBUG] python_multipart.multipart: Calling on_header_value with data[53830:53877]
2025-07-27 23:51:03 [DEBUG] python_multipart.multipart: Calling on_header_end with no data
2025-07-27 23:51:03 [DEBUG] python_multipart.multipart: Calling on_header_field with data[53879:53891]
2025-07-27 23:51:03 [DEBUG] python_multipart.multipart: Calling on_header_value with data[53893:53903]
2025-07-27 23:51:03 [DEBUG] python_multipart.multipart: Calling on_header_end with no data
2025-07-27 23:51:03 [DEBUG] python_multipart.multipart: Calling on_headers_finished with no data
2025-07-27 23:51:03 [DEBUG] python_multipart.multipart: Calling on_part_data with data[53907:57069]
2025-07-27 23:51:03 [DEBUG] python_multipart.multipart: Calling on_part_end with no data
2025-07-27 23:51:03 [DEBUG] python_multipart.multipart: Calling on_part_begin with no data
2025-07-27 23:51:03 [DEBUG] python_multipart.multipart: Calling on_header_field with data[57113:57132]
2025-07-27 23:51:03 [DEBUG] python_multipart.multipart: Calling on_header_value with data[57134:57181]
2025-07-27 23:51:03 [DEBUG] python_multipart.multipart: Calling on_header_end with no data
2025-07-27 23:51:03 [DEBUG] python_multipart.multipart: Calling on_header_field with data[57183:57195]
2025-07-27 23:51:03 [DEBUG] python_multipart.multipart: Calling on_header_value with data[57197:57207]
2025-07-27 23:51:03 [DEBUG] python_multipart.multipart: Calling on_header_end with no data
2025-07-27 23:51:03 [DEBUG] python_multipart.multipart: Calling on_headers_finished with no data
2025-07-27 23:51:03 [DEBUG] python_multipart.multipart: Calling on_part_data with data[57211:60373]
2025-07-27 23:51:03 [DEBUG] python_multipart.multipart: Calling on_part_end with no data
2025-07-27 23:51:03 [DEBUG] python_multipart.multipart: Calling on_part_begin with no data
2025-07-27 23:51:03 [DEBUG] python_multipart.multipart: Calling on_header_field with data[60417:60436]
2025-07-27 23:51:03 [DEBUG] python_multipart.multipart: Calling on_header_value with data[60438:60485]
2025-07-27 23:51:03 [DEBUG] python_multipart.multipart: Calling on_header_end with no data
2025-07-27 23:51:03 [DEBUG] python_multipart.multipart: Calling on_header_field with data[60487:60499]
2025-07-27 23:51:03 [DEBUG] python_multipart.multipart: Calling on_header_value with data[60501:60511]
2025-07-27 23:51:03 [DEBUG] python_multipart.multipart: Calling on_header_end with no data
2025-07-27 23:51:03 [DEBUG] python_multipart.multipart: Calling on_headers_finished with no data
2025-07-27 23:51:03 [DEBUG] python_multipart.multipart: Calling on_part_data with data[60515:63677]
2025-07-27 23:51:03 [DEBUG] python_multipart.multipart: Calling on_part_end with no data
2025-07-27 23:51:03 [DEBUG] python_multipart.multipart: Calling on_part_begin with no data
2025-07-27 23:51:03 [DEBUG] python_multipart.multipart: Calling on_header_field with data[63721:63740]
2025-07-27 23:51:03 [DEBUG] python_multipart.multipart: Calling on_header_value with data[63742:63789]
2025-07-27 23:51:03 [DEBUG] python_multipart.multipart: Calling on_header_end with no data
2025-07-27 23:51:03 [DEBUG] python_multipart.multipart: Calling on_header_field with data[63791:63803]
2025-07-27 23:51:03 [DEBUG] python_multipart.multipart: Calling on_header_value with data[63805:63815]
2025-07-27 23:51:03 [DEBUG] python_multipart.multipart: Calling on_header_end with no data
2025-07-27 23:51:03 [DEBUG] python_multipart.multipart: Calling on_headers_finished with no data
2025-07-27 23:51:03 [DEBUG] python_multipart.multipart: Calling on_part_data with data[63819:66981]
2025-07-27 23:51:03 [DEBUG] python_multipart.multipart: Calling on_part_end with no data
2025-07-27 23:51:03 [DEBUG] python_multipart.multipart: Calling on_end with no data
2025-07-27 23:51:03 [INFO] face-presence-api: Registering user: 44
2025-07-27 23:51:03 [INFO] watchfiles.main: 1 change detected
2025-07-27 23:51:03 [DEBUG] face-presence-api: 🧹 Memory cleared with garbage collector.
2025-07-27 23:51:03 [INFO] face-presence-api: 📁 10 test image berhasil disimpan untuk user 44 di F:\Kuliah\Skripsi\praktisi-face-presence-api\src\storage\test_images\44
2025-07-27 23:51:03 [INFO] watchfiles.main: 9 changes detected
2025-07-27 23:51:03 [DEBUG] face-presence-api: 🧹 Memory cleared with garbage collector.
2025-07-27 23:51:03 [INFO] face-presence-api: Processing batch 1/8
2025-07-27 23:51:04 [INFO] face-presence-api: Processing batch 2/8
2025-07-27 23:51:04 [INFO] face-presence-api: Processing batch 3/8
2025-07-27 23:51:04 [INFO] face-presence-api: Processing batch 4/8
2025-07-27 23:51:05 [INFO] face-presence-api: Processing batch 5/8
2025-07-27 23:51:05 [INFO] face-presence-api: Processing batch 6/8
2025-07-27 23:51:06 [INFO] face-presence-api: Processing batch 7/8
2025-07-27 23:51:06 [INFO] face-presence-api: Processing batch 8/8
2025-07-27 23:51:06 [INFO] face-presence-api: Finished processing 40 valid embeddings from 40 images
2025-07-27 23:51:06 [INFO] face-presence-api: Validasi berhasil: 40 embeddings valid
2025-07-27 23:51:06 [INFO] face-presence-api: Validasi berhasil: 40 embeddings valid
2025-07-27 23:51:06 [INFO] face-presence-api: Embedding berhasil disimpan untuk user 44 di F:\Kuliah\Skripsi\praktisi-face-presence-api\src\storage\embeddings\44.pkl
2025-07-27 23:51:06 [INFO] face-presence-api: Embeddings saved successfully for user 44, starting evaluation.
2025-07-27 23:51:06 [INFO] face-presence-api: Evaluating ...
2025-07-27 23:51:07 [INFO] watchfiles.main: 1 change detected
2025-07-27 23:51:07 [INFO] face-presence-api: Evaluating batch 1/4
2025-07-27 23:51:07 [INFO] face-presence-api: Evaluating batch 2/4
2025-07-27 23:51:08 [INFO] face-presence-api: Evaluating batch 3/4
2025-07-27 23:51:08 [INFO] face-presence-api: Evaluating batch 4/4
2025-07-27 23:51:08 [INFO] face-presence-api: Face registration successful for user 44.
2025-07-27 23:51:13 [DEBUG] face-presence-api: [BatchLogger] No durations, skip flush
2025-07-27 23:51:22 [INFO] face-presence-api: [BatchLogger] Flushing 1 registrations...
2025-07-27 23:51:23 [DEBUG] urllib3.connectionpool: https://sheets.googleapis.com:443 "GET /v4/spreadsheets/1hjXERVEURCeKXeCw8TUbrkjF25_GVmORN0JgjZuu058?includeGridData=false HTTP/1.1" 200 None
2025-07-27 23:51:23 [DEBUG] urllib3.connectionpool: https://sheets.googleapis.com:443 "GET /v4/spreadsheets/1hjXERVEURCeKXeCw8TUbrkjF25_GVmORN0JgjZuu058/values/%27Registration%27 HTTP/1.1" 200 None
2025-07-27 23:51:24 [DEBUG] urllib3.connectionpool: https://sheets.googleapis.com:443 "GET /v4/spreadsheets/1hjXERVEURCeKXeCw8TUbrkjF25_GVmORN0JgjZuu058/values/%27Registration%27 HTTP/1.1" 200 None
2025-07-27 23:51:25 [DEBUG] urllib3.connectionpool: https://sheets.googleapis.com:443 "POST /v4/spreadsheets/1hjXERVEURCeKXeCw8TUbrkjF25_GVmORN0JgjZuu058/values:batchUpdate HTTP/1.1" 200 None
2025-07-27 23:51:25 [INFO] face-presence-api: [BatchLogger] Updated 1 registration rows
2025-07-27 23:51:25 [DEBUG] face-presence-api: [BatchLogger] No verifications, skip flush
2025-07-27 23:51:25 [DEBUG] face-presence-api: [BatchLogger] No durations, skip flush
2025-07-27 23:51:35 [DEBUG] face-presence-api: [BatchLogger] No durations, skip flush
2025-07-27 23:51:38 [DEBUG] python_multipart.multipart: Calling on_part_begin with no data
2025-07-27 23:51:38 [DEBUG] python_multipart.multipart: Calling on_header_field with data[42:61]
2025-07-27 23:51:38 [DEBUG] python_multipart.multipart: Calling on_header_value with data[63:88]
2025-07-27 23:51:38 [DEBUG] python_multipart.multipart: Calling on_header_end with no data
2025-07-27 23:51:38 [DEBUG] python_multipart.multipart: Calling on_headers_finished with no data
2025-07-27 23:51:39 [DEBUG] python_multipart.multipart: Calling on_part_data with data[92:94]
2025-07-27 23:51:39 [DEBUG] python_multipart.multipart: Calling on_part_end with no data
2025-07-27 23:51:39 [DEBUG] python_multipart.multipart: Calling on_end with no data
2025-07-27 23:51:39 [INFO] face-presence-api: Checking status for user: 44
2025-07-27 23:51:39 [INFO] face-presence-api: User 44 is already registered.
2025-07-27 23:51:45 [DEBUG] face-presence-api: [BatchLogger] No durations, skip flush
2025-07-27 23:51:50 [DEBUG] python_multipart.multipart: Calling on_part_begin with no data
2025-07-27 23:51:50 [DEBUG] python_multipart.multipart: Calling on_header_field with data[42:61]
2025-07-27 23:51:50 [DEBUG] python_multipart.multipart: Calling on_header_value with data[63:88]
2025-07-27 23:51:50 [DEBUG] python_multipart.multipart: Calling on_header_end with no data
2025-07-27 23:51:50 [DEBUG] python_multipart.multipart: Calling on_headers_finished with no data
2025-07-27 23:51:50 [DEBUG] python_multipart.multipart: Calling on_part_data with data[92:94]
2025-07-27 23:51:50 [DEBUG] python_multipart.multipart: Calling on_part_end with no data
2025-07-27 23:51:50 [DEBUG] python_multipart.multipart: Calling on_part_begin with no data
2025-07-27 23:51:50 [DEBUG] python_multipart.multipart: Calling on_header_field with data[138:157]
2025-07-27 23:51:50 [DEBUG] python_multipart.multipart: Calling on_header_value with data[159:205]
2025-07-27 23:51:50 [DEBUG] python_multipart.multipart: Calling on_header_end with no data
2025-07-27 23:51:50 [DEBUG] python_multipart.multipart: Calling on_header_field with data[207:219]
2025-07-27 23:51:50 [DEBUG] python_multipart.multipart: Calling on_header_value with data[221:231]
2025-07-27 23:51:50 [DEBUG] python_multipart.multipart: Calling on_header_end with no data
2025-07-27 23:51:50 [DEBUG] python_multipart.multipart: Calling on_headers_finished with no data
2025-07-27 23:51:50 [DEBUG] python_multipart.multipart: Calling on_part_data with data[235:3397]
2025-07-27 23:51:50 [DEBUG] python_multipart.multipart: Calling on_part_end with no data
2025-07-27 23:51:50 [DEBUG] python_multipart.multipart: Calling on_part_begin with no data
2025-07-27 23:51:50 [DEBUG] python_multipart.multipart: Calling on_header_field with data[3441:3460]
2025-07-27 23:51:50 [DEBUG] python_multipart.multipart: Calling on_header_value with data[3462:3508]
2025-07-27 23:51:50 [DEBUG] python_multipart.multipart: Calling on_header_end with no data
2025-07-27 23:51:50 [DEBUG] python_multipart.multipart: Calling on_header_field with data[3510:3522]
2025-07-27 23:51:50 [DEBUG] python_multipart.multipart: Calling on_header_value with data[3524:3534]
2025-07-27 23:51:50 [DEBUG] python_multipart.multipart: Calling on_header_end with no data
2025-07-27 23:51:50 [DEBUG] python_multipart.multipart: Calling on_headers_finished with no data
2025-07-27 23:51:50 [DEBUG] python_multipart.multipart: Calling on_part_data with data[3538:6700]
2025-07-27 23:51:50 [DEBUG] python_multipart.multipart: Calling on_part_end with no data
2025-07-27 23:51:50 [DEBUG] python_multipart.multipart: Calling on_part_begin with no data
2025-07-27 23:51:50 [DEBUG] python_multipart.multipart: Calling on_header_field with data[6744:6763]
2025-07-27 23:51:50 [DEBUG] python_multipart.multipart: Calling on_header_value with data[6765:6811]
2025-07-27 23:51:50 [DEBUG] python_multipart.multipart: Calling on_header_end with no data
2025-07-27 23:51:50 [DEBUG] python_multipart.multipart: Calling on_header_field with data[6813:6825]
2025-07-27 23:51:50 [DEBUG] python_multipart.multipart: Calling on_header_value with data[6827:6837]
2025-07-27 23:51:50 [DEBUG] python_multipart.multipart: Calling on_header_end with no data
2025-07-27 23:51:50 [DEBUG] python_multipart.multipart: Calling on_headers_finished with no data
2025-07-27 23:51:50 [DEBUG] python_multipart.multipart: Calling on_part_data with data[6841:10003]
2025-07-27 23:51:50 [DEBUG] python_multipart.multipart: Calling on_part_end with no data
2025-07-27 23:51:50 [DEBUG] python_multipart.multipart: Calling on_part_begin with no data
2025-07-27 23:51:50 [DEBUG] python_multipart.multipart: Calling on_header_field with data[10047:10066]
2025-07-27 23:51:50 [DEBUG] python_multipart.multipart: Calling on_header_value with data[10068:10114]
2025-07-27 23:51:50 [DEBUG] python_multipart.multipart: Calling on_header_end with no data
2025-07-27 23:51:50 [DEBUG] python_multipart.multipart: Calling on_header_field with data[10116:10128]
2025-07-27 23:51:50 [DEBUG] python_multipart.multipart: Calling on_header_value with data[10130:10140]
2025-07-27 23:51:50 [DEBUG] python_multipart.multipart: Calling on_header_end with no data
2025-07-27 23:51:50 [DEBUG] python_multipart.multipart: Calling on_headers_finished with no data
2025-07-27 23:51:50 [DEBUG] python_multipart.multipart: Calling on_part_data with data[10144:13306]
2025-07-27 23:51:50 [DEBUG] python_multipart.multipart: Calling on_part_end with no data
2025-07-27 23:51:50 [DEBUG] python_multipart.multipart: Calling on_part_begin with no data
2025-07-27 23:51:50 [DEBUG] python_multipart.multipart: Calling on_header_field with data[13350:13369]
2025-07-27 23:51:50 [DEBUG] python_multipart.multipart: Calling on_header_value with data[13371:13417]
2025-07-27 23:51:50 [DEBUG] python_multipart.multipart: Calling on_header_end with no data
2025-07-27 23:51:50 [DEBUG] python_multipart.multipart: Calling on_header_field with data[13419:13431]
2025-07-27 23:51:50 [DEBUG] python_multipart.multipart: Calling on_header_value with data[13433:13443]
2025-07-27 23:51:50 [DEBUG] python_multipart.multipart: Calling on_header_end with no data
2025-07-27 23:51:50 [DEBUG] python_multipart.multipart: Calling on_headers_finished with no data
2025-07-27 23:51:50 [DEBUG] python_multipart.multipart: Calling on_part_data with data[13447:16609]
2025-07-27 23:51:50 [DEBUG] python_multipart.multipart: Calling on_part_end with no data
2025-07-27 23:51:50 [DEBUG] python_multipart.multipart: Calling on_part_begin with no data
2025-07-27 23:51:50 [DEBUG] python_multipart.multipart: Calling on_header_field with data[16653:16672]
2025-07-27 23:51:50 [DEBUG] python_multipart.multipart: Calling on_header_value with data[16674:16720]
2025-07-27 23:51:50 [DEBUG] python_multipart.multipart: Calling on_header_end with no data
2025-07-27 23:51:50 [DEBUG] python_multipart.multipart: Calling on_header_field with data[16722:16734]
2025-07-27 23:51:50 [DEBUG] python_multipart.multipart: Calling on_header_value with data[16736:16746]
2025-07-27 23:51:50 [DEBUG] python_multipart.multipart: Calling on_header_end with no data
2025-07-27 23:51:50 [DEBUG] python_multipart.multipart: Calling on_headers_finished with no data
2025-07-27 23:51:50 [DEBUG] python_multipart.multipart: Calling on_part_data with data[16750:19912]
2025-07-27 23:51:50 [DEBUG] python_multipart.multipart: Calling on_part_end with no data
2025-07-27 23:51:50 [DEBUG] python_multipart.multipart: Calling on_part_begin with no data
2025-07-27 23:51:50 [DEBUG] python_multipart.multipart: Calling on_header_field with data[19956:19975]
2025-07-27 23:51:50 [DEBUG] python_multipart.multipart: Calling on_header_value with data[19977:20023]
2025-07-27 23:51:50 [DEBUG] python_multipart.multipart: Calling on_header_end with no data
2025-07-27 23:51:50 [DEBUG] python_multipart.multipart: Calling on_header_field with data[20025:20037]
2025-07-27 23:51:50 [DEBUG] python_multipart.multipart: Calling on_header_value with data[20039:20049]
2025-07-27 23:51:50 [DEBUG] python_multipart.multipart: Calling on_header_end with no data
2025-07-27 23:51:50 [DEBUG] python_multipart.multipart: Calling on_headers_finished with no data
2025-07-27 23:51:50 [DEBUG] python_multipart.multipart: Calling on_part_data with data[20053:23215]
2025-07-27 23:51:50 [DEBUG] python_multipart.multipart: Calling on_part_end with no data
2025-07-27 23:51:50 [DEBUG] python_multipart.multipart: Calling on_part_begin with no data
2025-07-27 23:51:50 [DEBUG] python_multipart.multipart: Calling on_header_field with data[23259:23278]
2025-07-27 23:51:50 [DEBUG] python_multipart.multipart: Calling on_header_value with data[23280:23326]
2025-07-27 23:51:50 [DEBUG] python_multipart.multipart: Calling on_header_end with no data
2025-07-27 23:51:50 [DEBUG] python_multipart.multipart: Calling on_header_field with data[23328:23340]
2025-07-27 23:51:50 [DEBUG] python_multipart.multipart: Calling on_header_value with data[23342:23352]
2025-07-27 23:51:50 [DEBUG] python_multipart.multipart: Calling on_header_end with no data
2025-07-27 23:51:50 [DEBUG] python_multipart.multipart: Calling on_headers_finished with no data
2025-07-27 23:51:50 [DEBUG] python_multipart.multipart: Calling on_part_data with data[23356:26518]
2025-07-27 23:51:50 [DEBUG] python_multipart.multipart: Calling on_part_end with no data
2025-07-27 23:51:50 [DEBUG] python_multipart.multipart: Calling on_part_begin with no data
2025-07-27 23:51:50 [DEBUG] python_multipart.multipart: Calling on_header_field with data[26562:26581]
2025-07-27 23:51:50 [DEBUG] python_multipart.multipart: Calling on_header_value with data[26583:26629]
2025-07-27 23:51:50 [DEBUG] python_multipart.multipart: Calling on_header_end with no data
2025-07-27 23:51:50 [DEBUG] python_multipart.multipart: Calling on_header_field with data[26631:26643]
2025-07-27 23:51:50 [DEBUG] python_multipart.multipart: Calling on_header_value with data[26645:26655]
2025-07-27 23:51:50 [DEBUG] python_multipart.multipart: Calling on_header_end with no data
2025-07-27 23:51:50 [DEBUG] python_multipart.multipart: Calling on_headers_finished with no data
2025-07-27 23:51:50 [DEBUG] python_multipart.multipart: Calling on_part_data with data[26659:29821]
2025-07-27 23:51:50 [DEBUG] python_multipart.multipart: Calling on_part_end with no data
2025-07-27 23:51:50 [DEBUG] python_multipart.multipart: Calling on_part_begin with no data
2025-07-27 23:51:50 [DEBUG] python_multipart.multipart: Calling on_header_field with data[29865:29884]
2025-07-27 23:51:50 [DEBUG] python_multipart.multipart: Calling on_header_value with data[29886:29933]
2025-07-27 23:51:50 [DEBUG] python_multipart.multipart: Calling on_header_end with no data
2025-07-27 23:51:50 [DEBUG] python_multipart.multipart: Calling on_header_field with data[29935:29947]
2025-07-27 23:51:50 [DEBUG] python_multipart.multipart: Calling on_header_value with data[29949:29959]
2025-07-27 23:51:50 [DEBUG] python_multipart.multipart: Calling on_header_end with no data
2025-07-27 23:51:50 [DEBUG] python_multipart.multipart: Calling on_headers_finished with no data
2025-07-27 23:51:50 [DEBUG] python_multipart.multipart: Calling on_part_data with data[29963:33125]
2025-07-27 23:51:50 [DEBUG] python_multipart.multipart: Calling on_part_end with no data
2025-07-27 23:51:50 [DEBUG] python_multipart.multipart: Calling on_part_begin with no data
2025-07-27 23:51:50 [DEBUG] python_multipart.multipart: Calling on_header_field with data[33169:33188]
2025-07-27 23:51:50 [DEBUG] python_multipart.multipart: Calling on_header_value with data[33190:33237]
2025-07-27 23:51:50 [DEBUG] python_multipart.multipart: Calling on_header_end with no data
2025-07-27 23:51:50 [DEBUG] python_multipart.multipart: Calling on_header_field with data[33239:33251]
2025-07-27 23:51:50 [DEBUG] python_multipart.multipart: Calling on_header_value with data[33253:33263]
2025-07-27 23:51:50 [DEBUG] python_multipart.multipart: Calling on_header_end with no data
2025-07-27 23:51:50 [DEBUG] python_multipart.multipart: Calling on_headers_finished with no data
2025-07-27 23:51:50 [DEBUG] python_multipart.multipart: Calling on_part_data with data[33267:36429]
2025-07-27 23:51:50 [DEBUG] python_multipart.multipart: Calling on_part_end with no data
2025-07-27 23:51:50 [DEBUG] python_multipart.multipart: Calling on_part_begin with no data
2025-07-27 23:51:50 [DEBUG] python_multipart.multipart: Calling on_header_field with data[36473:36492]
2025-07-27 23:51:50 [DEBUG] python_multipart.multipart: Calling on_header_value with data[36494:36541]
2025-07-27 23:51:50 [DEBUG] python_multipart.multipart: Calling on_header_end with no data
2025-07-27 23:51:50 [DEBUG] python_multipart.multipart: Calling on_header_field with data[36543:36555]
2025-07-27 23:51:50 [DEBUG] python_multipart.multipart: Calling on_header_value with data[36557:36567]
2025-07-27 23:51:50 [DEBUG] python_multipart.multipart: Calling on_header_end with no data
2025-07-27 23:51:50 [DEBUG] python_multipart.multipart: Calling on_headers_finished with no data
2025-07-27 23:51:50 [DEBUG] python_multipart.multipart: Calling on_part_data with data[36571:39733]
2025-07-27 23:51:50 [DEBUG] python_multipart.multipart: Calling on_part_end with no data
2025-07-27 23:51:50 [DEBUG] python_multipart.multipart: Calling on_part_begin with no data
2025-07-27 23:51:50 [DEBUG] python_multipart.multipart: Calling on_header_field with data[39777:39796]
2025-07-27 23:51:50 [DEBUG] python_multipart.multipart: Calling on_header_value with data[39798:39845]
2025-07-27 23:51:50 [DEBUG] python_multipart.multipart: Calling on_header_end with no data
2025-07-27 23:51:50 [DEBUG] python_multipart.multipart: Calling on_header_field with data[39847:39859]
2025-07-27 23:51:50 [DEBUG] python_multipart.multipart: Calling on_header_value with data[39861:39871]
2025-07-27 23:51:50 [DEBUG] python_multipart.multipart: Calling on_header_end with no data
2025-07-27 23:51:50 [DEBUG] python_multipart.multipart: Calling on_headers_finished with no data
2025-07-27 23:51:50 [DEBUG] python_multipart.multipart: Calling on_part_data with data[39875:43037]
2025-07-27 23:51:50 [DEBUG] python_multipart.multipart: Calling on_part_end with no data
2025-07-27 23:51:50 [DEBUG] python_multipart.multipart: Calling on_part_begin with no data
2025-07-27 23:51:50 [DEBUG] python_multipart.multipart: Calling on_header_field with data[43081:43100]
2025-07-27 23:51:50 [DEBUG] python_multipart.multipart: Calling on_header_value with data[43102:43149]
2025-07-27 23:51:50 [DEBUG] python_multipart.multipart: Calling on_header_end with no data
2025-07-27 23:51:50 [DEBUG] python_multipart.multipart: Calling on_header_field with data[43151:43163]
2025-07-27 23:51:50 [DEBUG] python_multipart.multipart: Calling on_header_value with data[43165:43175]
2025-07-27 23:51:50 [DEBUG] python_multipart.multipart: Calling on_header_end with no data
2025-07-27 23:51:50 [DEBUG] python_multipart.multipart: Calling on_headers_finished with no data
2025-07-27 23:51:50 [DEBUG] python_multipart.multipart: Calling on_part_data with data[43179:46341]
2025-07-27 23:51:50 [DEBUG] python_multipart.multipart: Calling on_part_end with no data
2025-07-27 23:51:50 [DEBUG] python_multipart.multipart: Calling on_part_begin with no data
2025-07-27 23:51:50 [DEBUG] python_multipart.multipart: Calling on_header_field with data[46385:46404]
2025-07-27 23:51:50 [DEBUG] python_multipart.multipart: Calling on_header_value with data[46406:46453]
2025-07-27 23:51:50 [DEBUG] python_multipart.multipart: Calling on_header_end with no data
2025-07-27 23:51:50 [DEBUG] python_multipart.multipart: Calling on_header_field with data[46455:46467]
2025-07-27 23:51:50 [DEBUG] python_multipart.multipart: Calling on_header_value with data[46469:46479]
2025-07-27 23:51:50 [DEBUG] python_multipart.multipart: Calling on_header_end with no data
2025-07-27 23:51:50 [DEBUG] python_multipart.multipart: Calling on_headers_finished with no data
2025-07-27 23:51:50 [DEBUG] python_multipart.multipart: Calling on_part_data with data[46483:49645]
2025-07-27 23:51:50 [DEBUG] python_multipart.multipart: Calling on_part_end with no data
2025-07-27 23:51:50 [DEBUG] python_multipart.multipart: Calling on_part_begin with no data
2025-07-27 23:51:50 [DEBUG] python_multipart.multipart: Calling on_header_field with data[49689:49708]
2025-07-27 23:51:50 [DEBUG] python_multipart.multipart: Calling on_header_value with data[49710:49757]
2025-07-27 23:51:50 [DEBUG] python_multipart.multipart: Calling on_header_end with no data
2025-07-27 23:51:50 [DEBUG] python_multipart.multipart: Calling on_header_field with data[49759:49771]
2025-07-27 23:51:50 [DEBUG] python_multipart.multipart: Calling on_header_value with data[49773:49783]
2025-07-27 23:51:50 [DEBUG] python_multipart.multipart: Calling on_header_end with no data
2025-07-27 23:51:50 [DEBUG] python_multipart.multipart: Calling on_headers_finished with no data
2025-07-27 23:51:50 [DEBUG] python_multipart.multipart: Calling on_part_data with data[49787:52949]
2025-07-27 23:51:50 [DEBUG] python_multipart.multipart: Calling on_part_end with no data
2025-07-27 23:51:50 [DEBUG] python_multipart.multipart: Calling on_part_begin with no data
2025-07-27 23:51:50 [DEBUG] python_multipart.multipart: Calling on_header_field with data[52993:53012]
2025-07-27 23:51:50 [DEBUG] python_multipart.multipart: Calling on_header_value with data[53014:53061]
2025-07-27 23:51:50 [DEBUG] python_multipart.multipart: Calling on_header_end with no data
2025-07-27 23:51:50 [DEBUG] python_multipart.multipart: Calling on_header_field with data[53063:53075]
2025-07-27 23:51:50 [DEBUG] python_multipart.multipart: Calling on_header_value with data[53077:53087]
2025-07-27 23:51:50 [DEBUG] python_multipart.multipart: Calling on_header_end with no data
2025-07-27 23:51:50 [DEBUG] python_multipart.multipart: Calling on_headers_finished with no data
2025-07-27 23:51:50 [DEBUG] python_multipart.multipart: Calling on_part_data with data[53091:56253]
2025-07-27 23:51:50 [DEBUG] python_multipart.multipart: Calling on_part_end with no data
2025-07-27 23:51:50 [DEBUG] python_multipart.multipart: Calling on_part_begin with no data
2025-07-27 23:51:50 [DEBUG] python_multipart.multipart: Calling on_header_field with data[56297:56316]
2025-07-27 23:51:50 [DEBUG] python_multipart.multipart: Calling on_header_value with data[56318:56365]
2025-07-27 23:51:50 [DEBUG] python_multipart.multipart: Calling on_header_end with no data
2025-07-27 23:51:50 [DEBUG] python_multipart.multipart: Calling on_header_field with data[56367:56379]
2025-07-27 23:51:50 [DEBUG] python_multipart.multipart: Calling on_header_value with data[56381:56391]
2025-07-27 23:51:50 [DEBUG] python_multipart.multipart: Calling on_header_end with no data
2025-07-27 23:51:50 [DEBUG] python_multipart.multipart: Calling on_headers_finished with no data
2025-07-27 23:51:50 [DEBUG] python_multipart.multipart: Calling on_part_data with data[56395:59557]
2025-07-27 23:51:50 [DEBUG] python_multipart.multipart: Calling on_part_end with no data
2025-07-27 23:51:50 [DEBUG] python_multipart.multipart: Calling on_part_begin with no data
2025-07-27 23:51:50 [DEBUG] python_multipart.multipart: Calling on_header_field with data[59601:59620]
2025-07-27 23:51:50 [DEBUG] python_multipart.multipart: Calling on_header_value with data[59622:59669]
2025-07-27 23:51:50 [DEBUG] python_multipart.multipart: Calling on_header_end with no data
2025-07-27 23:51:50 [DEBUG] python_multipart.multipart: Calling on_header_field with data[59671:59683]
2025-07-27 23:51:50 [DEBUG] python_multipart.multipart: Calling on_header_value with data[59685:59695]
2025-07-27 23:51:50 [DEBUG] python_multipart.multipart: Calling on_header_end with no data
2025-07-27 23:51:50 [DEBUG] python_multipart.multipart: Calling on_headers_finished with no data
2025-07-27 23:51:50 [DEBUG] python_multipart.multipart: Calling on_part_data with data[59699:62861]
2025-07-27 23:51:50 [DEBUG] python_multipart.multipart: Calling on_part_end with no data
2025-07-27 23:51:50 [DEBUG] python_multipart.multipart: Calling on_part_begin with no data
2025-07-27 23:51:50 [DEBUG] python_multipart.multipart: Calling on_header_field with data[62905:62924]
2025-07-27 23:51:50 [DEBUG] python_multipart.multipart: Calling on_header_value with data[62926:62973]
2025-07-27 23:51:50 [DEBUG] python_multipart.multipart: Calling on_header_end with no data
2025-07-27 23:51:50 [DEBUG] python_multipart.multipart: Calling on_header_field with data[62975:62987]
2025-07-27 23:51:50 [DEBUG] python_multipart.multipart: Calling on_header_value with data[62989:62999]
2025-07-27 23:51:50 [DEBUG] python_multipart.multipart: Calling on_header_end with no data
2025-07-27 23:51:50 [DEBUG] python_multipart.multipart: Calling on_headers_finished with no data
2025-07-27 23:51:50 [DEBUG] python_multipart.multipart: Calling on_part_data with data[63003:66165]
2025-07-27 23:51:50 [DEBUG] python_multipart.multipart: Calling on_part_end with no data
2025-07-27 23:51:50 [DEBUG] python_multipart.multipart: Calling on_part_begin with no data
2025-07-27 23:51:50 [DEBUG] python_multipart.multipart: Calling on_header_field with data[66209:66228]
2025-07-27 23:51:50 [DEBUG] python_multipart.multipart: Calling on_header_value with data[66230:66277]
2025-07-27 23:51:50 [DEBUG] python_multipart.multipart: Calling on_header_end with no data
2025-07-27 23:51:50 [DEBUG] python_multipart.multipart: Calling on_header_field with data[66279:66291]
2025-07-27 23:51:50 [DEBUG] python_multipart.multipart: Calling on_header_value with data[66293:66303]
2025-07-27 23:51:50 [DEBUG] python_multipart.multipart: Calling on_header_end with no data
2025-07-27 23:51:50 [DEBUG] python_multipart.multipart: Calling on_headers_finished with no data
2025-07-27 23:51:50 [DEBUG] python_multipart.multipart: Calling on_part_data with data[66307:69469]
2025-07-27 23:51:50 [DEBUG] python_multipart.multipart: Calling on_part_end with no data
2025-07-27 23:51:50 [DEBUG] python_multipart.multipart: Calling on_part_begin with no data
2025-07-27 23:51:50 [DEBUG] python_multipart.multipart: Calling on_header_field with data[69513:69532]
2025-07-27 23:51:50 [DEBUG] python_multipart.multipart: Calling on_header_value with data[69534:69581]
2025-07-27 23:51:50 [DEBUG] python_multipart.multipart: Calling on_header_end with no data
2025-07-27 23:51:50 [DEBUG] python_multipart.multipart: Calling on_header_field with data[69583:69595]
2025-07-27 23:51:50 [DEBUG] python_multipart.multipart: Calling on_header_value with data[69597:69607]
2025-07-27 23:51:50 [DEBUG] python_multipart.multipart: Calling on_header_end with no data
2025-07-27 23:51:50 [DEBUG] python_multipart.multipart: Calling on_headers_finished with no data
2025-07-27 23:51:50 [DEBUG] python_multipart.multipart: Calling on_part_data with data[69611:72773]
2025-07-27 23:51:50 [DEBUG] python_multipart.multipart: Calling on_part_end with no data
2025-07-27 23:51:50 [DEBUG] python_multipart.multipart: Calling on_part_begin with no data
2025-07-27 23:51:50 [DEBUG] python_multipart.multipart: Calling on_header_field with data[72817:72836]
2025-07-27 23:51:50 [DEBUG] python_multipart.multipart: Calling on_header_value with data[72838:72885]
2025-07-27 23:51:50 [DEBUG] python_multipart.multipart: Calling on_header_end with no data
2025-07-27 23:51:50 [DEBUG] python_multipart.multipart: Calling on_header_field with data[72887:72899]
2025-07-27 23:51:50 [DEBUG] python_multipart.multipart: Calling on_header_value with data[72901:72911]
2025-07-27 23:51:50 [DEBUG] python_multipart.multipart: Calling on_header_end with no data
2025-07-27 23:51:50 [DEBUG] python_multipart.multipart: Calling on_headers_finished with no data
2025-07-27 23:51:50 [DEBUG] python_multipart.multipart: Calling on_part_data with data[72915:76077]
2025-07-27 23:51:50 [DEBUG] python_multipart.multipart: Calling on_part_end with no data
2025-07-27 23:51:50 [DEBUG] python_multipart.multipart: Calling on_part_begin with no data
2025-07-27 23:51:50 [DEBUG] python_multipart.multipart: Calling on_header_field with data[76121:76140]
2025-07-27 23:51:50 [DEBUG] python_multipart.multipart: Calling on_header_value with data[76142:76189]
2025-07-27 23:51:50 [DEBUG] python_multipart.multipart: Calling on_header_end with no data
2025-07-27 23:51:50 [DEBUG] python_multipart.multipart: Calling on_header_field with data[76191:76203]
2025-07-27 23:51:50 [DEBUG] python_multipart.multipart: Calling on_header_value with data[76205:76215]
2025-07-27 23:51:50 [DEBUG] python_multipart.multipart: Calling on_header_end with no data
2025-07-27 23:51:50 [DEBUG] python_multipart.multipart: Calling on_headers_finished with no data
2025-07-27 23:51:50 [DEBUG] python_multipart.multipart: Calling on_part_data with data[76219:79381]
2025-07-27 23:51:50 [DEBUG] python_multipart.multipart: Calling on_part_end with no data
2025-07-27 23:51:50 [DEBUG] python_multipart.multipart: Calling on_part_begin with no data
2025-07-27 23:51:50 [DEBUG] python_multipart.multipart: Calling on_header_field with data[79425:79444]
2025-07-27 23:51:50 [DEBUG] python_multipart.multipart: Calling on_header_value with data[79446:79493]
2025-07-27 23:51:50 [DEBUG] python_multipart.multipart: Calling on_header_end with no data
2025-07-27 23:51:50 [DEBUG] python_multipart.multipart: Calling on_header_field with data[79495:79507]
2025-07-27 23:51:50 [DEBUG] python_multipart.multipart: Calling on_header_value with data[79509:79519]
2025-07-27 23:51:50 [DEBUG] python_multipart.multipart: Calling on_header_end with no data
2025-07-27 23:51:50 [DEBUG] python_multipart.multipart: Calling on_headers_finished with no data
2025-07-27 23:51:50 [DEBUG] python_multipart.multipart: Calling on_part_data with data[79523:82685]
2025-07-27 23:51:50 [DEBUG] python_multipart.multipart: Calling on_part_end with no data
2025-07-27 23:51:50 [DEBUG] python_multipart.multipart: Calling on_part_begin with no data
2025-07-27 23:51:50 [DEBUG] python_multipart.multipart: Calling on_header_field with data[82729:82748]
2025-07-27 23:51:50 [DEBUG] python_multipart.multipart: Calling on_header_value with data[82750:82797]
2025-07-27 23:51:50 [DEBUG] python_multipart.multipart: Calling on_header_end with no data
2025-07-27 23:51:50 [DEBUG] python_multipart.multipart: Calling on_header_field with data[82799:82811]
2025-07-27 23:51:50 [DEBUG] python_multipart.multipart: Calling on_header_value with data[82813:82823]
2025-07-27 23:51:50 [DEBUG] python_multipart.multipart: Calling on_header_end with no data
2025-07-27 23:51:50 [DEBUG] python_multipart.multipart: Calling on_headers_finished with no data
2025-07-27 23:51:50 [DEBUG] python_multipart.multipart: Calling on_part_data with data[82827:85989]
2025-07-27 23:51:50 [DEBUG] python_multipart.multipart: Calling on_part_end with no data
2025-07-27 23:51:50 [DEBUG] python_multipart.multipart: Calling on_part_begin with no data
2025-07-27 23:51:50 [DEBUG] python_multipart.multipart: Calling on_header_field with data[86033:86052]
2025-07-27 23:51:50 [DEBUG] python_multipart.multipart: Calling on_header_value with data[86054:86101]
2025-07-27 23:51:50 [DEBUG] python_multipart.multipart: Calling on_header_end with no data
2025-07-27 23:51:50 [DEBUG] python_multipart.multipart: Calling on_header_field with data[86103:86115]
2025-07-27 23:51:50 [DEBUG] python_multipart.multipart: Calling on_header_value with data[86117:86127]
2025-07-27 23:51:50 [DEBUG] python_multipart.multipart: Calling on_header_end with no data
2025-07-27 23:51:50 [DEBUG] python_multipart.multipart: Calling on_headers_finished with no data
2025-07-27 23:51:50 [DEBUG] python_multipart.multipart: Calling on_part_data with data[86131:89293]
2025-07-27 23:51:50 [DEBUG] python_multipart.multipart: Calling on_part_end with no data
2025-07-27 23:51:50 [DEBUG] python_multipart.multipart: Calling on_part_begin with no data
2025-07-27 23:51:50 [DEBUG] python_multipart.multipart: Calling on_header_field with data[89337:89356]
2025-07-27 23:51:50 [DEBUG] python_multipart.multipart: Calling on_header_value with data[89358:89405]
2025-07-27 23:51:50 [DEBUG] python_multipart.multipart: Calling on_header_end with no data
2025-07-27 23:51:50 [DEBUG] python_multipart.multipart: Calling on_header_field with data[89407:89419]
2025-07-27 23:51:50 [DEBUG] python_multipart.multipart: Calling on_header_value with data[89421:89431]
2025-07-27 23:51:50 [DEBUG] python_multipart.multipart: Calling on_header_end with no data
2025-07-27 23:51:50 [DEBUG] python_multipart.multipart: Calling on_headers_finished with no data
2025-07-27 23:51:50 [DEBUG] python_multipart.multipart: Calling on_part_data with data[89435:92597]
2025-07-27 23:51:50 [DEBUG] python_multipart.multipart: Calling on_part_end with no data
2025-07-27 23:51:50 [DEBUG] python_multipart.multipart: Calling on_part_begin with no data
2025-07-27 23:51:50 [DEBUG] python_multipart.multipart: Calling on_header_field with data[92641:92660]
2025-07-27 23:51:50 [DEBUG] python_multipart.multipart: Calling on_header_value with data[92662:92709]
2025-07-27 23:51:50 [DEBUG] python_multipart.multipart: Calling on_header_end with no data
2025-07-27 23:51:50 [DEBUG] python_multipart.multipart: Calling on_header_field with data[92711:92723]
2025-07-27 23:51:50 [DEBUG] python_multipart.multipart: Calling on_header_value with data[92725:92735]
2025-07-27 23:51:50 [DEBUG] python_multipart.multipart: Calling on_header_end with no data
2025-07-27 23:51:50 [DEBUG] python_multipart.multipart: Calling on_headers_finished with no data
2025-07-27 23:51:50 [DEBUG] python_multipart.multipart: Calling on_part_data with data[92739:95901]
2025-07-27 23:51:50 [DEBUG] python_multipart.multipart: Calling on_part_end with no data
2025-07-27 23:51:50 [DEBUG] python_multipart.multipart: Calling on_part_begin with no data
2025-07-27 23:51:50 [DEBUG] python_multipart.multipart: Calling on_header_field with data[95945:95964]
2025-07-27 23:51:50 [DEBUG] python_multipart.multipart: Calling on_header_value with data[95966:96013]
2025-07-27 23:51:50 [DEBUG] python_multipart.multipart: Calling on_header_end with no data
2025-07-27 23:51:50 [DEBUG] python_multipart.multipart: Calling on_header_field with data[96015:96027]
2025-07-27 23:51:50 [DEBUG] python_multipart.multipart: Calling on_header_value with data[96029:96039]
2025-07-27 23:51:50 [DEBUG] python_multipart.multipart: Calling on_header_end with no data
2025-07-27 23:51:50 [DEBUG] python_multipart.multipart: Calling on_headers_finished with no data
2025-07-27 23:51:50 [DEBUG] python_multipart.multipart: Calling on_part_data with data[96043:98304]
2025-07-27 23:51:50 [DEBUG] python_multipart.multipart: Calling on_part_data with data[0:901]
2025-07-27 23:51:50 [DEBUG] python_multipart.multipart: Calling on_part_end with no data
2025-07-27 23:51:50 [DEBUG] python_multipart.multipart: Calling on_part_begin with no data
2025-07-27 23:51:50 [DEBUG] python_multipart.multipart: Calling on_header_field with data[945:964]
2025-07-27 23:51:50 [DEBUG] python_multipart.multipart: Calling on_header_value with data[966:1013]
2025-07-27 23:51:50 [DEBUG] python_multipart.multipart: Calling on_header_end with no data
2025-07-27 23:51:50 [DEBUG] python_multipart.multipart: Calling on_header_field with data[1015:1027]
2025-07-27 23:51:50 [DEBUG] python_multipart.multipart: Calling on_header_value with data[1029:1039]
2025-07-27 23:51:50 [DEBUG] python_multipart.multipart: Calling on_header_end with no data
2025-07-27 23:51:50 [DEBUG] python_multipart.multipart: Calling on_headers_finished with no data
2025-07-27 23:51:50 [DEBUG] python_multipart.multipart: Calling on_part_data with data[1043:4205]
2025-07-27 23:51:50 [DEBUG] python_multipart.multipart: Calling on_part_end with no data
2025-07-27 23:51:50 [DEBUG] python_multipart.multipart: Calling on_part_begin with no data
2025-07-27 23:51:50 [DEBUG] python_multipart.multipart: Calling on_header_field with data[4249:4268]
2025-07-27 23:51:50 [DEBUG] python_multipart.multipart: Calling on_header_value with data[4270:4317]
2025-07-27 23:51:50 [DEBUG] python_multipart.multipart: Calling on_header_end with no data
2025-07-27 23:51:50 [DEBUG] python_multipart.multipart: Calling on_header_field with data[4319:4331]
2025-07-27 23:51:50 [DEBUG] python_multipart.multipart: Calling on_header_value with data[4333:4343]
2025-07-27 23:51:50 [DEBUG] python_multipart.multipart: Calling on_header_end with no data
2025-07-27 23:51:50 [DEBUG] python_multipart.multipart: Calling on_headers_finished with no data
2025-07-27 23:51:50 [DEBUG] python_multipart.multipart: Calling on_part_data with data[4347:7509]
2025-07-27 23:51:50 [DEBUG] python_multipart.multipart: Calling on_part_end with no data
2025-07-27 23:51:50 [DEBUG] python_multipart.multipart: Calling on_part_begin with no data
2025-07-27 23:51:50 [DEBUG] python_multipart.multipart: Calling on_header_field with data[7553:7572]
2025-07-27 23:51:50 [DEBUG] python_multipart.multipart: Calling on_header_value with data[7574:7621]
2025-07-27 23:51:50 [DEBUG] python_multipart.multipart: Calling on_header_end with no data
2025-07-27 23:51:50 [DEBUG] python_multipart.multipart: Calling on_header_field with data[7623:7635]
2025-07-27 23:51:50 [DEBUG] python_multipart.multipart: Calling on_header_value with data[7637:7647]
2025-07-27 23:51:50 [DEBUG] python_multipart.multipart: Calling on_header_end with no data
2025-07-27 23:51:50 [DEBUG] python_multipart.multipart: Calling on_headers_finished with no data
2025-07-27 23:51:50 [DEBUG] python_multipart.multipart: Calling on_part_data with data[7651:10813]
2025-07-27 23:51:50 [DEBUG] python_multipart.multipart: Calling on_part_end with no data
2025-07-27 23:51:50 [DEBUG] python_multipart.multipart: Calling on_part_begin with no data
2025-07-27 23:51:50 [DEBUG] python_multipart.multipart: Calling on_header_field with data[10857:10876]
2025-07-27 23:51:50 [DEBUG] python_multipart.multipart: Calling on_header_value with data[10878:10925]
2025-07-27 23:51:50 [DEBUG] python_multipart.multipart: Calling on_header_end with no data
2025-07-27 23:51:50 [DEBUG] python_multipart.multipart: Calling on_header_field with data[10927:10939]
2025-07-27 23:51:50 [DEBUG] python_multipart.multipart: Calling on_header_value with data[10941:10951]
2025-07-27 23:51:50 [DEBUG] python_multipart.multipart: Calling on_header_end with no data
2025-07-27 23:51:50 [DEBUG] python_multipart.multipart: Calling on_headers_finished with no data
2025-07-27 23:51:50 [DEBUG] python_multipart.multipart: Calling on_part_data with data[10955:14117]
2025-07-27 23:51:50 [DEBUG] python_multipart.multipart: Calling on_part_end with no data
2025-07-27 23:51:50 [DEBUG] python_multipart.multipart: Calling on_part_begin with no data
2025-07-27 23:51:50 [DEBUG] python_multipart.multipart: Calling on_header_field with data[14161:14180]
2025-07-27 23:51:50 [DEBUG] python_multipart.multipart: Calling on_header_value with data[14182:14229]
2025-07-27 23:51:50 [DEBUG] python_multipart.multipart: Calling on_header_end with no data
2025-07-27 23:51:50 [DEBUG] python_multipart.multipart: Calling on_header_field with data[14231:14243]
2025-07-27 23:51:50 [DEBUG] python_multipart.multipart: Calling on_header_value with data[14245:14255]
2025-07-27 23:51:50 [DEBUG] python_multipart.multipart: Calling on_header_end with no data
2025-07-27 23:51:50 [DEBUG] python_multipart.multipart: Calling on_headers_finished with no data
2025-07-27 23:51:50 [DEBUG] python_multipart.multipart: Calling on_part_data with data[14259:17421]
2025-07-27 23:51:50 [DEBUG] python_multipart.multipart: Calling on_part_end with no data
2025-07-27 23:51:50 [DEBUG] python_multipart.multipart: Calling on_part_begin with no data
2025-07-27 23:51:50 [DEBUG] python_multipart.multipart: Calling on_header_field with data[17465:17484]
2025-07-27 23:51:50 [DEBUG] python_multipart.multipart: Calling on_header_value with data[17486:17533]
2025-07-27 23:51:50 [DEBUG] python_multipart.multipart: Calling on_header_end with no data
2025-07-27 23:51:50 [DEBUG] python_multipart.multipart: Calling on_header_field with data[17535:17547]
2025-07-27 23:51:50 [DEBUG] python_multipart.multipart: Calling on_header_value with data[17549:17559]
2025-07-27 23:51:50 [DEBUG] python_multipart.multipart: Calling on_header_end with no data
2025-07-27 23:51:50 [DEBUG] python_multipart.multipart: Calling on_headers_finished with no data
2025-07-27 23:51:50 [DEBUG] python_multipart.multipart: Calling on_part_data with data[17563:20725]
2025-07-27 23:51:50 [DEBUG] python_multipart.multipart: Calling on_part_end with no data
2025-07-27 23:51:50 [DEBUG] python_multipart.multipart: Calling on_part_begin with no data
2025-07-27 23:51:50 [DEBUG] python_multipart.multipart: Calling on_header_field with data[20769:20788]
2025-07-27 23:51:50 [DEBUG] python_multipart.multipart: Calling on_header_value with data[20790:20837]
2025-07-27 23:51:50 [DEBUG] python_multipart.multipart: Calling on_header_end with no data
2025-07-27 23:51:50 [DEBUG] python_multipart.multipart: Calling on_header_field with data[20839:20851]
2025-07-27 23:51:50 [DEBUG] python_multipart.multipart: Calling on_header_value with data[20853:20863]
2025-07-27 23:51:50 [DEBUG] python_multipart.multipart: Calling on_header_end with no data
2025-07-27 23:51:50 [DEBUG] python_multipart.multipart: Calling on_headers_finished with no data
2025-07-27 23:51:50 [DEBUG] python_multipart.multipart: Calling on_part_data with data[20867:24029]
2025-07-27 23:51:50 [DEBUG] python_multipart.multipart: Calling on_part_end with no data
2025-07-27 23:51:50 [DEBUG] python_multipart.multipart: Calling on_part_begin with no data
2025-07-27 23:51:50 [DEBUG] python_multipart.multipart: Calling on_header_field with data[24073:24092]
2025-07-27 23:51:50 [DEBUG] python_multipart.multipart: Calling on_header_value with data[24094:24141]
2025-07-27 23:51:50 [DEBUG] python_multipart.multipart: Calling on_header_end with no data
2025-07-27 23:51:50 [DEBUG] python_multipart.multipart: Calling on_header_field with data[24143:24155]
2025-07-27 23:51:50 [DEBUG] python_multipart.multipart: Calling on_header_value with data[24157:24167]
2025-07-27 23:51:50 [DEBUG] python_multipart.multipart: Calling on_header_end with no data
2025-07-27 23:51:50 [DEBUG] python_multipart.multipart: Calling on_headers_finished with no data
2025-07-27 23:51:50 [DEBUG] python_multipart.multipart: Calling on_part_data with data[24171:27333]
2025-07-27 23:51:50 [DEBUG] python_multipart.multipart: Calling on_part_end with no data
2025-07-27 23:51:50 [DEBUG] python_multipart.multipart: Calling on_part_begin with no data
2025-07-27 23:51:50 [DEBUG] python_multipart.multipart: Calling on_header_field with data[27377:27396]
2025-07-27 23:51:50 [DEBUG] python_multipart.multipart: Calling on_header_value with data[27398:27445]
2025-07-27 23:51:50 [DEBUG] python_multipart.multipart: Calling on_header_end with no data
2025-07-27 23:51:50 [DEBUG] python_multipart.multipart: Calling on_header_field with data[27447:27459]
2025-07-27 23:51:50 [DEBUG] python_multipart.multipart: Calling on_header_value with data[27461:27471]
2025-07-27 23:51:50 [DEBUG] python_multipart.multipart: Calling on_header_end with no data
2025-07-27 23:51:50 [DEBUG] python_multipart.multipart: Calling on_headers_finished with no data
2025-07-27 23:51:50 [DEBUG] python_multipart.multipart: Calling on_part_data with data[27475:30637]
2025-07-27 23:51:50 [DEBUG] python_multipart.multipart: Calling on_part_end with no data
2025-07-27 23:51:50 [DEBUG] python_multipart.multipart: Calling on_part_begin with no data
2025-07-27 23:51:50 [DEBUG] python_multipart.multipart: Calling on_header_field with data[30681:30700]
2025-07-27 23:51:50 [DEBUG] python_multipart.multipart: Calling on_header_value with data[30702:30749]
2025-07-27 23:51:50 [DEBUG] python_multipart.multipart: Calling on_header_end with no data
2025-07-27 23:51:50 [DEBUG] python_multipart.multipart: Calling on_header_field with data[30751:30763]
2025-07-27 23:51:50 [DEBUG] python_multipart.multipart: Calling on_header_value with data[30765:30775]
2025-07-27 23:51:50 [DEBUG] python_multipart.multipart: Calling on_header_end with no data
2025-07-27 23:51:50 [DEBUG] python_multipart.multipart: Calling on_headers_finished with no data
2025-07-27 23:51:50 [DEBUG] python_multipart.multipart: Calling on_part_data with data[30779:33941]
2025-07-27 23:51:50 [DEBUG] python_multipart.multipart: Calling on_part_end with no data
2025-07-27 23:51:50 [DEBUG] python_multipart.multipart: Calling on_part_begin with no data
2025-07-27 23:51:50 [DEBUG] python_multipart.multipart: Calling on_header_field with data[33985:34004]
2025-07-27 23:51:50 [DEBUG] python_multipart.multipart: Calling on_header_value with data[34006:34053]
2025-07-27 23:51:50 [DEBUG] python_multipart.multipart: Calling on_header_end with no data
2025-07-27 23:51:50 [DEBUG] python_multipart.multipart: Calling on_header_field with data[34055:34067]
2025-07-27 23:51:50 [DEBUG] python_multipart.multipart: Calling on_header_value with data[34069:34079]
2025-07-27 23:51:50 [DEBUG] python_multipart.multipart: Calling on_header_end with no data
2025-07-27 23:51:50 [DEBUG] python_multipart.multipart: Calling on_headers_finished with no data
2025-07-27 23:51:50 [DEBUG] python_multipart.multipart: Calling on_part_data with data[34083:37245]
2025-07-27 23:51:51 [DEBUG] python_multipart.multipart: Calling on_part_end with no data
2025-07-27 23:51:51 [DEBUG] python_multipart.multipart: Calling on_part_begin with no data
2025-07-27 23:51:51 [DEBUG] python_multipart.multipart: Calling on_header_field with data[37289:37308]
2025-07-27 23:51:51 [DEBUG] python_multipart.multipart: Calling on_header_value with data[37310:37357]
2025-07-27 23:51:51 [DEBUG] python_multipart.multipart: Calling on_header_end with no data
2025-07-27 23:51:51 [DEBUG] python_multipart.multipart: Calling on_header_field with data[37359:37371]
2025-07-27 23:51:51 [DEBUG] python_multipart.multipart: Calling on_header_value with data[37373:37383]
2025-07-27 23:51:51 [DEBUG] python_multipart.multipart: Calling on_header_end with no data
2025-07-27 23:51:51 [DEBUG] python_multipart.multipart: Calling on_headers_finished with no data
2025-07-27 23:51:51 [DEBUG] python_multipart.multipart: Calling on_part_data with data[37387:40549]
2025-07-27 23:51:51 [DEBUG] python_multipart.multipart: Calling on_part_end with no data
2025-07-27 23:51:51 [DEBUG] python_multipart.multipart: Calling on_part_begin with no data
2025-07-27 23:51:51 [DEBUG] python_multipart.multipart: Calling on_header_field with data[40593:40612]
2025-07-27 23:51:51 [DEBUG] python_multipart.multipart: Calling on_header_value with data[40614:40661]
2025-07-27 23:51:51 [DEBUG] python_multipart.multipart: Calling on_header_end with no data
2025-07-27 23:51:51 [DEBUG] python_multipart.multipart: Calling on_header_field with data[40663:40675]
2025-07-27 23:51:51 [DEBUG] python_multipart.multipart: Calling on_header_value with data[40677:40687]
2025-07-27 23:51:51 [DEBUG] python_multipart.multipart: Calling on_header_end with no data
2025-07-27 23:51:51 [DEBUG] python_multipart.multipart: Calling on_headers_finished with no data
2025-07-27 23:51:51 [DEBUG] python_multipart.multipart: Calling on_part_data with data[40691:43853]
2025-07-27 23:51:51 [DEBUG] python_multipart.multipart: Calling on_part_end with no data
2025-07-27 23:51:51 [DEBUG] python_multipart.multipart: Calling on_part_begin with no data
2025-07-27 23:51:51 [DEBUG] python_multipart.multipart: Calling on_header_field with data[43897:43916]
2025-07-27 23:51:51 [DEBUG] python_multipart.multipart: Calling on_header_value with data[43918:43965]
2025-07-27 23:51:51 [DEBUG] python_multipart.multipart: Calling on_header_end with no data
2025-07-27 23:51:51 [DEBUG] python_multipart.multipart: Calling on_header_field with data[43967:43979]
2025-07-27 23:51:51 [DEBUG] python_multipart.multipart: Calling on_header_value with data[43981:43991]
2025-07-27 23:51:51 [DEBUG] python_multipart.multipart: Calling on_header_end with no data
2025-07-27 23:51:51 [DEBUG] python_multipart.multipart: Calling on_headers_finished with no data
2025-07-27 23:51:51 [DEBUG] python_multipart.multipart: Calling on_part_data with data[43995:47157]
2025-07-27 23:51:51 [DEBUG] python_multipart.multipart: Calling on_part_end with no data
2025-07-27 23:51:51 [DEBUG] python_multipart.multipart: Calling on_part_begin with no data
2025-07-27 23:51:51 [DEBUG] python_multipart.multipart: Calling on_header_field with data[47201:47220]
2025-07-27 23:51:51 [DEBUG] python_multipart.multipart: Calling on_header_value with data[47222:47269]
2025-07-27 23:51:51 [DEBUG] python_multipart.multipart: Calling on_header_end with no data
2025-07-27 23:51:51 [DEBUG] python_multipart.multipart: Calling on_header_field with data[47271:47283]
2025-07-27 23:51:51 [DEBUG] python_multipart.multipart: Calling on_header_value with data[47285:47295]
2025-07-27 23:51:51 [DEBUG] python_multipart.multipart: Calling on_header_end with no data
2025-07-27 23:51:51 [DEBUG] python_multipart.multipart: Calling on_headers_finished with no data
2025-07-27 23:51:51 [DEBUG] python_multipart.multipart: Calling on_part_data with data[47299:50461]
2025-07-27 23:51:51 [DEBUG] python_multipart.multipart: Calling on_part_end with no data
2025-07-27 23:51:51 [DEBUG] python_multipart.multipart: Calling on_part_begin with no data
2025-07-27 23:51:51 [DEBUG] python_multipart.multipart: Calling on_header_field with data[50505:50524]
2025-07-27 23:51:51 [DEBUG] python_multipart.multipart: Calling on_header_value with data[50526:50573]
2025-07-27 23:51:51 [DEBUG] python_multipart.multipart: Calling on_header_end with no data
2025-07-27 23:51:51 [DEBUG] python_multipart.multipart: Calling on_header_field with data[50575:50587]
2025-07-27 23:51:51 [DEBUG] python_multipart.multipart: Calling on_header_value with data[50589:50599]
2025-07-27 23:51:51 [DEBUG] python_multipart.multipart: Calling on_header_end with no data
2025-07-27 23:51:51 [DEBUG] python_multipart.multipart: Calling on_headers_finished with no data
2025-07-27 23:51:51 [DEBUG] python_multipart.multipart: Calling on_part_data with data[50603:53765]
2025-07-27 23:51:51 [DEBUG] python_multipart.multipart: Calling on_part_end with no data
2025-07-27 23:51:51 [DEBUG] python_multipart.multipart: Calling on_part_begin with no data
2025-07-27 23:51:51 [DEBUG] python_multipart.multipart: Calling on_header_field with data[53809:53828]
2025-07-27 23:51:51 [DEBUG] python_multipart.multipart: Calling on_header_value with data[53830:53877]
2025-07-27 23:51:51 [DEBUG] python_multipart.multipart: Calling on_header_end with no data
2025-07-27 23:51:51 [DEBUG] python_multipart.multipart: Calling on_header_field with data[53879:53891]
2025-07-27 23:51:51 [DEBUG] python_multipart.multipart: Calling on_header_value with data[53893:53903]
2025-07-27 23:51:51 [DEBUG] python_multipart.multipart: Calling on_header_end with no data
2025-07-27 23:51:51 [DEBUG] python_multipart.multipart: Calling on_headers_finished with no data
2025-07-27 23:51:51 [DEBUG] python_multipart.multipart: Calling on_part_data with data[53907:57069]
2025-07-27 23:51:51 [DEBUG] python_multipart.multipart: Calling on_part_end with no data
2025-07-27 23:51:51 [DEBUG] python_multipart.multipart: Calling on_part_begin with no data
2025-07-27 23:51:51 [DEBUG] python_multipart.multipart: Calling on_header_field with data[57113:57132]
2025-07-27 23:51:51 [DEBUG] python_multipart.multipart: Calling on_header_value with data[57134:57181]
2025-07-27 23:51:51 [DEBUG] python_multipart.multipart: Calling on_header_end with no data
2025-07-27 23:51:51 [DEBUG] python_multipart.multipart: Calling on_header_field with data[57183:57195]
2025-07-27 23:51:51 [DEBUG] python_multipart.multipart: Calling on_header_value with data[57197:57207]
2025-07-27 23:51:51 [DEBUG] python_multipart.multipart: Calling on_header_end with no data
2025-07-27 23:51:51 [DEBUG] python_multipart.multipart: Calling on_headers_finished with no data
2025-07-27 23:51:51 [DEBUG] python_multipart.multipart: Calling on_part_data with data[57211:60373]
2025-07-27 23:51:51 [DEBUG] python_multipart.multipart: Calling on_part_end with no data
2025-07-27 23:51:51 [DEBUG] python_multipart.multipart: Calling on_part_begin with no data
2025-07-27 23:51:51 [DEBUG] python_multipart.multipart: Calling on_header_field with data[60417:60436]
2025-07-27 23:51:51 [DEBUG] python_multipart.multipart: Calling on_header_value with data[60438:60485]
2025-07-27 23:51:51 [DEBUG] python_multipart.multipart: Calling on_header_end with no data
2025-07-27 23:51:51 [DEBUG] python_multipart.multipart: Calling on_header_field with data[60487:60499]
2025-07-27 23:51:51 [DEBUG] python_multipart.multipart: Calling on_header_value with data[60501:60511]
2025-07-27 23:51:51 [DEBUG] python_multipart.multipart: Calling on_header_end with no data
2025-07-27 23:51:51 [DEBUG] python_multipart.multipart: Calling on_headers_finished with no data
2025-07-27 23:51:51 [DEBUG] python_multipart.multipart: Calling on_part_data with data[60515:63677]
2025-07-27 23:51:51 [DEBUG] python_multipart.multipart: Calling on_part_end with no data
2025-07-27 23:51:51 [DEBUG] python_multipart.multipart: Calling on_part_begin with no data
2025-07-27 23:51:51 [DEBUG] python_multipart.multipart: Calling on_header_field with data[63721:63740]
2025-07-27 23:51:51 [DEBUG] python_multipart.multipart: Calling on_header_value with data[63742:63789]
2025-07-27 23:51:51 [DEBUG] python_multipart.multipart: Calling on_header_end with no data
2025-07-27 23:51:51 [DEBUG] python_multipart.multipart: Calling on_header_field with data[63791:63803]
2025-07-27 23:51:51 [DEBUG] python_multipart.multipart: Calling on_header_value with data[63805:63815]
2025-07-27 23:51:51 [DEBUG] python_multipart.multipart: Calling on_header_end with no data
2025-07-27 23:51:51 [DEBUG] python_multipart.multipart: Calling on_headers_finished with no data
2025-07-27 23:51:51 [DEBUG] python_multipart.multipart: Calling on_part_data with data[63819:66981]
2025-07-27 23:51:51 [DEBUG] python_multipart.multipart: Calling on_part_end with no data
2025-07-27 23:51:51 [DEBUG] python_multipart.multipart: Calling on_end with no data
2025-07-27 23:51:51 [INFO] face-presence-api: Registering user: 44
2025-07-27 23:51:51 [INFO] watchfiles.main: 1 change detected
2025-07-27 23:51:51 [DEBUG] face-presence-api: 🧹 Memory cleared with garbage collector.
2025-07-27 23:51:51 [INFO] face-presence-api: 📁 10 test image berhasil disimpan untuk user 44 di F:\Kuliah\Skripsi\praktisi-face-presence-api\src\storage\test_images\44
2025-07-27 23:51:51 [INFO] watchfiles.main: 9 changes detected
2025-07-27 23:51:51 [DEBUG] face-presence-api: 🧹 Memory cleared with garbage collector.
2025-07-27 23:51:51 [INFO] face-presence-api: Processing batch 1/8
2025-07-27 23:51:52 [INFO] face-presence-api: Processing batch 2/8
2025-07-27 23:51:52 [INFO] face-presence-api: Processing batch 3/8
2025-07-27 23:51:52 [INFO] face-presence-api: Processing batch 4/8
2025-07-27 23:51:53 [INFO] face-presence-api: Processing batch 5/8
2025-07-27 23:51:53 [INFO] face-presence-api: Processing batch 6/8
2025-07-27 23:51:53 [INFO] face-presence-api: Processing batch 7/8
2025-07-27 23:51:54 [INFO] face-presence-api: Processing batch 8/8
2025-07-27 23:51:54 [INFO] face-presence-api: Finished processing 40 valid embeddings from 40 images
2025-07-27 23:51:54 [INFO] face-presence-api: Validasi berhasil: 40 embeddings valid
2025-07-27 23:51:54 [INFO] face-presence-api: Validasi berhasil: 40 embeddings valid
2025-07-27 23:51:54 [INFO] face-presence-api: Embedding berhasil disimpan untuk user 44 di F:\Kuliah\Skripsi\praktisi-face-presence-api\src\storage\embeddings\44.pkl
2025-07-27 23:51:54 [INFO] face-presence-api: Embeddings saved successfully for user 44, starting evaluation.
2025-07-27 23:51:54 [INFO] face-presence-api: Evaluating ...
2025-07-27 23:51:54 [INFO] watchfiles.main: 1 change detected
2025-07-27 23:51:54 [INFO] face-presence-api: Evaluating batch 1/4
2025-07-27 23:51:55 [INFO] face-presence-api: Evaluating batch 2/4
2025-07-27 23:51:55 [INFO] face-presence-api: Evaluating batch 3/4
2025-07-27 23:51:55 [DEBUG] face-presence-api: [BatchLogger] No registrations, skip flush
2025-07-27 23:51:55 [DEBUG] face-presence-api: [BatchLogger] No verifications, skip flush
2025-07-27 23:51:55 [DEBUG] face-presence-api: [BatchLogger] No durations, skip flush
2025-07-27 23:51:56 [INFO] face-presence-api: Evaluating batch 4/4
2025-07-27 23:51:56 [INFO] face-presence-api: Face registration successful for user 44.
2025-07-27 23:52:05 [DEBUG] face-presence-api: [BatchLogger] No durations, skip flush
2025-07-27 23:52:15 [DEBUG] face-presence-api: [BatchLogger] No durations, skip flush
2025-07-27 23:52:25 [DEBUG] face-presence-api: [BatchLogger] No verifications, skip flush
2025-07-27 23:52:25 [INFO] face-presence-api: [BatchLogger] Flushing 1 registrations...
2025-07-27 23:52:27 [DEBUG] urllib3.connectionpool: https://sheets.googleapis.com:443 "GET /v4/spreadsheets/1hjXERVEURCeKXeCw8TUbrkjF25_GVmORN0JgjZuu058?includeGridData=false HTTP/1.1" 200 None
2025-07-27 23:52:29 [DEBUG] python_multipart.multipart: Calling on_part_begin with no data
2025-07-27 23:52:29 [DEBUG] python_multipart.multipart: Calling on_header_field with data[42:61]
2025-07-27 23:52:29 [DEBUG] python_multipart.multipart: Calling on_header_value with data[63:88]
2025-07-27 23:52:29 [DEBUG] python_multipart.multipart: Calling on_header_end with no data
2025-07-27 23:52:29 [DEBUG] python_multipart.multipart: Calling on_headers_finished with no data
2025-07-27 23:52:29 [DEBUG] python_multipart.multipart: Calling on_part_data with data[92:94]
2025-07-27 23:52:29 [DEBUG] python_multipart.multipart: Calling on_part_end with no data
2025-07-27 23:52:29 [DEBUG] python_multipart.multipart: Calling on_end with no data
2025-07-27 23:52:29 [INFO] face-presence-api: Checking status for user: 44
2025-07-27 23:52:29 [INFO] face-presence-api: User 44 is already registered.
2025-07-27 23:52:30 [DEBUG] urllib3.connectionpool: https://sheets.googleapis.com:443 "GET /v4/spreadsheets/1hjXERVEURCeKXeCw8TUbrkjF25_GVmORN0JgjZuu058/values/%27Registration%27 HTTP/1.1" 200 None
2025-07-27 23:52:30 [DEBUG] urllib3.connectionpool: https://sheets.googleapis.com:443 "GET /v4/spreadsheets/1hjXERVEURCeKXeCw8TUbrkjF25_GVmORN0JgjZuu058/values/%27Registration%27 HTTP/1.1" 200 None
2025-07-27 23:52:31 [DEBUG] urllib3.connectionpool: https://sheets.googleapis.com:443 "POST /v4/spreadsheets/1hjXERVEURCeKXeCw8TUbrkjF25_GVmORN0JgjZuu058/values:batchUpdate HTTP/1.1" 200 None
2025-07-27 23:52:31 [INFO] face-presence-api: [BatchLogger] Updated 1 registration rows
2025-07-27 23:52:31 [DEBUG] face-presence-api: [BatchLogger] No durations, skip flush
2025-07-27 23:52:41 [DEBUG] face-presence-api: [BatchLogger] No durations, skip flush
2025-07-27 23:52:42 [DEBUG] python_multipart.multipart: Calling on_part_begin with no data
2025-07-27 23:52:42 [DEBUG] python_multipart.multipart: Calling on_header_field with data[42:61]
2025-07-27 23:52:42 [DEBUG] python_multipart.multipart: Calling on_header_value with data[63:88]
2025-07-27 23:52:42 [DEBUG] python_multipart.multipart: Calling on_header_end with no data
2025-07-27 23:52:42 [DEBUG] python_multipart.multipart: Calling on_headers_finished with no data
2025-07-27 23:52:42 [DEBUG] python_multipart.multipart: Calling on_part_data with data[92:94]
2025-07-27 23:52:42 [DEBUG] python_multipart.multipart: Calling on_part_end with no data
2025-07-27 23:52:42 [DEBUG] python_multipart.multipart: Calling on_part_begin with no data
2025-07-27 23:52:42 [DEBUG] python_multipart.multipart: Calling on_header_field with data[138:157]
2025-07-27 23:52:42 [DEBUG] python_multipart.multipart: Calling on_header_value with data[159:205]
2025-07-27 23:52:42 [DEBUG] python_multipart.multipart: Calling on_header_end with no data
2025-07-27 23:52:42 [DEBUG] python_multipart.multipart: Calling on_header_field with data[207:219]
2025-07-27 23:52:42 [DEBUG] python_multipart.multipart: Calling on_header_value with data[221:231]
2025-07-27 23:52:42 [DEBUG] python_multipart.multipart: Calling on_header_end with no data
2025-07-27 23:52:42 [DEBUG] python_multipart.multipart: Calling on_headers_finished with no data
2025-07-27 23:52:42 [DEBUG] python_multipart.multipart: Calling on_part_data with data[235:3397]
2025-07-27 23:52:42 [DEBUG] python_multipart.multipart: Calling on_part_end with no data
2025-07-27 23:52:42 [DEBUG] python_multipart.multipart: Calling on_part_begin with no data
2025-07-27 23:52:42 [DEBUG] python_multipart.multipart: Calling on_header_field with data[3441:3460]
2025-07-27 23:52:42 [DEBUG] python_multipart.multipart: Calling on_header_value with data[3462:3508]
2025-07-27 23:52:42 [DEBUG] python_multipart.multipart: Calling on_header_end with no data
2025-07-27 23:52:42 [DEBUG] python_multipart.multipart: Calling on_header_field with data[3510:3522]
2025-07-27 23:52:42 [DEBUG] python_multipart.multipart: Calling on_header_value with data[3524:3534]
2025-07-27 23:52:42 [DEBUG] python_multipart.multipart: Calling on_header_end with no data
2025-07-27 23:52:42 [DEBUG] python_multipart.multipart: Calling on_headers_finished with no data
2025-07-27 23:52:42 [DEBUG] python_multipart.multipart: Calling on_part_data with data[3538:6700]
2025-07-27 23:52:42 [DEBUG] python_multipart.multipart: Calling on_part_end with no data
2025-07-27 23:52:42 [DEBUG] python_multipart.multipart: Calling on_part_begin with no data
2025-07-27 23:52:42 [DEBUG] python_multipart.multipart: Calling on_header_field with data[6744:6763]
2025-07-27 23:52:42 [DEBUG] python_multipart.multipart: Calling on_header_value with data[6765:6811]
2025-07-27 23:52:42 [DEBUG] python_multipart.multipart: Calling on_header_end with no data
2025-07-27 23:52:42 [DEBUG] python_multipart.multipart: Calling on_header_field with data[6813:6825]
2025-07-27 23:52:42 [DEBUG] python_multipart.multipart: Calling on_header_value with data[6827:6837]
2025-07-27 23:52:42 [DEBUG] python_multipart.multipart: Calling on_header_end with no data
2025-07-27 23:52:42 [DEBUG] python_multipart.multipart: Calling on_headers_finished with no data
2025-07-27 23:52:42 [DEBUG] python_multipart.multipart: Calling on_part_data with data[6841:10003]
2025-07-27 23:52:42 [DEBUG] python_multipart.multipart: Calling on_part_end with no data
2025-07-27 23:52:42 [DEBUG] python_multipart.multipart: Calling on_part_begin with no data
2025-07-27 23:52:42 [DEBUG] python_multipart.multipart: Calling on_header_field with data[10047:10066]
2025-07-27 23:52:42 [DEBUG] python_multipart.multipart: Calling on_header_value with data[10068:10114]
2025-07-27 23:52:42 [DEBUG] python_multipart.multipart: Calling on_header_end with no data
2025-07-27 23:52:42 [DEBUG] python_multipart.multipart: Calling on_header_field with data[10116:10128]
2025-07-27 23:52:42 [DEBUG] python_multipart.multipart: Calling on_header_value with data[10130:10140]
2025-07-27 23:52:42 [DEBUG] python_multipart.multipart: Calling on_header_end with no data
2025-07-27 23:52:42 [DEBUG] python_multipart.multipart: Calling on_headers_finished with no data
2025-07-27 23:52:42 [DEBUG] python_multipart.multipart: Calling on_part_data with data[10144:13306]
2025-07-27 23:52:42 [DEBUG] python_multipart.multipart: Calling on_part_end with no data
2025-07-27 23:52:42 [DEBUG] python_multipart.multipart: Calling on_part_begin with no data
2025-07-27 23:52:42 [DEBUG] python_multipart.multipart: Calling on_header_field with data[13350:13369]
2025-07-27 23:52:42 [DEBUG] python_multipart.multipart: Calling on_header_value with data[13371:13417]
2025-07-27 23:52:42 [DEBUG] python_multipart.multipart: Calling on_header_end with no data
2025-07-27 23:52:42 [DEBUG] python_multipart.multipart: Calling on_header_field with data[13419:13431]
2025-07-27 23:52:42 [DEBUG] python_multipart.multipart: Calling on_header_value with data[13433:13443]
2025-07-27 23:52:42 [DEBUG] python_multipart.multipart: Calling on_header_end with no data
2025-07-27 23:52:42 [DEBUG] python_multipart.multipart: Calling on_headers_finished with no data
2025-07-27 23:52:42 [DEBUG] python_multipart.multipart: Calling on_part_data with data[13447:16609]
2025-07-27 23:52:42 [DEBUG] python_multipart.multipart: Calling on_part_end with no data
2025-07-27 23:52:42 [DEBUG] python_multipart.multipart: Calling on_part_begin with no data
2025-07-27 23:52:42 [DEBUG] python_multipart.multipart: Calling on_header_field with data[16653:16672]
2025-07-27 23:52:42 [DEBUG] python_multipart.multipart: Calling on_header_value with data[16674:16720]
2025-07-27 23:52:42 [DEBUG] python_multipart.multipart: Calling on_header_end with no data
2025-07-27 23:52:42 [DEBUG] python_multipart.multipart: Calling on_header_field with data[16722:16734]
2025-07-27 23:52:42 [DEBUG] python_multipart.multipart: Calling on_header_value with data[16736:16746]
2025-07-27 23:52:42 [DEBUG] python_multipart.multipart: Calling on_header_end with no data
2025-07-27 23:52:42 [DEBUG] python_multipart.multipart: Calling on_headers_finished with no data
2025-07-27 23:52:42 [DEBUG] python_multipart.multipart: Calling on_part_data with data[16750:19912]
2025-07-27 23:52:42 [DEBUG] python_multipart.multipart: Calling on_part_end with no data
2025-07-27 23:52:42 [DEBUG] python_multipart.multipart: Calling on_part_begin with no data
2025-07-27 23:52:42 [DEBUG] python_multipart.multipart: Calling on_header_field with data[19956:19975]
2025-07-27 23:52:42 [DEBUG] python_multipart.multipart: Calling on_header_value with data[19977:20023]
2025-07-27 23:52:42 [DEBUG] python_multipart.multipart: Calling on_header_end with no data
2025-07-27 23:52:42 [DEBUG] python_multipart.multipart: Calling on_header_field with data[20025:20037]
2025-07-27 23:52:42 [DEBUG] python_multipart.multipart: Calling on_header_value with data[20039:20049]
2025-07-27 23:52:42 [DEBUG] python_multipart.multipart: Calling on_header_end with no data
2025-07-27 23:52:42 [DEBUG] python_multipart.multipart: Calling on_headers_finished with no data
2025-07-27 23:52:42 [DEBUG] python_multipart.multipart: Calling on_part_data with data[20053:23215]
2025-07-27 23:52:42 [DEBUG] python_multipart.multipart: Calling on_part_end with no data
2025-07-27 23:52:42 [DEBUG] python_multipart.multipart: Calling on_part_begin with no data
2025-07-27 23:52:42 [DEBUG] python_multipart.multipart: Calling on_header_field with data[23259:23278]
2025-07-27 23:52:42 [DEBUG] python_multipart.multipart: Calling on_header_value with data[23280:23326]
2025-07-27 23:52:42 [DEBUG] python_multipart.multipart: Calling on_header_end with no data
2025-07-27 23:52:42 [DEBUG] python_multipart.multipart: Calling on_header_field with data[23328:23340]
2025-07-27 23:52:42 [DEBUG] python_multipart.multipart: Calling on_header_value with data[23342:23352]
2025-07-27 23:52:42 [DEBUG] python_multipart.multipart: Calling on_header_end with no data
2025-07-27 23:52:42 [DEBUG] python_multipart.multipart: Calling on_headers_finished with no data
2025-07-27 23:52:42 [DEBUG] python_multipart.multipart: Calling on_part_data with data[23356:26518]
2025-07-27 23:52:42 [DEBUG] python_multipart.multipart: Calling on_part_end with no data
2025-07-27 23:52:42 [DEBUG] python_multipart.multipart: Calling on_part_begin with no data
2025-07-27 23:52:42 [DEBUG] python_multipart.multipart: Calling on_header_field with data[26562:26581]
2025-07-27 23:52:42 [DEBUG] python_multipart.multipart: Calling on_header_value with data[26583:26629]
2025-07-27 23:52:42 [DEBUG] python_multipart.multipart: Calling on_header_end with no data
2025-07-27 23:52:42 [DEBUG] python_multipart.multipart: Calling on_header_field with data[26631:26643]
2025-07-27 23:52:42 [DEBUG] python_multipart.multipart: Calling on_header_value with data[26645:26655]
2025-07-27 23:52:42 [DEBUG] python_multipart.multipart: Calling on_header_end with no data
2025-07-27 23:52:42 [DEBUG] python_multipart.multipart: Calling on_headers_finished with no data
2025-07-27 23:52:42 [DEBUG] python_multipart.multipart: Calling on_part_data with data[26659:29821]
2025-07-27 23:52:42 [DEBUG] python_multipart.multipart: Calling on_part_end with no data
2025-07-27 23:52:42 [DEBUG] python_multipart.multipart: Calling on_part_begin with no data
2025-07-27 23:52:42 [DEBUG] python_multipart.multipart: Calling on_header_field with data[29865:29884]
2025-07-27 23:52:42 [DEBUG] python_multipart.multipart: Calling on_header_value with data[29886:29933]
2025-07-27 23:52:42 [DEBUG] python_multipart.multipart: Calling on_header_end with no data
2025-07-27 23:52:42 [DEBUG] python_multipart.multipart: Calling on_header_field with data[29935:29947]
2025-07-27 23:52:42 [DEBUG] python_multipart.multipart: Calling on_header_value with data[29949:29959]
2025-07-27 23:52:42 [DEBUG] python_multipart.multipart: Calling on_header_end with no data
2025-07-27 23:52:42 [DEBUG] python_multipart.multipart: Calling on_headers_finished with no data
2025-07-27 23:52:42 [DEBUG] python_multipart.multipart: Calling on_part_data with data[29963:33125]
2025-07-27 23:52:42 [DEBUG] python_multipart.multipart: Calling on_part_end with no data
2025-07-27 23:52:42 [DEBUG] python_multipart.multipart: Calling on_part_begin with no data
2025-07-27 23:52:42 [DEBUG] python_multipart.multipart: Calling on_header_field with data[33169:33188]
2025-07-27 23:52:42 [DEBUG] python_multipart.multipart: Calling on_header_value with data[33190:33237]
2025-07-27 23:52:42 [DEBUG] python_multipart.multipart: Calling on_header_end with no data
2025-07-27 23:52:42 [DEBUG] python_multipart.multipart: Calling on_header_field with data[33239:33251]
2025-07-27 23:52:42 [DEBUG] python_multipart.multipart: Calling on_header_value with data[33253:33263]
2025-07-27 23:52:42 [DEBUG] python_multipart.multipart: Calling on_header_end with no data
2025-07-27 23:52:42 [DEBUG] python_multipart.multipart: Calling on_headers_finished with no data
2025-07-27 23:52:42 [DEBUG] python_multipart.multipart: Calling on_part_data with data[33267:36429]
2025-07-27 23:52:42 [DEBUG] python_multipart.multipart: Calling on_part_end with no data
2025-07-27 23:52:42 [DEBUG] python_multipart.multipart: Calling on_part_begin with no data
2025-07-27 23:52:42 [DEBUG] python_multipart.multipart: Calling on_header_field with data[36473:36492]
2025-07-27 23:52:42 [DEBUG] python_multipart.multipart: Calling on_header_value with data[36494:36541]
2025-07-27 23:52:42 [DEBUG] python_multipart.multipart: Calling on_header_end with no data
2025-07-27 23:52:42 [DEBUG] python_multipart.multipart: Calling on_header_field with data[36543:36555]
2025-07-27 23:52:42 [DEBUG] python_multipart.multipart: Calling on_header_value with data[36557:36567]
2025-07-27 23:52:42 [DEBUG] python_multipart.multipart: Calling on_header_end with no data
2025-07-27 23:52:42 [DEBUG] python_multipart.multipart: Calling on_headers_finished with no data
2025-07-27 23:52:42 [DEBUG] python_multipart.multipart: Calling on_part_data with data[36571:39733]
2025-07-27 23:52:42 [DEBUG] python_multipart.multipart: Calling on_part_end with no data
2025-07-27 23:52:42 [DEBUG] python_multipart.multipart: Calling on_part_begin with no data
2025-07-27 23:52:42 [DEBUG] python_multipart.multipart: Calling on_header_field with data[39777:39796]
2025-07-27 23:52:42 [DEBUG] python_multipart.multipart: Calling on_header_value with data[39798:39845]
2025-07-27 23:52:42 [DEBUG] python_multipart.multipart: Calling on_header_end with no data
2025-07-27 23:52:42 [DEBUG] python_multipart.multipart: Calling on_header_field with data[39847:39859]
2025-07-27 23:52:42 [DEBUG] python_multipart.multipart: Calling on_header_value with data[39861:39871]
2025-07-27 23:52:42 [DEBUG] python_multipart.multipart: Calling on_header_end with no data
2025-07-27 23:52:42 [DEBUG] python_multipart.multipart: Calling on_headers_finished with no data
2025-07-27 23:52:42 [DEBUG] python_multipart.multipart: Calling on_part_data with data[39875:43037]
2025-07-27 23:52:42 [DEBUG] python_multipart.multipart: Calling on_part_end with no data
2025-07-27 23:52:42 [DEBUG] python_multipart.multipart: Calling on_part_begin with no data
2025-07-27 23:52:42 [DEBUG] python_multipart.multipart: Calling on_header_field with data[43081:43100]
2025-07-27 23:52:42 [DEBUG] python_multipart.multipart: Calling on_header_value with data[43102:43149]
2025-07-27 23:52:42 [DEBUG] python_multipart.multipart: Calling on_header_end with no data
2025-07-27 23:52:42 [DEBUG] python_multipart.multipart: Calling on_header_field with data[43151:43163]
2025-07-27 23:52:42 [DEBUG] python_multipart.multipart: Calling on_header_value with data[43165:43175]
2025-07-27 23:52:42 [DEBUG] python_multipart.multipart: Calling on_header_end with no data
2025-07-27 23:52:42 [DEBUG] python_multipart.multipart: Calling on_headers_finished with no data
2025-07-27 23:52:42 [DEBUG] python_multipart.multipart: Calling on_part_data with data[43179:46341]
2025-07-27 23:52:42 [DEBUG] python_multipart.multipart: Calling on_part_end with no data
2025-07-27 23:52:42 [DEBUG] python_multipart.multipart: Calling on_part_begin with no data
2025-07-27 23:52:42 [DEBUG] python_multipart.multipart: Calling on_header_field with data[46385:46404]
2025-07-27 23:52:42 [DEBUG] python_multipart.multipart: Calling on_header_value with data[46406:46453]
2025-07-27 23:52:42 [DEBUG] python_multipart.multipart: Calling on_header_end with no data
2025-07-27 23:52:42 [DEBUG] python_multipart.multipart: Calling on_header_field with data[46455:46467]
2025-07-27 23:52:42 [DEBUG] python_multipart.multipart: Calling on_header_value with data[46469:46479]
2025-07-27 23:52:42 [DEBUG] python_multipart.multipart: Calling on_header_end with no data
2025-07-27 23:52:42 [DEBUG] python_multipart.multipart: Calling on_headers_finished with no data
2025-07-27 23:52:42 [DEBUG] python_multipart.multipart: Calling on_part_data with data[46483:49645]
2025-07-27 23:52:42 [DEBUG] python_multipart.multipart: Calling on_part_end with no data
2025-07-27 23:52:42 [DEBUG] python_multipart.multipart: Calling on_part_begin with no data
2025-07-27 23:52:42 [DEBUG] python_multipart.multipart: Calling on_header_field with data[49689:49708]
2025-07-27 23:52:42 [DEBUG] python_multipart.multipart: Calling on_header_value with data[49710:49757]
2025-07-27 23:52:42 [DEBUG] python_multipart.multipart: Calling on_header_end with no data
2025-07-27 23:52:42 [DEBUG] python_multipart.multipart: Calling on_header_field with data[49759:49771]
2025-07-27 23:52:42 [DEBUG] python_multipart.multipart: Calling on_header_value with data[49773:49783]
2025-07-27 23:52:42 [DEBUG] python_multipart.multipart: Calling on_header_end with no data
2025-07-27 23:52:42 [DEBUG] python_multipart.multipart: Calling on_headers_finished with no data
2025-07-27 23:52:42 [DEBUG] python_multipart.multipart: Calling on_part_data with data[49787:52949]
2025-07-27 23:52:42 [DEBUG] python_multipart.multipart: Calling on_part_end with no data
2025-07-27 23:52:42 [DEBUG] python_multipart.multipart: Calling on_part_begin with no data
2025-07-27 23:52:42 [DEBUG] python_multipart.multipart: Calling on_header_field with data[52993:53012]
2025-07-27 23:52:42 [DEBUG] python_multipart.multipart: Calling on_header_value with data[53014:53061]
2025-07-27 23:52:42 [DEBUG] python_multipart.multipart: Calling on_header_end with no data
2025-07-27 23:52:42 [DEBUG] python_multipart.multipart: Calling on_header_field with data[53063:53075]
2025-07-27 23:52:42 [DEBUG] python_multipart.multipart: Calling on_header_value with data[53077:53087]
2025-07-27 23:52:42 [DEBUG] python_multipart.multipart: Calling on_header_end with no data
2025-07-27 23:52:42 [DEBUG] python_multipart.multipart: Calling on_headers_finished with no data
2025-07-27 23:52:42 [DEBUG] python_multipart.multipart: Calling on_part_data with data[53091:56253]
2025-07-27 23:52:42 [DEBUG] python_multipart.multipart: Calling on_part_end with no data
2025-07-27 23:52:42 [DEBUG] python_multipart.multipart: Calling on_part_begin with no data
2025-07-27 23:52:42 [DEBUG] python_multipart.multipart: Calling on_header_field with data[56297:56316]
2025-07-27 23:52:42 [DEBUG] python_multipart.multipart: Calling on_header_value with data[56318:56365]
2025-07-27 23:52:42 [DEBUG] python_multipart.multipart: Calling on_header_end with no data
2025-07-27 23:52:42 [DEBUG] python_multipart.multipart: Calling on_header_field with data[56367:56379]
2025-07-27 23:52:42 [DEBUG] python_multipart.multipart: Calling on_header_value with data[56381:56391]
2025-07-27 23:52:42 [DEBUG] python_multipart.multipart: Calling on_header_end with no data
2025-07-27 23:52:42 [DEBUG] python_multipart.multipart: Calling on_headers_finished with no data
2025-07-27 23:52:42 [DEBUG] python_multipart.multipart: Calling on_part_data with data[56395:59557]
2025-07-27 23:52:42 [DEBUG] python_multipart.multipart: Calling on_part_end with no data
2025-07-27 23:52:42 [DEBUG] python_multipart.multipart: Calling on_part_begin with no data
2025-07-27 23:52:42 [DEBUG] python_multipart.multipart: Calling on_header_field with data[59601:59620]
2025-07-27 23:52:42 [DEBUG] python_multipart.multipart: Calling on_header_value with data[59622:59669]
2025-07-27 23:52:42 [DEBUG] python_multipart.multipart: Calling on_header_end with no data
2025-07-27 23:52:42 [DEBUG] python_multipart.multipart: Calling on_header_field with data[59671:59683]
2025-07-27 23:52:42 [DEBUG] python_multipart.multipart: Calling on_header_value with data[59685:59695]
2025-07-27 23:52:42 [DEBUG] python_multipart.multipart: Calling on_header_end with no data
2025-07-27 23:52:42 [DEBUG] python_multipart.multipart: Calling on_headers_finished with no data
2025-07-27 23:52:42 [DEBUG] python_multipart.multipart: Calling on_part_data with data[59699:62861]
2025-07-27 23:52:42 [DEBUG] python_multipart.multipart: Calling on_part_end with no data
2025-07-27 23:52:42 [DEBUG] python_multipart.multipart: Calling on_part_begin with no data
2025-07-27 23:52:42 [DEBUG] python_multipart.multipart: Calling on_header_field with data[62905:62924]
2025-07-27 23:52:42 [DEBUG] python_multipart.multipart: Calling on_header_value with data[62926:62973]
2025-07-27 23:52:42 [DEBUG] python_multipart.multipart: Calling on_header_end with no data
2025-07-27 23:52:42 [DEBUG] python_multipart.multipart: Calling on_header_field with data[62975:62987]
2025-07-27 23:52:42 [DEBUG] python_multipart.multipart: Calling on_header_value with data[62989:62999]
2025-07-27 23:52:42 [DEBUG] python_multipart.multipart: Calling on_header_end with no data
2025-07-27 23:52:42 [DEBUG] python_multipart.multipart: Calling on_headers_finished with no data
2025-07-27 23:52:42 [DEBUG] python_multipart.multipart: Calling on_part_data with data[63003:66165]
2025-07-27 23:52:42 [DEBUG] python_multipart.multipart: Calling on_part_end with no data
2025-07-27 23:52:42 [DEBUG] python_multipart.multipart: Calling on_part_begin with no data
2025-07-27 23:52:42 [DEBUG] python_multipart.multipart: Calling on_header_field with data[66209:66228]
2025-07-27 23:52:42 [DEBUG] python_multipart.multipart: Calling on_header_value with data[66230:66277]
2025-07-27 23:52:42 [DEBUG] python_multipart.multipart: Calling on_header_end with no data
2025-07-27 23:52:42 [DEBUG] python_multipart.multipart: Calling on_header_field with data[66279:66291]
2025-07-27 23:52:42 [DEBUG] python_multipart.multipart: Calling on_header_value with data[66293:66303]
2025-07-27 23:52:42 [DEBUG] python_multipart.multipart: Calling on_header_end with no data
2025-07-27 23:52:42 [DEBUG] python_multipart.multipart: Calling on_headers_finished with no data
2025-07-27 23:52:42 [DEBUG] python_multipart.multipart: Calling on_part_data with data[66307:69469]
2025-07-27 23:52:42 [DEBUG] python_multipart.multipart: Calling on_part_end with no data
2025-07-27 23:52:42 [DEBUG] python_multipart.multipart: Calling on_part_begin with no data
2025-07-27 23:52:42 [DEBUG] python_multipart.multipart: Calling on_header_field with data[69513:69532]
2025-07-27 23:52:42 [DEBUG] python_multipart.multipart: Calling on_header_value with data[69534:69581]
2025-07-27 23:52:42 [DEBUG] python_multipart.multipart: Calling on_header_end with no data
2025-07-27 23:52:42 [DEBUG] python_multipart.multipart: Calling on_header_field with data[69583:69595]
2025-07-27 23:52:42 [DEBUG] python_multipart.multipart: Calling on_header_value with data[69597:69607]
2025-07-27 23:52:42 [DEBUG] python_multipart.multipart: Calling on_header_end with no data
2025-07-27 23:52:42 [DEBUG] python_multipart.multipart: Calling on_headers_finished with no data
2025-07-27 23:52:42 [DEBUG] python_multipart.multipart: Calling on_part_data with data[69611:72773]
2025-07-27 23:52:42 [DEBUG] python_multipart.multipart: Calling on_part_end with no data
2025-07-27 23:52:42 [DEBUG] python_multipart.multipart: Calling on_part_begin with no data
2025-07-27 23:52:42 [DEBUG] python_multipart.multipart: Calling on_header_field with data[72817:72836]
2025-07-27 23:52:42 [DEBUG] python_multipart.multipart: Calling on_header_value with data[72838:72885]
2025-07-27 23:52:42 [DEBUG] python_multipart.multipart: Calling on_header_end with no data
2025-07-27 23:52:42 [DEBUG] python_multipart.multipart: Calling on_header_field with data[72887:72899]
2025-07-27 23:52:42 [DEBUG] python_multipart.multipart: Calling on_header_value with data[72901:72911]
2025-07-27 23:52:42 [DEBUG] python_multipart.multipart: Calling on_header_end with no data
2025-07-27 23:52:42 [DEBUG] python_multipart.multipart: Calling on_headers_finished with no data
2025-07-27 23:52:42 [DEBUG] python_multipart.multipart: Calling on_part_data with data[72915:76077]
2025-07-27 23:52:42 [DEBUG] python_multipart.multipart: Calling on_part_end with no data
2025-07-27 23:52:42 [DEBUG] python_multipart.multipart: Calling on_part_begin with no data
2025-07-27 23:52:42 [DEBUG] python_multipart.multipart: Calling on_header_field with data[76121:76140]
2025-07-27 23:52:42 [DEBUG] python_multipart.multipart: Calling on_header_value with data[76142:76189]
2025-07-27 23:52:42 [DEBUG] python_multipart.multipart: Calling on_header_end with no data
2025-07-27 23:52:42 [DEBUG] python_multipart.multipart: Calling on_header_field with data[76191:76203]
2025-07-27 23:52:42 [DEBUG] python_multipart.multipart: Calling on_header_value with data[76205:76215]
2025-07-27 23:52:42 [DEBUG] python_multipart.multipart: Calling on_header_end with no data
2025-07-27 23:52:42 [DEBUG] python_multipart.multipart: Calling on_headers_finished with no data
2025-07-27 23:52:42 [DEBUG] python_multipart.multipart: Calling on_part_data with data[76219:79381]
2025-07-27 23:52:42 [DEBUG] python_multipart.multipart: Calling on_part_end with no data
2025-07-27 23:52:42 [DEBUG] python_multipart.multipart: Calling on_part_begin with no data
2025-07-27 23:52:42 [DEBUG] python_multipart.multipart: Calling on_header_field with data[79425:79444]
2025-07-27 23:52:42 [DEBUG] python_multipart.multipart: Calling on_header_value with data[79446:79493]
2025-07-27 23:52:42 [DEBUG] python_multipart.multipart: Calling on_header_end with no data
2025-07-27 23:52:42 [DEBUG] python_multipart.multipart: Calling on_header_field with data[79495:79507]
2025-07-27 23:52:42 [DEBUG] python_multipart.multipart: Calling on_header_value with data[79509:79519]
2025-07-27 23:52:42 [DEBUG] python_multipart.multipart: Calling on_header_end with no data
2025-07-27 23:52:42 [DEBUG] python_multipart.multipart: Calling on_headers_finished with no data
2025-07-27 23:52:42 [DEBUG] python_multipart.multipart: Calling on_part_data with data[79523:82685]
2025-07-27 23:52:42 [DEBUG] python_multipart.multipart: Calling on_part_end with no data
2025-07-27 23:52:42 [DEBUG] python_multipart.multipart: Calling on_part_begin with no data
2025-07-27 23:52:42 [DEBUG] python_multipart.multipart: Calling on_header_field with data[82729:82748]
2025-07-27 23:52:42 [DEBUG] python_multipart.multipart: Calling on_header_value with data[82750:82797]
2025-07-27 23:52:42 [DEBUG] python_multipart.multipart: Calling on_header_end with no data
2025-07-27 23:52:42 [DEBUG] python_multipart.multipart: Calling on_header_field with data[82799:82811]
2025-07-27 23:52:42 [DEBUG] python_multipart.multipart: Calling on_header_value with data[82813:82823]
2025-07-27 23:52:42 [DEBUG] python_multipart.multipart: Calling on_header_end with no data
2025-07-27 23:52:42 [DEBUG] python_multipart.multipart: Calling on_headers_finished with no data
2025-07-27 23:52:42 [DEBUG] python_multipart.multipart: Calling on_part_data with data[82827:85989]
2025-07-27 23:52:42 [DEBUG] python_multipart.multipart: Calling on_part_end with no data
2025-07-27 23:52:42 [DEBUG] python_multipart.multipart: Calling on_part_begin with no data
2025-07-27 23:52:42 [DEBUG] python_multipart.multipart: Calling on_header_field with data[86033:86052]
2025-07-27 23:52:42 [DEBUG] python_multipart.multipart: Calling on_header_value with data[86054:86101]
2025-07-27 23:52:42 [DEBUG] python_multipart.multipart: Calling on_header_end with no data
2025-07-27 23:52:42 [DEBUG] python_multipart.multipart: Calling on_header_field with data[86103:86115]
2025-07-27 23:52:42 [DEBUG] python_multipart.multipart: Calling on_header_value with data[86117:86127]
2025-07-27 23:52:42 [DEBUG] python_multipart.multipart: Calling on_header_end with no data
2025-07-27 23:52:42 [DEBUG] python_multipart.multipart: Calling on_headers_finished with no data
2025-07-27 23:52:42 [DEBUG] python_multipart.multipart: Calling on_part_data with data[86131:89293]
2025-07-27 23:52:42 [DEBUG] python_multipart.multipart: Calling on_part_end with no data
2025-07-27 23:52:42 [DEBUG] python_multipart.multipart: Calling on_part_begin with no data
2025-07-27 23:52:42 [DEBUG] python_multipart.multipart: Calling on_header_field with data[89337:89356]
2025-07-27 23:52:42 [DEBUG] python_multipart.multipart: Calling on_header_value with data[89358:89405]
2025-07-27 23:52:42 [DEBUG] python_multipart.multipart: Calling on_header_end with no data
2025-07-27 23:52:42 [DEBUG] python_multipart.multipart: Calling on_header_field with data[89407:89419]
2025-07-27 23:52:42 [DEBUG] python_multipart.multipart: Calling on_header_value with data[89421:89431]
2025-07-27 23:52:42 [DEBUG] python_multipart.multipart: Calling on_header_end with no data
2025-07-27 23:52:42 [DEBUG] python_multipart.multipart: Calling on_headers_finished with no data
2025-07-27 23:52:42 [DEBUG] python_multipart.multipart: Calling on_part_data with data[89435:92597]
2025-07-27 23:52:42 [DEBUG] python_multipart.multipart: Calling on_part_end with no data
2025-07-27 23:52:42 [DEBUG] python_multipart.multipart: Calling on_part_begin with no data
2025-07-27 23:52:42 [DEBUG] python_multipart.multipart: Calling on_header_field with data[92641:92660]
2025-07-27 23:52:42 [DEBUG] python_multipart.multipart: Calling on_header_value with data[92662:92709]
2025-07-27 23:52:42 [DEBUG] python_multipart.multipart: Calling on_header_end with no data
2025-07-27 23:52:42 [DEBUG] python_multipart.multipart: Calling on_header_field with data[92711:92723]
2025-07-27 23:52:42 [DEBUG] python_multipart.multipart: Calling on_header_value with data[92725:92735]
2025-07-27 23:52:42 [DEBUG] python_multipart.multipart: Calling on_header_end with no data
2025-07-27 23:52:42 [DEBUG] python_multipart.multipart: Calling on_headers_finished with no data
2025-07-27 23:52:42 [DEBUG] python_multipart.multipart: Calling on_part_data with data[92739:95901]
2025-07-27 23:52:42 [DEBUG] python_multipart.multipart: Calling on_part_end with no data
2025-07-27 23:52:42 [DEBUG] python_multipart.multipart: Calling on_part_begin with no data
2025-07-27 23:52:42 [DEBUG] python_multipart.multipart: Calling on_header_field with data[95945:95964]
2025-07-27 23:52:42 [DEBUG] python_multipart.multipart: Calling on_header_value with data[95966:96013]
2025-07-27 23:52:42 [DEBUG] python_multipart.multipart: Calling on_header_end with no data
2025-07-27 23:52:42 [DEBUG] python_multipart.multipart: Calling on_header_field with data[96015:96027]
2025-07-27 23:52:42 [DEBUG] python_multipart.multipart: Calling on_header_value with data[96029:96039]
2025-07-27 23:52:42 [DEBUG] python_multipart.multipart: Calling on_header_end with no data
2025-07-27 23:52:42 [DEBUG] python_multipart.multipart: Calling on_headers_finished with no data
2025-07-27 23:52:42 [DEBUG] python_multipart.multipart: Calling on_part_data with data[96043:99205]
2025-07-27 23:52:42 [DEBUG] python_multipart.multipart: Calling on_part_end with no data
2025-07-27 23:52:42 [DEBUG] python_multipart.multipart: Calling on_part_begin with no data
2025-07-27 23:52:42 [DEBUG] python_multipart.multipart: Calling on_header_field with data[99249:99268]
2025-07-27 23:52:42 [DEBUG] python_multipart.multipart: Calling on_header_value with data[99270:99317]
2025-07-27 23:52:42 [DEBUG] python_multipart.multipart: Calling on_header_end with no data
2025-07-27 23:52:42 [DEBUG] python_multipart.multipart: Calling on_header_field with data[99319:99331]
2025-07-27 23:52:42 [DEBUG] python_multipart.multipart: Calling on_header_value with data[99333:99343]
2025-07-27 23:52:42 [DEBUG] python_multipart.multipart: Calling on_header_end with no data
2025-07-27 23:52:42 [DEBUG] python_multipart.multipart: Calling on_headers_finished with no data
2025-07-27 23:52:42 [DEBUG] python_multipart.multipart: Calling on_part_data with data[99347:102509]
2025-07-27 23:52:42 [DEBUG] python_multipart.multipart: Calling on_part_end with no data
2025-07-27 23:52:42 [DEBUG] python_multipart.multipart: Calling on_part_begin with no data
2025-07-27 23:52:42 [DEBUG] python_multipart.multipart: Calling on_header_field with data[102553:102572]
2025-07-27 23:52:42 [DEBUG] python_multipart.multipart: Calling on_header_value with data[102574:102621]
2025-07-27 23:52:42 [DEBUG] python_multipart.multipart: Calling on_header_end with no data
2025-07-27 23:52:42 [DEBUG] python_multipart.multipart: Calling on_header_field with data[102623:102635]
2025-07-27 23:52:42 [DEBUG] python_multipart.multipart: Calling on_header_value with data[102637:102647]
2025-07-27 23:52:42 [DEBUG] python_multipart.multipart: Calling on_header_end with no data
2025-07-27 23:52:42 [DEBUG] python_multipart.multipart: Calling on_headers_finished with no data
2025-07-27 23:52:42 [DEBUG] python_multipart.multipart: Calling on_part_data with data[102651:105813]
2025-07-27 23:52:42 [DEBUG] python_multipart.multipart: Calling on_part_end with no data
2025-07-27 23:52:42 [DEBUG] python_multipart.multipart: Calling on_part_begin with no data
2025-07-27 23:52:42 [DEBUG] python_multipart.multipart: Calling on_header_field with data[105857:105876]
2025-07-27 23:52:42 [DEBUG] python_multipart.multipart: Calling on_header_value with data[105878:105925]
2025-07-27 23:52:42 [DEBUG] python_multipart.multipart: Calling on_header_end with no data
2025-07-27 23:52:42 [DEBUG] python_multipart.multipart: Calling on_header_field with data[105927:105939]
2025-07-27 23:52:42 [DEBUG] python_multipart.multipart: Calling on_header_value with data[105941:105951]
2025-07-27 23:52:42 [DEBUG] python_multipart.multipart: Calling on_header_end with no data
2025-07-27 23:52:42 [DEBUG] python_multipart.multipart: Calling on_headers_finished with no data
2025-07-27 23:52:42 [DEBUG] python_multipart.multipart: Calling on_part_data with data[105955:109117]
2025-07-27 23:52:42 [DEBUG] python_multipart.multipart: Calling on_part_end with no data
2025-07-27 23:52:42 [DEBUG] python_multipart.multipart: Calling on_part_begin with no data
2025-07-27 23:52:42 [DEBUG] python_multipart.multipart: Calling on_header_field with data[109161:109180]
2025-07-27 23:52:42 [DEBUG] python_multipart.multipart: Calling on_header_value with data[109182:109229]
2025-07-27 23:52:42 [DEBUG] python_multipart.multipart: Calling on_header_end with no data
2025-07-27 23:52:42 [DEBUG] python_multipart.multipart: Calling on_header_field with data[109231:109243]
2025-07-27 23:52:42 [DEBUG] python_multipart.multipart: Calling on_header_value with data[109245:109255]
2025-07-27 23:52:42 [DEBUG] python_multipart.multipart: Calling on_header_end with no data
2025-07-27 23:52:42 [DEBUG] python_multipart.multipart: Calling on_headers_finished with no data
2025-07-27 23:52:42 [DEBUG] python_multipart.multipart: Calling on_part_data with data[109259:112421]
2025-07-27 23:52:42 [DEBUG] python_multipart.multipart: Calling on_part_end with no data
2025-07-27 23:52:42 [DEBUG] python_multipart.multipart: Calling on_part_begin with no data
2025-07-27 23:52:42 [DEBUG] python_multipart.multipart: Calling on_header_field with data[112465:112484]
2025-07-27 23:52:42 [DEBUG] python_multipart.multipart: Calling on_header_value with data[112486:112533]
2025-07-27 23:52:42 [DEBUG] python_multipart.multipart: Calling on_header_end with no data
2025-07-27 23:52:42 [DEBUG] python_multipart.multipart: Calling on_header_field with data[112535:112547]
2025-07-27 23:52:42 [DEBUG] python_multipart.multipart: Calling on_header_value with data[112549:112559]
2025-07-27 23:52:42 [DEBUG] python_multipart.multipart: Calling on_header_end with no data
2025-07-27 23:52:42 [DEBUG] python_multipart.multipart: Calling on_headers_finished with no data
2025-07-27 23:52:42 [DEBUG] python_multipart.multipart: Calling on_part_data with data[112563:114688]
2025-07-27 23:52:42 [DEBUG] python_multipart.multipart: Calling on_part_data with data[0:1037]
2025-07-27 23:52:42 [DEBUG] python_multipart.multipart: Calling on_part_end with no data
2025-07-27 23:52:42 [DEBUG] python_multipart.multipart: Calling on_part_begin with no data
2025-07-27 23:52:42 [DEBUG] python_multipart.multipart: Calling on_header_field with data[1081:1100]
2025-07-27 23:52:42 [DEBUG] python_multipart.multipart: Calling on_header_value with data[1102:1149]
2025-07-27 23:52:42 [DEBUG] python_multipart.multipart: Calling on_header_end with no data
2025-07-27 23:52:42 [DEBUG] python_multipart.multipart: Calling on_header_field with data[1151:1163]
2025-07-27 23:52:42 [DEBUG] python_multipart.multipart: Calling on_header_value with data[1165:1175]
2025-07-27 23:52:42 [DEBUG] python_multipart.multipart: Calling on_header_end with no data
2025-07-27 23:52:42 [DEBUG] python_multipart.multipart: Calling on_headers_finished with no data
2025-07-27 23:52:42 [DEBUG] python_multipart.multipart: Calling on_part_data with data[1179:4341]
2025-07-27 23:52:42 [DEBUG] python_multipart.multipart: Calling on_part_end with no data
2025-07-27 23:52:42 [DEBUG] python_multipart.multipart: Calling on_part_begin with no data
2025-07-27 23:52:42 [DEBUG] python_multipart.multipart: Calling on_header_field with data[4385:4404]
2025-07-27 23:52:42 [DEBUG] python_multipart.multipart: Calling on_header_value with data[4406:4453]
2025-07-27 23:52:42 [DEBUG] python_multipart.multipart: Calling on_header_end with no data
2025-07-27 23:52:42 [DEBUG] python_multipart.multipart: Calling on_header_field with data[4455:4467]
2025-07-27 23:52:42 [DEBUG] python_multipart.multipart: Calling on_header_value with data[4469:4479]
2025-07-27 23:52:42 [DEBUG] python_multipart.multipart: Calling on_header_end with no data
2025-07-27 23:52:42 [DEBUG] python_multipart.multipart: Calling on_headers_finished with no data
2025-07-27 23:52:42 [DEBUG] python_multipart.multipart: Calling on_part_data with data[4483:7645]
2025-07-27 23:52:42 [DEBUG] python_multipart.multipart: Calling on_part_end with no data
2025-07-27 23:52:42 [DEBUG] python_multipart.multipart: Calling on_part_begin with no data
2025-07-27 23:52:42 [DEBUG] python_multipart.multipart: Calling on_header_field with data[7689:7708]
2025-07-27 23:52:42 [DEBUG] python_multipart.multipart: Calling on_header_value with data[7710:7757]
2025-07-27 23:52:42 [DEBUG] python_multipart.multipart: Calling on_header_end with no data
2025-07-27 23:52:42 [DEBUG] python_multipart.multipart: Calling on_header_field with data[7759:7771]
2025-07-27 23:52:42 [DEBUG] python_multipart.multipart: Calling on_header_value with data[7773:7783]
2025-07-27 23:52:42 [DEBUG] python_multipart.multipart: Calling on_header_end with no data
2025-07-27 23:52:42 [DEBUG] python_multipart.multipart: Calling on_headers_finished with no data
2025-07-27 23:52:42 [DEBUG] python_multipart.multipart: Calling on_part_data with data[7787:10949]
2025-07-27 23:52:42 [DEBUG] python_multipart.multipart: Calling on_part_end with no data
2025-07-27 23:52:42 [DEBUG] python_multipart.multipart: Calling on_part_begin with no data
2025-07-27 23:52:42 [DEBUG] python_multipart.multipart: Calling on_header_field with data[10993:11012]
2025-07-27 23:52:42 [DEBUG] python_multipart.multipart: Calling on_header_value with data[11014:11061]
2025-07-27 23:52:42 [DEBUG] python_multipart.multipart: Calling on_header_end with no data
2025-07-27 23:52:42 [DEBUG] python_multipart.multipart: Calling on_header_field with data[11063:11075]
2025-07-27 23:52:42 [DEBUG] python_multipart.multipart: Calling on_header_value with data[11077:11087]
2025-07-27 23:52:42 [DEBUG] python_multipart.multipart: Calling on_header_end with no data
2025-07-27 23:52:42 [DEBUG] python_multipart.multipart: Calling on_headers_finished with no data
2025-07-27 23:52:42 [DEBUG] python_multipart.multipart: Calling on_part_data with data[11091:14253]
2025-07-27 23:52:42 [DEBUG] python_multipart.multipart: Calling on_part_end with no data
2025-07-27 23:52:42 [DEBUG] python_multipart.multipart: Calling on_part_begin with no data
2025-07-27 23:52:42 [DEBUG] python_multipart.multipart: Calling on_header_field with data[14297:14316]
2025-07-27 23:52:42 [DEBUG] python_multipart.multipart: Calling on_header_value with data[14318:14365]
2025-07-27 23:52:42 [DEBUG] python_multipart.multipart: Calling on_header_end with no data
2025-07-27 23:52:42 [DEBUG] python_multipart.multipart: Calling on_header_field with data[14367:14379]
2025-07-27 23:52:42 [DEBUG] python_multipart.multipart: Calling on_header_value with data[14381:14391]
2025-07-27 23:52:42 [DEBUG] python_multipart.multipart: Calling on_header_end with no data
2025-07-27 23:52:42 [DEBUG] python_multipart.multipart: Calling on_headers_finished with no data
2025-07-27 23:52:42 [DEBUG] python_multipart.multipart: Calling on_part_data with data[14395:17557]
2025-07-27 23:52:42 [DEBUG] python_multipart.multipart: Calling on_part_end with no data
2025-07-27 23:52:42 [DEBUG] python_multipart.multipart: Calling on_part_begin with no data
2025-07-27 23:52:42 [DEBUG] python_multipart.multipart: Calling on_header_field with data[17601:17620]
2025-07-27 23:52:42 [DEBUG] python_multipart.multipart: Calling on_header_value with data[17622:17669]
2025-07-27 23:52:42 [DEBUG] python_multipart.multipart: Calling on_header_end with no data
2025-07-27 23:52:42 [DEBUG] python_multipart.multipart: Calling on_header_field with data[17671:17683]
2025-07-27 23:52:42 [DEBUG] python_multipart.multipart: Calling on_header_value with data[17685:17695]
2025-07-27 23:52:42 [DEBUG] python_multipart.multipart: Calling on_header_end with no data
2025-07-27 23:52:42 [DEBUG] python_multipart.multipart: Calling on_headers_finished with no data
2025-07-27 23:52:42 [DEBUG] python_multipart.multipart: Calling on_part_data with data[17699:20861]
2025-07-27 23:52:42 [DEBUG] python_multipart.multipart: Calling on_part_end with no data
2025-07-27 23:52:42 [DEBUG] python_multipart.multipart: Calling on_part_begin with no data
2025-07-27 23:52:42 [DEBUG] python_multipart.multipart: Calling on_header_field with data[20905:20924]
2025-07-27 23:52:42 [DEBUG] python_multipart.multipart: Calling on_header_value with data[20926:20973]
2025-07-27 23:52:42 [DEBUG] python_multipart.multipart: Calling on_header_end with no data
2025-07-27 23:52:42 [DEBUG] python_multipart.multipart: Calling on_header_field with data[20975:20987]
2025-07-27 23:52:42 [DEBUG] python_multipart.multipart: Calling on_header_value with data[20989:20999]
2025-07-27 23:52:42 [DEBUG] python_multipart.multipart: Calling on_header_end with no data
2025-07-27 23:52:42 [DEBUG] python_multipart.multipart: Calling on_headers_finished with no data
2025-07-27 23:52:42 [DEBUG] python_multipart.multipart: Calling on_part_data with data[21003:24165]
2025-07-27 23:52:42 [DEBUG] python_multipart.multipart: Calling on_part_end with no data
2025-07-27 23:52:42 [DEBUG] python_multipart.multipart: Calling on_part_begin with no data
2025-07-27 23:52:42 [DEBUG] python_multipart.multipart: Calling on_header_field with data[24209:24228]
2025-07-27 23:52:42 [DEBUG] python_multipart.multipart: Calling on_header_value with data[24230:24277]
2025-07-27 23:52:42 [DEBUG] python_multipart.multipart: Calling on_header_end with no data
2025-07-27 23:52:42 [DEBUG] python_multipart.multipart: Calling on_header_field with data[24279:24291]
2025-07-27 23:52:42 [DEBUG] python_multipart.multipart: Calling on_header_value with data[24293:24303]
2025-07-27 23:52:42 [DEBUG] python_multipart.multipart: Calling on_header_end with no data
2025-07-27 23:52:42 [DEBUG] python_multipart.multipart: Calling on_headers_finished with no data
2025-07-27 23:52:42 [DEBUG] python_multipart.multipart: Calling on_part_data with data[24307:27469]
2025-07-27 23:52:42 [DEBUG] python_multipart.multipart: Calling on_part_end with no data
2025-07-27 23:52:42 [DEBUG] python_multipart.multipart: Calling on_part_begin with no data
2025-07-27 23:52:42 [DEBUG] python_multipart.multipart: Calling on_header_field with data[27513:27532]
2025-07-27 23:52:42 [DEBUG] python_multipart.multipart: Calling on_header_value with data[27534:27581]
2025-07-27 23:52:42 [DEBUG] python_multipart.multipart: Calling on_header_end with no data
2025-07-27 23:52:42 [DEBUG] python_multipart.multipart: Calling on_header_field with data[27583:27595]
2025-07-27 23:52:42 [DEBUG] python_multipart.multipart: Calling on_header_value with data[27597:27607]
2025-07-27 23:52:42 [DEBUG] python_multipart.multipart: Calling on_header_end with no data
2025-07-27 23:52:42 [DEBUG] python_multipart.multipart: Calling on_headers_finished with no data
2025-07-27 23:52:42 [DEBUG] python_multipart.multipart: Calling on_part_data with data[27611:30773]
2025-07-27 23:52:42 [DEBUG] python_multipart.multipart: Calling on_part_end with no data
2025-07-27 23:52:42 [DEBUG] python_multipart.multipart: Calling on_part_begin with no data
2025-07-27 23:52:42 [DEBUG] python_multipart.multipart: Calling on_header_field with data[30817:30836]
2025-07-27 23:52:42 [DEBUG] python_multipart.multipart: Calling on_header_value with data[30838:30885]
2025-07-27 23:52:42 [DEBUG] python_multipart.multipart: Calling on_header_end with no data
2025-07-27 23:52:42 [DEBUG] python_multipart.multipart: Calling on_header_field with data[30887:30899]
2025-07-27 23:52:42 [DEBUG] python_multipart.multipart: Calling on_header_value with data[30901:30911]
2025-07-27 23:52:42 [DEBUG] python_multipart.multipart: Calling on_header_end with no data
2025-07-27 23:52:42 [DEBUG] python_multipart.multipart: Calling on_headers_finished with no data
2025-07-27 23:52:42 [DEBUG] python_multipart.multipart: Calling on_part_data with data[30915:34077]
2025-07-27 23:52:42 [DEBUG] python_multipart.multipart: Calling on_part_end with no data
2025-07-27 23:52:42 [DEBUG] python_multipart.multipart: Calling on_part_begin with no data
2025-07-27 23:52:42 [DEBUG] python_multipart.multipart: Calling on_header_field with data[34121:34140]
2025-07-27 23:52:42 [DEBUG] python_multipart.multipart: Calling on_header_value with data[34142:34189]
2025-07-27 23:52:42 [DEBUG] python_multipart.multipart: Calling on_header_end with no data
2025-07-27 23:52:42 [DEBUG] python_multipart.multipart: Calling on_header_field with data[34191:34203]
2025-07-27 23:52:42 [DEBUG] python_multipart.multipart: Calling on_header_value with data[34205:34215]
2025-07-27 23:52:42 [DEBUG] python_multipart.multipart: Calling on_header_end with no data
2025-07-27 23:52:42 [DEBUG] python_multipart.multipart: Calling on_headers_finished with no data
2025-07-27 23:52:42 [DEBUG] python_multipart.multipart: Calling on_part_data with data[34219:37381]
2025-07-27 23:52:42 [DEBUG] python_multipart.multipart: Calling on_part_end with no data
2025-07-27 23:52:42 [DEBUG] python_multipart.multipart: Calling on_part_begin with no data
2025-07-27 23:52:42 [DEBUG] python_multipart.multipart: Calling on_header_field with data[37425:37444]
2025-07-27 23:52:42 [DEBUG] python_multipart.multipart: Calling on_header_value with data[37446:37493]
2025-07-27 23:52:42 [DEBUG] python_multipart.multipart: Calling on_header_end with no data
2025-07-27 23:52:42 [DEBUG] python_multipart.multipart: Calling on_header_field with data[37495:37507]
2025-07-27 23:52:42 [DEBUG] python_multipart.multipart: Calling on_header_value with data[37509:37519]
2025-07-27 23:52:42 [DEBUG] python_multipart.multipart: Calling on_header_end with no data
2025-07-27 23:52:42 [DEBUG] python_multipart.multipart: Calling on_headers_finished with no data
2025-07-27 23:52:42 [DEBUG] python_multipart.multipart: Calling on_part_data with data[37523:40685]
2025-07-27 23:52:42 [DEBUG] python_multipart.multipart: Calling on_part_end with no data
2025-07-27 23:52:42 [DEBUG] python_multipart.multipart: Calling on_part_begin with no data
2025-07-27 23:52:42 [DEBUG] python_multipart.multipart: Calling on_header_field with data[40729:40748]
2025-07-27 23:52:42 [DEBUG] python_multipart.multipart: Calling on_header_value with data[40750:40797]
2025-07-27 23:52:42 [DEBUG] python_multipart.multipart: Calling on_header_end with no data
2025-07-27 23:52:42 [DEBUG] python_multipart.multipart: Calling on_header_field with data[40799:40811]
2025-07-27 23:52:42 [DEBUG] python_multipart.multipart: Calling on_header_value with data[40813:40823]
2025-07-27 23:52:42 [DEBUG] python_multipart.multipart: Calling on_header_end with no data
2025-07-27 23:52:42 [DEBUG] python_multipart.multipart: Calling on_headers_finished with no data
2025-07-27 23:52:42 [DEBUG] python_multipart.multipart: Calling on_part_data with data[40827:43989]
2025-07-27 23:52:42 [DEBUG] python_multipart.multipart: Calling on_part_end with no data
2025-07-27 23:52:42 [DEBUG] python_multipart.multipart: Calling on_part_begin with no data
2025-07-27 23:52:42 [DEBUG] python_multipart.multipart: Calling on_header_field with data[44033:44052]
2025-07-27 23:52:42 [DEBUG] python_multipart.multipart: Calling on_header_value with data[44054:44101]
2025-07-27 23:52:42 [DEBUG] python_multipart.multipart: Calling on_header_end with no data
2025-07-27 23:52:42 [DEBUG] python_multipart.multipart: Calling on_header_field with data[44103:44115]
2025-07-27 23:52:42 [DEBUG] python_multipart.multipart: Calling on_header_value with data[44117:44127]
2025-07-27 23:52:42 [DEBUG] python_multipart.multipart: Calling on_header_end with no data
2025-07-27 23:52:42 [DEBUG] python_multipart.multipart: Calling on_headers_finished with no data
2025-07-27 23:52:42 [DEBUG] python_multipart.multipart: Calling on_part_data with data[44131:47293]
2025-07-27 23:52:42 [DEBUG] python_multipart.multipart: Calling on_part_end with no data
2025-07-27 23:52:42 [DEBUG] python_multipart.multipart: Calling on_part_begin with no data
2025-07-27 23:52:42 [DEBUG] python_multipart.multipart: Calling on_header_field with data[47337:47356]
2025-07-27 23:52:42 [DEBUG] python_multipart.multipart: Calling on_header_value with data[47358:47405]
2025-07-27 23:52:42 [DEBUG] python_multipart.multipart: Calling on_header_end with no data
2025-07-27 23:52:42 [DEBUG] python_multipart.multipart: Calling on_header_field with data[47407:47419]
2025-07-27 23:52:42 [DEBUG] python_multipart.multipart: Calling on_header_value with data[47421:47431]
2025-07-27 23:52:42 [DEBUG] python_multipart.multipart: Calling on_header_end with no data
2025-07-27 23:52:42 [DEBUG] python_multipart.multipart: Calling on_headers_finished with no data
2025-07-27 23:52:42 [DEBUG] python_multipart.multipart: Calling on_part_data with data[47435:50597]
2025-07-27 23:52:42 [DEBUG] python_multipart.multipart: Calling on_part_end with no data
2025-07-27 23:52:42 [DEBUG] python_multipart.multipart: Calling on_end with no data
2025-07-27 23:52:42 [INFO] face-presence-api: Registering user: 44
2025-07-27 23:52:42 [DEBUG] face-presence-api: 🧹 Memory cleared with garbage collector.
2025-07-27 23:52:42 [INFO] face-presence-api: 📁 10 test image berhasil disimpan untuk user 44 di F:\Kuliah\Skripsi\praktisi-face-presence-api\src\storage\test_images\44
2025-07-27 23:52:43 [INFO] watchfiles.main: 10 changes detected
2025-07-27 23:52:43 [DEBUG] face-presence-api: 🧹 Memory cleared with garbage collector.
2025-07-27 23:52:43 [INFO] face-presence-api: Processing batch 1/8
2025-07-27 23:52:43 [INFO] face-presence-api: Processing batch 2/8
2025-07-27 23:52:43 [INFO] face-presence-api: Processing batch 3/8
2025-07-27 23:52:44 [INFO] face-presence-api: Processing batch 4/8
2025-07-27 23:52:44 [INFO] face-presence-api: Processing batch 5/8
2025-07-27 23:52:44 [INFO] face-presence-api: Processing batch 6/8
2025-07-27 23:52:45 [INFO] face-presence-api: Processing batch 7/8
2025-07-27 23:52:45 [INFO] face-presence-api: Processing batch 8/8
2025-07-27 23:52:46 [INFO] face-presence-api: Finished processing 40 valid embeddings from 40 images
2025-07-27 23:52:46 [INFO] face-presence-api: Validasi berhasil: 40 embeddings valid
2025-07-27 23:52:46 [INFO] face-presence-api: Validasi berhasil: 40 embeddings valid
2025-07-27 23:52:46 [INFO] face-presence-api: Embedding berhasil disimpan untuk user 44 di F:\Kuliah\Skripsi\praktisi-face-presence-api\src\storage\embeddings\44.pkl
2025-07-27 23:52:46 [INFO] face-presence-api: Embeddings saved successfully for user 44, starting evaluation.
2025-07-27 23:52:46 [INFO] face-presence-api: Evaluating ...
2025-07-27 23:52:46 [INFO] watchfiles.main: 1 change detected
2025-07-27 23:52:46 [INFO] face-presence-api: Evaluating batch 1/4
2025-07-27 23:52:46 [INFO] face-presence-api: Evaluating batch 2/4
2025-07-27 23:52:46 [INFO] face-presence-api: Evaluating batch 3/4
2025-07-27 23:52:47 [INFO] face-presence-api: Evaluating batch 4/4
2025-07-27 23:52:47 [INFO] face-presence-api: Face registration successful for user 44.
2025-07-27 23:52:51 [DEBUG] face-presence-api: [BatchLogger] No durations, skip flush
2025-07-27 23:52:55 [DEBUG] face-presence-api: [BatchLogger] No verifications, skip flush
2025-07-27 23:53:01 [INFO] face-presence-api: [BatchLogger] Flushing 1 registrations...
2025-07-27 23:53:01 [DEBUG] urllib3.connectionpool: https://sheets.googleapis.com:443 "GET /v4/spreadsheets/1hjXERVEURCeKXeCw8TUbrkjF25_GVmORN0JgjZuu058?includeGridData=false HTTP/1.1" 200 None
2025-07-27 23:53:02 [DEBUG] urllib3.connectionpool: https://sheets.googleapis.com:443 "GET /v4/spreadsheets/1hjXERVEURCeKXeCw8TUbrkjF25_GVmORN0JgjZuu058/values/%27Registration%27 HTTP/1.1" 200 None
2025-07-27 23:53:02 [DEBUG] urllib3.connectionpool: https://sheets.googleapis.com:443 "GET /v4/spreadsheets/1hjXERVEURCeKXeCw8TUbrkjF25_GVmORN0JgjZuu058/values/%27Registration%27 HTTP/1.1" 200 None
2025-07-27 23:53:03 [DEBUG] urllib3.connectionpool: https://sheets.googleapis.com:443 "POST /v4/spreadsheets/1hjXERVEURCeKXeCw8TUbrkjF25_GVmORN0JgjZuu058/values:batchUpdate HTTP/1.1" 200 None
2025-07-27 23:53:03 [INFO] face-presence-api: [BatchLogger] Updated 1 registration rows
2025-07-27 23:53:03 [DEBUG] face-presence-api: [BatchLogger] No durations, skip flush
2025-07-27 23:53:03 [DEBUG] python_multipart.multipart: Calling on_part_begin with no data
2025-07-27 23:53:03 [DEBUG] python_multipart.multipart: Calling on_header_field with data[42:61]
2025-07-27 23:53:03 [DEBUG] python_multipart.multipart: Calling on_header_value with data[63:88]
2025-07-27 23:53:03 [DEBUG] python_multipart.multipart: Calling on_header_end with no data
2025-07-27 23:53:03 [DEBUG] python_multipart.multipart: Calling on_headers_finished with no data
2025-07-27 23:53:03 [DEBUG] python_multipart.multipart: Calling on_part_data with data[92:94]
2025-07-27 23:53:03 [DEBUG] python_multipart.multipart: Calling on_part_end with no data
2025-07-27 23:53:03 [DEBUG] python_multipart.multipart: Calling on_end with no data
2025-07-27 23:53:03 [INFO] face-presence-api: Checking status for user: 44
2025-07-27 23:53:03 [INFO] face-presence-api: User 44 is already registered.
2025-07-27 23:53:13 [DEBUG] face-presence-api: [BatchLogger] No durations, skip flush
2025-07-27 23:53:23 [DEBUG] face-presence-api: [BatchLogger] No durations, skip flush
2025-07-27 23:53:25 [DEBUG] face-presence-api: [BatchLogger] No verifications, skip flush
2025-07-27 23:53:26 [DEBUG] python_multipart.multipart: Calling on_part_begin with no data
2025-07-27 23:53:26 [DEBUG] python_multipart.multipart: Calling on_header_field with data[42:61]
2025-07-27 23:53:26 [DEBUG] python_multipart.multipart: Calling on_header_value with data[63:88]
2025-07-27 23:53:26 [DEBUG] python_multipart.multipart: Calling on_header_end with no data
2025-07-27 23:53:26 [DEBUG] python_multipart.multipart: Calling on_headers_finished with no data
2025-07-27 23:53:26 [DEBUG] python_multipart.multipart: Calling on_part_data with data[92:94]
2025-07-27 23:53:26 [DEBUG] python_multipart.multipart: Calling on_part_end with no data
2025-07-27 23:53:26 [DEBUG] python_multipart.multipart: Calling on_end with no data
2025-07-27 23:53:26 [INFO] face-presence-api: Checking status for user: 44
2025-07-27 23:53:26 [INFO] face-presence-api: User 44 is already registered.
2025-07-27 23:53:33 [DEBUG] face-presence-api: [BatchLogger] No registrations, skip flush
2025-07-27 23:53:33 [DEBUG] face-presence-api: [BatchLogger] No durations, skip flush
2025-07-27 23:53:43 [DEBUG] face-presence-api: [BatchLogger] No durations, skip flush
2025-07-27 23:53:53 [DEBUG] face-presence-api: [BatchLogger] No durations, skip flush
2025-07-27 23:53:55 [DEBUG] face-presence-api: [BatchLogger] No verifications, skip flush
2025-07-27 23:54:03 [DEBUG] face-presence-api: [BatchLogger] No registrations, skip flush
2025-07-27 23:54:03 [DEBUG] face-presence-api: [BatchLogger] No durations, skip flush
2025-07-27 23:54:13 [DEBUG] face-presence-api: [BatchLogger] No durations, skip flush
2025-07-27 23:54:23 [DEBUG] face-presence-api: [BatchLogger] No durations, skip flush
2025-07-27 23:54:25 [DEBUG] face-presence-api: [BatchLogger] No verifications, skip flush
2025-07-27 23:54:33 [DEBUG] face-presence-api: [BatchLogger] No registrations, skip flush
2025-07-27 23:54:33 [DEBUG] face-presence-api: [BatchLogger] No durations, skip flush
2025-07-27 23:54:43 [DEBUG] face-presence-api: [BatchLogger] No durations, skip flush
2025-07-27 23:54:53 [DEBUG] face-presence-api: [BatchLogger] No durations, skip flush
2025-07-27 23:54:55 [DEBUG] face-presence-api: [BatchLogger] No verifications, skip flush
2025-07-27 23:55:03 [DEBUG] face-presence-api: [BatchLogger] No registrations, skip flush
2025-07-27 23:55:03 [DEBUG] face-presence-api: [BatchLogger] No durations, skip flush
2025-07-27 23:55:13 [DEBUG] face-presence-api: [BatchLogger] No durations, skip flush
2025-07-27 23:55:21 [DEBUG] python_multipart.multipart: Calling on_part_begin with no data
2025-07-27 23:55:21 [DEBUG] python_multipart.multipart: Calling on_header_field with data[42:61]
2025-07-27 23:55:21 [DEBUG] python_multipart.multipart: Calling on_header_value with data[63:88]
2025-07-27 23:55:21 [DEBUG] python_multipart.multipart: Calling on_header_end with no data
2025-07-27 23:55:21 [DEBUG] python_multipart.multipart: Calling on_headers_finished with no data
2025-07-27 23:55:21 [DEBUG] python_multipart.multipart: Calling on_part_data with data[92:94]
2025-07-27 23:55:21 [DEBUG] python_multipart.multipart: Calling on_part_end with no data
2025-07-27 23:55:21 [DEBUG] python_multipart.multipart: Calling on_end with no data
2025-07-27 23:55:21 [INFO] face-presence-api: Checking status for user: 44
2025-07-27 23:55:21 [INFO] face-presence-api: User 44 is already registered.
2025-07-27 23:55:23 [DEBUG] face-presence-api: [BatchLogger] No durations, skip flush
2025-07-27 23:55:25 [DEBUG] face-presence-api: [BatchLogger] No verifications, skip flush
2025-07-27 23:55:33 [DEBUG] face-presence-api: [BatchLogger] No registrations, skip flush
2025-07-27 23:55:33 [DEBUG] face-presence-api: [BatchLogger] No durations, skip flush
2025-07-27 23:55:42 [DEBUG] python_multipart.multipart: Calling on_part_begin with no data
2025-07-27 23:55:42 [DEBUG] python_multipart.multipart: Calling on_header_field with data[42:61]
2025-07-27 23:55:42 [DEBUG] python_multipart.multipart: Calling on_header_value with data[63:88]
2025-07-27 23:55:42 [DEBUG] python_multipart.multipart: Calling on_header_end with no data
2025-07-27 23:55:42 [DEBUG] python_multipart.multipart: Calling on_headers_finished with no data
2025-07-27 23:55:42 [DEBUG] python_multipart.multipart: Calling on_part_data with data[92:94]
2025-07-27 23:55:42 [DEBUG] python_multipart.multipart: Calling on_part_end with no data
2025-07-27 23:55:42 [DEBUG] python_multipart.multipart: Calling on_end with no data
2025-07-27 23:55:42 [INFO] face-presence-api: Checking status for user: 44
2025-07-27 23:55:42 [INFO] face-presence-api: User 44 is already registered.
2025-07-27 23:55:43 [DEBUG] face-presence-api: [BatchLogger] No durations, skip flush
2025-07-27 23:55:53 [DEBUG] face-presence-api: [BatchLogger] No durations, skip flush
2025-07-27 23:55:55 [DEBUG] face-presence-api: [BatchLogger] No verifications, skip flush
2025-07-27 23:56:03 [DEBUG] face-presence-api: [BatchLogger] No registrations, skip flush
2025-07-27 23:56:03 [DEBUG] face-presence-api: [BatchLogger] No durations, skip flush
2025-07-27 23:56:13 [DEBUG] face-presence-api: [BatchLogger] No durations, skip flush
2025-07-27 23:56:18 [DEBUG] python_multipart.multipart: Calling on_part_begin with no data
2025-07-27 23:56:18 [DEBUG] python_multipart.multipart: Calling on_header_field with data[42:61]
2025-07-27 23:56:18 [DEBUG] python_multipart.multipart: Calling on_header_value with data[63:88]
2025-07-27 23:56:18 [DEBUG] python_multipart.multipart: Calling on_header_end with no data
2025-07-27 23:56:18 [DEBUG] python_multipart.multipart: Calling on_headers_finished with no data
2025-07-27 23:56:18 [DEBUG] python_multipart.multipart: Calling on_part_data with data[92:94]
2025-07-27 23:56:18 [DEBUG] python_multipart.multipart: Calling on_part_end with no data
2025-07-27 23:56:18 [DEBUG] python_multipart.multipart: Calling on_end with no data
2025-07-27 23:56:18 [INFO] face-presence-api: Checking status for user: 44
2025-07-27 23:56:18 [INFO] face-presence-api: User 44 is already registered.
2025-07-27 23:56:23 [DEBUG] face-presence-api: [BatchLogger] No durations, skip flush
2025-07-27 23:56:26 [DEBUG] face-presence-api: [BatchLogger] No verifications, skip flush
2025-07-27 23:56:33 [DEBUG] face-presence-api: [BatchLogger] No registrations, skip flush
2025-07-27 23:56:33 [DEBUG] face-presence-api: [BatchLogger] No durations, skip flush
2025-07-27 23:56:43 [DEBUG] face-presence-api: [BatchLogger] No durations, skip flush
2025-07-27 23:56:53 [DEBUG] face-presence-api: [BatchLogger] No durations, skip flush
2025-07-27 23:56:56 [DEBUG] python_multipart.multipart: Calling on_part_begin with no data
2025-07-27 23:56:56 [DEBUG] face-presence-api: [BatchLogger] No verifications, skip flush
2025-07-27 23:56:56 [DEBUG] python_multipart.multipart: Calling on_header_field with data[42:61]
2025-07-27 23:56:56 [DEBUG] python_multipart.multipart: Calling on_header_value with data[63:88]
2025-07-27 23:56:56 [DEBUG] python_multipart.multipart: Calling on_header_end with no data
2025-07-27 23:56:56 [DEBUG] python_multipart.multipart: Calling on_headers_finished with no data
2025-07-27 23:56:56 [DEBUG] python_multipart.multipart: Calling on_part_data with data[92:94]
2025-07-27 23:56:56 [DEBUG] python_multipart.multipart: Calling on_part_end with no data
2025-07-27 23:56:56 [DEBUG] python_multipart.multipart: Calling on_end with no data
2025-07-27 23:56:56 [INFO] face-presence-api: Checking status for user: 44
2025-07-27 23:56:56 [INFO] face-presence-api: User 44 is already registered.
2025-07-27 23:57:03 [DEBUG] face-presence-api: [BatchLogger] No registrations, skip flush
2025-07-27 23:57:03 [DEBUG] face-presence-api: [BatchLogger] No durations, skip flush
2025-07-27 23:57:13 [DEBUG] face-presence-api: [BatchLogger] No durations, skip flush
2025-07-27 23:57:23 [DEBUG] face-presence-api: [BatchLogger] No durations, skip flush
2025-07-27 23:57:26 [DEBUG] face-presence-api: [BatchLogger] No verifications, skip flush
2025-07-27 23:57:33 [DEBUG] face-presence-api: [BatchLogger] No registrations, skip flush
2025-07-27 23:57:33 [DEBUG] face-presence-api: [BatchLogger] No durations, skip flush
2025-07-27 23:57:38 [DEBUG] python_multipart.multipart: Calling on_part_begin with no data
2025-07-27 23:57:38 [DEBUG] python_multipart.multipart: Calling on_header_field with data[42:61]
2025-07-27 23:57:38 [DEBUG] python_multipart.multipart: Calling on_header_value with data[63:88]
2025-07-27 23:57:38 [DEBUG] python_multipart.multipart: Calling on_header_end with no data
2025-07-27 23:57:38 [DEBUG] python_multipart.multipart: Calling on_headers_finished with no data
2025-07-27 23:57:38 [DEBUG] python_multipart.multipart: Calling on_part_data with data[92:94]
2025-07-27 23:57:38 [DEBUG] python_multipart.multipart: Calling on_part_end with no data
2025-07-27 23:57:38 [DEBUG] python_multipart.multipart: Calling on_end with no data
2025-07-27 23:57:38 [INFO] face-presence-api: Checking status for user: 44
2025-07-27 23:57:38 [INFO] face-presence-api: User 44 is already registered.
2025-07-27 23:57:43 [DEBUG] face-presence-api: [BatchLogger] No durations, skip flush
2025-07-27 23:57:53 [DEBUG] face-presence-api: [BatchLogger] No durations, skip flush
2025-07-27 23:57:56 [DEBUG] face-presence-api: [BatchLogger] No verifications, skip flush
2025-07-27 23:57:56 [DEBUG] python_multipart.multipart: Calling on_part_begin with no data
2025-07-27 23:57:56 [DEBUG] python_multipart.multipart: Calling on_header_field with data[42:61]
2025-07-27 23:57:56 [DEBUG] python_multipart.multipart: Calling on_header_value with data[63:88]
2025-07-27 23:57:56 [DEBUG] python_multipart.multipart: Calling on_header_end with no data
2025-07-27 23:57:56 [DEBUG] python_multipart.multipart: Calling on_headers_finished with no data
2025-07-27 23:57:56 [DEBUG] python_multipart.multipart: Calling on_part_data with data[92:94]
2025-07-27 23:57:56 [DEBUG] python_multipart.multipart: Calling on_part_end with no data
2025-07-27 23:57:56 [DEBUG] python_multipart.multipart: Calling on_part_begin with no data
2025-07-27 23:57:56 [DEBUG] python_multipart.multipart: Calling on_header_field with data[138:157]
2025-07-27 23:57:56 [DEBUG] python_multipart.multipart: Calling on_header_value with data[159:214]
2025-07-27 23:57:56 [DEBUG] python_multipart.multipart: Calling on_header_end with no data
2025-07-27 23:57:56 [DEBUG] python_multipart.multipart: Calling on_header_field with data[216:228]
2025-07-27 23:57:56 [DEBUG] python_multipart.multipart: Calling on_header_value with data[230:240]
2025-07-27 23:57:56 [DEBUG] python_multipart.multipart: Calling on_header_end with no data
2025-07-27 23:57:56 [DEBUG] python_multipart.multipart: Calling on_headers_finished with no data
2025-07-27 23:57:56 [DEBUG] python_multipart.multipart: Calling on_part_data with data[244:3406]
2025-07-27 23:57:56 [DEBUG] python_multipart.multipart: Calling on_part_end with no data
2025-07-27 23:57:56 [DEBUG] python_multipart.multipart: Calling on_end with no data
2025-07-27 23:57:56 [INFO] face-presence-api: Verifying user: 44
2025-07-27 23:57:56 [INFO] face-presence-api: Starting verification for user: 44
2025-07-27 23:57:56 [INFO] face-presence-api: Computed similarity for user 44: 1.0000
2025-07-27 23:57:56 [INFO] face-presence-api: Comparison completed for user 44 with result: {'error': False, 'similarity': 0.9999998807907104}
2025-07-27 23:57:56 [INFO] face-presence-api: Verification success for user 44: Match (score=1.00000)
2025-07-27 23:57:56 [INFO] face-presence-api: Verification successful for user 44
2025-07-27 23:57:56 [DEBUG] python_multipart.multipart: Calling on_part_begin with no data
2025-07-27 23:57:56 [DEBUG] python_multipart.multipart: Calling on_header_field with data[42:61]
2025-07-27 23:57:56 [DEBUG] python_multipart.multipart: Calling on_header_value with data[63:88]
2025-07-27 23:57:56 [DEBUG] python_multipart.multipart: Calling on_header_end with no data
2025-07-27 23:57:56 [DEBUG] python_multipart.multipart: Calling on_headers_finished with no data
2025-07-27 23:57:56 [DEBUG] python_multipart.multipart: Calling on_part_data with data[92:94]
2025-07-27 23:57:56 [DEBUG] python_multipart.multipart: Calling on_part_end with no data
2025-07-27 23:57:56 [DEBUG] python_multipart.multipart: Calling on_part_begin with no data
2025-07-27 23:57:56 [DEBUG] python_multipart.multipart: Calling on_header_field with data[138:157]
2025-07-27 23:57:56 [DEBUG] python_multipart.multipart: Calling on_header_value with data[159:183]
2025-07-27 23:57:56 [DEBUG] python_multipart.multipart: Calling on_header_end with no data
2025-07-27 23:57:56 [DEBUG] python_multipart.multipart: Calling on_headers_finished with no data
2025-07-27 23:57:56 [DEBUG] python_multipart.multipart: Calling on_part_data with data[187:190]
2025-07-27 23:57:56 [DEBUG] python_multipart.multipart: Calling on_part_end with no data
2025-07-27 23:57:56 [DEBUG] python_multipart.multipart: Calling on_end with no data
2025-07-27 23:57:56 [INFO] face-presence-api: Logging duration for user: 44, duration: 390.0
2025-07-27 23:57:56 [INFO] face-presence-api: Duration 390.0s successfully enqueued for user 44.
2025-07-27 23:58:03 [DEBUG] face-presence-api: [BatchLogger] No registrations, skip flush
2025-07-27 23:58:03 [INFO] face-presence-api: [BatchLogger] Flushing durations: 1
2025-07-27 23:58:03 [DEBUG] urllib3.connectionpool: Resetting dropped connection: sheets.googleapis.com
2025-07-27 23:58:05 [DEBUG] urllib3.connectionpool: https://sheets.googleapis.com:443 "GET /v4/spreadsheets/1hjXERVEURCeKXeCw8TUbrkjF25_GVmORN0JgjZuu058?includeGridData=false HTTP/1.1" 200 None
2025-07-27 23:58:05 [DEBUG] urllib3.connectionpool: https://sheets.googleapis.com:443 "GET /v4/spreadsheets/1hjXERVEURCeKXeCw8TUbrkjF25_GVmORN0JgjZuu058/values/%27Verification%27 HTTP/1.1" 200 None
2025-07-27 23:58:06 [DEBUG] urllib3.connectionpool: https://sheets.googleapis.com:443 "GET /v4/spreadsheets/1hjXERVEURCeKXeCw8TUbrkjF25_GVmORN0JgjZuu058/values/%27Verification%27 HTTP/1.1" 200 None
2025-07-27 23:58:07 [DEBUG] urllib3.connectionpool: https://sheets.googleapis.com:443 "POST /v4/spreadsheets/1hjXERVEURCeKXeCw8TUbrkjF25_GVmORN0JgjZuu058/values:batchUpdate HTTP/1.1" 200 None
2025-07-27 23:58:07 [INFO] face-presence-api: [BatchLogger] Added 1 new duration headers
2025-07-27 23:58:08 [DEBUG] urllib3.connectionpool: https://sheets.googleapis.com:443 "POST /v4/spreadsheets/1hjXERVEURCeKXeCw8TUbrkjF25_GVmORN0JgjZuu058/values:batchUpdate HTTP/1.1" 200 None
2025-07-27 23:58:08 [INFO] face-presence-api: [BatchLogger] Updated durations for 1 cells
2025-07-27 23:58:18 [DEBUG] face-presence-api: [BatchLogger] No durations, skip flush
2025-07-27 23:58:26 [INFO] face-presence-api: [BatchLogger] Flushing 1 verifications...
2025-07-27 23:58:26 [DEBUG] urllib3.connectionpool: https://sheets.googleapis.com:443 "GET /v4/spreadsheets/1hjXERVEURCeKXeCw8TUbrkjF25_GVmORN0JgjZuu058?includeGridData=false HTTP/1.1" 200 None
2025-07-27 23:58:26 [DEBUG] urllib3.connectionpool: https://sheets.googleapis.com:443 "GET /v4/spreadsheets/1hjXERVEURCeKXeCw8TUbrkjF25_GVmORN0JgjZuu058/values/%27Verification%27 HTTP/1.1" 200 None
2025-07-27 23:58:27 [DEBUG] urllib3.connectionpool: https://sheets.googleapis.com:443 "GET /v4/spreadsheets/1hjXERVEURCeKXeCw8TUbrkjF25_GVmORN0JgjZuu058/values/%27Verification%27 HTTP/1.1" 200 None
2025-07-27 23:58:27 [DEBUG] urllib3.connectionpool: https://sheets.googleapis.com:443 "POST /v4/spreadsheets/1hjXERVEURCeKXeCw8TUbrkjF25_GVmORN0JgjZuu058/values:batchUpdate HTTP/1.1" 200 None
2025-07-27 23:58:27 [INFO] face-presence-api: [BatchLogger] Updated verification for 1 users
2025-07-27 23:58:28 [DEBUG] face-presence-api: [BatchLogger] No durations, skip flush
2025-07-27 23:58:33 [DEBUG] face-presence-api: [BatchLogger] No registrations, skip flush
2025-07-27 23:58:38 [DEBUG] face-presence-api: [BatchLogger] No durations, skip flush
2025-07-27 23:58:48 [DEBUG] face-presence-api: [BatchLogger] No durations, skip flush
2025-07-27 23:58:57 [DEBUG] face-presence-api: [BatchLogger] No verifications, skip flush
2025-07-27 23:58:58 [DEBUG] face-presence-api: [BatchLogger] No durations, skip flush
2025-07-27 23:59:03 [DEBUG] face-presence-api: [BatchLogger] No registrations, skip flush
2025-07-27 23:59:08 [DEBUG] face-presence-api: [BatchLogger] No durations, skip flush
2025-07-27 23:59:18 [DEBUG] face-presence-api: [BatchLogger] No durations, skip flush
2025-07-27 23:59:27 [DEBUG] face-presence-api: [BatchLogger] No verifications, skip flush
2025-07-27 23:59:28 [DEBUG] face-presence-api: [BatchLogger] No durations, skip flush
2025-07-27 23:59:33 [DEBUG] face-presence-api: [BatchLogger] No registrations, skip flush
2025-07-27 23:59:38 [DEBUG] face-presence-api: [BatchLogger] No durations, skip flush
2025-07-27 23:59:48 [DEBUG] face-presence-api: [BatchLogger] No durations, skip flush
2025-07-27 23:59:57 [DEBUG] face-presence-api: [BatchLogger] No verifications, skip flush
2025-07-27 23:59:58 [DEBUG] face-presence-api: [BatchLogger] No durations, skip flush
2025-07-28 00:00:03 [DEBUG] face-presence-api: [BatchLogger] No registrations, skip flush
2025-07-28 00:00:08 [DEBUG] face-presence-api: [BatchLogger] No durations, skip flush
2025-07-28 00:00:18 [DEBUG] face-presence-api: [BatchLogger] No durations, skip flush
2025-07-28 00:00:27 [DEBUG] face-presence-api: [BatchLogger] No verifications, skip flush
2025-07-28 00:00:28 [DEBUG] face-presence-api: [BatchLogger] No durations, skip flush
2025-07-28 00:00:33 [DEBUG] face-presence-api: [BatchLogger] No registrations, skip flush
2025-07-28 00:00:38 [DEBUG] face-presence-api: [BatchLogger] No durations, skip flush
2025-07-28 00:00:48 [DEBUG] face-presence-api: [BatchLogger] No durations, skip flush
2025-07-28 00:00:57 [DEBUG] face-presence-api: [BatchLogger] No verifications, skip flush
2025-07-28 00:00:58 [DEBUG] face-presence-api: [BatchLogger] No durations, skip flush
2025-07-28 00:01:03 [DEBUG] face-presence-api: [BatchLogger] No registrations, skip flush
2025-07-28 00:01:08 [DEBUG] face-presence-api: [BatchLogger] No durations, skip flush
2025-07-28 00:01:18 [DEBUG] face-presence-api: [BatchLogger] No durations, skip flush
2025-07-28 00:01:27 [DEBUG] face-presence-api: [BatchLogger] No verifications, skip flush
2025-07-28 00:01:28 [DEBUG] face-presence-api: [BatchLogger] No durations, skip flush
2025-07-28 00:01:33 [DEBUG] face-presence-api: [BatchLogger] No registrations, skip flush
2025-07-28 00:01:38 [DEBUG] face-presence-api: [BatchLogger] No durations, skip flush
2025-07-28 00:01:48 [DEBUG] face-presence-api: [BatchLogger] No durations, skip flush
2025-07-28 00:01:50 [DEBUG] python_multipart.multipart: Calling on_part_begin with no data
2025-07-28 00:01:50 [DEBUG] python_multipart.multipart: Calling on_header_field with data[42:61]
2025-07-28 00:01:50 [DEBUG] python_multipart.multipart: Calling on_header_value with data[63:88]
2025-07-28 00:01:50 [DEBUG] python_multipart.multipart: Calling on_header_end with no data
2025-07-28 00:01:50 [DEBUG] python_multipart.multipart: Calling on_headers_finished with no data
2025-07-28 00:01:50 [DEBUG] python_multipart.multipart: Calling on_part_data with data[92:94]
2025-07-28 00:01:50 [DEBUG] python_multipart.multipart: Calling on_part_end with no data
2025-07-28 00:01:50 [DEBUG] python_multipart.multipart: Calling on_end with no data
2025-07-28 00:01:50 [INFO] face-presence-api: Checking status for user: 44
2025-07-28 00:01:50 [INFO] face-presence-api: User 44 is already registered.
2025-07-28 00:01:57 [DEBUG] face-presence-api: [BatchLogger] No verifications, skip flush
2025-07-28 00:01:58 [DEBUG] face-presence-api: [BatchLogger] No durations, skip flush
2025-07-28 00:02:03 [DEBUG] face-presence-api: [BatchLogger] No registrations, skip flush
2025-07-28 00:02:04 [DEBUG] python_multipart.multipart: Calling on_part_begin with no data
2025-07-28 00:02:04 [DEBUG] python_multipart.multipart: Calling on_header_field with data[42:61]
2025-07-28 00:02:04 [DEBUG] python_multipart.multipart: Calling on_header_value with data[63:88]
2025-07-28 00:02:04 [DEBUG] python_multipart.multipart: Calling on_header_end with no data
2025-07-28 00:02:04 [DEBUG] python_multipart.multipart: Calling on_headers_finished with no data
2025-07-28 00:02:04 [DEBUG] python_multipart.multipart: Calling on_part_data with data[92:94]
2025-07-28 00:02:04 [DEBUG] python_multipart.multipart: Calling on_part_end with no data
2025-07-28 00:02:04 [DEBUG] python_multipart.multipart: Calling on_end with no data
2025-07-28 00:02:04 [INFO] face-presence-api: Checking status for user: 44
2025-07-28 00:02:04 [INFO] face-presence-api: User 44 is already registered.
2025-07-28 00:02:08 [DEBUG] face-presence-api: [BatchLogger] No durations, skip flush
2025-07-28 00:02:18 [DEBUG] face-presence-api: [BatchLogger] No durations, skip flush
2025-07-28 00:02:21 [DEBUG] python_multipart.multipart: Calling on_part_begin with no data
2025-07-28 00:02:21 [DEBUG] python_multipart.multipart: Calling on_header_field with data[42:61]
2025-07-28 00:02:21 [DEBUG] python_multipart.multipart: Calling on_header_value with data[63:88]
2025-07-28 00:02:21 [DEBUG] python_multipart.multipart: Calling on_header_end with no data
2025-07-28 00:02:21 [DEBUG] python_multipart.multipart: Calling on_headers_finished with no data
2025-07-28 00:02:21 [DEBUG] python_multipart.multipart: Calling on_part_data with data[92:94]
2025-07-28 00:02:21 [DEBUG] python_multipart.multipart: Calling on_part_end with no data
2025-07-28 00:02:21 [DEBUG] python_multipart.multipart: Calling on_end with no data
2025-07-28 00:02:21 [INFO] face-presence-api: Checking status for user: 44
2025-07-28 00:02:21 [INFO] face-presence-api: User 44 is already registered.
2025-07-28 00:02:27 [DEBUG] face-presence-api: [BatchLogger] No verifications, skip flush
2025-07-28 00:02:28 [DEBUG] face-presence-api: [BatchLogger] No durations, skip flush
2025-07-28 00:02:33 [DEBUG] face-presence-api: [BatchLogger] No registrations, skip flush
2025-07-28 00:02:38 [DEBUG] face-presence-api: [BatchLogger] No durations, skip flush
2025-07-28 00:02:38 [DEBUG] python_multipart.multipart: Calling on_part_begin with no data
2025-07-28 00:02:38 [DEBUG] python_multipart.multipart: Calling on_header_field with data[42:61]
2025-07-28 00:02:38 [DEBUG] python_multipart.multipart: Calling on_header_value with data[63:88]
2025-07-28 00:02:38 [DEBUG] python_multipart.multipart: Calling on_header_end with no data
2025-07-28 00:02:38 [DEBUG] python_multipart.multipart: Calling on_headers_finished with no data
2025-07-28 00:02:38 [DEBUG] python_multipart.multipart: Calling on_part_data with data[92:94]
2025-07-28 00:02:38 [DEBUG] python_multipart.multipart: Calling on_part_end with no data
2025-07-28 00:02:38 [DEBUG] python_multipart.multipart: Calling on_part_begin with no data
2025-07-28 00:02:38 [DEBUG] python_multipart.multipart: Calling on_header_field with data[138:157]
2025-07-28 00:02:38 [DEBUG] python_multipart.multipart: Calling on_header_value with data[159:205]
2025-07-28 00:02:38 [DEBUG] python_multipart.multipart: Calling on_header_end with no data
2025-07-28 00:02:38 [DEBUG] python_multipart.multipart: Calling on_header_field with data[207:219]
2025-07-28 00:02:38 [DEBUG] python_multipart.multipart: Calling on_header_value with data[221:231]
2025-07-28 00:02:38 [DEBUG] python_multipart.multipart: Calling on_header_end with no data
2025-07-28 00:02:38 [DEBUG] python_multipart.multipart: Calling on_headers_finished with no data
2025-07-28 00:02:38 [DEBUG] python_multipart.multipart: Calling on_part_data with data[235:3397]
2025-07-28 00:02:38 [DEBUG] python_multipart.multipart: Calling on_part_end with no data
2025-07-28 00:02:38 [DEBUG] python_multipart.multipart: Calling on_part_begin with no data
2025-07-28 00:02:38 [DEBUG] python_multipart.multipart: Calling on_header_field with data[3441:3460]
2025-07-28 00:02:38 [DEBUG] python_multipart.multipart: Calling on_header_value with data[3462:3508]
2025-07-28 00:02:38 [DEBUG] python_multipart.multipart: Calling on_header_end with no data
2025-07-28 00:02:38 [DEBUG] python_multipart.multipart: Calling on_header_field with data[3510:3522]
2025-07-28 00:02:38 [DEBUG] python_multipart.multipart: Calling on_header_value with data[3524:3534]
2025-07-28 00:02:38 [DEBUG] python_multipart.multipart: Calling on_header_end with no data
2025-07-28 00:02:38 [DEBUG] python_multipart.multipart: Calling on_headers_finished with no data
2025-07-28 00:02:38 [DEBUG] python_multipart.multipart: Calling on_part_data with data[3538:6700]
2025-07-28 00:02:38 [DEBUG] python_multipart.multipart: Calling on_part_end with no data
2025-07-28 00:02:38 [DEBUG] python_multipart.multipart: Calling on_part_begin with no data
2025-07-28 00:02:38 [DEBUG] python_multipart.multipart: Calling on_header_field with data[6744:6763]
2025-07-28 00:02:38 [DEBUG] python_multipart.multipart: Calling on_header_value with data[6765:6811]
2025-07-28 00:02:38 [DEBUG] python_multipart.multipart: Calling on_header_end with no data
2025-07-28 00:02:38 [DEBUG] python_multipart.multipart: Calling on_header_field with data[6813:6825]
2025-07-28 00:02:38 [DEBUG] python_multipart.multipart: Calling on_header_value with data[6827:6837]
2025-07-28 00:02:38 [DEBUG] python_multipart.multipart: Calling on_header_end with no data
2025-07-28 00:02:38 [DEBUG] python_multipart.multipart: Calling on_headers_finished with no data
2025-07-28 00:02:38 [DEBUG] python_multipart.multipart: Calling on_part_data with data[6841:10003]
2025-07-28 00:02:38 [DEBUG] python_multipart.multipart: Calling on_part_end with no data
2025-07-28 00:02:38 [DEBUG] python_multipart.multipart: Calling on_part_begin with no data
2025-07-28 00:02:38 [DEBUG] python_multipart.multipart: Calling on_header_field with data[10047:10066]
2025-07-28 00:02:38 [DEBUG] python_multipart.multipart: Calling on_header_value with data[10068:10114]
2025-07-28 00:02:38 [DEBUG] python_multipart.multipart: Calling on_header_end with no data
2025-07-28 00:02:38 [DEBUG] python_multipart.multipart: Calling on_header_field with data[10116:10128]
2025-07-28 00:02:38 [DEBUG] python_multipart.multipart: Calling on_header_value with data[10130:10140]
2025-07-28 00:02:38 [DEBUG] python_multipart.multipart: Calling on_header_end with no data
2025-07-28 00:02:38 [DEBUG] python_multipart.multipart: Calling on_headers_finished with no data
2025-07-28 00:02:38 [DEBUG] python_multipart.multipart: Calling on_part_data with data[10144:13306]
2025-07-28 00:02:38 [DEBUG] python_multipart.multipart: Calling on_part_end with no data
2025-07-28 00:02:38 [DEBUG] python_multipart.multipart: Calling on_part_begin with no data
2025-07-28 00:02:38 [DEBUG] python_multipart.multipart: Calling on_header_field with data[13350:13369]
2025-07-28 00:02:38 [DEBUG] python_multipart.multipart: Calling on_header_value with data[13371:13417]
2025-07-28 00:02:38 [DEBUG] python_multipart.multipart: Calling on_header_end with no data
2025-07-28 00:02:38 [DEBUG] python_multipart.multipart: Calling on_header_field with data[13419:13431]
2025-07-28 00:02:38 [DEBUG] python_multipart.multipart: Calling on_header_value with data[13433:13443]
2025-07-28 00:02:38 [DEBUG] python_multipart.multipart: Calling on_header_end with no data
2025-07-28 00:02:38 [DEBUG] python_multipart.multipart: Calling on_headers_finished with no data
2025-07-28 00:02:38 [DEBUG] python_multipart.multipart: Calling on_part_data with data[13447:16609]
2025-07-28 00:02:38 [DEBUG] python_multipart.multipart: Calling on_part_end with no data
2025-07-28 00:02:38 [DEBUG] python_multipart.multipart: Calling on_part_begin with no data
2025-07-28 00:02:38 [DEBUG] python_multipart.multipart: Calling on_header_field with data[16653:16672]
2025-07-28 00:02:38 [DEBUG] python_multipart.multipart: Calling on_header_value with data[16674:16720]
2025-07-28 00:02:38 [DEBUG] python_multipart.multipart: Calling on_header_end with no data
2025-07-28 00:02:38 [DEBUG] python_multipart.multipart: Calling on_header_field with data[16722:16734]
2025-07-28 00:02:38 [DEBUG] python_multipart.multipart: Calling on_header_value with data[16736:16746]
2025-07-28 00:02:38 [DEBUG] python_multipart.multipart: Calling on_header_end with no data
2025-07-28 00:02:38 [DEBUG] python_multipart.multipart: Calling on_headers_finished with no data
2025-07-28 00:02:38 [DEBUG] python_multipart.multipart: Calling on_part_data with data[16750:19912]
2025-07-28 00:02:38 [DEBUG] python_multipart.multipart: Calling on_part_end with no data
2025-07-28 00:02:38 [DEBUG] python_multipart.multipart: Calling on_part_begin with no data
2025-07-28 00:02:38 [DEBUG] python_multipart.multipart: Calling on_header_field with data[19956:19975]
2025-07-28 00:02:38 [DEBUG] python_multipart.multipart: Calling on_header_value with data[19977:20023]
2025-07-28 00:02:38 [DEBUG] python_multipart.multipart: Calling on_header_end with no data
2025-07-28 00:02:38 [DEBUG] python_multipart.multipart: Calling on_header_field with data[20025:20037]
2025-07-28 00:02:38 [DEBUG] python_multipart.multipart: Calling on_header_value with data[20039:20049]
2025-07-28 00:02:38 [DEBUG] python_multipart.multipart: Calling on_header_end with no data
2025-07-28 00:02:38 [DEBUG] python_multipart.multipart: Calling on_headers_finished with no data
2025-07-28 00:02:38 [DEBUG] python_multipart.multipart: Calling on_part_data with data[20053:23215]
2025-07-28 00:02:38 [DEBUG] python_multipart.multipart: Calling on_part_end with no data
2025-07-28 00:02:38 [DEBUG] python_multipart.multipart: Calling on_part_begin with no data
2025-07-28 00:02:38 [DEBUG] python_multipart.multipart: Calling on_header_field with data[23259:23278]
2025-07-28 00:02:38 [DEBUG] python_multipart.multipart: Calling on_header_value with data[23280:23326]
2025-07-28 00:02:38 [DEBUG] python_multipart.multipart: Calling on_header_end with no data
2025-07-28 00:02:38 [DEBUG] python_multipart.multipart: Calling on_header_field with data[23328:23340]
2025-07-28 00:02:38 [DEBUG] python_multipart.multipart: Calling on_header_value with data[23342:23352]
2025-07-28 00:02:38 [DEBUG] python_multipart.multipart: Calling on_header_end with no data
2025-07-28 00:02:38 [DEBUG] python_multipart.multipart: Calling on_headers_finished with no data
2025-07-28 00:02:38 [DEBUG] python_multipart.multipart: Calling on_part_data with data[23356:26518]
2025-07-28 00:02:38 [DEBUG] python_multipart.multipart: Calling on_part_end with no data
2025-07-28 00:02:38 [DEBUG] python_multipart.multipart: Calling on_part_begin with no data
2025-07-28 00:02:38 [DEBUG] python_multipart.multipart: Calling on_header_field with data[26562:26581]
2025-07-28 00:02:38 [DEBUG] python_multipart.multipart: Calling on_header_value with data[26583:26629]
2025-07-28 00:02:38 [DEBUG] python_multipart.multipart: Calling on_header_end with no data
2025-07-28 00:02:38 [DEBUG] python_multipart.multipart: Calling on_header_field with data[26631:26643]
2025-07-28 00:02:38 [DEBUG] python_multipart.multipart: Calling on_header_value with data[26645:26655]
2025-07-28 00:02:38 [DEBUG] python_multipart.multipart: Calling on_header_end with no data
2025-07-28 00:02:38 [DEBUG] python_multipart.multipart: Calling on_headers_finished with no data
2025-07-28 00:02:38 [DEBUG] python_multipart.multipart: Calling on_part_data with data[26659:29821]
2025-07-28 00:02:38 [DEBUG] python_multipart.multipart: Calling on_part_end with no data
2025-07-28 00:02:38 [DEBUG] python_multipart.multipart: Calling on_part_begin with no data
2025-07-28 00:02:38 [DEBUG] python_multipart.multipart: Calling on_header_field with data[29865:29884]
2025-07-28 00:02:38 [DEBUG] python_multipart.multipart: Calling on_header_value with data[29886:29933]
2025-07-28 00:02:38 [DEBUG] python_multipart.multipart: Calling on_header_end with no data
2025-07-28 00:02:38 [DEBUG] python_multipart.multipart: Calling on_header_field with data[29935:29947]
2025-07-28 00:02:38 [DEBUG] python_multipart.multipart: Calling on_header_value with data[29949:29959]
2025-07-28 00:02:38 [DEBUG] python_multipart.multipart: Calling on_header_end with no data
2025-07-28 00:02:38 [DEBUG] python_multipart.multipart: Calling on_headers_finished with no data
2025-07-28 00:02:38 [DEBUG] python_multipart.multipart: Calling on_part_data with data[29963:33125]
2025-07-28 00:02:38 [DEBUG] python_multipart.multipart: Calling on_part_end with no data
2025-07-28 00:02:38 [DEBUG] python_multipart.multipart: Calling on_part_begin with no data
2025-07-28 00:02:38 [DEBUG] python_multipart.multipart: Calling on_header_field with data[33169:33188]
2025-07-28 00:02:38 [DEBUG] python_multipart.multipart: Calling on_header_value with data[33190:33237]
2025-07-28 00:02:38 [DEBUG] python_multipart.multipart: Calling on_header_end with no data
2025-07-28 00:02:38 [DEBUG] python_multipart.multipart: Calling on_header_field with data[33239:33251]
2025-07-28 00:02:38 [DEBUG] python_multipart.multipart: Calling on_header_value with data[33253:33263]
2025-07-28 00:02:38 [DEBUG] python_multipart.multipart: Calling on_header_end with no data
2025-07-28 00:02:38 [DEBUG] python_multipart.multipart: Calling on_headers_finished with no data
2025-07-28 00:02:38 [DEBUG] python_multipart.multipart: Calling on_part_data with data[33267:36429]
2025-07-28 00:02:38 [DEBUG] python_multipart.multipart: Calling on_part_end with no data
2025-07-28 00:02:38 [DEBUG] python_multipart.multipart: Calling on_part_begin with no data
2025-07-28 00:02:38 [DEBUG] python_multipart.multipart: Calling on_header_field with data[36473:36492]
2025-07-28 00:02:38 [DEBUG] python_multipart.multipart: Calling on_header_value with data[36494:36541]
2025-07-28 00:02:38 [DEBUG] python_multipart.multipart: Calling on_header_end with no data
2025-07-28 00:02:38 [DEBUG] python_multipart.multipart: Calling on_header_field with data[36543:36555]
2025-07-28 00:02:38 [DEBUG] python_multipart.multipart: Calling on_header_value with data[36557:36567]
2025-07-28 00:02:38 [DEBUG] python_multipart.multipart: Calling on_header_end with no data
2025-07-28 00:02:38 [DEBUG] python_multipart.multipart: Calling on_headers_finished with no data
2025-07-28 00:02:38 [DEBUG] python_multipart.multipart: Calling on_part_data with data[36571:39733]
2025-07-28 00:02:38 [DEBUG] python_multipart.multipart: Calling on_part_end with no data
2025-07-28 00:02:38 [DEBUG] python_multipart.multipart: Calling on_part_begin with no data
2025-07-28 00:02:38 [DEBUG] python_multipart.multipart: Calling on_header_field with data[39777:39796]
2025-07-28 00:02:38 [DEBUG] python_multipart.multipart: Calling on_header_value with data[39798:39845]
2025-07-28 00:02:38 [DEBUG] python_multipart.multipart: Calling on_header_end with no data
2025-07-28 00:02:38 [DEBUG] python_multipart.multipart: Calling on_header_field with data[39847:39859]
2025-07-28 00:02:38 [DEBUG] python_multipart.multipart: Calling on_header_value with data[39861:39871]
2025-07-28 00:02:38 [DEBUG] python_multipart.multipart: Calling on_header_end with no data
2025-07-28 00:02:38 [DEBUG] python_multipart.multipart: Calling on_headers_finished with no data
2025-07-28 00:02:38 [DEBUG] python_multipart.multipart: Calling on_part_data with data[39875:43037]
2025-07-28 00:02:38 [DEBUG] python_multipart.multipart: Calling on_part_end with no data
2025-07-28 00:02:38 [DEBUG] python_multipart.multipart: Calling on_part_begin with no data
2025-07-28 00:02:38 [DEBUG] python_multipart.multipart: Calling on_header_field with data[43081:43100]
2025-07-28 00:02:38 [DEBUG] python_multipart.multipart: Calling on_header_value with data[43102:43149]
2025-07-28 00:02:38 [DEBUG] python_multipart.multipart: Calling on_header_end with no data
2025-07-28 00:02:38 [DEBUG] python_multipart.multipart: Calling on_header_field with data[43151:43163]
2025-07-28 00:02:38 [DEBUG] python_multipart.multipart: Calling on_header_value with data[43165:43175]
2025-07-28 00:02:38 [DEBUG] python_multipart.multipart: Calling on_header_end with no data
2025-07-28 00:02:38 [DEBUG] python_multipart.multipart: Calling on_headers_finished with no data
2025-07-28 00:02:38 [DEBUG] python_multipart.multipart: Calling on_part_data with data[43179:46341]
2025-07-28 00:02:38 [DEBUG] python_multipart.multipart: Calling on_part_end with no data
2025-07-28 00:02:38 [DEBUG] python_multipart.multipart: Calling on_part_begin with no data
2025-07-28 00:02:38 [DEBUG] python_multipart.multipart: Calling on_header_field with data[46385:46404]
2025-07-28 00:02:38 [DEBUG] python_multipart.multipart: Calling on_header_value with data[46406:46453]
2025-07-28 00:02:38 [DEBUG] python_multipart.multipart: Calling on_header_end with no data
2025-07-28 00:02:38 [DEBUG] python_multipart.multipart: Calling on_header_field with data[46455:46467]
2025-07-28 00:02:38 [DEBUG] python_multipart.multipart: Calling on_header_value with data[46469:46479]
2025-07-28 00:02:38 [DEBUG] python_multipart.multipart: Calling on_header_end with no data
2025-07-28 00:02:38 [DEBUG] python_multipart.multipart: Calling on_headers_finished with no data
2025-07-28 00:02:38 [DEBUG] python_multipart.multipart: Calling on_part_data with data[46483:49645]
2025-07-28 00:02:38 [DEBUG] python_multipart.multipart: Calling on_part_end with no data
2025-07-28 00:02:38 [DEBUG] python_multipart.multipart: Calling on_part_begin with no data
2025-07-28 00:02:38 [DEBUG] python_multipart.multipart: Calling on_header_field with data[49689:49708]
2025-07-28 00:02:38 [DEBUG] python_multipart.multipart: Calling on_header_value with data[49710:49757]
2025-07-28 00:02:38 [DEBUG] python_multipart.multipart: Calling on_header_end with no data
2025-07-28 00:02:38 [DEBUG] python_multipart.multipart: Calling on_header_field with data[49759:49771]
2025-07-28 00:02:38 [DEBUG] python_multipart.multipart: Calling on_header_value with data[49773:49783]
2025-07-28 00:02:38 [DEBUG] python_multipart.multipart: Calling on_header_end with no data
2025-07-28 00:02:38 [DEBUG] python_multipart.multipart: Calling on_headers_finished with no data
2025-07-28 00:02:38 [DEBUG] python_multipart.multipart: Calling on_part_data with data[49787:52949]
2025-07-28 00:02:38 [DEBUG] python_multipart.multipart: Calling on_part_end with no data
2025-07-28 00:02:38 [DEBUG] python_multipart.multipart: Calling on_part_begin with no data
2025-07-28 00:02:38 [DEBUG] python_multipart.multipart: Calling on_header_field with data[52993:53012]
2025-07-28 00:02:38 [DEBUG] python_multipart.multipart: Calling on_header_value with data[53014:53061]
2025-07-28 00:02:38 [DEBUG] python_multipart.multipart: Calling on_header_end with no data
2025-07-28 00:02:38 [DEBUG] python_multipart.multipart: Calling on_header_field with data[53063:53075]
2025-07-28 00:02:38 [DEBUG] python_multipart.multipart: Calling on_header_value with data[53077:53087]
2025-07-28 00:02:38 [DEBUG] python_multipart.multipart: Calling on_header_end with no data
2025-07-28 00:02:38 [DEBUG] python_multipart.multipart: Calling on_headers_finished with no data
2025-07-28 00:02:38 [DEBUG] python_multipart.multipart: Calling on_part_data with data[53091:56253]
2025-07-28 00:02:38 [DEBUG] python_multipart.multipart: Calling on_part_end with no data
2025-07-28 00:02:38 [DEBUG] python_multipart.multipart: Calling on_part_begin with no data
2025-07-28 00:02:38 [DEBUG] python_multipart.multipart: Calling on_header_field with data[56297:56316]
2025-07-28 00:02:38 [DEBUG] python_multipart.multipart: Calling on_header_value with data[56318:56365]
2025-07-28 00:02:38 [DEBUG] python_multipart.multipart: Calling on_header_end with no data
2025-07-28 00:02:38 [DEBUG] python_multipart.multipart: Calling on_header_field with data[56367:56379]
2025-07-28 00:02:38 [DEBUG] python_multipart.multipart: Calling on_header_value with data[56381:56391]
2025-07-28 00:02:38 [DEBUG] python_multipart.multipart: Calling on_header_end with no data
2025-07-28 00:02:38 [DEBUG] python_multipart.multipart: Calling on_headers_finished with no data
2025-07-28 00:02:38 [DEBUG] python_multipart.multipart: Calling on_part_data with data[56395:59557]
2025-07-28 00:02:38 [DEBUG] python_multipart.multipart: Calling on_part_end with no data
2025-07-28 00:02:38 [DEBUG] python_multipart.multipart: Calling on_part_begin with no data
2025-07-28 00:02:38 [DEBUG] python_multipart.multipart: Calling on_header_field with data[59601:59620]
2025-07-28 00:02:38 [DEBUG] python_multipart.multipart: Calling on_header_value with data[59622:59669]
2025-07-28 00:02:38 [DEBUG] python_multipart.multipart: Calling on_header_end with no data
2025-07-28 00:02:38 [DEBUG] python_multipart.multipart: Calling on_header_field with data[59671:59683]
2025-07-28 00:02:38 [DEBUG] python_multipart.multipart: Calling on_header_value with data[59685:59695]
2025-07-28 00:02:38 [DEBUG] python_multipart.multipart: Calling on_header_end with no data
2025-07-28 00:02:38 [DEBUG] python_multipart.multipart: Calling on_headers_finished with no data
2025-07-28 00:02:38 [DEBUG] python_multipart.multipart: Calling on_part_data with data[59699:62861]
2025-07-28 00:02:38 [DEBUG] python_multipart.multipart: Calling on_part_end with no data
2025-07-28 00:02:38 [DEBUG] python_multipart.multipart: Calling on_part_begin with no data
2025-07-28 00:02:38 [DEBUG] python_multipart.multipart: Calling on_header_field with data[62905:62924]
2025-07-28 00:02:38 [DEBUG] python_multipart.multipart: Calling on_header_value with data[62926:62973]
2025-07-28 00:02:38 [DEBUG] python_multipart.multipart: Calling on_header_end with no data
2025-07-28 00:02:38 [DEBUG] python_multipart.multipart: Calling on_header_field with data[62975:62987]
2025-07-28 00:02:38 [DEBUG] python_multipart.multipart: Calling on_header_value with data[62989:62999]
2025-07-28 00:02:38 [DEBUG] python_multipart.multipart: Calling on_header_end with no data
2025-07-28 00:02:38 [DEBUG] python_multipart.multipart: Calling on_headers_finished with no data
2025-07-28 00:02:38 [DEBUG] python_multipart.multipart: Calling on_part_data with data[63003:65536]
2025-07-28 00:02:38 [DEBUG] python_multipart.multipart: Calling on_part_data with data[0:629]
2025-07-28 00:02:38 [DEBUG] python_multipart.multipart: Calling on_part_end with no data
2025-07-28 00:02:38 [DEBUG] python_multipart.multipart: Calling on_part_begin with no data
2025-07-28 00:02:38 [DEBUG] python_multipart.multipart: Calling on_header_field with data[673:692]
2025-07-28 00:02:38 [DEBUG] python_multipart.multipart: Calling on_header_value with data[694:741]
2025-07-28 00:02:38 [DEBUG] python_multipart.multipart: Calling on_header_end with no data
2025-07-28 00:02:38 [DEBUG] python_multipart.multipart: Calling on_header_field with data[743:755]
2025-07-28 00:02:38 [DEBUG] python_multipart.multipart: Calling on_header_value with data[757:767]
2025-07-28 00:02:38 [DEBUG] python_multipart.multipart: Calling on_header_end with no data
2025-07-28 00:02:38 [DEBUG] python_multipart.multipart: Calling on_headers_finished with no data
2025-07-28 00:02:38 [DEBUG] python_multipart.multipart: Calling on_part_data with data[771:3933]
2025-07-28 00:02:38 [DEBUG] python_multipart.multipart: Calling on_part_end with no data
2025-07-28 00:02:38 [DEBUG] python_multipart.multipart: Calling on_part_begin with no data
2025-07-28 00:02:38 [DEBUG] python_multipart.multipart: Calling on_header_field with data[3977:3996]
2025-07-28 00:02:38 [DEBUG] python_multipart.multipart: Calling on_header_value with data[3998:4045]
2025-07-28 00:02:38 [DEBUG] python_multipart.multipart: Calling on_header_end with no data
2025-07-28 00:02:38 [DEBUG] python_multipart.multipart: Calling on_header_field with data[4047:4059]
2025-07-28 00:02:38 [DEBUG] python_multipart.multipart: Calling on_header_value with data[4061:4071]
2025-07-28 00:02:38 [DEBUG] python_multipart.multipart: Calling on_header_end with no data
2025-07-28 00:02:38 [DEBUG] python_multipart.multipart: Calling on_headers_finished with no data
2025-07-28 00:02:38 [DEBUG] python_multipart.multipart: Calling on_part_data with data[4075:7237]
2025-07-28 00:02:38 [DEBUG] python_multipart.multipart: Calling on_part_end with no data
2025-07-28 00:02:38 [DEBUG] python_multipart.multipart: Calling on_part_begin with no data
2025-07-28 00:02:38 [DEBUG] python_multipart.multipart: Calling on_header_field with data[7281:7300]
2025-07-28 00:02:38 [DEBUG] python_multipart.multipart: Calling on_header_value with data[7302:7349]
2025-07-28 00:02:38 [DEBUG] python_multipart.multipart: Calling on_header_end with no data
2025-07-28 00:02:38 [DEBUG] python_multipart.multipart: Calling on_header_field with data[7351:7363]
2025-07-28 00:02:38 [DEBUG] python_multipart.multipart: Calling on_header_value with data[7365:7375]
2025-07-28 00:02:38 [DEBUG] python_multipart.multipart: Calling on_header_end with no data
2025-07-28 00:02:38 [DEBUG] python_multipart.multipart: Calling on_headers_finished with no data
2025-07-28 00:02:38 [DEBUG] python_multipart.multipart: Calling on_part_data with data[7379:10541]
2025-07-28 00:02:38 [DEBUG] python_multipart.multipart: Calling on_part_end with no data
2025-07-28 00:02:38 [DEBUG] python_multipart.multipart: Calling on_part_begin with no data
2025-07-28 00:02:38 [DEBUG] python_multipart.multipart: Calling on_header_field with data[10585:10604]
2025-07-28 00:02:38 [DEBUG] python_multipart.multipart: Calling on_header_value with data[10606:10653]
2025-07-28 00:02:38 [DEBUG] python_multipart.multipart: Calling on_header_end with no data
2025-07-28 00:02:38 [DEBUG] python_multipart.multipart: Calling on_header_field with data[10655:10667]
2025-07-28 00:02:38 [DEBUG] python_multipart.multipart: Calling on_header_value with data[10669:10679]
2025-07-28 00:02:38 [DEBUG] python_multipart.multipart: Calling on_header_end with no data
2025-07-28 00:02:38 [DEBUG] python_multipart.multipart: Calling on_headers_finished with no data
2025-07-28 00:02:38 [DEBUG] python_multipart.multipart: Calling on_part_data with data[10683:13845]
2025-07-28 00:02:38 [DEBUG] python_multipart.multipart: Calling on_part_end with no data
2025-07-28 00:02:38 [DEBUG] python_multipart.multipart: Calling on_part_begin with no data
2025-07-28 00:02:38 [DEBUG] python_multipart.multipart: Calling on_header_field with data[13889:13908]
2025-07-28 00:02:38 [DEBUG] python_multipart.multipart: Calling on_header_value with data[13910:13957]
2025-07-28 00:02:38 [DEBUG] python_multipart.multipart: Calling on_header_end with no data
2025-07-28 00:02:38 [DEBUG] python_multipart.multipart: Calling on_header_field with data[13959:13971]
2025-07-28 00:02:38 [DEBUG] python_multipart.multipart: Calling on_header_value with data[13973:13983]
2025-07-28 00:02:38 [DEBUG] python_multipart.multipart: Calling on_header_end with no data
2025-07-28 00:02:38 [DEBUG] python_multipart.multipart: Calling on_headers_finished with no data
2025-07-28 00:02:38 [DEBUG] python_multipart.multipart: Calling on_part_data with data[13987:17149]
2025-07-28 00:02:38 [DEBUG] python_multipart.multipart: Calling on_part_end with no data
2025-07-28 00:02:38 [DEBUG] python_multipart.multipart: Calling on_part_begin with no data
2025-07-28 00:02:38 [DEBUG] python_multipart.multipart: Calling on_header_field with data[17193:17212]
2025-07-28 00:02:38 [DEBUG] python_multipart.multipart: Calling on_header_value with data[17214:17261]
2025-07-28 00:02:38 [DEBUG] python_multipart.multipart: Calling on_header_end with no data
2025-07-28 00:02:38 [DEBUG] python_multipart.multipart: Calling on_header_field with data[17263:17275]
2025-07-28 00:02:38 [DEBUG] python_multipart.multipart: Calling on_header_value with data[17277:17287]
2025-07-28 00:02:38 [DEBUG] python_multipart.multipart: Calling on_header_end with no data
2025-07-28 00:02:38 [DEBUG] python_multipart.multipart: Calling on_headers_finished with no data
2025-07-28 00:02:38 [DEBUG] python_multipart.multipart: Calling on_part_data with data[17291:20453]
2025-07-28 00:02:38 [DEBUG] python_multipart.multipart: Calling on_part_end with no data
2025-07-28 00:02:38 [DEBUG] python_multipart.multipart: Calling on_part_begin with no data
2025-07-28 00:02:38 [DEBUG] python_multipart.multipart: Calling on_header_field with data[20497:20516]
2025-07-28 00:02:38 [DEBUG] python_multipart.multipart: Calling on_header_value with data[20518:20565]
2025-07-28 00:02:38 [DEBUG] python_multipart.multipart: Calling on_header_end with no data
2025-07-28 00:02:38 [DEBUG] python_multipart.multipart: Calling on_header_field with data[20567:20579]
2025-07-28 00:02:38 [DEBUG] python_multipart.multipart: Calling on_header_value with data[20581:20591]
2025-07-28 00:02:38 [DEBUG] python_multipart.multipart: Calling on_header_end with no data
2025-07-28 00:02:38 [DEBUG] python_multipart.multipart: Calling on_headers_finished with no data
2025-07-28 00:02:38 [DEBUG] python_multipart.multipart: Calling on_part_data with data[20595:23757]
2025-07-28 00:02:38 [DEBUG] python_multipart.multipart: Calling on_part_end with no data
2025-07-28 00:02:38 [DEBUG] python_multipart.multipart: Calling on_part_begin with no data
2025-07-28 00:02:38 [DEBUG] python_multipart.multipart: Calling on_header_field with data[23801:23820]
2025-07-28 00:02:38 [DEBUG] python_multipart.multipart: Calling on_header_value with data[23822:23869]
2025-07-28 00:02:38 [DEBUG] python_multipart.multipart: Calling on_header_end with no data
2025-07-28 00:02:38 [DEBUG] python_multipart.multipart: Calling on_header_field with data[23871:23883]
2025-07-28 00:02:38 [DEBUG] python_multipart.multipart: Calling on_header_value with data[23885:23895]
2025-07-28 00:02:38 [DEBUG] python_multipart.multipart: Calling on_header_end with no data
2025-07-28 00:02:38 [DEBUG] python_multipart.multipart: Calling on_headers_finished with no data
2025-07-28 00:02:38 [DEBUG] python_multipart.multipart: Calling on_part_data with data[23899:27061]
2025-07-28 00:02:38 [DEBUG] python_multipart.multipart: Calling on_part_end with no data
2025-07-28 00:02:38 [DEBUG] python_multipart.multipart: Calling on_part_begin with no data
2025-07-28 00:02:38 [DEBUG] python_multipart.multipart: Calling on_header_field with data[27105:27124]
2025-07-28 00:02:38 [DEBUG] python_multipart.multipart: Calling on_header_value with data[27126:27173]
2025-07-28 00:02:38 [DEBUG] python_multipart.multipart: Calling on_header_end with no data
2025-07-28 00:02:38 [DEBUG] python_multipart.multipart: Calling on_header_field with data[27175:27187]
2025-07-28 00:02:38 [DEBUG] python_multipart.multipart: Calling on_header_value with data[27189:27199]
2025-07-28 00:02:38 [DEBUG] python_multipart.multipart: Calling on_header_end with no data
2025-07-28 00:02:38 [DEBUG] python_multipart.multipart: Calling on_headers_finished with no data
2025-07-28 00:02:38 [DEBUG] python_multipart.multipart: Calling on_part_data with data[27203:30365]
2025-07-28 00:02:38 [DEBUG] python_multipart.multipart: Calling on_part_end with no data
2025-07-28 00:02:38 [DEBUG] python_multipart.multipart: Calling on_part_begin with no data
2025-07-28 00:02:38 [DEBUG] python_multipart.multipart: Calling on_header_field with data[30409:30428]
2025-07-28 00:02:38 [DEBUG] python_multipart.multipart: Calling on_header_value with data[30430:30477]
2025-07-28 00:02:38 [DEBUG] python_multipart.multipart: Calling on_header_end with no data
2025-07-28 00:02:38 [DEBUG] python_multipart.multipart: Calling on_header_field with data[30479:30491]
2025-07-28 00:02:38 [DEBUG] python_multipart.multipart: Calling on_header_value with data[30493:30503]
2025-07-28 00:02:38 [DEBUG] python_multipart.multipart: Calling on_header_end with no data
2025-07-28 00:02:38 [DEBUG] python_multipart.multipart: Calling on_headers_finished with no data
2025-07-28 00:02:38 [DEBUG] python_multipart.multipart: Calling on_part_data with data[30507:33669]
2025-07-28 00:02:38 [DEBUG] python_multipart.multipart: Calling on_part_end with no data
2025-07-28 00:02:38 [DEBUG] python_multipart.multipart: Calling on_part_begin with no data
2025-07-28 00:02:38 [DEBUG] python_multipart.multipart: Calling on_header_field with data[33713:33732]
2025-07-28 00:02:38 [DEBUG] python_multipart.multipart: Calling on_header_value with data[33734:33781]
2025-07-28 00:02:38 [DEBUG] python_multipart.multipart: Calling on_header_end with no data
2025-07-28 00:02:38 [DEBUG] python_multipart.multipart: Calling on_header_field with data[33783:33795]
2025-07-28 00:02:38 [DEBUG] python_multipart.multipart: Calling on_header_value with data[33797:33807]
2025-07-28 00:02:38 [DEBUG] python_multipart.multipart: Calling on_header_end with no data
2025-07-28 00:02:38 [DEBUG] python_multipart.multipart: Calling on_headers_finished with no data
2025-07-28 00:02:38 [DEBUG] python_multipart.multipart: Calling on_part_data with data[33811:36973]
2025-07-28 00:02:38 [DEBUG] python_multipart.multipart: Calling on_part_end with no data
2025-07-28 00:02:38 [DEBUG] python_multipart.multipart: Calling on_part_begin with no data
2025-07-28 00:02:38 [DEBUG] python_multipart.multipart: Calling on_header_field with data[37017:37036]
2025-07-28 00:02:38 [DEBUG] python_multipart.multipart: Calling on_header_value with data[37038:37085]
2025-07-28 00:02:38 [DEBUG] python_multipart.multipart: Calling on_header_end with no data
2025-07-28 00:02:38 [DEBUG] python_multipart.multipart: Calling on_header_field with data[37087:37099]
2025-07-28 00:02:38 [DEBUG] python_multipart.multipart: Calling on_header_value with data[37101:37111]
2025-07-28 00:02:38 [DEBUG] python_multipart.multipart: Calling on_header_end with no data
2025-07-28 00:02:38 [DEBUG] python_multipart.multipart: Calling on_headers_finished with no data
2025-07-28 00:02:38 [DEBUG] python_multipart.multipart: Calling on_part_data with data[37115:40277]
2025-07-28 00:02:38 [DEBUG] python_multipart.multipart: Calling on_part_end with no data
2025-07-28 00:02:38 [DEBUG] python_multipart.multipart: Calling on_part_begin with no data
2025-07-28 00:02:38 [DEBUG] python_multipart.multipart: Calling on_header_field with data[40321:40340]
2025-07-28 00:02:38 [DEBUG] python_multipart.multipart: Calling on_header_value with data[40342:40389]
2025-07-28 00:02:38 [DEBUG] python_multipart.multipart: Calling on_header_end with no data
2025-07-28 00:02:38 [DEBUG] python_multipart.multipart: Calling on_header_field with data[40391:40403]
2025-07-28 00:02:38 [DEBUG] python_multipart.multipart: Calling on_header_value with data[40405:40415]
2025-07-28 00:02:38 [DEBUG] python_multipart.multipart: Calling on_header_end with no data
2025-07-28 00:02:38 [DEBUG] python_multipart.multipart: Calling on_headers_finished with no data
2025-07-28 00:02:38 [DEBUG] python_multipart.multipart: Calling on_part_data with data[40419:43581]
2025-07-28 00:02:38 [DEBUG] python_multipart.multipart: Calling on_part_end with no data
2025-07-28 00:02:38 [DEBUG] python_multipart.multipart: Calling on_part_begin with no data
2025-07-28 00:02:38 [DEBUG] python_multipart.multipart: Calling on_header_field with data[43625:43644]
2025-07-28 00:02:38 [DEBUG] python_multipart.multipart: Calling on_header_value with data[43646:43693]
2025-07-28 00:02:38 [DEBUG] python_multipart.multipart: Calling on_header_end with no data
2025-07-28 00:02:38 [DEBUG] python_multipart.multipart: Calling on_header_field with data[43695:43707]
2025-07-28 00:02:38 [DEBUG] python_multipart.multipart: Calling on_header_value with data[43709:43719]
2025-07-28 00:02:38 [DEBUG] python_multipart.multipart: Calling on_header_end with no data
2025-07-28 00:02:38 [DEBUG] python_multipart.multipart: Calling on_headers_finished with no data
2025-07-28 00:02:38 [DEBUG] python_multipart.multipart: Calling on_part_data with data[43723:46885]
2025-07-28 00:02:38 [DEBUG] python_multipart.multipart: Calling on_part_end with no data
2025-07-28 00:02:38 [DEBUG] python_multipart.multipart: Calling on_part_begin with no data
2025-07-28 00:02:38 [DEBUG] python_multipart.multipart: Calling on_header_field with data[46929:46948]
2025-07-28 00:02:38 [DEBUG] python_multipart.multipart: Calling on_header_value with data[46950:46997]
2025-07-28 00:02:38 [DEBUG] python_multipart.multipart: Calling on_header_end with no data
2025-07-28 00:02:38 [DEBUG] python_multipart.multipart: Calling on_header_field with data[46999:47011]
2025-07-28 00:02:38 [DEBUG] python_multipart.multipart: Calling on_header_value with data[47013:47023]
2025-07-28 00:02:38 [DEBUG] python_multipart.multipart: Calling on_header_end with no data
2025-07-28 00:02:38 [DEBUG] python_multipart.multipart: Calling on_headers_finished with no data
2025-07-28 00:02:38 [DEBUG] python_multipart.multipart: Calling on_part_data with data[47027:50189]
2025-07-28 00:02:38 [DEBUG] python_multipart.multipart: Calling on_part_end with no data
2025-07-28 00:02:38 [DEBUG] python_multipart.multipart: Calling on_part_begin with no data
2025-07-28 00:02:38 [DEBUG] python_multipart.multipart: Calling on_header_field with data[50233:50252]
2025-07-28 00:02:38 [DEBUG] python_multipart.multipart: Calling on_header_value with data[50254:50301]
2025-07-28 00:02:38 [DEBUG] python_multipart.multipart: Calling on_header_end with no data
2025-07-28 00:02:38 [DEBUG] python_multipart.multipart: Calling on_header_field with data[50303:50315]
2025-07-28 00:02:38 [DEBUG] python_multipart.multipart: Calling on_header_value with data[50317:50327]
2025-07-28 00:02:38 [DEBUG] python_multipart.multipart: Calling on_header_end with no data
2025-07-28 00:02:38 [DEBUG] python_multipart.multipart: Calling on_headers_finished with no data
2025-07-28 00:02:38 [DEBUG] python_multipart.multipart: Calling on_part_data with data[50331:53493]
2025-07-28 00:02:38 [DEBUG] python_multipart.multipart: Calling on_part_end with no data
2025-07-28 00:02:38 [DEBUG] python_multipart.multipart: Calling on_part_begin with no data
2025-07-28 00:02:38 [DEBUG] python_multipart.multipart: Calling on_header_field with data[53537:53556]
2025-07-28 00:02:38 [DEBUG] python_multipart.multipart: Calling on_header_value with data[53558:53605]
2025-07-28 00:02:38 [DEBUG] python_multipart.multipart: Calling on_header_end with no data
2025-07-28 00:02:38 [DEBUG] python_multipart.multipart: Calling on_header_field with data[53607:53619]
2025-07-28 00:02:38 [DEBUG] python_multipart.multipart: Calling on_header_value with data[53621:53631]
2025-07-28 00:02:38 [DEBUG] python_multipart.multipart: Calling on_header_end with no data
2025-07-28 00:02:38 [DEBUG] python_multipart.multipart: Calling on_headers_finished with no data
2025-07-28 00:02:38 [DEBUG] python_multipart.multipart: Calling on_part_data with data[53635:56797]
2025-07-28 00:02:38 [DEBUG] python_multipart.multipart: Calling on_part_end with no data
2025-07-28 00:02:38 [DEBUG] python_multipart.multipart: Calling on_part_begin with no data
2025-07-28 00:02:38 [DEBUG] python_multipart.multipart: Calling on_header_field with data[56841:56860]
2025-07-28 00:02:38 [DEBUG] python_multipart.multipart: Calling on_header_value with data[56862:56909]
2025-07-28 00:02:38 [DEBUG] python_multipart.multipart: Calling on_header_end with no data
2025-07-28 00:02:38 [DEBUG] python_multipart.multipart: Calling on_header_field with data[56911:56923]
2025-07-28 00:02:38 [DEBUG] python_multipart.multipart: Calling on_header_value with data[56925:56935]
2025-07-28 00:02:38 [DEBUG] python_multipart.multipart: Calling on_header_end with no data
2025-07-28 00:02:38 [DEBUG] python_multipart.multipart: Calling on_headers_finished with no data
2025-07-28 00:02:38 [DEBUG] python_multipart.multipart: Calling on_part_data with data[56939:60101]
2025-07-28 00:02:38 [DEBUG] python_multipart.multipart: Calling on_part_end with no data
2025-07-28 00:02:38 [DEBUG] python_multipart.multipart: Calling on_part_begin with no data
2025-07-28 00:02:38 [DEBUG] python_multipart.multipart: Calling on_header_field with data[60145:60164]
2025-07-28 00:02:38 [DEBUG] python_multipart.multipart: Calling on_header_value with data[60166:60213]
2025-07-28 00:02:38 [DEBUG] python_multipart.multipart: Calling on_header_end with no data
2025-07-28 00:02:38 [DEBUG] python_multipart.multipart: Calling on_header_field with data[60215:60227]
2025-07-28 00:02:38 [DEBUG] python_multipart.multipart: Calling on_header_value with data[60229:60239]
2025-07-28 00:02:38 [DEBUG] python_multipart.multipart: Calling on_header_end with no data
2025-07-28 00:02:38 [DEBUG] python_multipart.multipart: Calling on_headers_finished with no data
2025-07-28 00:02:38 [DEBUG] python_multipart.multipart: Calling on_part_data with data[60243:63405]
2025-07-28 00:02:38 [DEBUG] python_multipart.multipart: Calling on_part_end with no data
2025-07-28 00:02:38 [DEBUG] python_multipart.multipart: Calling on_part_begin with no data
2025-07-28 00:02:38 [DEBUG] python_multipart.multipart: Calling on_header_field with data[63449:63468]
2025-07-28 00:02:38 [DEBUG] python_multipart.multipart: Calling on_header_value with data[63470:63517]
2025-07-28 00:02:38 [DEBUG] python_multipart.multipart: Calling on_header_end with no data
2025-07-28 00:02:38 [DEBUG] python_multipart.multipart: Calling on_header_field with data[63519:63531]
2025-07-28 00:02:38 [DEBUG] python_multipart.multipart: Calling on_header_value with data[63533:63543]
2025-07-28 00:02:38 [DEBUG] python_multipart.multipart: Calling on_header_end with no data
2025-07-28 00:02:38 [DEBUG] python_multipart.multipart: Calling on_headers_finished with no data
2025-07-28 00:02:38 [DEBUG] python_multipart.multipart: Calling on_part_data with data[63547:66709]
2025-07-28 00:02:38 [DEBUG] python_multipart.multipart: Calling on_part_end with no data
2025-07-28 00:02:38 [DEBUG] python_multipart.multipart: Calling on_part_begin with no data
2025-07-28 00:02:38 [DEBUG] python_multipart.multipart: Calling on_header_field with data[66753:66772]
2025-07-28 00:02:38 [DEBUG] python_multipart.multipart: Calling on_header_value with data[66774:66821]
2025-07-28 00:02:38 [DEBUG] python_multipart.multipart: Calling on_header_end with no data
2025-07-28 00:02:38 [DEBUG] python_multipart.multipart: Calling on_header_field with data[66823:66835]
2025-07-28 00:02:38 [DEBUG] python_multipart.multipart: Calling on_header_value with data[66837:66847]
2025-07-28 00:02:38 [DEBUG] python_multipart.multipart: Calling on_header_end with no data
2025-07-28 00:02:38 [DEBUG] python_multipart.multipart: Calling on_headers_finished with no data
2025-07-28 00:02:38 [DEBUG] python_multipart.multipart: Calling on_part_data with data[66851:70013]
2025-07-28 00:02:38 [DEBUG] python_multipart.multipart: Calling on_part_end with no data
2025-07-28 00:02:38 [DEBUG] python_multipart.multipart: Calling on_part_begin with no data
2025-07-28 00:02:38 [DEBUG] python_multipart.multipart: Calling on_header_field with data[70057:70076]
2025-07-28 00:02:38 [DEBUG] python_multipart.multipart: Calling on_header_value with data[70078:70125]
2025-07-28 00:02:38 [DEBUG] python_multipart.multipart: Calling on_header_end with no data
2025-07-28 00:02:38 [DEBUG] python_multipart.multipart: Calling on_header_field with data[70127:70139]
2025-07-28 00:02:38 [DEBUG] python_multipart.multipart: Calling on_header_value with data[70141:70151]
2025-07-28 00:02:38 [DEBUG] python_multipart.multipart: Calling on_header_end with no data
2025-07-28 00:02:38 [DEBUG] python_multipart.multipart: Calling on_headers_finished with no data
2025-07-28 00:02:38 [DEBUG] python_multipart.multipart: Calling on_part_data with data[70155:73317]
2025-07-28 00:02:38 [DEBUG] python_multipart.multipart: Calling on_part_end with no data
2025-07-28 00:02:38 [DEBUG] python_multipart.multipart: Calling on_part_begin with no data
2025-07-28 00:02:38 [DEBUG] python_multipart.multipart: Calling on_header_field with data[73361:73380]
2025-07-28 00:02:38 [DEBUG] python_multipart.multipart: Calling on_header_value with data[73382:73429]
2025-07-28 00:02:38 [DEBUG] python_multipart.multipart: Calling on_header_end with no data
2025-07-28 00:02:38 [DEBUG] python_multipart.multipart: Calling on_header_field with data[73431:73443]
2025-07-28 00:02:38 [DEBUG] python_multipart.multipart: Calling on_header_value with data[73445:73455]
2025-07-28 00:02:38 [DEBUG] python_multipart.multipart: Calling on_header_end with no data
2025-07-28 00:02:38 [DEBUG] python_multipart.multipart: Calling on_headers_finished with no data
2025-07-28 00:02:38 [DEBUG] python_multipart.multipart: Calling on_part_data with data[73459:76621]
2025-07-28 00:02:38 [DEBUG] python_multipart.multipart: Calling on_part_end with no data
2025-07-28 00:02:38 [DEBUG] python_multipart.multipart: Calling on_part_begin with no data
2025-07-28 00:02:38 [DEBUG] python_multipart.multipart: Calling on_header_field with data[76665:76684]
2025-07-28 00:02:38 [DEBUG] python_multipart.multipart: Calling on_header_value with data[76686:76733]
2025-07-28 00:02:38 [DEBUG] python_multipart.multipart: Calling on_header_end with no data
2025-07-28 00:02:38 [DEBUG] python_multipart.multipart: Calling on_header_field with data[76735:76747]
2025-07-28 00:02:38 [DEBUG] python_multipart.multipart: Calling on_header_value with data[76749:76759]
2025-07-28 00:02:38 [DEBUG] python_multipart.multipart: Calling on_header_end with no data
2025-07-28 00:02:38 [DEBUG] python_multipart.multipart: Calling on_headers_finished with no data
2025-07-28 00:02:38 [DEBUG] python_multipart.multipart: Calling on_part_data with data[76763:79925]
2025-07-28 00:02:38 [DEBUG] python_multipart.multipart: Calling on_part_end with no data
2025-07-28 00:02:38 [DEBUG] python_multipart.multipart: Calling on_part_begin with no data
2025-07-28 00:02:38 [DEBUG] python_multipart.multipart: Calling on_header_field with data[79969:79988]
2025-07-28 00:02:38 [DEBUG] python_multipart.multipart: Calling on_header_value with data[79990:80037]
2025-07-28 00:02:38 [DEBUG] python_multipart.multipart: Calling on_header_end with no data
2025-07-28 00:02:38 [DEBUG] python_multipart.multipart: Calling on_header_field with data[80039:80051]
2025-07-28 00:02:38 [DEBUG] python_multipart.multipart: Calling on_header_value with data[80053:80063]
2025-07-28 00:02:38 [DEBUG] python_multipart.multipart: Calling on_header_end with no data
2025-07-28 00:02:38 [DEBUG] python_multipart.multipart: Calling on_headers_finished with no data
2025-07-28 00:02:38 [DEBUG] python_multipart.multipart: Calling on_part_data with data[80067:83229]
2025-07-28 00:02:38 [DEBUG] python_multipart.multipart: Calling on_part_end with no data
2025-07-28 00:02:38 [DEBUG] python_multipart.multipart: Calling on_part_begin with no data
2025-07-28 00:02:38 [DEBUG] python_multipart.multipart: Calling on_header_field with data[83273:83292]
2025-07-28 00:02:38 [DEBUG] python_multipart.multipart: Calling on_header_value with data[83294:83341]
2025-07-28 00:02:38 [DEBUG] python_multipart.multipart: Calling on_header_end with no data
2025-07-28 00:02:38 [DEBUG] python_multipart.multipart: Calling on_header_field with data[83343:83355]
2025-07-28 00:02:38 [DEBUG] python_multipart.multipart: Calling on_header_value with data[83357:83367]
2025-07-28 00:02:38 [DEBUG] python_multipart.multipart: Calling on_header_end with no data
2025-07-28 00:02:38 [DEBUG] python_multipart.multipart: Calling on_headers_finished with no data
2025-07-28 00:02:38 [DEBUG] python_multipart.multipart: Calling on_part_data with data[83371:86533]
2025-07-28 00:02:38 [DEBUG] python_multipart.multipart: Calling on_part_end with no data
2025-07-28 00:02:38 [DEBUG] python_multipart.multipart: Calling on_part_begin with no data
2025-07-28 00:02:38 [DEBUG] python_multipart.multipart: Calling on_header_field with data[86577:86596]
2025-07-28 00:02:38 [DEBUG] python_multipart.multipart: Calling on_header_value with data[86598:86645]
2025-07-28 00:02:38 [DEBUG] python_multipart.multipart: Calling on_header_end with no data
2025-07-28 00:02:38 [DEBUG] python_multipart.multipart: Calling on_header_field with data[86647:86659]
2025-07-28 00:02:38 [DEBUG] python_multipart.multipart: Calling on_header_value with data[86661:86671]
2025-07-28 00:02:38 [DEBUG] python_multipart.multipart: Calling on_header_end with no data
2025-07-28 00:02:38 [DEBUG] python_multipart.multipart: Calling on_headers_finished with no data
2025-07-28 00:02:38 [DEBUG] python_multipart.multipart: Calling on_part_data with data[86675:89837]
2025-07-28 00:02:38 [DEBUG] python_multipart.multipart: Calling on_part_end with no data
2025-07-28 00:02:38 [DEBUG] python_multipart.multipart: Calling on_part_begin with no data
2025-07-28 00:02:38 [DEBUG] python_multipart.multipart: Calling on_header_field with data[89881:89900]
2025-07-28 00:02:38 [DEBUG] python_multipart.multipart: Calling on_header_value with data[89902:89949]
2025-07-28 00:02:38 [DEBUG] python_multipart.multipart: Calling on_header_end with no data
2025-07-28 00:02:38 [DEBUG] python_multipart.multipart: Calling on_header_field with data[89951:89963]
2025-07-28 00:02:38 [DEBUG] python_multipart.multipart: Calling on_header_value with data[89965:89975]
2025-07-28 00:02:38 [DEBUG] python_multipart.multipart: Calling on_header_end with no data
2025-07-28 00:02:38 [DEBUG] python_multipart.multipart: Calling on_headers_finished with no data
2025-07-28 00:02:38 [DEBUG] python_multipart.multipart: Calling on_part_data with data[89979:93141]
2025-07-28 00:02:38 [DEBUG] python_multipart.multipart: Calling on_part_end with no data
2025-07-28 00:02:38 [DEBUG] python_multipart.multipart: Calling on_part_begin with no data
2025-07-28 00:02:38 [DEBUG] python_multipart.multipart: Calling on_header_field with data[93185:93204]
2025-07-28 00:02:38 [DEBUG] python_multipart.multipart: Calling on_header_value with data[93206:93253]
2025-07-28 00:02:38 [DEBUG] python_multipart.multipart: Calling on_header_end with no data
2025-07-28 00:02:38 [DEBUG] python_multipart.multipart: Calling on_header_field with data[93255:93267]
2025-07-28 00:02:38 [DEBUG] python_multipart.multipart: Calling on_header_value with data[93269:93279]
2025-07-28 00:02:38 [DEBUG] python_multipart.multipart: Calling on_header_end with no data
2025-07-28 00:02:38 [DEBUG] python_multipart.multipart: Calling on_headers_finished with no data
2025-07-28 00:02:38 [DEBUG] python_multipart.multipart: Calling on_part_data with data[93283:96445]
2025-07-28 00:02:38 [DEBUG] python_multipart.multipart: Calling on_part_end with no data
2025-07-28 00:02:38 [DEBUG] python_multipart.multipart: Calling on_part_begin with no data
2025-07-28 00:02:38 [DEBUG] python_multipart.multipart: Calling on_header_field with data[96489:96508]
2025-07-28 00:02:38 [DEBUG] python_multipart.multipart: Calling on_header_value with data[96510:96557]
2025-07-28 00:02:38 [DEBUG] python_multipart.multipart: Calling on_header_end with no data
2025-07-28 00:02:38 [DEBUG] python_multipart.multipart: Calling on_header_field with data[96559:96571]
2025-07-28 00:02:38 [DEBUG] python_multipart.multipart: Calling on_header_value with data[96573:96583]
2025-07-28 00:02:38 [DEBUG] python_multipart.multipart: Calling on_header_end with no data
2025-07-28 00:02:38 [DEBUG] python_multipart.multipart: Calling on_headers_finished with no data
2025-07-28 00:02:38 [DEBUG] python_multipart.multipart: Calling on_part_data with data[96587:99749]
2025-07-28 00:02:38 [DEBUG] python_multipart.multipart: Calling on_part_end with no data
2025-07-28 00:02:38 [DEBUG] python_multipart.multipart: Calling on_end with no data
2025-07-28 00:02:38 [INFO] face-presence-api: Registering user: 44
2025-07-28 00:02:38 [INFO] watchfiles.main: 1 change detected
2025-07-28 00:02:39 [DEBUG] face-presence-api: 🧹 Memory cleared with garbage collector.
2025-07-28 00:02:39 [INFO] face-presence-api: 📁 10 test image berhasil disimpan untuk user 44 di F:\Kuliah\Skripsi\praktisi-face-presence-api\src\storage\test_images\44
2025-07-28 00:02:39 [INFO] watchfiles.main: 9 changes detected
2025-07-28 00:02:39 [DEBUG] face-presence-api: 🧹 Memory cleared with garbage collector.
2025-07-28 00:02:39 [INFO] face-presence-api: Processing batch 1/8
2025-07-28 00:02:39 [INFO] face-presence-api: Processing batch 2/8
2025-07-28 00:02:40 [INFO] face-presence-api: Processing batch 3/8
2025-07-28 00:02:40 [INFO] face-presence-api: Processing batch 4/8
2025-07-28 00:02:40 [INFO] face-presence-api: Processing batch 5/8
2025-07-28 00:02:41 [INFO] face-presence-api: Processing batch 6/8
2025-07-28 00:02:41 [INFO] face-presence-api: Processing batch 7/8
2025-07-28 00:02:41 [INFO] face-presence-api: Processing batch 8/8
2025-07-28 00:02:42 [INFO] face-presence-api: Finished processing 40 valid embeddings from 40 images
2025-07-28 00:02:42 [INFO] face-presence-api: Validasi berhasil: 40 embeddings valid
2025-07-28 00:02:42 [INFO] face-presence-api: Validasi berhasil: 40 embeddings valid
2025-07-28 00:02:42 [INFO] face-presence-api: Embedding berhasil disimpan untuk user 44 di F:\Kuliah\Skripsi\praktisi-face-presence-api\src\storage\embeddings\44.pkl
2025-07-28 00:02:42 [INFO] face-presence-api: Embeddings saved successfully for user 44, starting evaluation.
2025-07-28 00:02:42 [INFO] face-presence-api: Evaluating ...
2025-07-28 00:02:42 [INFO] watchfiles.main: 1 change detected
2025-07-28 00:02:42 [INFO] face-presence-api: Evaluating batch 1/4
2025-07-28 00:02:42 [INFO] face-presence-api: Evaluating batch 2/4
2025-07-28 00:02:43 [INFO] face-presence-api: Evaluating batch 3/4
2025-07-28 00:02:43 [INFO] face-presence-api: Evaluating batch 4/4
2025-07-28 00:02:43 [INFO] face-presence-api: Face registration successful for user 44.
2025-07-28 00:02:48 [DEBUG] face-presence-api: [BatchLogger] No durations, skip flush
2025-07-28 00:02:57 [DEBUG] face-presence-api: [BatchLogger] No verifications, skip flush
2025-07-28 00:02:58 [DEBUG] face-presence-api: [BatchLogger] No durations, skip flush
2025-07-28 00:03:00 [DEBUG] python_multipart.multipart: Calling on_part_begin with no data
2025-07-28 00:03:00 [DEBUG] python_multipart.multipart: Calling on_header_field with data[42:61]
2025-07-28 00:03:00 [DEBUG] python_multipart.multipart: Calling on_header_value with data[63:88]
2025-07-28 00:03:00 [DEBUG] python_multipart.multipart: Calling on_header_end with no data
2025-07-28 00:03:00 [DEBUG] python_multipart.multipart: Calling on_headers_finished with no data
2025-07-28 00:03:00 [DEBUG] python_multipart.multipart: Calling on_part_data with data[92:94]
2025-07-28 00:03:00 [DEBUG] python_multipart.multipart: Calling on_part_end with no data
2025-07-28 00:03:00 [DEBUG] python_multipart.multipart: Calling on_end with no data
2025-07-28 00:03:00 [INFO] face-presence-api: Checking status for user: 44
2025-07-28 00:03:00 [INFO] face-presence-api: User 44 is already registered.
2025-07-28 00:03:03 [INFO] face-presence-api: [BatchLogger] Flushing 1 registrations...
2025-07-28 00:03:03 [DEBUG] urllib3.connectionpool: Resetting dropped connection: sheets.googleapis.com
2025-07-28 00:03:08 [DEBUG] urllib3.connectionpool: https://sheets.googleapis.com:443 "GET /v4/spreadsheets/1hjXERVEURCeKXeCw8TUbrkjF25_GVmORN0JgjZuu058?includeGridData=false HTTP/1.1" 200 None
2025-07-28 00:03:09 [DEBUG] urllib3.connectionpool: https://sheets.googleapis.com:443 "GET /v4/spreadsheets/1hjXERVEURCeKXeCw8TUbrkjF25_GVmORN0JgjZuu058/values/%27Registration%27 HTTP/1.1" 200 None
2025-07-28 00:03:09 [DEBUG] urllib3.connectionpool: https://sheets.googleapis.com:443 "GET /v4/spreadsheets/1hjXERVEURCeKXeCw8TUbrkjF25_GVmORN0JgjZuu058/values/%27Registration%27 HTTP/1.1" 200 None
2025-07-28 00:03:10 [DEBUG] urllib3.connectionpool: https://sheets.googleapis.com:443 "POST /v4/spreadsheets/1hjXERVEURCeKXeCw8TUbrkjF25_GVmORN0JgjZuu058/values:batchUpdate HTTP/1.1" 200 None
2025-07-28 00:03:10 [INFO] face-presence-api: [BatchLogger] Updated 1 registration rows
2025-07-28 00:03:10 [DEBUG] face-presence-api: [BatchLogger] No durations, skip flush
2025-07-28 00:03:20 [DEBUG] face-presence-api: [BatchLogger] No durations, skip flush
2025-07-28 00:03:27 [DEBUG] face-presence-api: [BatchLogger] No verifications, skip flush
2025-07-28 00:03:30 [DEBUG] face-presence-api: [BatchLogger] No durations, skip flush
2025-07-28 00:03:40 [DEBUG] face-presence-api: [BatchLogger] No registrations, skip flush
2025-07-28 00:03:40 [DEBUG] face-presence-api: [BatchLogger] No durations, skip flush
2025-07-28 00:03:50 [DEBUG] face-presence-api: [BatchLogger] No durations, skip flush
2025-07-28 00:03:57 [DEBUG] face-presence-api: [BatchLogger] No verifications, skip flush
2025-07-28 00:04:00 [DEBUG] face-presence-api: [BatchLogger] No durations, skip flush
2025-07-28 00:04:10 [DEBUG] face-presence-api: [BatchLogger] No registrations, skip flush
2025-07-28 00:04:10 [DEBUG] face-presence-api: [BatchLogger] No durations, skip flush
2025-07-28 00:04:20 [DEBUG] face-presence-api: [BatchLogger] No durations, skip flush
2025-07-28 00:04:27 [DEBUG] face-presence-api: [BatchLogger] No verifications, skip flush
2025-07-28 00:04:30 [DEBUG] face-presence-api: [BatchLogger] No durations, skip flush
2025-07-28 00:04:40 [DEBUG] face-presence-api: [BatchLogger] No registrations, skip flush
2025-07-28 00:04:40 [DEBUG] face-presence-api: [BatchLogger] No durations, skip flush
2025-07-28 00:04:50 [DEBUG] face-presence-api: [BatchLogger] No durations, skip flush
2025-07-28 00:04:57 [DEBUG] face-presence-api: [BatchLogger] No verifications, skip flush
2025-07-28 00:05:00 [DEBUG] face-presence-api: [BatchLogger] No durations, skip flush
2025-07-28 00:05:10 [DEBUG] face-presence-api: [BatchLogger] No registrations, skip flush
2025-07-28 00:05:10 [DEBUG] face-presence-api: [BatchLogger] No durations, skip flush
2025-07-28 00:05:20 [DEBUG] face-presence-api: [BatchLogger] No durations, skip flush
2025-07-28 00:05:27 [DEBUG] face-presence-api: [BatchLogger] No verifications, skip flush
2025-07-28 00:05:30 [DEBUG] face-presence-api: [BatchLogger] No durations, skip flush
2025-07-28 00:05:31 [DEBUG] python_multipart.multipart: Calling on_part_begin with no data
2025-07-28 00:05:31 [DEBUG] python_multipart.multipart: Calling on_header_field with data[42:61]
2025-07-28 00:05:31 [DEBUG] python_multipart.multipart: Calling on_header_value with data[63:88]
2025-07-28 00:05:31 [DEBUG] python_multipart.multipart: Calling on_header_end with no data
2025-07-28 00:05:31 [DEBUG] python_multipart.multipart: Calling on_headers_finished with no data
2025-07-28 00:05:31 [DEBUG] python_multipart.multipart: Calling on_part_data with data[92:94]
2025-07-28 00:05:31 [DEBUG] python_multipart.multipart: Calling on_part_end with no data
2025-07-28 00:05:31 [DEBUG] python_multipart.multipart: Calling on_end with no data
2025-07-28 00:05:31 [INFO] face-presence-api: Checking status for user: 44
2025-07-28 00:05:31 [INFO] face-presence-api: User 44 is already registered.
2025-07-28 00:05:40 [DEBUG] face-presence-api: [BatchLogger] No registrations, skip flush
2025-07-28 00:05:40 [DEBUG] face-presence-api: [BatchLogger] No durations, skip flush
2025-07-28 00:05:45 [DEBUG] python_multipart.multipart: Calling on_part_begin with no data
2025-07-28 00:05:45 [DEBUG] python_multipart.multipart: Calling on_header_field with data[42:61]
2025-07-28 00:05:45 [DEBUG] python_multipart.multipart: Calling on_header_value with data[63:88]
2025-07-28 00:05:45 [DEBUG] python_multipart.multipart: Calling on_header_end with no data
2025-07-28 00:05:45 [DEBUG] python_multipart.multipart: Calling on_headers_finished with no data
2025-07-28 00:05:45 [DEBUG] python_multipart.multipart: Calling on_part_data with data[92:94]
2025-07-28 00:05:45 [DEBUG] python_multipart.multipart: Calling on_part_end with no data
2025-07-28 00:05:45 [DEBUG] python_multipart.multipart: Calling on_part_begin with no data
2025-07-28 00:05:45 [DEBUG] python_multipart.multipart: Calling on_header_field with data[138:157]
2025-07-28 00:05:45 [DEBUG] python_multipart.multipart: Calling on_header_value with data[159:205]
2025-07-28 00:05:45 [DEBUG] python_multipart.multipart: Calling on_header_end with no data
2025-07-28 00:05:45 [DEBUG] python_multipart.multipart: Calling on_header_field with data[207:219]
2025-07-28 00:05:45 [DEBUG] python_multipart.multipart: Calling on_header_value with data[221:231]
2025-07-28 00:05:45 [DEBUG] python_multipart.multipart: Calling on_header_end with no data
2025-07-28 00:05:45 [DEBUG] python_multipart.multipart: Calling on_headers_finished with no data
2025-07-28 00:05:45 [DEBUG] python_multipart.multipart: Calling on_part_data with data[235:3397]
2025-07-28 00:05:45 [DEBUG] python_multipart.multipart: Calling on_part_end with no data
2025-07-28 00:05:45 [DEBUG] python_multipart.multipart: Calling on_part_begin with no data
2025-07-28 00:05:45 [DEBUG] python_multipart.multipart: Calling on_header_field with data[3441:3460]
2025-07-28 00:05:45 [DEBUG] python_multipart.multipart: Calling on_header_value with data[3462:3508]
2025-07-28 00:05:45 [DEBUG] python_multipart.multipart: Calling on_header_end with no data
2025-07-28 00:05:45 [DEBUG] python_multipart.multipart: Calling on_header_field with data[3510:3522]
2025-07-28 00:05:45 [DEBUG] python_multipart.multipart: Calling on_header_value with data[3524:3534]
2025-07-28 00:05:45 [DEBUG] python_multipart.multipart: Calling on_header_end with no data
2025-07-28 00:05:45 [DEBUG] python_multipart.multipart: Calling on_headers_finished with no data
2025-07-28 00:05:45 [DEBUG] python_multipart.multipart: Calling on_part_data with data[3538:6700]
2025-07-28 00:05:45 [DEBUG] python_multipart.multipart: Calling on_part_end with no data
2025-07-28 00:05:45 [DEBUG] python_multipart.multipart: Calling on_part_begin with no data
2025-07-28 00:05:45 [DEBUG] python_multipart.multipart: Calling on_header_field with data[6744:6763]
2025-07-28 00:05:45 [DEBUG] python_multipart.multipart: Calling on_header_value with data[6765:6811]
2025-07-28 00:05:45 [DEBUG] python_multipart.multipart: Calling on_header_end with no data
2025-07-28 00:05:45 [DEBUG] python_multipart.multipart: Calling on_header_field with data[6813:6825]
2025-07-28 00:05:45 [DEBUG] python_multipart.multipart: Calling on_header_value with data[6827:6837]
2025-07-28 00:05:45 [DEBUG] python_multipart.multipart: Calling on_header_end with no data
2025-07-28 00:05:45 [DEBUG] python_multipart.multipart: Calling on_headers_finished with no data
2025-07-28 00:05:45 [DEBUG] python_multipart.multipart: Calling on_part_data with data[6841:10003]
2025-07-28 00:05:45 [DEBUG] python_multipart.multipart: Calling on_part_end with no data
2025-07-28 00:05:45 [DEBUG] python_multipart.multipart: Calling on_part_begin with no data
2025-07-28 00:05:45 [DEBUG] python_multipart.multipart: Calling on_header_field with data[10047:10066]
2025-07-28 00:05:45 [DEBUG] python_multipart.multipart: Calling on_header_value with data[10068:10114]
2025-07-28 00:05:45 [DEBUG] python_multipart.multipart: Calling on_header_end with no data
2025-07-28 00:05:45 [DEBUG] python_multipart.multipart: Calling on_header_field with data[10116:10128]
2025-07-28 00:05:45 [DEBUG] python_multipart.multipart: Calling on_header_value with data[10130:10140]
2025-07-28 00:05:45 [DEBUG] python_multipart.multipart: Calling on_header_end with no data
2025-07-28 00:05:45 [DEBUG] python_multipart.multipart: Calling on_headers_finished with no data
2025-07-28 00:05:45 [DEBUG] python_multipart.multipart: Calling on_part_data with data[10144:13306]
2025-07-28 00:05:45 [DEBUG] python_multipart.multipart: Calling on_part_end with no data
2025-07-28 00:05:45 [DEBUG] python_multipart.multipart: Calling on_part_begin with no data
2025-07-28 00:05:45 [DEBUG] python_multipart.multipart: Calling on_header_field with data[13350:13369]
2025-07-28 00:05:45 [DEBUG] python_multipart.multipart: Calling on_header_value with data[13371:13417]
2025-07-28 00:05:45 [DEBUG] python_multipart.multipart: Calling on_header_end with no data
2025-07-28 00:05:45 [DEBUG] python_multipart.multipart: Calling on_header_field with data[13419:13431]
2025-07-28 00:05:45 [DEBUG] python_multipart.multipart: Calling on_header_value with data[13433:13443]
2025-07-28 00:05:45 [DEBUG] python_multipart.multipart: Calling on_header_end with no data
2025-07-28 00:05:45 [DEBUG] python_multipart.multipart: Calling on_headers_finished with no data
2025-07-28 00:05:45 [DEBUG] python_multipart.multipart: Calling on_part_data with data[13447:16609]
2025-07-28 00:05:45 [DEBUG] python_multipart.multipart: Calling on_part_end with no data
2025-07-28 00:05:45 [DEBUG] python_multipart.multipart: Calling on_part_begin with no data
2025-07-28 00:05:45 [DEBUG] python_multipart.multipart: Calling on_header_field with data[16653:16672]
2025-07-28 00:05:45 [DEBUG] python_multipart.multipart: Calling on_header_value with data[16674:16720]
2025-07-28 00:05:45 [DEBUG] python_multipart.multipart: Calling on_header_end with no data
2025-07-28 00:05:45 [DEBUG] python_multipart.multipart: Calling on_header_field with data[16722:16734]
2025-07-28 00:05:45 [DEBUG] python_multipart.multipart: Calling on_header_value with data[16736:16746]
2025-07-28 00:05:45 [DEBUG] python_multipart.multipart: Calling on_header_end with no data
2025-07-28 00:05:45 [DEBUG] python_multipart.multipart: Calling on_headers_finished with no data
2025-07-28 00:05:45 [DEBUG] python_multipart.multipart: Calling on_part_data with data[16750:19912]
2025-07-28 00:05:45 [DEBUG] python_multipart.multipart: Calling on_part_end with no data
2025-07-28 00:05:45 [DEBUG] python_multipart.multipart: Calling on_part_begin with no data
2025-07-28 00:05:45 [DEBUG] python_multipart.multipart: Calling on_header_field with data[19956:19975]
2025-07-28 00:05:45 [DEBUG] python_multipart.multipart: Calling on_header_value with data[19977:20023]
2025-07-28 00:05:45 [DEBUG] python_multipart.multipart: Calling on_header_end with no data
2025-07-28 00:05:45 [DEBUG] python_multipart.multipart: Calling on_header_field with data[20025:20037]
2025-07-28 00:05:45 [DEBUG] python_multipart.multipart: Calling on_header_value with data[20039:20049]
2025-07-28 00:05:45 [DEBUG] python_multipart.multipart: Calling on_header_end with no data
2025-07-28 00:05:45 [DEBUG] python_multipart.multipart: Calling on_headers_finished with no data
2025-07-28 00:05:45 [DEBUG] python_multipart.multipart: Calling on_part_data with data[20053:23215]
2025-07-28 00:05:45 [DEBUG] python_multipart.multipart: Calling on_part_end with no data
2025-07-28 00:05:45 [DEBUG] python_multipart.multipart: Calling on_part_begin with no data
2025-07-28 00:05:45 [DEBUG] python_multipart.multipart: Calling on_header_field with data[23259:23278]
2025-07-28 00:05:45 [DEBUG] python_multipart.multipart: Calling on_header_value with data[23280:23326]
2025-07-28 00:05:45 [DEBUG] python_multipart.multipart: Calling on_header_end with no data
2025-07-28 00:05:45 [DEBUG] python_multipart.multipart: Calling on_header_field with data[23328:23340]
2025-07-28 00:05:45 [DEBUG] python_multipart.multipart: Calling on_header_value with data[23342:23352]
2025-07-28 00:05:45 [DEBUG] python_multipart.multipart: Calling on_header_end with no data
2025-07-28 00:05:45 [DEBUG] python_multipart.multipart: Calling on_headers_finished with no data
2025-07-28 00:05:45 [DEBUG] python_multipart.multipart: Calling on_part_data with data[23356:26518]
2025-07-28 00:05:45 [DEBUG] python_multipart.multipart: Calling on_part_end with no data
2025-07-28 00:05:45 [DEBUG] python_multipart.multipart: Calling on_part_begin with no data
2025-07-28 00:05:45 [DEBUG] python_multipart.multipart: Calling on_header_field with data[26562:26581]
2025-07-28 00:05:45 [DEBUG] python_multipart.multipart: Calling on_header_value with data[26583:26629]
2025-07-28 00:05:45 [DEBUG] python_multipart.multipart: Calling on_header_end with no data
2025-07-28 00:05:45 [DEBUG] python_multipart.multipart: Calling on_header_field with data[26631:26643]
2025-07-28 00:05:45 [DEBUG] python_multipart.multipart: Calling on_header_value with data[26645:26655]
2025-07-28 00:05:45 [DEBUG] python_multipart.multipart: Calling on_header_end with no data
2025-07-28 00:05:45 [DEBUG] python_multipart.multipart: Calling on_headers_finished with no data
2025-07-28 00:05:45 [DEBUG] python_multipart.multipart: Calling on_part_data with data[26659:29821]
2025-07-28 00:05:45 [DEBUG] python_multipart.multipart: Calling on_part_end with no data
2025-07-28 00:05:45 [DEBUG] python_multipart.multipart: Calling on_part_begin with no data
2025-07-28 00:05:45 [DEBUG] python_multipart.multipart: Calling on_header_field with data[29865:29884]
2025-07-28 00:05:45 [DEBUG] python_multipart.multipart: Calling on_header_value with data[29886:29933]
2025-07-28 00:05:45 [DEBUG] python_multipart.multipart: Calling on_header_end with no data
2025-07-28 00:05:45 [DEBUG] python_multipart.multipart: Calling on_header_field with data[29935:29947]
2025-07-28 00:05:45 [DEBUG] python_multipart.multipart: Calling on_header_value with data[29949:29959]
2025-07-28 00:05:45 [DEBUG] python_multipart.multipart: Calling on_header_end with no data
2025-07-28 00:05:45 [DEBUG] python_multipart.multipart: Calling on_headers_finished with no data
2025-07-28 00:05:45 [DEBUG] python_multipart.multipart: Calling on_part_data with data[29963:33125]
2025-07-28 00:05:45 [DEBUG] python_multipart.multipart: Calling on_part_end with no data
2025-07-28 00:05:45 [DEBUG] python_multipart.multipart: Calling on_part_begin with no data
2025-07-28 00:05:45 [DEBUG] python_multipart.multipart: Calling on_header_field with data[33169:33188]
2025-07-28 00:05:45 [DEBUG] python_multipart.multipart: Calling on_header_value with data[33190:33237]
2025-07-28 00:05:45 [DEBUG] python_multipart.multipart: Calling on_header_end with no data
2025-07-28 00:05:45 [DEBUG] python_multipart.multipart: Calling on_header_field with data[33239:33251]
2025-07-28 00:05:45 [DEBUG] python_multipart.multipart: Calling on_header_value with data[33253:33263]
2025-07-28 00:05:45 [DEBUG] python_multipart.multipart: Calling on_header_end with no data
2025-07-28 00:05:45 [DEBUG] python_multipart.multipart: Calling on_headers_finished with no data
2025-07-28 00:05:45 [DEBUG] python_multipart.multipart: Calling on_part_data with data[33267:36429]
2025-07-28 00:05:45 [DEBUG] python_multipart.multipart: Calling on_part_end with no data
2025-07-28 00:05:45 [DEBUG] python_multipart.multipart: Calling on_part_begin with no data
2025-07-28 00:05:45 [DEBUG] python_multipart.multipart: Calling on_header_field with data[36473:36492]
2025-07-28 00:05:45 [DEBUG] python_multipart.multipart: Calling on_header_value with data[36494:36541]
2025-07-28 00:05:45 [DEBUG] python_multipart.multipart: Calling on_header_end with no data
2025-07-28 00:05:45 [DEBUG] python_multipart.multipart: Calling on_header_field with data[36543:36555]
2025-07-28 00:05:45 [DEBUG] python_multipart.multipart: Calling on_header_value with data[36557:36567]
2025-07-28 00:05:45 [DEBUG] python_multipart.multipart: Calling on_header_end with no data
2025-07-28 00:05:45 [DEBUG] python_multipart.multipart: Calling on_headers_finished with no data
2025-07-28 00:05:45 [DEBUG] python_multipart.multipart: Calling on_part_data with data[36571:39733]
2025-07-28 00:05:45 [DEBUG] python_multipart.multipart: Calling on_part_end with no data
2025-07-28 00:05:45 [DEBUG] python_multipart.multipart: Calling on_part_begin with no data
2025-07-28 00:05:45 [DEBUG] python_multipart.multipart: Calling on_header_field with data[39777:39796]
2025-07-28 00:05:45 [DEBUG] python_multipart.multipart: Calling on_header_value with data[39798:39845]
2025-07-28 00:05:45 [DEBUG] python_multipart.multipart: Calling on_header_end with no data
2025-07-28 00:05:45 [DEBUG] python_multipart.multipart: Calling on_header_field with data[39847:39859]
2025-07-28 00:05:45 [DEBUG] python_multipart.multipart: Calling on_header_value with data[39861:39871]
2025-07-28 00:05:45 [DEBUG] python_multipart.multipart: Calling on_header_end with no data
2025-07-28 00:05:45 [DEBUG] python_multipart.multipart: Calling on_headers_finished with no data
2025-07-28 00:05:45 [DEBUG] python_multipart.multipart: Calling on_part_data with data[39875:43037]
2025-07-28 00:05:45 [DEBUG] python_multipart.multipart: Calling on_part_end with no data
2025-07-28 00:05:45 [DEBUG] python_multipart.multipart: Calling on_part_begin with no data
2025-07-28 00:05:45 [DEBUG] python_multipart.multipart: Calling on_header_field with data[43081:43100]
2025-07-28 00:05:45 [DEBUG] python_multipart.multipart: Calling on_header_value with data[43102:43149]
2025-07-28 00:05:45 [DEBUG] python_multipart.multipart: Calling on_header_end with no data
2025-07-28 00:05:45 [DEBUG] python_multipart.multipart: Calling on_header_field with data[43151:43163]
2025-07-28 00:05:45 [DEBUG] python_multipart.multipart: Calling on_header_value with data[43165:43175]
2025-07-28 00:05:45 [DEBUG] python_multipart.multipart: Calling on_header_end with no data
2025-07-28 00:05:45 [DEBUG] python_multipart.multipart: Calling on_headers_finished with no data
2025-07-28 00:05:45 [DEBUG] python_multipart.multipart: Calling on_part_data with data[43179:46341]
2025-07-28 00:05:45 [DEBUG] python_multipart.multipart: Calling on_part_end with no data
2025-07-28 00:05:45 [DEBUG] python_multipart.multipart: Calling on_part_begin with no data
2025-07-28 00:05:45 [DEBUG] python_multipart.multipart: Calling on_header_field with data[46385:46404]
2025-07-28 00:05:45 [DEBUG] python_multipart.multipart: Calling on_header_value with data[46406:46453]
2025-07-28 00:05:45 [DEBUG] python_multipart.multipart: Calling on_header_end with no data
2025-07-28 00:05:45 [DEBUG] python_multipart.multipart: Calling on_header_field with data[46455:46467]
2025-07-28 00:05:45 [DEBUG] python_multipart.multipart: Calling on_header_value with data[46469:46479]
2025-07-28 00:05:45 [DEBUG] python_multipart.multipart: Calling on_header_end with no data
2025-07-28 00:05:45 [DEBUG] python_multipart.multipart: Calling on_headers_finished with no data
2025-07-28 00:05:45 [DEBUG] python_multipart.multipart: Calling on_part_data with data[46483:49645]
2025-07-28 00:05:45 [DEBUG] python_multipart.multipart: Calling on_part_end with no data
2025-07-28 00:05:45 [DEBUG] python_multipart.multipart: Calling on_part_begin with no data
2025-07-28 00:05:45 [DEBUG] python_multipart.multipart: Calling on_header_field with data[49689:49708]
2025-07-28 00:05:45 [DEBUG] python_multipart.multipart: Calling on_header_value with data[49710:49757]
2025-07-28 00:05:45 [DEBUG] python_multipart.multipart: Calling on_header_end with no data
2025-07-28 00:05:45 [DEBUG] python_multipart.multipart: Calling on_header_field with data[49759:49771]
2025-07-28 00:05:45 [DEBUG] python_multipart.multipart: Calling on_header_value with data[49773:49783]
2025-07-28 00:05:45 [DEBUG] python_multipart.multipart: Calling on_header_end with no data
2025-07-28 00:05:45 [DEBUG] python_multipart.multipart: Calling on_headers_finished with no data
2025-07-28 00:05:45 [DEBUG] python_multipart.multipart: Calling on_part_data with data[49787:52949]
2025-07-28 00:05:45 [DEBUG] python_multipart.multipart: Calling on_part_end with no data
2025-07-28 00:05:45 [DEBUG] python_multipart.multipart: Calling on_part_begin with no data
2025-07-28 00:05:45 [DEBUG] python_multipart.multipart: Calling on_header_field with data[52993:53012]
2025-07-28 00:05:45 [DEBUG] python_multipart.multipart: Calling on_header_value with data[53014:53061]
2025-07-28 00:05:45 [DEBUG] python_multipart.multipart: Calling on_header_end with no data
2025-07-28 00:05:45 [DEBUG] python_multipart.multipart: Calling on_header_field with data[53063:53075]
2025-07-28 00:05:45 [DEBUG] python_multipart.multipart: Calling on_header_value with data[53077:53087]
2025-07-28 00:05:45 [DEBUG] python_multipart.multipart: Calling on_header_end with no data
2025-07-28 00:05:45 [DEBUG] python_multipart.multipart: Calling on_headers_finished with no data
2025-07-28 00:05:45 [DEBUG] python_multipart.multipart: Calling on_part_data with data[53091:56253]
2025-07-28 00:05:45 [DEBUG] python_multipart.multipart: Calling on_part_end with no data
2025-07-28 00:05:45 [DEBUG] python_multipart.multipart: Calling on_part_begin with no data
2025-07-28 00:05:45 [DEBUG] python_multipart.multipart: Calling on_header_field with data[56297:56316]
2025-07-28 00:05:45 [DEBUG] python_multipart.multipart: Calling on_header_value with data[56318:56365]
2025-07-28 00:05:45 [DEBUG] python_multipart.multipart: Calling on_header_end with no data
2025-07-28 00:05:45 [DEBUG] python_multipart.multipart: Calling on_header_field with data[56367:56379]
2025-07-28 00:05:45 [DEBUG] python_multipart.multipart: Calling on_header_value with data[56381:56391]
2025-07-28 00:05:45 [DEBUG] python_multipart.multipart: Calling on_header_end with no data
2025-07-28 00:05:45 [DEBUG] python_multipart.multipart: Calling on_headers_finished with no data
2025-07-28 00:05:45 [DEBUG] python_multipart.multipart: Calling on_part_data with data[56395:59557]
2025-07-28 00:05:45 [DEBUG] python_multipart.multipart: Calling on_part_end with no data
2025-07-28 00:05:45 [DEBUG] python_multipart.multipart: Calling on_part_begin with no data
2025-07-28 00:05:45 [DEBUG] python_multipart.multipart: Calling on_header_field with data[59601:59620]
2025-07-28 00:05:45 [DEBUG] python_multipart.multipart: Calling on_header_value with data[59622:59669]
2025-07-28 00:05:45 [DEBUG] python_multipart.multipart: Calling on_header_end with no data
2025-07-28 00:05:45 [DEBUG] python_multipart.multipart: Calling on_header_field with data[59671:59683]
2025-07-28 00:05:45 [DEBUG] python_multipart.multipart: Calling on_header_value with data[59685:59695]
2025-07-28 00:05:45 [DEBUG] python_multipart.multipart: Calling on_header_end with no data
2025-07-28 00:05:45 [DEBUG] python_multipart.multipart: Calling on_headers_finished with no data
2025-07-28 00:05:45 [DEBUG] python_multipart.multipart: Calling on_part_data with data[59699:62861]
2025-07-28 00:05:45 [DEBUG] python_multipart.multipart: Calling on_part_end with no data
2025-07-28 00:05:45 [DEBUG] python_multipart.multipart: Calling on_part_begin with no data
2025-07-28 00:05:45 [DEBUG] python_multipart.multipart: Calling on_header_field with data[62905:62924]
2025-07-28 00:05:45 [DEBUG] python_multipart.multipart: Calling on_header_value with data[62926:62973]
2025-07-28 00:05:45 [DEBUG] python_multipart.multipart: Calling on_header_end with no data
2025-07-28 00:05:45 [DEBUG] python_multipart.multipart: Calling on_header_field with data[62975:62987]
2025-07-28 00:05:45 [DEBUG] python_multipart.multipart: Calling on_header_value with data[62989:62999]
2025-07-28 00:05:45 [DEBUG] python_multipart.multipart: Calling on_header_end with no data
2025-07-28 00:05:45 [DEBUG] python_multipart.multipart: Calling on_headers_finished with no data
2025-07-28 00:05:45 [DEBUG] python_multipart.multipart: Calling on_part_data with data[63003:66165]
2025-07-28 00:05:45 [DEBUG] python_multipart.multipart: Calling on_part_end with no data
2025-07-28 00:05:45 [DEBUG] python_multipart.multipart: Calling on_part_begin with no data
2025-07-28 00:05:45 [DEBUG] python_multipart.multipart: Calling on_header_field with data[66209:66228]
2025-07-28 00:05:45 [DEBUG] python_multipart.multipart: Calling on_header_value with data[66230:66277]
2025-07-28 00:05:45 [DEBUG] python_multipart.multipart: Calling on_header_end with no data
2025-07-28 00:05:45 [DEBUG] python_multipart.multipart: Calling on_header_field with data[66279:66291]
2025-07-28 00:05:45 [DEBUG] python_multipart.multipart: Calling on_header_value with data[66293:66303]
2025-07-28 00:05:45 [DEBUG] python_multipart.multipart: Calling on_header_end with no data
2025-07-28 00:05:45 [DEBUG] python_multipart.multipart: Calling on_headers_finished with no data
2025-07-28 00:05:45 [DEBUG] python_multipart.multipart: Calling on_part_data with data[66307:69469]
2025-07-28 00:05:45 [DEBUG] python_multipart.multipart: Calling on_part_end with no data
2025-07-28 00:05:45 [DEBUG] python_multipart.multipart: Calling on_part_begin with no data
2025-07-28 00:05:45 [DEBUG] python_multipart.multipart: Calling on_header_field with data[69513:69532]
2025-07-28 00:05:45 [DEBUG] python_multipart.multipart: Calling on_header_value with data[69534:69581]
2025-07-28 00:05:45 [DEBUG] python_multipart.multipart: Calling on_header_end with no data
2025-07-28 00:05:45 [DEBUG] python_multipart.multipart: Calling on_header_field with data[69583:69595]
2025-07-28 00:05:45 [DEBUG] python_multipart.multipart: Calling on_header_value with data[69597:69607]
2025-07-28 00:05:45 [DEBUG] python_multipart.multipart: Calling on_header_end with no data
2025-07-28 00:05:45 [DEBUG] python_multipart.multipart: Calling on_headers_finished with no data
2025-07-28 00:05:45 [DEBUG] python_multipart.multipart: Calling on_part_data with data[69611:72773]
2025-07-28 00:05:45 [DEBUG] python_multipart.multipart: Calling on_part_end with no data
2025-07-28 00:05:45 [DEBUG] python_multipart.multipart: Calling on_part_begin with no data
2025-07-28 00:05:45 [DEBUG] python_multipart.multipart: Calling on_header_field with data[72817:72836]
2025-07-28 00:05:45 [DEBUG] python_multipart.multipart: Calling on_header_value with data[72838:72885]
2025-07-28 00:05:45 [DEBUG] python_multipart.multipart: Calling on_header_end with no data
2025-07-28 00:05:45 [DEBUG] python_multipart.multipart: Calling on_header_field with data[72887:72899]
2025-07-28 00:05:45 [DEBUG] python_multipart.multipart: Calling on_header_value with data[72901:72911]
2025-07-28 00:05:45 [DEBUG] python_multipart.multipart: Calling on_header_end with no data
2025-07-28 00:05:45 [DEBUG] python_multipart.multipart: Calling on_headers_finished with no data
2025-07-28 00:05:45 [DEBUG] python_multipart.multipart: Calling on_part_data with data[72915:76077]
2025-07-28 00:05:45 [DEBUG] python_multipart.multipart: Calling on_part_end with no data
2025-07-28 00:05:45 [DEBUG] python_multipart.multipart: Calling on_part_begin with no data
2025-07-28 00:05:45 [DEBUG] python_multipart.multipart: Calling on_header_field with data[76121:76140]
2025-07-28 00:05:45 [DEBUG] python_multipart.multipart: Calling on_header_value with data[76142:76189]
2025-07-28 00:05:45 [DEBUG] python_multipart.multipart: Calling on_header_end with no data
2025-07-28 00:05:45 [DEBUG] python_multipart.multipart: Calling on_header_field with data[76191:76203]
2025-07-28 00:05:45 [DEBUG] python_multipart.multipart: Calling on_header_value with data[76205:76215]
2025-07-28 00:05:45 [DEBUG] python_multipart.multipart: Calling on_header_end with no data
2025-07-28 00:05:45 [DEBUG] python_multipart.multipart: Calling on_headers_finished with no data
2025-07-28 00:05:45 [DEBUG] python_multipart.multipart: Calling on_part_data with data[76219:79381]
2025-07-28 00:05:45 [DEBUG] python_multipart.multipart: Calling on_part_end with no data
2025-07-28 00:05:45 [DEBUG] python_multipart.multipart: Calling on_part_begin with no data
2025-07-28 00:05:45 [DEBUG] python_multipart.multipart: Calling on_header_field with data[79425:79444]
2025-07-28 00:05:45 [DEBUG] python_multipart.multipart: Calling on_header_value with data[79446:79493]
2025-07-28 00:05:45 [DEBUG] python_multipart.multipart: Calling on_header_end with no data
2025-07-28 00:05:45 [DEBUG] python_multipart.multipart: Calling on_header_field with data[79495:79507]
2025-07-28 00:05:45 [DEBUG] python_multipart.multipart: Calling on_header_value with data[79509:79519]
2025-07-28 00:05:45 [DEBUG] python_multipart.multipart: Calling on_header_end with no data
2025-07-28 00:05:45 [DEBUG] python_multipart.multipart: Calling on_headers_finished with no data
2025-07-28 00:05:45 [DEBUG] python_multipart.multipart: Calling on_part_data with data[79523:81920]
2025-07-28 00:05:45 [DEBUG] python_multipart.multipart: Calling on_part_data with data[0:765]
2025-07-28 00:05:45 [DEBUG] python_multipart.multipart: Calling on_part_end with no data
2025-07-28 00:05:45 [DEBUG] python_multipart.multipart: Calling on_part_begin with no data
2025-07-28 00:05:45 [DEBUG] python_multipart.multipart: Calling on_header_field with data[809:828]
2025-07-28 00:05:45 [DEBUG] python_multipart.multipart: Calling on_header_value with data[830:877]
2025-07-28 00:05:45 [DEBUG] python_multipart.multipart: Calling on_header_end with no data
2025-07-28 00:05:45 [DEBUG] python_multipart.multipart: Calling on_header_field with data[879:891]
2025-07-28 00:05:45 [DEBUG] python_multipart.multipart: Calling on_header_value with data[893:903]
2025-07-28 00:05:45 [DEBUG] python_multipart.multipart: Calling on_header_end with no data
2025-07-28 00:05:45 [DEBUG] python_multipart.multipart: Calling on_headers_finished with no data
2025-07-28 00:05:45 [DEBUG] python_multipart.multipart: Calling on_part_data with data[907:4069]
2025-07-28 00:05:45 [DEBUG] python_multipart.multipart: Calling on_part_end with no data
2025-07-28 00:05:45 [DEBUG] python_multipart.multipart: Calling on_part_begin with no data
2025-07-28 00:05:45 [DEBUG] python_multipart.multipart: Calling on_header_field with data[4113:4132]
2025-07-28 00:05:45 [DEBUG] python_multipart.multipart: Calling on_header_value with data[4134:4181]
2025-07-28 00:05:45 [DEBUG] python_multipart.multipart: Calling on_header_end with no data
2025-07-28 00:05:45 [DEBUG] python_multipart.multipart: Calling on_header_field with data[4183:4195]
2025-07-28 00:05:45 [DEBUG] python_multipart.multipart: Calling on_header_value with data[4197:4207]
2025-07-28 00:05:45 [DEBUG] python_multipart.multipart: Calling on_header_end with no data
2025-07-28 00:05:45 [DEBUG] python_multipart.multipart: Calling on_headers_finished with no data
2025-07-28 00:05:45 [DEBUG] python_multipart.multipart: Calling on_part_data with data[4211:7373]
2025-07-28 00:05:45 [DEBUG] python_multipart.multipart: Calling on_part_end with no data
2025-07-28 00:05:45 [DEBUG] python_multipart.multipart: Calling on_part_begin with no data
2025-07-28 00:05:45 [DEBUG] python_multipart.multipart: Calling on_header_field with data[7417:7436]
2025-07-28 00:05:45 [DEBUG] python_multipart.multipart: Calling on_header_value with data[7438:7485]
2025-07-28 00:05:45 [DEBUG] python_multipart.multipart: Calling on_header_end with no data
2025-07-28 00:05:45 [DEBUG] python_multipart.multipart: Calling on_header_field with data[7487:7499]
2025-07-28 00:05:45 [DEBUG] python_multipart.multipart: Calling on_header_value with data[7501:7511]
2025-07-28 00:05:45 [DEBUG] python_multipart.multipart: Calling on_header_end with no data
2025-07-28 00:05:45 [DEBUG] python_multipart.multipart: Calling on_headers_finished with no data
2025-07-28 00:05:45 [DEBUG] python_multipart.multipart: Calling on_part_data with data[7515:10677]
2025-07-28 00:05:45 [DEBUG] python_multipart.multipart: Calling on_part_end with no data
2025-07-28 00:05:45 [DEBUG] python_multipart.multipart: Calling on_part_begin with no data
2025-07-28 00:05:45 [DEBUG] python_multipart.multipart: Calling on_header_field with data[10721:10740]
2025-07-28 00:05:45 [DEBUG] python_multipart.multipart: Calling on_header_value with data[10742:10789]
2025-07-28 00:05:45 [DEBUG] python_multipart.multipart: Calling on_header_end with no data
2025-07-28 00:05:45 [DEBUG] python_multipart.multipart: Calling on_header_field with data[10791:10803]
2025-07-28 00:05:45 [DEBUG] python_multipart.multipart: Calling on_header_value with data[10805:10815]
2025-07-28 00:05:45 [DEBUG] python_multipart.multipart: Calling on_header_end with no data
2025-07-28 00:05:45 [DEBUG] python_multipart.multipart: Calling on_headers_finished with no data
2025-07-28 00:05:45 [DEBUG] python_multipart.multipart: Calling on_part_data with data[10819:13981]
2025-07-28 00:05:45 [DEBUG] python_multipart.multipart: Calling on_part_end with no data
2025-07-28 00:05:45 [DEBUG] python_multipart.multipart: Calling on_part_begin with no data
2025-07-28 00:05:45 [DEBUG] python_multipart.multipart: Calling on_header_field with data[14025:14044]
2025-07-28 00:05:45 [DEBUG] python_multipart.multipart: Calling on_header_value with data[14046:14093]
2025-07-28 00:05:45 [DEBUG] python_multipart.multipart: Calling on_header_end with no data
2025-07-28 00:05:45 [DEBUG] python_multipart.multipart: Calling on_header_field with data[14095:14107]
2025-07-28 00:05:45 [DEBUG] python_multipart.multipart: Calling on_header_value with data[14109:14119]
2025-07-28 00:05:45 [DEBUG] python_multipart.multipart: Calling on_header_end with no data
2025-07-28 00:05:45 [DEBUG] python_multipart.multipart: Calling on_headers_finished with no data
2025-07-28 00:05:45 [DEBUG] python_multipart.multipart: Calling on_part_data with data[14123:17285]
2025-07-28 00:05:45 [DEBUG] python_multipart.multipart: Calling on_part_end with no data
2025-07-28 00:05:45 [DEBUG] python_multipart.multipart: Calling on_part_begin with no data
2025-07-28 00:05:45 [DEBUG] python_multipart.multipart: Calling on_header_field with data[17329:17348]
2025-07-28 00:05:45 [DEBUG] python_multipart.multipart: Calling on_header_value with data[17350:17397]
2025-07-28 00:05:45 [DEBUG] python_multipart.multipart: Calling on_header_end with no data
2025-07-28 00:05:45 [DEBUG] python_multipart.multipart: Calling on_header_field with data[17399:17411]
2025-07-28 00:05:45 [DEBUG] python_multipart.multipart: Calling on_header_value with data[17413:17423]
2025-07-28 00:05:45 [DEBUG] python_multipart.multipart: Calling on_header_end with no data
2025-07-28 00:05:45 [DEBUG] python_multipart.multipart: Calling on_headers_finished with no data
2025-07-28 00:05:45 [DEBUG] python_multipart.multipart: Calling on_part_data with data[17427:20589]
2025-07-28 00:05:45 [DEBUG] python_multipart.multipart: Calling on_part_end with no data
2025-07-28 00:05:45 [DEBUG] python_multipart.multipart: Calling on_part_begin with no data
2025-07-28 00:05:45 [DEBUG] python_multipart.multipart: Calling on_header_field with data[20633:20652]
2025-07-28 00:05:45 [DEBUG] python_multipart.multipart: Calling on_header_value with data[20654:20701]
2025-07-28 00:05:45 [DEBUG] python_multipart.multipart: Calling on_header_end with no data
2025-07-28 00:05:45 [DEBUG] python_multipart.multipart: Calling on_header_field with data[20703:20715]
2025-07-28 00:05:45 [DEBUG] python_multipart.multipart: Calling on_header_value with data[20717:20727]
2025-07-28 00:05:45 [DEBUG] python_multipart.multipart: Calling on_header_end with no data
2025-07-28 00:05:45 [DEBUG] python_multipart.multipart: Calling on_headers_finished with no data
2025-07-28 00:05:45 [DEBUG] python_multipart.multipart: Calling on_part_data with data[20731:23893]
2025-07-28 00:05:45 [DEBUG] python_multipart.multipart: Calling on_part_end with no data
2025-07-28 00:05:45 [DEBUG] python_multipart.multipart: Calling on_part_begin with no data
2025-07-28 00:05:45 [DEBUG] python_multipart.multipart: Calling on_header_field with data[23937:23956]
2025-07-28 00:05:45 [DEBUG] python_multipart.multipart: Calling on_header_value with data[23958:24005]
2025-07-28 00:05:45 [DEBUG] python_multipart.multipart: Calling on_header_end with no data
2025-07-28 00:05:45 [DEBUG] python_multipart.multipart: Calling on_header_field with data[24007:24019]
2025-07-28 00:05:45 [DEBUG] python_multipart.multipart: Calling on_header_value with data[24021:24031]
2025-07-28 00:05:45 [DEBUG] python_multipart.multipart: Calling on_header_end with no data
2025-07-28 00:05:45 [DEBUG] python_multipart.multipart: Calling on_headers_finished with no data
2025-07-28 00:05:45 [DEBUG] python_multipart.multipart: Calling on_part_data with data[24035:27197]
2025-07-28 00:05:45 [DEBUG] python_multipart.multipart: Calling on_part_end with no data
2025-07-28 00:05:45 [DEBUG] python_multipart.multipart: Calling on_part_begin with no data
2025-07-28 00:05:45 [DEBUG] python_multipart.multipart: Calling on_header_field with data[27241:27260]
2025-07-28 00:05:45 [DEBUG] python_multipart.multipart: Calling on_header_value with data[27262:27309]
2025-07-28 00:05:45 [DEBUG] python_multipart.multipart: Calling on_header_end with no data
2025-07-28 00:05:45 [DEBUG] python_multipart.multipart: Calling on_header_field with data[27311:27323]
2025-07-28 00:05:45 [DEBUG] python_multipart.multipart: Calling on_header_value with data[27325:27335]
2025-07-28 00:05:45 [DEBUG] python_multipart.multipart: Calling on_header_end with no data
2025-07-28 00:05:45 [DEBUG] python_multipart.multipart: Calling on_headers_finished with no data
2025-07-28 00:05:45 [DEBUG] python_multipart.multipart: Calling on_part_data with data[27339:30501]
2025-07-28 00:05:45 [DEBUG] python_multipart.multipart: Calling on_part_end with no data
2025-07-28 00:05:45 [DEBUG] python_multipart.multipart: Calling on_part_begin with no data
2025-07-28 00:05:45 [DEBUG] python_multipart.multipart: Calling on_header_field with data[30545:30564]
2025-07-28 00:05:45 [DEBUG] python_multipart.multipart: Calling on_header_value with data[30566:30613]
2025-07-28 00:05:45 [DEBUG] python_multipart.multipart: Calling on_header_end with no data
2025-07-28 00:05:45 [DEBUG] python_multipart.multipart: Calling on_header_field with data[30615:30627]
2025-07-28 00:05:45 [DEBUG] python_multipart.multipart: Calling on_header_value with data[30629:30639]
2025-07-28 00:05:45 [DEBUG] python_multipart.multipart: Calling on_header_end with no data
2025-07-28 00:05:45 [DEBUG] python_multipart.multipart: Calling on_headers_finished with no data
2025-07-28 00:05:45 [DEBUG] python_multipart.multipart: Calling on_part_data with data[30643:33805]
2025-07-28 00:05:45 [DEBUG] python_multipart.multipart: Calling on_part_end with no data
2025-07-28 00:05:45 [DEBUG] python_multipart.multipart: Calling on_part_begin with no data
2025-07-28 00:05:45 [DEBUG] python_multipart.multipart: Calling on_header_field with data[33849:33868]
2025-07-28 00:05:45 [DEBUG] python_multipart.multipart: Calling on_header_value with data[33870:33917]
2025-07-28 00:05:45 [DEBUG] python_multipart.multipart: Calling on_header_end with no data
2025-07-28 00:05:45 [DEBUG] python_multipart.multipart: Calling on_header_field with data[33919:33931]
2025-07-28 00:05:45 [DEBUG] python_multipart.multipart: Calling on_header_value with data[33933:33943]
2025-07-28 00:05:45 [DEBUG] python_multipart.multipart: Calling on_header_end with no data
2025-07-28 00:05:45 [DEBUG] python_multipart.multipart: Calling on_headers_finished with no data
2025-07-28 00:05:45 [DEBUG] python_multipart.multipart: Calling on_part_data with data[33947:37109]
2025-07-28 00:05:45 [DEBUG] python_multipart.multipart: Calling on_part_end with no data
2025-07-28 00:05:45 [DEBUG] python_multipart.multipart: Calling on_part_begin with no data
2025-07-28 00:05:45 [DEBUG] python_multipart.multipart: Calling on_header_field with data[37153:37172]
2025-07-28 00:05:45 [DEBUG] python_multipart.multipart: Calling on_header_value with data[37174:37221]
2025-07-28 00:05:45 [DEBUG] python_multipart.multipart: Calling on_header_end with no data
2025-07-28 00:05:45 [DEBUG] python_multipart.multipart: Calling on_header_field with data[37223:37235]
2025-07-28 00:05:45 [DEBUG] python_multipart.multipart: Calling on_header_value with data[37237:37247]
2025-07-28 00:05:45 [DEBUG] python_multipart.multipart: Calling on_header_end with no data
2025-07-28 00:05:45 [DEBUG] python_multipart.multipart: Calling on_headers_finished with no data
2025-07-28 00:05:45 [DEBUG] python_multipart.multipart: Calling on_part_data with data[37251:40413]
2025-07-28 00:05:45 [DEBUG] python_multipart.multipart: Calling on_part_end with no data
2025-07-28 00:05:45 [DEBUG] python_multipart.multipart: Calling on_part_begin with no data
2025-07-28 00:05:45 [DEBUG] python_multipart.multipart: Calling on_header_field with data[40457:40476]
2025-07-28 00:05:45 [DEBUG] python_multipart.multipart: Calling on_header_value with data[40478:40525]
2025-07-28 00:05:45 [DEBUG] python_multipart.multipart: Calling on_header_end with no data
2025-07-28 00:05:45 [DEBUG] python_multipart.multipart: Calling on_header_field with data[40527:40539]
2025-07-28 00:05:45 [DEBUG] python_multipart.multipart: Calling on_header_value with data[40541:40551]
2025-07-28 00:05:45 [DEBUG] python_multipart.multipart: Calling on_header_end with no data
2025-07-28 00:05:45 [DEBUG] python_multipart.multipart: Calling on_headers_finished with no data
2025-07-28 00:05:45 [DEBUG] python_multipart.multipart: Calling on_part_data with data[40555:43717]
2025-07-28 00:05:45 [DEBUG] python_multipart.multipart: Calling on_part_end with no data
2025-07-28 00:05:45 [DEBUG] python_multipart.multipart: Calling on_part_begin with no data
2025-07-28 00:05:45 [DEBUG] python_multipart.multipart: Calling on_header_field with data[43761:43780]
2025-07-28 00:05:45 [DEBUG] python_multipart.multipart: Calling on_header_value with data[43782:43829]
2025-07-28 00:05:45 [DEBUG] python_multipart.multipart: Calling on_header_end with no data
2025-07-28 00:05:45 [DEBUG] python_multipart.multipart: Calling on_header_field with data[43831:43843]
2025-07-28 00:05:45 [DEBUG] python_multipart.multipart: Calling on_header_value with data[43845:43855]
2025-07-28 00:05:45 [DEBUG] python_multipart.multipart: Calling on_header_end with no data
2025-07-28 00:05:45 [DEBUG] python_multipart.multipart: Calling on_headers_finished with no data
2025-07-28 00:05:45 [DEBUG] python_multipart.multipart: Calling on_part_data with data[43859:47021]
2025-07-28 00:05:45 [DEBUG] python_multipart.multipart: Calling on_part_end with no data
2025-07-28 00:05:45 [DEBUG] python_multipart.multipart: Calling on_part_begin with no data
2025-07-28 00:05:45 [DEBUG] python_multipart.multipart: Calling on_header_field with data[47065:47084]
2025-07-28 00:05:45 [DEBUG] python_multipart.multipart: Calling on_header_value with data[47086:47133]
2025-07-28 00:05:45 [DEBUG] python_multipart.multipart: Calling on_header_end with no data
2025-07-28 00:05:45 [DEBUG] python_multipart.multipart: Calling on_header_field with data[47135:47147]
2025-07-28 00:05:45 [DEBUG] python_multipart.multipart: Calling on_header_value with data[47149:47159]
2025-07-28 00:05:45 [DEBUG] python_multipart.multipart: Calling on_header_end with no data
2025-07-28 00:05:45 [DEBUG] python_multipart.multipart: Calling on_headers_finished with no data
2025-07-28 00:05:45 [DEBUG] python_multipart.multipart: Calling on_part_data with data[47163:50325]
2025-07-28 00:05:45 [DEBUG] python_multipart.multipart: Calling on_part_end with no data
2025-07-28 00:05:45 [DEBUG] python_multipart.multipart: Calling on_part_begin with no data
2025-07-28 00:05:45 [DEBUG] python_multipart.multipart: Calling on_header_field with data[50369:50388]
2025-07-28 00:05:45 [DEBUG] python_multipart.multipart: Calling on_header_value with data[50390:50437]
2025-07-28 00:05:45 [DEBUG] python_multipart.multipart: Calling on_header_end with no data
2025-07-28 00:05:45 [DEBUG] python_multipart.multipart: Calling on_header_field with data[50439:50451]
2025-07-28 00:05:45 [DEBUG] python_multipart.multipart: Calling on_header_value with data[50453:50463]
2025-07-28 00:05:45 [DEBUG] python_multipart.multipart: Calling on_header_end with no data
2025-07-28 00:05:45 [DEBUG] python_multipart.multipart: Calling on_headers_finished with no data
2025-07-28 00:05:45 [DEBUG] python_multipart.multipart: Calling on_part_data with data[50467:53629]
2025-07-28 00:05:45 [DEBUG] python_multipart.multipart: Calling on_part_end with no data
2025-07-28 00:05:45 [DEBUG] python_multipart.multipart: Calling on_part_begin with no data
2025-07-28 00:05:45 [DEBUG] python_multipart.multipart: Calling on_header_field with data[53673:53692]
2025-07-28 00:05:45 [DEBUG] python_multipart.multipart: Calling on_header_value with data[53694:53741]
2025-07-28 00:05:45 [DEBUG] python_multipart.multipart: Calling on_header_end with no data
2025-07-28 00:05:45 [DEBUG] python_multipart.multipart: Calling on_header_field with data[53743:53755]
2025-07-28 00:05:45 [DEBUG] python_multipart.multipart: Calling on_header_value with data[53757:53767]
2025-07-28 00:05:45 [DEBUG] python_multipart.multipart: Calling on_header_end with no data
2025-07-28 00:05:45 [DEBUG] python_multipart.multipart: Calling on_headers_finished with no data
2025-07-28 00:05:45 [DEBUG] python_multipart.multipart: Calling on_part_data with data[53771:56933]
2025-07-28 00:05:45 [DEBUG] python_multipart.multipart: Calling on_part_end with no data
2025-07-28 00:05:45 [DEBUG] python_multipart.multipart: Calling on_part_begin with no data
2025-07-28 00:05:45 [DEBUG] python_multipart.multipart: Calling on_header_field with data[56977:56996]
2025-07-28 00:05:45 [DEBUG] python_multipart.multipart: Calling on_header_value with data[56998:57045]
2025-07-28 00:05:45 [DEBUG] python_multipart.multipart: Calling on_header_end with no data
2025-07-28 00:05:45 [DEBUG] python_multipart.multipart: Calling on_header_field with data[57047:57059]
2025-07-28 00:05:45 [DEBUG] python_multipart.multipart: Calling on_header_value with data[57061:57071]
2025-07-28 00:05:45 [DEBUG] python_multipart.multipart: Calling on_header_end with no data
2025-07-28 00:05:45 [DEBUG] python_multipart.multipart: Calling on_headers_finished with no data
2025-07-28 00:05:45 [DEBUG] python_multipart.multipart: Calling on_part_data with data[57075:60237]
2025-07-28 00:05:45 [DEBUG] python_multipart.multipart: Calling on_part_end with no data
2025-07-28 00:05:45 [DEBUG] python_multipart.multipart: Calling on_part_begin with no data
2025-07-28 00:05:45 [DEBUG] python_multipart.multipart: Calling on_header_field with data[60281:60300]
2025-07-28 00:05:45 [DEBUG] python_multipart.multipart: Calling on_header_value with data[60302:60349]
2025-07-28 00:05:45 [DEBUG] python_multipart.multipart: Calling on_header_end with no data
2025-07-28 00:05:45 [DEBUG] python_multipart.multipart: Calling on_header_field with data[60351:60363]
2025-07-28 00:05:45 [DEBUG] python_multipart.multipart: Calling on_header_value with data[60365:60375]
2025-07-28 00:05:45 [DEBUG] python_multipart.multipart: Calling on_header_end with no data
2025-07-28 00:05:45 [DEBUG] python_multipart.multipart: Calling on_headers_finished with no data
2025-07-28 00:05:45 [DEBUG] python_multipart.multipart: Calling on_part_data with data[60379:63541]
2025-07-28 00:05:45 [DEBUG] python_multipart.multipart: Calling on_part_end with no data
2025-07-28 00:05:45 [DEBUG] python_multipart.multipart: Calling on_part_begin with no data
2025-07-28 00:05:45 [DEBUG] python_multipart.multipart: Calling on_header_field with data[63585:63604]
2025-07-28 00:05:45 [DEBUG] python_multipart.multipart: Calling on_header_value with data[63606:63653]
2025-07-28 00:05:45 [DEBUG] python_multipart.multipart: Calling on_header_end with no data
2025-07-28 00:05:45 [DEBUG] python_multipart.multipart: Calling on_header_field with data[63655:63667]
2025-07-28 00:05:45 [DEBUG] python_multipart.multipart: Calling on_header_value with data[63669:63679]
2025-07-28 00:05:45 [DEBUG] python_multipart.multipart: Calling on_header_end with no data
2025-07-28 00:05:45 [DEBUG] python_multipart.multipart: Calling on_headers_finished with no data
2025-07-28 00:05:45 [DEBUG] python_multipart.multipart: Calling on_part_data with data[63683:66845]
2025-07-28 00:05:45 [DEBUG] python_multipart.multipart: Calling on_part_end with no data
2025-07-28 00:05:45 [DEBUG] python_multipart.multipart: Calling on_part_begin with no data
2025-07-28 00:05:45 [DEBUG] python_multipart.multipart: Calling on_header_field with data[66889:66908]
2025-07-28 00:05:45 [DEBUG] python_multipart.multipart: Calling on_header_value with data[66910:66957]
2025-07-28 00:05:45 [DEBUG] python_multipart.multipart: Calling on_header_end with no data
2025-07-28 00:05:45 [DEBUG] python_multipart.multipart: Calling on_header_field with data[66959:66971]
2025-07-28 00:05:45 [DEBUG] python_multipart.multipart: Calling on_header_value with data[66973:66983]
2025-07-28 00:05:45 [DEBUG] python_multipart.multipart: Calling on_header_end with no data
2025-07-28 00:05:45 [DEBUG] python_multipart.multipart: Calling on_headers_finished with no data
2025-07-28 00:05:45 [DEBUG] python_multipart.multipart: Calling on_part_data with data[66987:70149]
2025-07-28 00:05:45 [DEBUG] python_multipart.multipart: Calling on_part_end with no data
2025-07-28 00:05:45 [DEBUG] python_multipart.multipart: Calling on_part_begin with no data
2025-07-28 00:05:45 [DEBUG] python_multipart.multipart: Calling on_header_field with data[70193:70212]
2025-07-28 00:05:45 [DEBUG] python_multipart.multipart: Calling on_header_value with data[70214:70261]
2025-07-28 00:05:45 [DEBUG] python_multipart.multipart: Calling on_header_end with no data
2025-07-28 00:05:45 [DEBUG] python_multipart.multipart: Calling on_header_field with data[70263:70275]
2025-07-28 00:05:45 [DEBUG] python_multipart.multipart: Calling on_header_value with data[70277:70287]
2025-07-28 00:05:45 [DEBUG] python_multipart.multipart: Calling on_header_end with no data
2025-07-28 00:05:45 [DEBUG] python_multipart.multipart: Calling on_headers_finished with no data
2025-07-28 00:05:45 [DEBUG] python_multipart.multipart: Calling on_part_data with data[70291:73453]
2025-07-28 00:05:45 [DEBUG] python_multipart.multipart: Calling on_part_end with no data
2025-07-28 00:05:45 [DEBUG] python_multipart.multipart: Calling on_part_begin with no data
2025-07-28 00:05:45 [DEBUG] python_multipart.multipart: Calling on_header_field with data[73497:73516]
2025-07-28 00:05:45 [DEBUG] python_multipart.multipart: Calling on_header_value with data[73518:73565]
2025-07-28 00:05:45 [DEBUG] python_multipart.multipart: Calling on_header_end with no data
2025-07-28 00:05:45 [DEBUG] python_multipart.multipart: Calling on_header_field with data[73567:73579]
2025-07-28 00:05:45 [DEBUG] python_multipart.multipart: Calling on_header_value with data[73581:73591]
2025-07-28 00:05:45 [DEBUG] python_multipart.multipart: Calling on_header_end with no data
2025-07-28 00:05:45 [DEBUG] python_multipart.multipart: Calling on_headers_finished with no data
2025-07-28 00:05:45 [DEBUG] python_multipart.multipart: Calling on_part_data with data[73595:76757]
2025-07-28 00:05:45 [DEBUG] python_multipart.multipart: Calling on_part_end with no data
2025-07-28 00:05:45 [DEBUG] python_multipart.multipart: Calling on_part_begin with no data
2025-07-28 00:05:45 [DEBUG] python_multipart.multipart: Calling on_header_field with data[76801:76820]
2025-07-28 00:05:45 [DEBUG] python_multipart.multipart: Calling on_header_value with data[76822:76869]
2025-07-28 00:05:45 [DEBUG] python_multipart.multipart: Calling on_header_end with no data
2025-07-28 00:05:45 [DEBUG] python_multipart.multipart: Calling on_header_field with data[76871:76883]
2025-07-28 00:05:45 [DEBUG] python_multipart.multipart: Calling on_header_value with data[76885:76895]
2025-07-28 00:05:45 [DEBUG] python_multipart.multipart: Calling on_header_end with no data
2025-07-28 00:05:45 [DEBUG] python_multipart.multipart: Calling on_headers_finished with no data
2025-07-28 00:05:45 [DEBUG] python_multipart.multipart: Calling on_part_data with data[76899:80061]
2025-07-28 00:05:45 [DEBUG] python_multipart.multipart: Calling on_part_end with no data
2025-07-28 00:05:45 [DEBUG] python_multipart.multipart: Calling on_part_begin with no data
2025-07-28 00:05:45 [DEBUG] python_multipart.multipart: Calling on_header_field with data[80105:80124]
2025-07-28 00:05:45 [DEBUG] python_multipart.multipart: Calling on_header_value with data[80126:80173]
2025-07-28 00:05:45 [DEBUG] python_multipart.multipart: Calling on_header_end with no data
2025-07-28 00:05:45 [DEBUG] python_multipart.multipart: Calling on_header_field with data[80175:80187]
2025-07-28 00:05:45 [DEBUG] python_multipart.multipart: Calling on_header_value with data[80189:80199]
2025-07-28 00:05:45 [DEBUG] python_multipart.multipart: Calling on_header_end with no data
2025-07-28 00:05:45 [DEBUG] python_multipart.multipart: Calling on_headers_finished with no data
2025-07-28 00:05:45 [DEBUG] python_multipart.multipart: Calling on_part_data with data[80203:83365]
2025-07-28 00:05:45 [DEBUG] python_multipart.multipart: Calling on_part_end with no data
2025-07-28 00:05:45 [DEBUG] python_multipart.multipart: Calling on_end with no data
2025-07-28 00:05:45 [INFO] face-presence-api: Registering user: 44
2025-07-28 00:05:45 [INFO] watchfiles.main: 1 change detected
2025-07-28 00:05:45 [DEBUG] face-presence-api: 🧹 Memory cleared with garbage collector.
2025-07-28 00:05:45 [INFO] face-presence-api: 📁 10 test image berhasil disimpan untuk user 44 di F:\Kuliah\Skripsi\praktisi-face-presence-api\src\storage\test_images\44
2025-07-28 00:05:45 [INFO] watchfiles.main: 9 changes detected
2025-07-28 00:05:45 [DEBUG] face-presence-api: 🧹 Memory cleared with garbage collector.
2025-07-28 00:05:45 [INFO] face-presence-api: Processing batch 1/8
2025-07-28 00:05:46 [INFO] face-presence-api: Processing batch 2/8
2025-07-28 00:05:46 [INFO] face-presence-api: Processing batch 3/8
2025-07-28 00:05:47 [INFO] face-presence-api: Processing batch 4/8
2025-07-28 00:05:47 [INFO] face-presence-api: Processing batch 5/8
2025-07-28 00:05:47 [INFO] face-presence-api: Processing batch 6/8
2025-07-28 00:05:48 [INFO] face-presence-api: Processing batch 7/8
2025-07-28 00:05:48 [INFO] face-presence-api: Processing batch 8/8
2025-07-28 00:05:48 [INFO] face-presence-api: Finished processing 40 valid embeddings from 40 images
2025-07-28 00:05:48 [INFO] face-presence-api: Validasi berhasil: 40 embeddings valid
2025-07-28 00:05:48 [INFO] face-presence-api: Validasi berhasil: 40 embeddings valid
2025-07-28 00:05:48 [INFO] face-presence-api: Embedding berhasil disimpan untuk user 44 di F:\Kuliah\Skripsi\praktisi-face-presence-api\src\storage\embeddings\44.pkl
2025-07-28 00:05:48 [INFO] face-presence-api: Embeddings saved successfully for user 44, starting evaluation.
2025-07-28 00:05:48 [INFO] face-presence-api: Evaluating ...
2025-07-28 00:05:48 [INFO] watchfiles.main: 1 change detected
2025-07-28 00:05:49 [INFO] face-presence-api: Evaluating batch 1/4
2025-07-28 00:05:49 [INFO] face-presence-api: Evaluating batch 2/4
2025-07-28 00:05:49 [INFO] face-presence-api: Evaluating batch 3/4
2025-07-28 00:05:50 [INFO] face-presence-api: Evaluating batch 4/4
2025-07-28 00:05:50 [INFO] face-presence-api: Face registration successful for user 44.
2025-07-28 00:05:50 [DEBUG] face-presence-api: [BatchLogger] No durations, skip flush
2025-07-28 00:05:57 [DEBUG] face-presence-api: [BatchLogger] No verifications, skip flush
2025-07-28 00:06:00 [DEBUG] face-presence-api: [BatchLogger] No durations, skip flush
2025-07-28 00:06:05 [DEBUG] python_multipart.multipart: Calling on_part_begin with no data
2025-07-28 00:06:05 [DEBUG] python_multipart.multipart: Calling on_header_field with data[42:61]
2025-07-28 00:06:05 [DEBUG] python_multipart.multipart: Calling on_header_value with data[63:88]
2025-07-28 00:06:05 [DEBUG] python_multipart.multipart: Calling on_header_end with no data
2025-07-28 00:06:05 [DEBUG] python_multipart.multipart: Calling on_headers_finished with no data
2025-07-28 00:06:05 [DEBUG] python_multipart.multipart: Calling on_part_data with data[92:94]
2025-07-28 00:06:05 [DEBUG] python_multipart.multipart: Calling on_part_end with no data
2025-07-28 00:06:05 [DEBUG] python_multipart.multipart: Calling on_end with no data
2025-07-28 00:06:05 [INFO] face-presence-api: Checking status for user: 44
2025-07-28 00:06:05 [INFO] face-presence-api: User 44 is already registered.
2025-07-28 00:06:10 [INFO] face-presence-api: [BatchLogger] Flushing 1 registrations...
2025-07-28 00:06:11 [DEBUG] urllib3.connectionpool: https://sheets.googleapis.com:443 "GET /v4/spreadsheets/1hjXERVEURCeKXeCw8TUbrkjF25_GVmORN0JgjZuu058?includeGridData=false HTTP/1.1" 200 None
2025-07-28 00:06:12 [DEBUG] urllib3.connectionpool: https://sheets.googleapis.com:443 "GET /v4/spreadsheets/1hjXERVEURCeKXeCw8TUbrkjF25_GVmORN0JgjZuu058/values/%27Registration%27 HTTP/1.1" 200 None
2025-07-28 00:06:12 [DEBUG] urllib3.connectionpool: https://sheets.googleapis.com:443 "GET /v4/spreadsheets/1hjXERVEURCeKXeCw8TUbrkjF25_GVmORN0JgjZuu058/values/%27Registration%27 HTTP/1.1" 200 None
2025-07-28 00:06:13 [DEBUG] urllib3.connectionpool: https://sheets.googleapis.com:443 "POST /v4/spreadsheets/1hjXERVEURCeKXeCw8TUbrkjF25_GVmORN0JgjZuu058/values:batchUpdate HTTP/1.1" 200 None
2025-07-28 00:06:13 [INFO] face-presence-api: [BatchLogger] Updated 1 registration rows
2025-07-28 00:06:13 [DEBUG] face-presence-api: [BatchLogger] No durations, skip flush
2025-07-28 00:06:23 [DEBUG] face-presence-api: [BatchLogger] No durations, skip flush
2025-07-28 00:06:27 [DEBUG] face-presence-api: [BatchLogger] No verifications, skip flush
2025-07-28 00:06:31 [DEBUG] python_multipart.multipart: Calling on_part_begin with no data
2025-07-28 00:06:31 [DEBUG] python_multipart.multipart: Calling on_header_field with data[42:61]
2025-07-28 00:06:31 [DEBUG] python_multipart.multipart: Calling on_header_value with data[63:88]
2025-07-28 00:06:31 [DEBUG] python_multipart.multipart: Calling on_header_end with no data
2025-07-28 00:06:31 [DEBUG] python_multipart.multipart: Calling on_headers_finished with no data
2025-07-28 00:06:31 [DEBUG] python_multipart.multipart: Calling on_part_data with data[92:94]
2025-07-28 00:06:31 [DEBUG] python_multipart.multipart: Calling on_part_end with no data
2025-07-28 00:06:31 [DEBUG] python_multipart.multipart: Calling on_end with no data
2025-07-28 00:06:31 [INFO] face-presence-api: Checking status for user: 44
2025-07-28 00:06:31 [INFO] face-presence-api: User 44 is already registered.
2025-07-28 00:06:33 [DEBUG] face-presence-api: [BatchLogger] No durations, skip flush
2025-07-28 00:06:43 [DEBUG] face-presence-api: [BatchLogger] No registrations, skip flush
2025-07-28 00:06:43 [DEBUG] face-presence-api: [BatchLogger] No durations, skip flush
2025-07-28 00:06:45 [DEBUG] python_multipart.multipart: Calling on_part_begin with no data
2025-07-28 00:06:45 [DEBUG] python_multipart.multipart: Calling on_header_field with data[42:61]
2025-07-28 00:06:45 [DEBUG] python_multipart.multipart: Calling on_header_value with data[63:88]
2025-07-28 00:06:45 [DEBUG] python_multipart.multipart: Calling on_header_end with no data
2025-07-28 00:06:45 [DEBUG] python_multipart.multipart: Calling on_headers_finished with no data
2025-07-28 00:06:45 [DEBUG] python_multipart.multipart: Calling on_part_data with data[92:94]
2025-07-28 00:06:45 [DEBUG] python_multipart.multipart: Calling on_part_end with no data
2025-07-28 00:06:45 [DEBUG] python_multipart.multipart: Calling on_part_begin with no data
2025-07-28 00:06:45 [DEBUG] python_multipart.multipart: Calling on_header_field with data[138:157]
2025-07-28 00:06:45 [DEBUG] python_multipart.multipart: Calling on_header_value with data[159:205]
2025-07-28 00:06:45 [DEBUG] python_multipart.multipart: Calling on_header_end with no data
2025-07-28 00:06:45 [DEBUG] python_multipart.multipart: Calling on_header_field with data[207:219]
2025-07-28 00:06:45 [DEBUG] python_multipart.multipart: Calling on_header_value with data[221:231]
2025-07-28 00:06:45 [DEBUG] python_multipart.multipart: Calling on_header_end with no data
2025-07-28 00:06:45 [DEBUG] python_multipart.multipart: Calling on_headers_finished with no data
2025-07-28 00:06:45 [DEBUG] python_multipart.multipart: Calling on_part_data with data[235:3397]
2025-07-28 00:06:45 [DEBUG] python_multipart.multipart: Calling on_part_end with no data
2025-07-28 00:06:45 [DEBUG] python_multipart.multipart: Calling on_part_begin with no data
2025-07-28 00:06:45 [DEBUG] python_multipart.multipart: Calling on_header_field with data[3441:3460]
2025-07-28 00:06:45 [DEBUG] python_multipart.multipart: Calling on_header_value with data[3462:3508]
2025-07-28 00:06:45 [DEBUG] python_multipart.multipart: Calling on_header_end with no data
2025-07-28 00:06:45 [DEBUG] python_multipart.multipart: Calling on_header_field with data[3510:3522]
2025-07-28 00:06:45 [DEBUG] python_multipart.multipart: Calling on_header_value with data[3524:3534]
2025-07-28 00:06:45 [DEBUG] python_multipart.multipart: Calling on_header_end with no data
2025-07-28 00:06:45 [DEBUG] python_multipart.multipart: Calling on_headers_finished with no data
2025-07-28 00:06:45 [DEBUG] python_multipart.multipart: Calling on_part_data with data[3538:6700]
2025-07-28 00:06:45 [DEBUG] python_multipart.multipart: Calling on_part_end with no data
2025-07-28 00:06:45 [DEBUG] python_multipart.multipart: Calling on_part_begin with no data
2025-07-28 00:06:45 [DEBUG] python_multipart.multipart: Calling on_header_field with data[6744:6763]
2025-07-28 00:06:45 [DEBUG] python_multipart.multipart: Calling on_header_value with data[6765:6811]
2025-07-28 00:06:45 [DEBUG] python_multipart.multipart: Calling on_header_end with no data
2025-07-28 00:06:45 [DEBUG] python_multipart.multipart: Calling on_header_field with data[6813:6825]
2025-07-28 00:06:45 [DEBUG] python_multipart.multipart: Calling on_header_value with data[6827:6837]
2025-07-28 00:06:45 [DEBUG] python_multipart.multipart: Calling on_header_end with no data
2025-07-28 00:06:45 [DEBUG] python_multipart.multipart: Calling on_headers_finished with no data
2025-07-28 00:06:45 [DEBUG] python_multipart.multipart: Calling on_part_data with data[6841:10003]
2025-07-28 00:06:45 [DEBUG] python_multipart.multipart: Calling on_part_end with no data
2025-07-28 00:06:45 [DEBUG] python_multipart.multipart: Calling on_part_begin with no data
2025-07-28 00:06:45 [DEBUG] python_multipart.multipart: Calling on_header_field with data[10047:10066]
2025-07-28 00:06:45 [DEBUG] python_multipart.multipart: Calling on_header_value with data[10068:10114]
2025-07-28 00:06:45 [DEBUG] python_multipart.multipart: Calling on_header_end with no data
2025-07-28 00:06:45 [DEBUG] python_multipart.multipart: Calling on_header_field with data[10116:10128]
2025-07-28 00:06:45 [DEBUG] python_multipart.multipart: Calling on_header_value with data[10130:10140]
2025-07-28 00:06:45 [DEBUG] python_multipart.multipart: Calling on_header_end with no data
2025-07-28 00:06:45 [DEBUG] python_multipart.multipart: Calling on_headers_finished with no data
2025-07-28 00:06:45 [DEBUG] python_multipart.multipart: Calling on_part_data with data[10144:13306]
2025-07-28 00:06:45 [DEBUG] python_multipart.multipart: Calling on_part_end with no data
2025-07-28 00:06:45 [DEBUG] python_multipart.multipart: Calling on_part_begin with no data
2025-07-28 00:06:45 [DEBUG] python_multipart.multipart: Calling on_header_field with data[13350:13369]
2025-07-28 00:06:45 [DEBUG] python_multipart.multipart: Calling on_header_value with data[13371:13417]
2025-07-28 00:06:45 [DEBUG] python_multipart.multipart: Calling on_header_end with no data
2025-07-28 00:06:45 [DEBUG] python_multipart.multipart: Calling on_header_field with data[13419:13431]
2025-07-28 00:06:45 [DEBUG] python_multipart.multipart: Calling on_header_value with data[13433:13443]
2025-07-28 00:06:45 [DEBUG] python_multipart.multipart: Calling on_header_end with no data
2025-07-28 00:06:45 [DEBUG] python_multipart.multipart: Calling on_headers_finished with no data
2025-07-28 00:06:45 [DEBUG] python_multipart.multipart: Calling on_part_data with data[13447:16609]
2025-07-28 00:06:45 [DEBUG] python_multipart.multipart: Calling on_part_end with no data
2025-07-28 00:06:45 [DEBUG] python_multipart.multipart: Calling on_part_begin with no data
2025-07-28 00:06:45 [DEBUG] python_multipart.multipart: Calling on_header_field with data[16653:16672]
2025-07-28 00:06:45 [DEBUG] python_multipart.multipart: Calling on_header_value with data[16674:16720]
2025-07-28 00:06:45 [DEBUG] python_multipart.multipart: Calling on_header_end with no data
2025-07-28 00:06:45 [DEBUG] python_multipart.multipart: Calling on_header_field with data[16722:16734]
2025-07-28 00:06:45 [DEBUG] python_multipart.multipart: Calling on_header_value with data[16736:16746]
2025-07-28 00:06:45 [DEBUG] python_multipart.multipart: Calling on_header_end with no data
2025-07-28 00:06:45 [DEBUG] python_multipart.multipart: Calling on_headers_finished with no data
2025-07-28 00:06:45 [DEBUG] python_multipart.multipart: Calling on_part_data with data[16750:19912]
2025-07-28 00:06:45 [DEBUG] python_multipart.multipart: Calling on_part_end with no data
2025-07-28 00:06:45 [DEBUG] python_multipart.multipart: Calling on_part_begin with no data
2025-07-28 00:06:45 [DEBUG] python_multipart.multipart: Calling on_header_field with data[19956:19975]
2025-07-28 00:06:45 [DEBUG] python_multipart.multipart: Calling on_header_value with data[19977:20023]
2025-07-28 00:06:45 [DEBUG] python_multipart.multipart: Calling on_header_end with no data
2025-07-28 00:06:45 [DEBUG] python_multipart.multipart: Calling on_header_field with data[20025:20037]
2025-07-28 00:06:45 [DEBUG] python_multipart.multipart: Calling on_header_value with data[20039:20049]
2025-07-28 00:06:45 [DEBUG] python_multipart.multipart: Calling on_header_end with no data
2025-07-28 00:06:45 [DEBUG] python_multipart.multipart: Calling on_headers_finished with no data
2025-07-28 00:06:45 [DEBUG] python_multipart.multipart: Calling on_part_data with data[20053:23215]
2025-07-28 00:06:45 [DEBUG] python_multipart.multipart: Calling on_part_end with no data
2025-07-28 00:06:45 [DEBUG] python_multipart.multipart: Calling on_part_begin with no data
2025-07-28 00:06:45 [DEBUG] python_multipart.multipart: Calling on_header_field with data[23259:23278]
2025-07-28 00:06:45 [DEBUG] python_multipart.multipart: Calling on_header_value with data[23280:23326]
2025-07-28 00:06:45 [DEBUG] python_multipart.multipart: Calling on_header_end with no data
2025-07-28 00:06:45 [DEBUG] python_multipart.multipart: Calling on_header_field with data[23328:23340]
2025-07-28 00:06:45 [DEBUG] python_multipart.multipart: Calling on_header_value with data[23342:23352]
2025-07-28 00:06:45 [DEBUG] python_multipart.multipart: Calling on_header_end with no data
2025-07-28 00:06:45 [DEBUG] python_multipart.multipart: Calling on_headers_finished with no data
2025-07-28 00:06:45 [DEBUG] python_multipart.multipart: Calling on_part_data with data[23356:26518]
2025-07-28 00:06:45 [DEBUG] python_multipart.multipart: Calling on_part_end with no data
2025-07-28 00:06:45 [DEBUG] python_multipart.multipart: Calling on_part_begin with no data
2025-07-28 00:06:45 [DEBUG] python_multipart.multipart: Calling on_header_field with data[26562:26581]
2025-07-28 00:06:45 [DEBUG] python_multipart.multipart: Calling on_header_value with data[26583:26629]
2025-07-28 00:06:45 [DEBUG] python_multipart.multipart: Calling on_header_end with no data
2025-07-28 00:06:45 [DEBUG] python_multipart.multipart: Calling on_header_field with data[26631:26643]
2025-07-28 00:06:45 [DEBUG] python_multipart.multipart: Calling on_header_value with data[26645:26655]
2025-07-28 00:06:45 [DEBUG] python_multipart.multipart: Calling on_header_end with no data
2025-07-28 00:06:45 [DEBUG] python_multipart.multipart: Calling on_headers_finished with no data
2025-07-28 00:06:45 [DEBUG] python_multipart.multipart: Calling on_part_data with data[26659:29821]
2025-07-28 00:06:45 [DEBUG] python_multipart.multipart: Calling on_part_end with no data
2025-07-28 00:06:45 [DEBUG] python_multipart.multipart: Calling on_part_begin with no data
2025-07-28 00:06:45 [DEBUG] python_multipart.multipart: Calling on_header_field with data[29865:29884]
2025-07-28 00:06:45 [DEBUG] python_multipart.multipart: Calling on_header_value with data[29886:29933]
2025-07-28 00:06:45 [DEBUG] python_multipart.multipart: Calling on_header_end with no data
2025-07-28 00:06:45 [DEBUG] python_multipart.multipart: Calling on_header_field with data[29935:29947]
2025-07-28 00:06:45 [DEBUG] python_multipart.multipart: Calling on_header_value with data[29949:29959]
2025-07-28 00:06:45 [DEBUG] python_multipart.multipart: Calling on_header_end with no data
2025-07-28 00:06:45 [DEBUG] python_multipart.multipart: Calling on_headers_finished with no data
2025-07-28 00:06:45 [DEBUG] python_multipart.multipart: Calling on_part_data with data[29963:33125]
2025-07-28 00:06:45 [DEBUG] python_multipart.multipart: Calling on_part_end with no data
2025-07-28 00:06:45 [DEBUG] python_multipart.multipart: Calling on_part_begin with no data
2025-07-28 00:06:45 [DEBUG] python_multipart.multipart: Calling on_header_field with data[33169:33188]
2025-07-28 00:06:45 [DEBUG] python_multipart.multipart: Calling on_header_value with data[33190:33237]
2025-07-28 00:06:45 [DEBUG] python_multipart.multipart: Calling on_header_end with no data
2025-07-28 00:06:45 [DEBUG] python_multipart.multipart: Calling on_header_field with data[33239:33251]
2025-07-28 00:06:45 [DEBUG] python_multipart.multipart: Calling on_header_value with data[33253:33263]
2025-07-28 00:06:45 [DEBUG] python_multipart.multipart: Calling on_header_end with no data
2025-07-28 00:06:45 [DEBUG] python_multipart.multipart: Calling on_headers_finished with no data
2025-07-28 00:06:45 [DEBUG] python_multipart.multipart: Calling on_part_data with data[33267:36429]
2025-07-28 00:06:45 [DEBUG] python_multipart.multipart: Calling on_part_end with no data
2025-07-28 00:06:45 [DEBUG] python_multipart.multipart: Calling on_part_begin with no data
2025-07-28 00:06:45 [DEBUG] python_multipart.multipart: Calling on_header_field with data[36473:36492]
2025-07-28 00:06:45 [DEBUG] python_multipart.multipart: Calling on_header_value with data[36494:36541]
2025-07-28 00:06:45 [DEBUG] python_multipart.multipart: Calling on_header_end with no data
2025-07-28 00:06:45 [DEBUG] python_multipart.multipart: Calling on_header_field with data[36543:36555]
2025-07-28 00:06:45 [DEBUG] python_multipart.multipart: Calling on_header_value with data[36557:36567]
2025-07-28 00:06:45 [DEBUG] python_multipart.multipart: Calling on_header_end with no data
2025-07-28 00:06:45 [DEBUG] python_multipart.multipart: Calling on_headers_finished with no data
2025-07-28 00:06:45 [DEBUG] python_multipart.multipart: Calling on_part_data with data[36571:39733]
2025-07-28 00:06:45 [DEBUG] python_multipart.multipart: Calling on_part_end with no data
2025-07-28 00:06:45 [DEBUG] python_multipart.multipart: Calling on_part_begin with no data
2025-07-28 00:06:45 [DEBUG] python_multipart.multipart: Calling on_header_field with data[39777:39796]
2025-07-28 00:06:45 [DEBUG] python_multipart.multipart: Calling on_header_value with data[39798:39845]
2025-07-28 00:06:45 [DEBUG] python_multipart.multipart: Calling on_header_end with no data
2025-07-28 00:06:45 [DEBUG] python_multipart.multipart: Calling on_header_field with data[39847:39859]
2025-07-28 00:06:45 [DEBUG] python_multipart.multipart: Calling on_header_value with data[39861:39871]
2025-07-28 00:06:45 [DEBUG] python_multipart.multipart: Calling on_header_end with no data
2025-07-28 00:06:45 [DEBUG] python_multipart.multipart: Calling on_headers_finished with no data
2025-07-28 00:06:45 [DEBUG] python_multipart.multipart: Calling on_part_data with data[39875:43037]
2025-07-28 00:06:45 [DEBUG] python_multipart.multipart: Calling on_part_end with no data
2025-07-28 00:06:45 [DEBUG] python_multipart.multipart: Calling on_part_begin with no data
2025-07-28 00:06:45 [DEBUG] python_multipart.multipart: Calling on_header_field with data[43081:43100]
2025-07-28 00:06:45 [DEBUG] python_multipart.multipart: Calling on_header_value with data[43102:43149]
2025-07-28 00:06:45 [DEBUG] python_multipart.multipart: Calling on_header_end with no data
2025-07-28 00:06:45 [DEBUG] python_multipart.multipart: Calling on_header_field with data[43151:43163]
2025-07-28 00:06:45 [DEBUG] python_multipart.multipart: Calling on_header_value with data[43165:43175]
2025-07-28 00:06:45 [DEBUG] python_multipart.multipart: Calling on_header_end with no data
2025-07-28 00:06:45 [DEBUG] python_multipart.multipart: Calling on_headers_finished with no data
2025-07-28 00:06:45 [DEBUG] python_multipart.multipart: Calling on_part_data with data[43179:46341]
2025-07-28 00:06:45 [DEBUG] python_multipart.multipart: Calling on_part_end with no data
2025-07-28 00:06:45 [DEBUG] python_multipart.multipart: Calling on_part_begin with no data
2025-07-28 00:06:45 [DEBUG] python_multipart.multipart: Calling on_header_field with data[46385:46404]
2025-07-28 00:06:45 [DEBUG] python_multipart.multipart: Calling on_header_value with data[46406:46453]
2025-07-28 00:06:45 [DEBUG] python_multipart.multipart: Calling on_header_end with no data
2025-07-28 00:06:45 [DEBUG] python_multipart.multipart: Calling on_header_field with data[46455:46467]
2025-07-28 00:06:45 [DEBUG] python_multipart.multipart: Calling on_header_value with data[46469:46479]
2025-07-28 00:06:45 [DEBUG] python_multipart.multipart: Calling on_header_end with no data
2025-07-28 00:06:45 [DEBUG] python_multipart.multipart: Calling on_headers_finished with no data
2025-07-28 00:06:45 [DEBUG] python_multipart.multipart: Calling on_part_data with data[46483:49645]
2025-07-28 00:06:45 [DEBUG] python_multipart.multipart: Calling on_part_end with no data
2025-07-28 00:06:45 [DEBUG] python_multipart.multipart: Calling on_part_begin with no data
2025-07-28 00:06:45 [DEBUG] python_multipart.multipart: Calling on_header_field with data[49689:49708]
2025-07-28 00:06:45 [DEBUG] python_multipart.multipart: Calling on_header_value with data[49710:49757]
2025-07-28 00:06:45 [DEBUG] python_multipart.multipart: Calling on_header_end with no data
2025-07-28 00:06:45 [DEBUG] python_multipart.multipart: Calling on_header_field with data[49759:49771]
2025-07-28 00:06:45 [DEBUG] python_multipart.multipart: Calling on_header_value with data[49773:49783]
2025-07-28 00:06:45 [DEBUG] python_multipart.multipart: Calling on_header_end with no data
2025-07-28 00:06:45 [DEBUG] python_multipart.multipart: Calling on_headers_finished with no data
2025-07-28 00:06:45 [DEBUG] python_multipart.multipart: Calling on_part_data with data[49787:52949]
2025-07-28 00:06:45 [DEBUG] python_multipart.multipart: Calling on_part_end with no data
2025-07-28 00:06:45 [DEBUG] python_multipart.multipart: Calling on_part_begin with no data
2025-07-28 00:06:45 [DEBUG] python_multipart.multipart: Calling on_header_field with data[52993:53012]
2025-07-28 00:06:45 [DEBUG] python_multipart.multipart: Calling on_header_value with data[53014:53061]
2025-07-28 00:06:45 [DEBUG] python_multipart.multipart: Calling on_header_end with no data
2025-07-28 00:06:45 [DEBUG] python_multipart.multipart: Calling on_header_field with data[53063:53075]
2025-07-28 00:06:45 [DEBUG] python_multipart.multipart: Calling on_header_value with data[53077:53087]
2025-07-28 00:06:45 [DEBUG] python_multipart.multipart: Calling on_header_end with no data
2025-07-28 00:06:45 [DEBUG] python_multipart.multipart: Calling on_headers_finished with no data
2025-07-28 00:06:45 [DEBUG] python_multipart.multipart: Calling on_part_data with data[53091:56253]
2025-07-28 00:06:45 [DEBUG] python_multipart.multipart: Calling on_part_end with no data
2025-07-28 00:06:45 [DEBUG] python_multipart.multipart: Calling on_part_begin with no data
2025-07-28 00:06:45 [DEBUG] python_multipart.multipart: Calling on_header_field with data[56297:56316]
2025-07-28 00:06:45 [DEBUG] python_multipart.multipart: Calling on_header_value with data[56318:56365]
2025-07-28 00:06:45 [DEBUG] python_multipart.multipart: Calling on_header_end with no data
2025-07-28 00:06:45 [DEBUG] python_multipart.multipart: Calling on_header_field with data[56367:56379]
2025-07-28 00:06:45 [DEBUG] python_multipart.multipart: Calling on_header_value with data[56381:56391]
2025-07-28 00:06:45 [DEBUG] python_multipart.multipart: Calling on_header_end with no data
2025-07-28 00:06:45 [DEBUG] python_multipart.multipart: Calling on_headers_finished with no data
2025-07-28 00:06:45 [DEBUG] python_multipart.multipart: Calling on_part_data with data[56395:59557]
2025-07-28 00:06:45 [DEBUG] python_multipart.multipart: Calling on_part_end with no data
2025-07-28 00:06:45 [DEBUG] python_multipart.multipart: Calling on_part_begin with no data
2025-07-28 00:06:45 [DEBUG] python_multipart.multipart: Calling on_header_field with data[59601:59620]
2025-07-28 00:06:45 [DEBUG] python_multipart.multipart: Calling on_header_value with data[59622:59669]
2025-07-28 00:06:45 [DEBUG] python_multipart.multipart: Calling on_header_end with no data
2025-07-28 00:06:45 [DEBUG] python_multipart.multipart: Calling on_header_field with data[59671:59683]
2025-07-28 00:06:45 [DEBUG] python_multipart.multipart: Calling on_header_value with data[59685:59695]
2025-07-28 00:06:45 [DEBUG] python_multipart.multipart: Calling on_header_end with no data
2025-07-28 00:06:45 [DEBUG] python_multipart.multipart: Calling on_headers_finished with no data
2025-07-28 00:06:45 [DEBUG] python_multipart.multipart: Calling on_part_data with data[59699:62861]
2025-07-28 00:06:45 [DEBUG] python_multipart.multipart: Calling on_part_end with no data
2025-07-28 00:06:45 [DEBUG] python_multipart.multipart: Calling on_part_begin with no data
2025-07-28 00:06:45 [DEBUG] python_multipart.multipart: Calling on_header_field with data[62905:62924]
2025-07-28 00:06:45 [DEBUG] python_multipart.multipart: Calling on_header_value with data[62926:62973]
2025-07-28 00:06:45 [DEBUG] python_multipart.multipart: Calling on_header_end with no data
2025-07-28 00:06:45 [DEBUG] python_multipart.multipart: Calling on_header_field with data[62975:62987]
2025-07-28 00:06:45 [DEBUG] python_multipart.multipart: Calling on_header_value with data[62989:62999]
2025-07-28 00:06:45 [DEBUG] python_multipart.multipart: Calling on_header_end with no data
2025-07-28 00:06:45 [DEBUG] python_multipart.multipart: Calling on_headers_finished with no data
2025-07-28 00:06:45 [DEBUG] python_multipart.multipart: Calling on_part_data with data[63003:66165]
2025-07-28 00:06:45 [DEBUG] python_multipart.multipart: Calling on_part_end with no data
2025-07-28 00:06:45 [DEBUG] python_multipart.multipart: Calling on_part_begin with no data
2025-07-28 00:06:45 [DEBUG] python_multipart.multipart: Calling on_header_field with data[66209:66228]
2025-07-28 00:06:45 [DEBUG] python_multipart.multipart: Calling on_header_value with data[66230:66277]
2025-07-28 00:06:45 [DEBUG] python_multipart.multipart: Calling on_header_end with no data
2025-07-28 00:06:45 [DEBUG] python_multipart.multipart: Calling on_header_field with data[66279:66291]
2025-07-28 00:06:45 [DEBUG] python_multipart.multipart: Calling on_header_value with data[66293:66303]
2025-07-28 00:06:45 [DEBUG] python_multipart.multipart: Calling on_header_end with no data
2025-07-28 00:06:45 [DEBUG] python_multipart.multipart: Calling on_headers_finished with no data
2025-07-28 00:06:45 [DEBUG] python_multipart.multipart: Calling on_part_data with data[66307:69469]
2025-07-28 00:06:45 [DEBUG] python_multipart.multipart: Calling on_part_end with no data
2025-07-28 00:06:45 [DEBUG] python_multipart.multipart: Calling on_part_begin with no data
2025-07-28 00:06:45 [DEBUG] python_multipart.multipart: Calling on_header_field with data[69513:69532]
2025-07-28 00:06:45 [DEBUG] python_multipart.multipart: Calling on_header_value with data[69534:69581]
2025-07-28 00:06:45 [DEBUG] python_multipart.multipart: Calling on_header_end with no data
2025-07-28 00:06:45 [DEBUG] python_multipart.multipart: Calling on_header_field with data[69583:69595]
2025-07-28 00:06:45 [DEBUG] python_multipart.multipart: Calling on_header_value with data[69597:69607]
2025-07-28 00:06:45 [DEBUG] python_multipart.multipart: Calling on_header_end with no data
2025-07-28 00:06:45 [DEBUG] python_multipart.multipart: Calling on_headers_finished with no data
2025-07-28 00:06:45 [DEBUG] python_multipart.multipart: Calling on_part_data with data[69611:72773]
2025-07-28 00:06:45 [DEBUG] python_multipart.multipart: Calling on_part_end with no data
2025-07-28 00:06:45 [DEBUG] python_multipart.multipart: Calling on_part_begin with no data
2025-07-28 00:06:45 [DEBUG] python_multipart.multipart: Calling on_header_field with data[72817:72836]
2025-07-28 00:06:45 [DEBUG] python_multipart.multipart: Calling on_header_value with data[72838:72885]
2025-07-28 00:06:45 [DEBUG] python_multipart.multipart: Calling on_header_end with no data
2025-07-28 00:06:45 [DEBUG] python_multipart.multipart: Calling on_header_field with data[72887:72899]
2025-07-28 00:06:45 [DEBUG] python_multipart.multipart: Calling on_header_value with data[72901:72911]
2025-07-28 00:06:45 [DEBUG] python_multipart.multipart: Calling on_header_end with no data
2025-07-28 00:06:45 [DEBUG] python_multipart.multipart: Calling on_headers_finished with no data
2025-07-28 00:06:45 [DEBUG] python_multipart.multipart: Calling on_part_data with data[72915:76077]
2025-07-28 00:06:45 [DEBUG] python_multipart.multipart: Calling on_part_end with no data
2025-07-28 00:06:45 [DEBUG] python_multipart.multipart: Calling on_part_begin with no data
2025-07-28 00:06:45 [DEBUG] python_multipart.multipart: Calling on_header_field with data[76121:76140]
2025-07-28 00:06:45 [DEBUG] python_multipart.multipart: Calling on_header_value with data[76142:76189]
2025-07-28 00:06:45 [DEBUG] python_multipart.multipart: Calling on_header_end with no data
2025-07-28 00:06:45 [DEBUG] python_multipart.multipart: Calling on_header_field with data[76191:76203]
2025-07-28 00:06:45 [DEBUG] python_multipart.multipart: Calling on_header_value with data[76205:76215]
2025-07-28 00:06:45 [DEBUG] python_multipart.multipart: Calling on_header_end with no data
2025-07-28 00:06:45 [DEBUG] python_multipart.multipart: Calling on_headers_finished with no data
2025-07-28 00:06:45 [DEBUG] python_multipart.multipart: Calling on_part_data with data[76219:79381]
2025-07-28 00:06:45 [DEBUG] python_multipart.multipart: Calling on_part_end with no data
2025-07-28 00:06:45 [DEBUG] python_multipart.multipart: Calling on_part_begin with no data
2025-07-28 00:06:45 [DEBUG] python_multipart.multipart: Calling on_header_field with data[79425:79444]
2025-07-28 00:06:45 [DEBUG] python_multipart.multipart: Calling on_header_value with data[79446:79493]
2025-07-28 00:06:45 [DEBUG] python_multipart.multipart: Calling on_header_end with no data
2025-07-28 00:06:45 [DEBUG] python_multipart.multipart: Calling on_header_field with data[79495:79507]
2025-07-28 00:06:45 [DEBUG] python_multipart.multipart: Calling on_header_value with data[79509:79519]
2025-07-28 00:06:45 [DEBUG] python_multipart.multipart: Calling on_header_end with no data
2025-07-28 00:06:45 [DEBUG] python_multipart.multipart: Calling on_headers_finished with no data
2025-07-28 00:06:45 [DEBUG] python_multipart.multipart: Calling on_part_data with data[79523:81920]
2025-07-28 00:06:45 [DEBUG] python_multipart.multipart: Calling on_part_data with data[0:765]
2025-07-28 00:06:45 [DEBUG] python_multipart.multipart: Calling on_part_end with no data
2025-07-28 00:06:45 [DEBUG] python_multipart.multipart: Calling on_part_begin with no data
2025-07-28 00:06:45 [DEBUG] python_multipart.multipart: Calling on_header_field with data[809:828]
2025-07-28 00:06:45 [DEBUG] python_multipart.multipart: Calling on_header_value with data[830:877]
2025-07-28 00:06:45 [DEBUG] python_multipart.multipart: Calling on_header_end with no data
2025-07-28 00:06:45 [DEBUG] python_multipart.multipart: Calling on_header_field with data[879:891]
2025-07-28 00:06:45 [DEBUG] python_multipart.multipart: Calling on_header_value with data[893:903]
2025-07-28 00:06:45 [DEBUG] python_multipart.multipart: Calling on_header_end with no data
2025-07-28 00:06:45 [DEBUG] python_multipart.multipart: Calling on_headers_finished with no data
2025-07-28 00:06:45 [DEBUG] python_multipart.multipart: Calling on_part_data with data[907:4069]
2025-07-28 00:06:45 [DEBUG] python_multipart.multipart: Calling on_part_end with no data
2025-07-28 00:06:45 [DEBUG] python_multipart.multipart: Calling on_part_begin with no data
2025-07-28 00:06:45 [DEBUG] python_multipart.multipart: Calling on_header_field with data[4113:4132]
2025-07-28 00:06:45 [DEBUG] python_multipart.multipart: Calling on_header_value with data[4134:4181]
2025-07-28 00:06:45 [DEBUG] python_multipart.multipart: Calling on_header_end with no data
2025-07-28 00:06:45 [DEBUG] python_multipart.multipart: Calling on_header_field with data[4183:4195]
2025-07-28 00:06:45 [DEBUG] python_multipart.multipart: Calling on_header_value with data[4197:4207]
2025-07-28 00:06:45 [DEBUG] python_multipart.multipart: Calling on_header_end with no data
2025-07-28 00:06:45 [DEBUG] python_multipart.multipart: Calling on_headers_finished with no data
2025-07-28 00:06:45 [DEBUG] python_multipart.multipart: Calling on_part_data with data[4211:7373]
2025-07-28 00:06:45 [DEBUG] python_multipart.multipart: Calling on_part_end with no data
2025-07-28 00:06:45 [DEBUG] python_multipart.multipart: Calling on_part_begin with no data
2025-07-28 00:06:45 [DEBUG] python_multipart.multipart: Calling on_header_field with data[7417:7436]
2025-07-28 00:06:45 [DEBUG] python_multipart.multipart: Calling on_header_value with data[7438:7485]
2025-07-28 00:06:45 [DEBUG] python_multipart.multipart: Calling on_header_end with no data
2025-07-28 00:06:45 [DEBUG] python_multipart.multipart: Calling on_header_field with data[7487:7499]
2025-07-28 00:06:45 [DEBUG] python_multipart.multipart: Calling on_header_value with data[7501:7511]
2025-07-28 00:06:45 [DEBUG] python_multipart.multipart: Calling on_header_end with no data
2025-07-28 00:06:45 [DEBUG] python_multipart.multipart: Calling on_headers_finished with no data
2025-07-28 00:06:45 [DEBUG] python_multipart.multipart: Calling on_part_data with data[7515:10677]
2025-07-28 00:06:45 [DEBUG] python_multipart.multipart: Calling on_part_end with no data
2025-07-28 00:06:45 [DEBUG] python_multipart.multipart: Calling on_part_begin with no data
2025-07-28 00:06:45 [DEBUG] python_multipart.multipart: Calling on_header_field with data[10721:10740]
2025-07-28 00:06:45 [DEBUG] python_multipart.multipart: Calling on_header_value with data[10742:10789]
2025-07-28 00:06:45 [DEBUG] python_multipart.multipart: Calling on_header_end with no data
2025-07-28 00:06:45 [DEBUG] python_multipart.multipart: Calling on_header_field with data[10791:10803]
2025-07-28 00:06:45 [DEBUG] python_multipart.multipart: Calling on_header_value with data[10805:10815]
2025-07-28 00:06:45 [DEBUG] python_multipart.multipart: Calling on_header_end with no data
2025-07-28 00:06:45 [DEBUG] python_multipart.multipart: Calling on_headers_finished with no data
2025-07-28 00:06:45 [DEBUG] python_multipart.multipart: Calling on_part_data with data[10819:13981]
2025-07-28 00:06:45 [DEBUG] python_multipart.multipart: Calling on_part_end with no data
2025-07-28 00:06:45 [DEBUG] python_multipart.multipart: Calling on_part_begin with no data
2025-07-28 00:06:45 [DEBUG] python_multipart.multipart: Calling on_header_field with data[14025:14044]
2025-07-28 00:06:45 [DEBUG] python_multipart.multipart: Calling on_header_value with data[14046:14093]
2025-07-28 00:06:45 [DEBUG] python_multipart.multipart: Calling on_header_end with no data
2025-07-28 00:06:45 [DEBUG] python_multipart.multipart: Calling on_header_field with data[14095:14107]
2025-07-28 00:06:45 [DEBUG] python_multipart.multipart: Calling on_header_value with data[14109:14119]
2025-07-28 00:06:45 [DEBUG] python_multipart.multipart: Calling on_header_end with no data
2025-07-28 00:06:45 [DEBUG] python_multipart.multipart: Calling on_headers_finished with no data
2025-07-28 00:06:45 [DEBUG] python_multipart.multipart: Calling on_part_data with data[14123:17285]
2025-07-28 00:06:45 [DEBUG] python_multipart.multipart: Calling on_part_end with no data
2025-07-28 00:06:45 [DEBUG] python_multipart.multipart: Calling on_part_begin with no data
2025-07-28 00:06:45 [DEBUG] python_multipart.multipart: Calling on_header_field with data[17329:17348]
2025-07-28 00:06:45 [DEBUG] python_multipart.multipart: Calling on_header_value with data[17350:17397]
2025-07-28 00:06:45 [DEBUG] python_multipart.multipart: Calling on_header_end with no data
2025-07-28 00:06:45 [DEBUG] python_multipart.multipart: Calling on_header_field with data[17399:17411]
2025-07-28 00:06:45 [DEBUG] python_multipart.multipart: Calling on_header_value with data[17413:17423]
2025-07-28 00:06:45 [DEBUG] python_multipart.multipart: Calling on_header_end with no data
2025-07-28 00:06:45 [DEBUG] python_multipart.multipart: Calling on_headers_finished with no data
2025-07-28 00:06:45 [DEBUG] python_multipart.multipart: Calling on_part_data with data[17427:20589]
2025-07-28 00:06:45 [DEBUG] python_multipart.multipart: Calling on_part_end with no data
2025-07-28 00:06:45 [DEBUG] python_multipart.multipart: Calling on_part_begin with no data
2025-07-28 00:06:45 [DEBUG] python_multipart.multipart: Calling on_header_field with data[20633:20652]
2025-07-28 00:06:45 [DEBUG] python_multipart.multipart: Calling on_header_value with data[20654:20701]
2025-07-28 00:06:45 [DEBUG] python_multipart.multipart: Calling on_header_end with no data
2025-07-28 00:06:45 [DEBUG] python_multipart.multipart: Calling on_header_field with data[20703:20715]
2025-07-28 00:06:45 [DEBUG] python_multipart.multipart: Calling on_header_value with data[20717:20727]
2025-07-28 00:06:45 [DEBUG] python_multipart.multipart: Calling on_header_end with no data
2025-07-28 00:06:45 [DEBUG] python_multipart.multipart: Calling on_headers_finished with no data
2025-07-28 00:06:45 [DEBUG] python_multipart.multipart: Calling on_part_data with data[20731:23893]
2025-07-28 00:06:45 [DEBUG] python_multipart.multipart: Calling on_part_end with no data
2025-07-28 00:06:45 [DEBUG] python_multipart.multipart: Calling on_part_begin with no data
2025-07-28 00:06:45 [DEBUG] python_multipart.multipart: Calling on_header_field with data[23937:23956]
2025-07-28 00:06:45 [DEBUG] python_multipart.multipart: Calling on_header_value with data[23958:24005]
2025-07-28 00:06:45 [DEBUG] python_multipart.multipart: Calling on_header_end with no data
2025-07-28 00:06:45 [DEBUG] python_multipart.multipart: Calling on_header_field with data[24007:24019]
2025-07-28 00:06:45 [DEBUG] python_multipart.multipart: Calling on_header_value with data[24021:24031]
2025-07-28 00:06:45 [DEBUG] python_multipart.multipart: Calling on_header_end with no data
2025-07-28 00:06:45 [DEBUG] python_multipart.multipart: Calling on_headers_finished with no data
2025-07-28 00:06:45 [DEBUG] python_multipart.multipart: Calling on_part_data with data[24035:27197]
2025-07-28 00:06:45 [DEBUG] python_multipart.multipart: Calling on_part_end with no data
2025-07-28 00:06:45 [DEBUG] python_multipart.multipart: Calling on_part_begin with no data
2025-07-28 00:06:45 [DEBUG] python_multipart.multipart: Calling on_header_field with data[27241:27260]
2025-07-28 00:06:45 [DEBUG] python_multipart.multipart: Calling on_header_value with data[27262:27309]
2025-07-28 00:06:45 [DEBUG] python_multipart.multipart: Calling on_header_end with no data
2025-07-28 00:06:45 [DEBUG] python_multipart.multipart: Calling on_header_field with data[27311:27323]
2025-07-28 00:06:45 [DEBUG] python_multipart.multipart: Calling on_header_value with data[27325:27335]
2025-07-28 00:06:45 [DEBUG] python_multipart.multipart: Calling on_header_end with no data
2025-07-28 00:06:45 [DEBUG] python_multipart.multipart: Calling on_headers_finished with no data
2025-07-28 00:06:45 [DEBUG] python_multipart.multipart: Calling on_part_data with data[27339:30501]
2025-07-28 00:06:45 [DEBUG] python_multipart.multipart: Calling on_part_end with no data
2025-07-28 00:06:45 [DEBUG] python_multipart.multipart: Calling on_part_begin with no data
2025-07-28 00:06:45 [DEBUG] python_multipart.multipart: Calling on_header_field with data[30545:30564]
2025-07-28 00:06:45 [DEBUG] python_multipart.multipart: Calling on_header_value with data[30566:30613]
2025-07-28 00:06:45 [DEBUG] python_multipart.multipart: Calling on_header_end with no data
2025-07-28 00:06:45 [DEBUG] python_multipart.multipart: Calling on_header_field with data[30615:30627]
2025-07-28 00:06:45 [DEBUG] python_multipart.multipart: Calling on_header_value with data[30629:30639]
2025-07-28 00:06:45 [DEBUG] python_multipart.multipart: Calling on_header_end with no data
2025-07-28 00:06:45 [DEBUG] python_multipart.multipart: Calling on_headers_finished with no data
2025-07-28 00:06:45 [DEBUG] python_multipart.multipart: Calling on_part_data with data[30643:33805]
2025-07-28 00:06:45 [DEBUG] python_multipart.multipart: Calling on_part_end with no data
2025-07-28 00:06:45 [DEBUG] python_multipart.multipart: Calling on_part_begin with no data
2025-07-28 00:06:45 [DEBUG] python_multipart.multipart: Calling on_header_field with data[33849:33868]
2025-07-28 00:06:45 [DEBUG] python_multipart.multipart: Calling on_header_value with data[33870:33917]
2025-07-28 00:06:45 [DEBUG] python_multipart.multipart: Calling on_header_end with no data
2025-07-28 00:06:45 [DEBUG] python_multipart.multipart: Calling on_header_field with data[33919:33931]
2025-07-28 00:06:45 [DEBUG] python_multipart.multipart: Calling on_header_value with data[33933:33943]
2025-07-28 00:06:45 [DEBUG] python_multipart.multipart: Calling on_header_end with no data
2025-07-28 00:06:45 [DEBUG] python_multipart.multipart: Calling on_headers_finished with no data
2025-07-28 00:06:45 [DEBUG] python_multipart.multipart: Calling on_part_data with data[33947:37109]
2025-07-28 00:06:45 [DEBUG] python_multipart.multipart: Calling on_part_end with no data
2025-07-28 00:06:45 [DEBUG] python_multipart.multipart: Calling on_part_begin with no data
2025-07-28 00:06:45 [DEBUG] python_multipart.multipart: Calling on_header_field with data[37153:37172]
2025-07-28 00:06:45 [DEBUG] python_multipart.multipart: Calling on_header_value with data[37174:37221]
2025-07-28 00:06:45 [DEBUG] python_multipart.multipart: Calling on_header_end with no data
2025-07-28 00:06:45 [DEBUG] python_multipart.multipart: Calling on_header_field with data[37223:37235]
2025-07-28 00:06:45 [DEBUG] python_multipart.multipart: Calling on_header_value with data[37237:37247]
2025-07-28 00:06:45 [DEBUG] python_multipart.multipart: Calling on_header_end with no data
2025-07-28 00:06:45 [DEBUG] python_multipart.multipart: Calling on_headers_finished with no data
2025-07-28 00:06:45 [DEBUG] python_multipart.multipart: Calling on_part_data with data[37251:40413]
2025-07-28 00:06:45 [DEBUG] python_multipart.multipart: Calling on_part_end with no data
2025-07-28 00:06:45 [DEBUG] python_multipart.multipart: Calling on_part_begin with no data
2025-07-28 00:06:45 [DEBUG] python_multipart.multipart: Calling on_header_field with data[40457:40476]
2025-07-28 00:06:45 [DEBUG] python_multipart.multipart: Calling on_header_value with data[40478:40525]
2025-07-28 00:06:45 [DEBUG] python_multipart.multipart: Calling on_header_end with no data
2025-07-28 00:06:45 [DEBUG] python_multipart.multipart: Calling on_header_field with data[40527:40539]
2025-07-28 00:06:45 [DEBUG] python_multipart.multipart: Calling on_header_value with data[40541:40551]
2025-07-28 00:06:45 [DEBUG] python_multipart.multipart: Calling on_header_end with no data
2025-07-28 00:06:45 [DEBUG] python_multipart.multipart: Calling on_headers_finished with no data
2025-07-28 00:06:45 [DEBUG] python_multipart.multipart: Calling on_part_data with data[40555:43717]
2025-07-28 00:06:45 [DEBUG] python_multipart.multipart: Calling on_part_end with no data
2025-07-28 00:06:45 [DEBUG] python_multipart.multipart: Calling on_part_begin with no data
2025-07-28 00:06:45 [DEBUG] python_multipart.multipart: Calling on_header_field with data[43761:43780]
2025-07-28 00:06:45 [DEBUG] python_multipart.multipart: Calling on_header_value with data[43782:43829]
2025-07-28 00:06:45 [DEBUG] python_multipart.multipart: Calling on_header_end with no data
2025-07-28 00:06:45 [DEBUG] python_multipart.multipart: Calling on_header_field with data[43831:43843]
2025-07-28 00:06:45 [DEBUG] python_multipart.multipart: Calling on_header_value with data[43845:43855]
2025-07-28 00:06:45 [DEBUG] python_multipart.multipart: Calling on_header_end with no data
2025-07-28 00:06:45 [DEBUG] python_multipart.multipart: Calling on_headers_finished with no data
2025-07-28 00:06:45 [DEBUG] python_multipart.multipart: Calling on_part_data with data[43859:47021]
2025-07-28 00:06:45 [DEBUG] python_multipart.multipart: Calling on_part_end with no data
2025-07-28 00:06:45 [DEBUG] python_multipart.multipart: Calling on_part_begin with no data
2025-07-28 00:06:45 [DEBUG] python_multipart.multipart: Calling on_header_field with data[47065:47084]
2025-07-28 00:06:45 [DEBUG] python_multipart.multipart: Calling on_header_value with data[47086:47133]
2025-07-28 00:06:45 [DEBUG] python_multipart.multipart: Calling on_header_end with no data
2025-07-28 00:06:45 [DEBUG] python_multipart.multipart: Calling on_header_field with data[47135:47147]
2025-07-28 00:06:45 [DEBUG] python_multipart.multipart: Calling on_header_value with data[47149:47159]
2025-07-28 00:06:45 [DEBUG] python_multipart.multipart: Calling on_header_end with no data
2025-07-28 00:06:45 [DEBUG] python_multipart.multipart: Calling on_headers_finished with no data
2025-07-28 00:06:45 [DEBUG] python_multipart.multipart: Calling on_part_data with data[47163:50325]
2025-07-28 00:06:45 [DEBUG] python_multipart.multipart: Calling on_part_end with no data
2025-07-28 00:06:45 [DEBUG] python_multipart.multipart: Calling on_part_begin with no data
2025-07-28 00:06:45 [DEBUG] python_multipart.multipart: Calling on_header_field with data[50369:50388]
2025-07-28 00:06:45 [DEBUG] python_multipart.multipart: Calling on_header_value with data[50390:50437]
2025-07-28 00:06:45 [DEBUG] python_multipart.multipart: Calling on_header_end with no data
2025-07-28 00:06:45 [DEBUG] python_multipart.multipart: Calling on_header_field with data[50439:50451]
2025-07-28 00:06:45 [DEBUG] python_multipart.multipart: Calling on_header_value with data[50453:50463]
2025-07-28 00:06:45 [DEBUG] python_multipart.multipart: Calling on_header_end with no data
2025-07-28 00:06:45 [DEBUG] python_multipart.multipart: Calling on_headers_finished with no data
2025-07-28 00:06:45 [DEBUG] python_multipart.multipart: Calling on_part_data with data[50467:53629]
2025-07-28 00:06:45 [DEBUG] python_multipart.multipart: Calling on_part_end with no data
2025-07-28 00:06:45 [DEBUG] python_multipart.multipart: Calling on_part_begin with no data
2025-07-28 00:06:45 [DEBUG] python_multipart.multipart: Calling on_header_field with data[53673:53692]
2025-07-28 00:06:45 [DEBUG] python_multipart.multipart: Calling on_header_value with data[53694:53741]
2025-07-28 00:06:45 [DEBUG] python_multipart.multipart: Calling on_header_end with no data
2025-07-28 00:06:45 [DEBUG] python_multipart.multipart: Calling on_header_field with data[53743:53755]
2025-07-28 00:06:45 [DEBUG] python_multipart.multipart: Calling on_header_value with data[53757:53767]
2025-07-28 00:06:45 [DEBUG] python_multipart.multipart: Calling on_header_end with no data
2025-07-28 00:06:45 [DEBUG] python_multipart.multipart: Calling on_headers_finished with no data
2025-07-28 00:06:45 [DEBUG] python_multipart.multipart: Calling on_part_data with data[53771:56933]
2025-07-28 00:06:45 [DEBUG] python_multipart.multipart: Calling on_part_end with no data
2025-07-28 00:06:45 [DEBUG] python_multipart.multipart: Calling on_part_begin with no data
2025-07-28 00:06:45 [DEBUG] python_multipart.multipart: Calling on_header_field with data[56977:56996]
2025-07-28 00:06:45 [DEBUG] python_multipart.multipart: Calling on_header_value with data[56998:57045]
2025-07-28 00:06:45 [DEBUG] python_multipart.multipart: Calling on_header_end with no data
2025-07-28 00:06:45 [DEBUG] python_multipart.multipart: Calling on_header_field with data[57047:57059]
2025-07-28 00:06:45 [DEBUG] python_multipart.multipart: Calling on_header_value with data[57061:57071]
2025-07-28 00:06:45 [DEBUG] python_multipart.multipart: Calling on_header_end with no data
2025-07-28 00:06:45 [DEBUG] python_multipart.multipart: Calling on_headers_finished with no data
2025-07-28 00:06:45 [DEBUG] python_multipart.multipart: Calling on_part_data with data[57075:60237]
2025-07-28 00:06:45 [DEBUG] python_multipart.multipart: Calling on_part_end with no data
2025-07-28 00:06:45 [DEBUG] python_multipart.multipart: Calling on_part_begin with no data
2025-07-28 00:06:45 [DEBUG] python_multipart.multipart: Calling on_header_field with data[60281:60300]
2025-07-28 00:06:45 [DEBUG] python_multipart.multipart: Calling on_header_value with data[60302:60349]
2025-07-28 00:06:45 [DEBUG] python_multipart.multipart: Calling on_header_end with no data
2025-07-28 00:06:45 [DEBUG] python_multipart.multipart: Calling on_header_field with data[60351:60363]
2025-07-28 00:06:45 [DEBUG] python_multipart.multipart: Calling on_header_value with data[60365:60375]
2025-07-28 00:06:45 [DEBUG] python_multipart.multipart: Calling on_header_end with no data
2025-07-28 00:06:45 [DEBUG] python_multipart.multipart: Calling on_headers_finished with no data
2025-07-28 00:06:45 [DEBUG] python_multipart.multipart: Calling on_part_data with data[60379:63541]
2025-07-28 00:06:45 [DEBUG] python_multipart.multipart: Calling on_part_end with no data
2025-07-28 00:06:45 [DEBUG] python_multipart.multipart: Calling on_part_begin with no data
2025-07-28 00:06:45 [DEBUG] python_multipart.multipart: Calling on_header_field with data[63585:63604]
2025-07-28 00:06:45 [DEBUG] python_multipart.multipart: Calling on_header_value with data[63606:63653]
2025-07-28 00:06:45 [DEBUG] python_multipart.multipart: Calling on_header_end with no data
2025-07-28 00:06:45 [DEBUG] python_multipart.multipart: Calling on_header_field with data[63655:63667]
2025-07-28 00:06:45 [DEBUG] python_multipart.multipart: Calling on_header_value with data[63669:63679]
2025-07-28 00:06:45 [DEBUG] python_multipart.multipart: Calling on_header_end with no data
2025-07-28 00:06:45 [DEBUG] python_multipart.multipart: Calling on_headers_finished with no data
2025-07-28 00:06:45 [DEBUG] python_multipart.multipart: Calling on_part_data with data[63683:66845]
2025-07-28 00:06:45 [DEBUG] python_multipart.multipart: Calling on_part_end with no data
2025-07-28 00:06:45 [DEBUG] python_multipart.multipart: Calling on_part_begin with no data
2025-07-28 00:06:45 [DEBUG] python_multipart.multipart: Calling on_header_field with data[66889:66908]
2025-07-28 00:06:45 [DEBUG] python_multipart.multipart: Calling on_header_value with data[66910:66957]
2025-07-28 00:06:45 [DEBUG] python_multipart.multipart: Calling on_header_end with no data
2025-07-28 00:06:45 [DEBUG] python_multipart.multipart: Calling on_header_field with data[66959:66971]
2025-07-28 00:06:45 [DEBUG] python_multipart.multipart: Calling on_header_value with data[66973:66983]
2025-07-28 00:06:45 [DEBUG] python_multipart.multipart: Calling on_header_end with no data
2025-07-28 00:06:45 [DEBUG] python_multipart.multipart: Calling on_headers_finished with no data
2025-07-28 00:06:45 [DEBUG] python_multipart.multipart: Calling on_part_data with data[66987:70149]
2025-07-28 00:06:45 [DEBUG] python_multipart.multipart: Calling on_part_end with no data
2025-07-28 00:06:45 [DEBUG] python_multipart.multipart: Calling on_part_begin with no data
2025-07-28 00:06:45 [DEBUG] python_multipart.multipart: Calling on_header_field with data[70193:70212]
2025-07-28 00:06:45 [DEBUG] python_multipart.multipart: Calling on_header_value with data[70214:70261]
2025-07-28 00:06:45 [DEBUG] python_multipart.multipart: Calling on_header_end with no data
2025-07-28 00:06:45 [DEBUG] python_multipart.multipart: Calling on_header_field with data[70263:70275]
2025-07-28 00:06:45 [DEBUG] python_multipart.multipart: Calling on_header_value with data[70277:70287]
2025-07-28 00:06:45 [DEBUG] python_multipart.multipart: Calling on_header_end with no data
2025-07-28 00:06:45 [DEBUG] python_multipart.multipart: Calling on_headers_finished with no data
2025-07-28 00:06:45 [DEBUG] python_multipart.multipart: Calling on_part_data with data[70291:73453]
2025-07-28 00:06:45 [DEBUG] python_multipart.multipart: Calling on_part_end with no data
2025-07-28 00:06:45 [DEBUG] python_multipart.multipart: Calling on_part_begin with no data
2025-07-28 00:06:45 [DEBUG] python_multipart.multipart: Calling on_header_field with data[73497:73516]
2025-07-28 00:06:45 [DEBUG] python_multipart.multipart: Calling on_header_value with data[73518:73565]
2025-07-28 00:06:45 [DEBUG] python_multipart.multipart: Calling on_header_end with no data
2025-07-28 00:06:45 [DEBUG] python_multipart.multipart: Calling on_header_field with data[73567:73579]
2025-07-28 00:06:45 [DEBUG] python_multipart.multipart: Calling on_header_value with data[73581:73591]
2025-07-28 00:06:45 [DEBUG] python_multipart.multipart: Calling on_header_end with no data
2025-07-28 00:06:45 [DEBUG] python_multipart.multipart: Calling on_headers_finished with no data
2025-07-28 00:06:45 [DEBUG] python_multipart.multipart: Calling on_part_data with data[73595:76757]
2025-07-28 00:06:45 [DEBUG] python_multipart.multipart: Calling on_part_end with no data
2025-07-28 00:06:45 [DEBUG] python_multipart.multipart: Calling on_part_begin with no data
2025-07-28 00:06:45 [DEBUG] python_multipart.multipart: Calling on_header_field with data[76801:76820]
2025-07-28 00:06:45 [DEBUG] python_multipart.multipart: Calling on_header_value with data[76822:76869]
2025-07-28 00:06:45 [DEBUG] python_multipart.multipart: Calling on_header_end with no data
2025-07-28 00:06:45 [DEBUG] python_multipart.multipart: Calling on_header_field with data[76871:76883]
2025-07-28 00:06:45 [DEBUG] python_multipart.multipart: Calling on_header_value with data[76885:76895]
2025-07-28 00:06:45 [DEBUG] python_multipart.multipart: Calling on_header_end with no data
2025-07-28 00:06:45 [DEBUG] python_multipart.multipart: Calling on_headers_finished with no data
2025-07-28 00:06:45 [DEBUG] python_multipart.multipart: Calling on_part_data with data[76899:80061]
2025-07-28 00:06:45 [DEBUG] python_multipart.multipart: Calling on_part_end with no data
2025-07-28 00:06:45 [DEBUG] python_multipart.multipart: Calling on_part_begin with no data
2025-07-28 00:06:45 [DEBUG] python_multipart.multipart: Calling on_header_field with data[80105:80124]
2025-07-28 00:06:45 [DEBUG] python_multipart.multipart: Calling on_header_value with data[80126:80173]
2025-07-28 00:06:45 [DEBUG] python_multipart.multipart: Calling on_header_end with no data
2025-07-28 00:06:45 [DEBUG] python_multipart.multipart: Calling on_header_field with data[80175:80187]
2025-07-28 00:06:45 [DEBUG] python_multipart.multipart: Calling on_header_value with data[80189:80199]
2025-07-28 00:06:45 [DEBUG] python_multipart.multipart: Calling on_header_end with no data
2025-07-28 00:06:45 [DEBUG] python_multipart.multipart: Calling on_headers_finished with no data
2025-07-28 00:06:45 [DEBUG] python_multipart.multipart: Calling on_part_data with data[80203:83365]
2025-07-28 00:06:45 [DEBUG] python_multipart.multipart: Calling on_part_end with no data
2025-07-28 00:06:45 [DEBUG] python_multipart.multipart: Calling on_end with no data
2025-07-28 00:06:45 [INFO] face-presence-api: Registering user: 44
2025-07-28 00:06:45 [INFO] watchfiles.main: 1 change detected
2025-07-28 00:06:45 [DEBUG] face-presence-api: 🧹 Memory cleared with garbage collector.
2025-07-28 00:06:46 [INFO] watchfiles.main: 9 changes detected
2025-07-28 00:06:46 [INFO] face-presence-api: 📁 10 test image berhasil disimpan untuk user 44 di F:\Kuliah\Skripsi\praktisi-face-presence-api\src\storage\test_images\44
2025-07-28 00:06:46 [DEBUG] face-presence-api: 🧹 Memory cleared with garbage collector.
2025-07-28 00:06:46 [INFO] face-presence-api: Processing batch 1/8
2025-07-28 00:06:46 [INFO] watchfiles.main: 1 change detected
2025-07-28 00:06:46 [INFO] face-presence-api: Processing batch 2/8
2025-07-28 00:06:47 [INFO] face-presence-api: Processing batch 3/8
2025-07-28 00:06:47 [INFO] face-presence-api: Processing batch 4/8
2025-07-28 00:06:48 [INFO] face-presence-api: Processing batch 5/8
2025-07-28 00:06:48 [INFO] face-presence-api: Processing batch 6/8
2025-07-28 00:06:48 [INFO] face-presence-api: Processing batch 7/8
2025-07-28 00:06:49 [INFO] face-presence-api: Processing batch 8/8
2025-07-28 00:06:49 [INFO] face-presence-api: Finished processing 40 valid embeddings from 40 images
2025-07-28 00:06:49 [INFO] face-presence-api: Validasi berhasil: 40 embeddings valid
2025-07-28 00:06:49 [INFO] face-presence-api: Validasi berhasil: 40 embeddings valid
2025-07-28 00:06:49 [INFO] face-presence-api: Embedding berhasil disimpan untuk user 44 di F:\Kuliah\Skripsi\praktisi-face-presence-api\src\storage\embeddings\44.pkl
2025-07-28 00:06:49 [INFO] face-presence-api: Embeddings saved successfully for user 44, starting evaluation.
2025-07-28 00:06:49 [INFO] face-presence-api: Evaluating ...
2025-07-28 00:06:49 [INFO] watchfiles.main: 1 change detected
2025-07-28 00:06:49 [INFO] face-presence-api: Evaluating batch 1/4
2025-07-28 00:06:49 [INFO] face-presence-api: Evaluating batch 2/4
2025-07-28 00:06:50 [INFO] face-presence-api: Evaluating batch 3/4
2025-07-28 00:06:50 [INFO] face-presence-api: Evaluating batch 4/4
2025-07-28 00:06:50 [INFO] face-presence-api: Face registration successful for user 44.
2025-07-28 00:06:53 [DEBUG] face-presence-api: [BatchLogger] No durations, skip flush
2025-07-28 00:06:57 [DEBUG] face-presence-api: [BatchLogger] No verifications, skip flush
2025-07-28 00:07:00 [DEBUG] python_multipart.multipart: Calling on_part_begin with no data
2025-07-28 00:07:00 [DEBUG] python_multipart.multipart: Calling on_header_field with data[42:61]
2025-07-28 00:07:00 [DEBUG] python_multipart.multipart: Calling on_header_value with data[63:88]
2025-07-28 00:07:00 [DEBUG] python_multipart.multipart: Calling on_header_end with no data
2025-07-28 00:07:00 [DEBUG] python_multipart.multipart: Calling on_headers_finished with no data
2025-07-28 00:07:00 [DEBUG] python_multipart.multipart: Calling on_part_data with data[92:94]
2025-07-28 00:07:00 [DEBUG] python_multipart.multipart: Calling on_part_end with no data
2025-07-28 00:07:00 [DEBUG] python_multipart.multipart: Calling on_end with no data
2025-07-28 00:07:00 [INFO] face-presence-api: Checking status for user: 44
2025-07-28 00:07:00 [INFO] face-presence-api: User 44 is already registered.
2025-07-28 00:07:03 [DEBUG] face-presence-api: [BatchLogger] No durations, skip flush
2025-07-28 00:07:13 [INFO] face-presence-api: [BatchLogger] Flushing 1 registrations...
2025-07-28 00:07:13 [DEBUG] urllib3.connectionpool: https://sheets.googleapis.com:443 "GET /v4/spreadsheets/1hjXERVEURCeKXeCw8TUbrkjF25_GVmORN0JgjZuu058?includeGridData=false HTTP/1.1" 200 None
2025-07-28 00:07:14 [DEBUG] urllib3.connectionpool: https://sheets.googleapis.com:443 "GET /v4/spreadsheets/1hjXERVEURCeKXeCw8TUbrkjF25_GVmORN0JgjZuu058/values/%27Registration%27 HTTP/1.1" 200 None
2025-07-28 00:07:14 [DEBUG] urllib3.connectionpool: https://sheets.googleapis.com:443 "GET /v4/spreadsheets/1hjXERVEURCeKXeCw8TUbrkjF25_GVmORN0JgjZuu058/values/%27Registration%27 HTTP/1.1" 200 None
2025-07-28 00:07:14 [DEBUG] urllib3.connectionpool: https://sheets.googleapis.com:443 "POST /v4/spreadsheets/1hjXERVEURCeKXeCw8TUbrkjF25_GVmORN0JgjZuu058/values:batchUpdate HTTP/1.1" 200 None
2025-07-28 00:07:14 [INFO] face-presence-api: [BatchLogger] Updated 1 registration rows
2025-07-28 00:07:14 [DEBUG] face-presence-api: [BatchLogger] No durations, skip flush
2025-07-28 00:07:24 [DEBUG] face-presence-api: [BatchLogger] No durations, skip flush
2025-07-28 00:07:27 [DEBUG] face-presence-api: [BatchLogger] No verifications, skip flush
2025-07-28 00:07:34 [DEBUG] face-presence-api: [BatchLogger] No durations, skip flush
2025-07-28 00:07:44 [DEBUG] face-presence-api: [BatchLogger] No registrations, skip flush
2025-07-28 00:07:44 [DEBUG] face-presence-api: [BatchLogger] No durations, skip flush
2025-07-28 00:07:54 [DEBUG] face-presence-api: [BatchLogger] No durations, skip flush
2025-07-28 00:07:57 [DEBUG] face-presence-api: [BatchLogger] No verifications, skip flush
2025-07-28 00:08:04 [DEBUG] face-presence-api: [BatchLogger] No durations, skip flush
2025-07-28 00:08:14 [DEBUG] face-presence-api: [BatchLogger] No registrations, skip flush
2025-07-28 00:08:15 [DEBUG] face-presence-api: [BatchLogger] No durations, skip flush
2025-07-28 00:08:20 [DEBUG] python_multipart.multipart: Calling on_part_begin with no data
2025-07-28 00:08:20 [DEBUG] python_multipart.multipart: Calling on_header_field with data[42:61]
2025-07-28 00:08:20 [DEBUG] python_multipart.multipart: Calling on_header_value with data[63:88]
2025-07-28 00:08:20 [DEBUG] python_multipart.multipart: Calling on_header_end with no data
2025-07-28 00:08:20 [DEBUG] python_multipart.multipart: Calling on_headers_finished with no data
2025-07-28 00:08:20 [DEBUG] python_multipart.multipart: Calling on_part_data with data[92:94]
2025-07-28 00:08:20 [DEBUG] python_multipart.multipart: Calling on_part_end with no data
2025-07-28 00:08:20 [DEBUG] python_multipart.multipart: Calling on_end with no data
2025-07-28 00:08:20 [INFO] face-presence-api: Checking status for user: 44
2025-07-28 00:08:20 [INFO] face-presence-api: User 44 is already registered.
2025-07-28 00:08:25 [DEBUG] face-presence-api: [BatchLogger] No durations, skip flush
2025-07-28 00:08:26 [DEBUG] python_multipart.multipart: Calling on_part_begin with no data
2025-07-28 00:08:26 [DEBUG] python_multipart.multipart: Calling on_header_field with data[42:61]
2025-07-28 00:08:26 [DEBUG] python_multipart.multipart: Calling on_header_value with data[63:88]
2025-07-28 00:08:26 [DEBUG] python_multipart.multipart: Calling on_header_end with no data
2025-07-28 00:08:26 [DEBUG] python_multipart.multipart: Calling on_headers_finished with no data
2025-07-28 00:08:26 [DEBUG] python_multipart.multipart: Calling on_part_data with data[92:94]
2025-07-28 00:08:26 [DEBUG] python_multipart.multipart: Calling on_part_end with no data
2025-07-28 00:08:26 [DEBUG] python_multipart.multipart: Calling on_part_begin with no data
2025-07-28 00:08:26 [DEBUG] python_multipart.multipart: Calling on_header_field with data[138:157]
2025-07-28 00:08:26 [DEBUG] python_multipart.multipart: Calling on_header_value with data[159:214]
2025-07-28 00:08:26 [DEBUG] python_multipart.multipart: Calling on_header_end with no data
2025-07-28 00:08:26 [DEBUG] python_multipart.multipart: Calling on_header_field with data[216:228]
2025-07-28 00:08:27 [DEBUG] python_multipart.multipart: Calling on_header_value with data[230:240]
2025-07-28 00:08:27 [DEBUG] python_multipart.multipart: Calling on_header_end with no data
2025-07-28 00:08:27 [DEBUG] python_multipart.multipart: Calling on_headers_finished with no data
2025-07-28 00:08:27 [DEBUG] python_multipart.multipart: Calling on_part_data with data[244:3406]
2025-07-28 00:08:27 [DEBUG] python_multipart.multipart: Calling on_part_end with no data
2025-07-28 00:08:27 [DEBUG] python_multipart.multipart: Calling on_end with no data
2025-07-28 00:08:27 [INFO] face-presence-api: Verifying user: 44
2025-07-28 00:08:27 [INFO] face-presence-api: Starting verification for user: 44
2025-07-28 00:08:27 [INFO] face-presence-api: Computed similarity for user 44: 1.0000
2025-07-28 00:08:27 [INFO] face-presence-api: Comparison completed for user 44 with result: {'error': False, 'similarity': 0.9999998807907104}
2025-07-28 00:08:27 [INFO] face-presence-api: Verification success for user 44: Match (score=1.00000)
2025-07-28 00:08:27 [INFO] face-presence-api: Verification successful for user 44
2025-07-28 00:08:27 [DEBUG] python_multipart.multipart: Calling on_part_begin with no data
2025-07-28 00:08:27 [DEBUG] python_multipart.multipart: Calling on_header_field with data[42:61]
2025-07-28 00:08:27 [DEBUG] python_multipart.multipart: Calling on_header_value with data[63:88]
2025-07-28 00:08:27 [DEBUG] python_multipart.multipart: Calling on_header_end with no data
2025-07-28 00:08:27 [DEBUG] python_multipart.multipart: Calling on_headers_finished with no data
2025-07-28 00:08:27 [DEBUG] python_multipart.multipart: Calling on_part_data with data[92:94]
2025-07-28 00:08:27 [DEBUG] python_multipart.multipart: Calling on_part_end with no data
2025-07-28 00:08:27 [DEBUG] python_multipart.multipart: Calling on_part_begin with no data
2025-07-28 00:08:27 [DEBUG] python_multipart.multipart: Calling on_header_field with data[138:157]
2025-07-28 00:08:27 [DEBUG] python_multipart.multipart: Calling on_header_value with data[159:183]
2025-07-28 00:08:27 [DEBUG] python_multipart.multipart: Calling on_header_end with no data
2025-07-28 00:08:27 [DEBUG] python_multipart.multipart: Calling on_headers_finished with no data
2025-07-28 00:08:27 [DEBUG] python_multipart.multipart: Calling on_part_data with data[187:190]
2025-07-28 00:08:27 [DEBUG] python_multipart.multipart: Calling on_part_end with no data
2025-07-28 00:08:27 [DEBUG] python_multipart.multipart: Calling on_end with no data
2025-07-28 00:08:27 [INFO] face-presence-api: Logging duration for user: 44, duration: 307.0
2025-07-28 00:08:27 [INFO] face-presence-api: Duration 307.0s successfully enqueued for user 44.
2025-07-28 00:08:27 [INFO] face-presence-api: [BatchLogger] Flushing 1 verifications...
2025-07-28 00:08:28 [DEBUG] python_multipart.multipart: Calling on_part_begin with no data
2025-07-28 00:08:28 [DEBUG] python_multipart.multipart: Calling on_header_field with data[42:61]
2025-07-28 00:08:28 [DEBUG] python_multipart.multipart: Calling on_header_value with data[63:88]
2025-07-28 00:08:28 [DEBUG] python_multipart.multipart: Calling on_header_end with no data
2025-07-28 00:08:28 [DEBUG] python_multipart.multipart: Calling on_headers_finished with no data
2025-07-28 00:08:28 [DEBUG] python_multipart.multipart: Calling on_part_data with data[92:94]
2025-07-28 00:08:28 [DEBUG] python_multipart.multipart: Calling on_part_end with no data
2025-07-28 00:08:28 [DEBUG] python_multipart.multipart: Calling on_part_begin with no data
2025-07-28 00:08:28 [DEBUG] python_multipart.multipart: Calling on_header_field with data[138:157]
2025-07-28 00:08:28 [DEBUG] python_multipart.multipart: Calling on_header_value with data[159:214]
2025-07-28 00:08:28 [DEBUG] python_multipart.multipart: Calling on_header_end with no data
2025-07-28 00:08:28 [DEBUG] python_multipart.multipart: Calling on_header_field with data[216:228]
2025-07-28 00:08:28 [DEBUG] python_multipart.multipart: Calling on_header_value with data[230:240]
2025-07-28 00:08:28 [DEBUG] python_multipart.multipart: Calling on_header_end with no data
2025-07-28 00:08:28 [DEBUG] python_multipart.multipart: Calling on_headers_finished with no data
2025-07-28 00:08:28 [DEBUG] python_multipart.multipart: Calling on_part_data with data[244:3406]
2025-07-28 00:08:28 [DEBUG] python_multipart.multipart: Calling on_part_end with no data
2025-07-28 00:08:28 [DEBUG] python_multipart.multipart: Calling on_end with no data
2025-07-28 00:08:28 [INFO] face-presence-api: Verifying user: 44
2025-07-28 00:08:28 [INFO] face-presence-api: Starting verification for user: 44
2025-07-28 00:08:28 [INFO] face-presence-api: Computed similarity for user 44: 1.0000
2025-07-28 00:08:28 [INFO] face-presence-api: Comparison completed for user 44 with result: {'error': False, 'similarity': 0.9999998807907104}
2025-07-28 00:08:30 [DEBUG] urllib3.connectionpool: https://sheets.googleapis.com:443 "GET /v4/spreadsheets/1hjXERVEURCeKXeCw8TUbrkjF25_GVmORN0JgjZuu058?includeGridData=false HTTP/1.1" 200 None
2025-07-28 00:08:31 [DEBUG] urllib3.connectionpool: https://sheets.googleapis.com:443 "GET /v4/spreadsheets/1hjXERVEURCeKXeCw8TUbrkjF25_GVmORN0JgjZuu058/values/%27Verification%27 HTTP/1.1" 200 None
2025-07-28 00:08:32 [DEBUG] urllib3.connectionpool: https://sheets.googleapis.com:443 "GET /v4/spreadsheets/1hjXERVEURCeKXeCw8TUbrkjF25_GVmORN0JgjZuu058/values/%27Verification%27 HTTP/1.1" 200 None
2025-07-28 00:08:32 [DEBUG] urllib3.connectionpool: https://sheets.googleapis.com:443 "POST /v4/spreadsheets/1hjXERVEURCeKXeCw8TUbrkjF25_GVmORN0JgjZuu058/values:batchUpdate HTTP/1.1" 200 None
2025-07-28 00:08:32 [INFO] face-presence-api: [BatchLogger] Updated verification for 1 users
2025-07-28 00:08:32 [INFO] face-presence-api: Verification success for user 44: Match (score=1.00000)
2025-07-28 00:08:32 [INFO] face-presence-api: Verification successful for user 44
2025-07-28 00:08:32 [DEBUG] python_multipart.multipart: Calling on_part_begin with no data
2025-07-28 00:08:32 [DEBUG] python_multipart.multipart: Calling on_header_field with data[42:61]
2025-07-28 00:08:32 [DEBUG] python_multipart.multipart: Calling on_header_value with data[63:88]
2025-07-28 00:08:32 [DEBUG] python_multipart.multipart: Calling on_header_end with no data
2025-07-28 00:08:32 [DEBUG] python_multipart.multipart: Calling on_headers_finished with no data
2025-07-28 00:08:32 [DEBUG] python_multipart.multipart: Calling on_part_data with data[92:94]
2025-07-28 00:08:32 [DEBUG] python_multipart.multipart: Calling on_part_end with no data
2025-07-28 00:08:32 [DEBUG] python_multipart.multipart: Calling on_part_begin with no data
2025-07-28 00:08:32 [DEBUG] python_multipart.multipart: Calling on_header_field with data[138:157]
2025-07-28 00:08:32 [DEBUG] python_multipart.multipart: Calling on_header_value with data[159:183]
2025-07-28 00:08:32 [DEBUG] python_multipart.multipart: Calling on_header_end with no data
2025-07-28 00:08:32 [DEBUG] python_multipart.multipart: Calling on_headers_finished with no data
2025-07-28 00:08:32 [DEBUG] python_multipart.multipart: Calling on_part_data with data[187:191]
2025-07-28 00:08:32 [DEBUG] python_multipart.multipart: Calling on_part_end with no data
2025-07-28 00:08:32 [DEBUG] python_multipart.multipart: Calling on_end with no data
2025-07-28 00:08:32 [INFO] face-presence-api: Logging duration for user: 44, duration: 4155.0
2025-07-28 00:08:32 [INFO] face-presence-api: Duration 4155.0s successfully enqueued for user 44.
2025-07-28 00:08:35 [INFO] face-presence-api: [BatchLogger] Flushing durations: 2
2025-07-28 00:08:35 [DEBUG] urllib3.connectionpool: https://sheets.googleapis.com:443 "GET /v4/spreadsheets/1hjXERVEURCeKXeCw8TUbrkjF25_GVmORN0JgjZuu058?includeGridData=false HTTP/1.1" 200 None
2025-07-28 00:08:35 [DEBUG] urllib3.connectionpool: https://sheets.googleapis.com:443 "GET /v4/spreadsheets/1hjXERVEURCeKXeCw8TUbrkjF25_GVmORN0JgjZuu058/values/%27Verification%27 HTTP/1.1" 200 None
2025-07-28 00:08:36 [DEBUG] urllib3.connectionpool: https://sheets.googleapis.com:443 "GET /v4/spreadsheets/1hjXERVEURCeKXeCw8TUbrkjF25_GVmORN0JgjZuu058/values/%27Verification%27 HTTP/1.1" 200 None
2025-07-28 00:08:36 [DEBUG] urllib3.connectionpool: https://sheets.googleapis.com:443 "POST /v4/spreadsheets/1hjXERVEURCeKXeCw8TUbrkjF25_GVmORN0JgjZuu058/values:batchUpdate HTTP/1.1" 200 None
2025-07-28 00:08:36 [INFO] face-presence-api: [BatchLogger] Added 2 new duration headers
2025-07-28 00:08:37 [DEBUG] urllib3.connectionpool: https://sheets.googleapis.com:443 "POST /v4/spreadsheets/1hjXERVEURCeKXeCw8TUbrkjF25_GVmORN0JgjZuu058/values:batchUpdate HTTP/1.1" 200 None
2025-07-28 00:08:37 [INFO] face-presence-api: [BatchLogger] Updated durations for 2 cells
2025-07-28 00:08:44 [DEBUG] face-presence-api: [BatchLogger] No registrations, skip flush
2025-07-28 00:08:47 [DEBUG] face-presence-api: [BatchLogger] No durations, skip flush
2025-07-28 00:08:49 [DEBUG] python_multipart.multipart: Calling on_part_begin with no data
2025-07-28 00:08:49 [DEBUG] python_multipart.multipart: Calling on_header_field with data[42:61]
2025-07-28 00:08:49 [DEBUG] python_multipart.multipart: Calling on_header_value with data[63:88]
2025-07-28 00:08:49 [DEBUG] python_multipart.multipart: Calling on_header_end with no data
2025-07-28 00:08:49 [DEBUG] python_multipart.multipart: Calling on_headers_finished with no data
2025-07-28 00:08:49 [DEBUG] python_multipart.multipart: Calling on_part_data with data[92:94]
2025-07-28 00:08:49 [DEBUG] python_multipart.multipart: Calling on_part_end with no data
2025-07-28 00:08:49 [DEBUG] python_multipart.multipart: Calling on_part_begin with no data
2025-07-28 00:08:49 [DEBUG] python_multipart.multipart: Calling on_header_field with data[138:157]
2025-07-28 00:08:49 [DEBUG] python_multipart.multipart: Calling on_header_value with data[159:205]
2025-07-28 00:08:49 [DEBUG] python_multipart.multipart: Calling on_header_end with no data
2025-07-28 00:08:49 [DEBUG] python_multipart.multipart: Calling on_header_field with data[207:219]
2025-07-28 00:08:49 [DEBUG] python_multipart.multipart: Calling on_header_value with data[221:231]
2025-07-28 00:08:49 [DEBUG] python_multipart.multipart: Calling on_header_end with no data
2025-07-28 00:08:49 [DEBUG] python_multipart.multipart: Calling on_headers_finished with no data
2025-07-28 00:08:49 [DEBUG] python_multipart.multipart: Calling on_part_data with data[235:3397]
2025-07-28 00:08:49 [DEBUG] python_multipart.multipart: Calling on_part_end with no data
2025-07-28 00:08:49 [DEBUG] python_multipart.multipart: Calling on_part_begin with no data
2025-07-28 00:08:49 [DEBUG] python_multipart.multipart: Calling on_header_field with data[3441:3460]
2025-07-28 00:08:49 [DEBUG] python_multipart.multipart: Calling on_header_value with data[3462:3508]
2025-07-28 00:08:49 [DEBUG] python_multipart.multipart: Calling on_header_end with no data
2025-07-28 00:08:49 [DEBUG] python_multipart.multipart: Calling on_header_field with data[3510:3522]
2025-07-28 00:08:49 [DEBUG] python_multipart.multipart: Calling on_header_value with data[3524:3534]
2025-07-28 00:08:49 [DEBUG] python_multipart.multipart: Calling on_header_end with no data
2025-07-28 00:08:49 [DEBUG] python_multipart.multipart: Calling on_headers_finished with no data
2025-07-28 00:08:49 [DEBUG] python_multipart.multipart: Calling on_part_data with data[3538:6700]
2025-07-28 00:08:49 [DEBUG] python_multipart.multipart: Calling on_part_end with no data
2025-07-28 00:08:49 [DEBUG] python_multipart.multipart: Calling on_part_begin with no data
2025-07-28 00:08:49 [DEBUG] python_multipart.multipart: Calling on_header_field with data[6744:6763]
2025-07-28 00:08:49 [DEBUG] python_multipart.multipart: Calling on_header_value with data[6765:6811]
2025-07-28 00:08:49 [DEBUG] python_multipart.multipart: Calling on_header_end with no data
2025-07-28 00:08:49 [DEBUG] python_multipart.multipart: Calling on_header_field with data[6813:6825]
2025-07-28 00:08:49 [DEBUG] python_multipart.multipart: Calling on_header_value with data[6827:6837]
2025-07-28 00:08:49 [DEBUG] python_multipart.multipart: Calling on_header_end with no data
2025-07-28 00:08:49 [DEBUG] python_multipart.multipart: Calling on_headers_finished with no data
2025-07-28 00:08:49 [DEBUG] python_multipart.multipart: Calling on_part_data with data[6841:10003]
2025-07-28 00:08:49 [DEBUG] python_multipart.multipart: Calling on_part_end with no data
2025-07-28 00:08:49 [DEBUG] python_multipart.multipart: Calling on_part_begin with no data
2025-07-28 00:08:49 [DEBUG] python_multipart.multipart: Calling on_header_field with data[10047:10066]
2025-07-28 00:08:49 [DEBUG] python_multipart.multipart: Calling on_header_value with data[10068:10114]
2025-07-28 00:08:49 [DEBUG] python_multipart.multipart: Calling on_header_end with no data
2025-07-28 00:08:49 [DEBUG] python_multipart.multipart: Calling on_header_field with data[10116:10128]
2025-07-28 00:08:49 [DEBUG] python_multipart.multipart: Calling on_header_value with data[10130:10140]
2025-07-28 00:08:49 [DEBUG] python_multipart.multipart: Calling on_header_end with no data
2025-07-28 00:08:49 [DEBUG] python_multipart.multipart: Calling on_headers_finished with no data
2025-07-28 00:08:49 [DEBUG] python_multipart.multipart: Calling on_part_data with data[10144:13306]
2025-07-28 00:08:49 [DEBUG] python_multipart.multipart: Calling on_part_end with no data
2025-07-28 00:08:49 [DEBUG] python_multipart.multipart: Calling on_part_begin with no data
2025-07-28 00:08:49 [DEBUG] python_multipart.multipart: Calling on_header_field with data[13350:13369]
2025-07-28 00:08:49 [DEBUG] python_multipart.multipart: Calling on_header_value with data[13371:13417]
2025-07-28 00:08:49 [DEBUG] python_multipart.multipart: Calling on_header_end with no data
2025-07-28 00:08:49 [DEBUG] python_multipart.multipart: Calling on_header_field with data[13419:13431]
2025-07-28 00:08:49 [DEBUG] python_multipart.multipart: Calling on_header_value with data[13433:13443]
2025-07-28 00:08:49 [DEBUG] python_multipart.multipart: Calling on_header_end with no data
2025-07-28 00:08:49 [DEBUG] python_multipart.multipart: Calling on_headers_finished with no data
2025-07-28 00:08:49 [DEBUG] python_multipart.multipart: Calling on_part_data with data[13447:16609]
2025-07-28 00:08:49 [DEBUG] python_multipart.multipart: Calling on_part_end with no data
2025-07-28 00:08:49 [DEBUG] python_multipart.multipart: Calling on_part_begin with no data
2025-07-28 00:08:49 [DEBUG] python_multipart.multipart: Calling on_header_field with data[16653:16672]
2025-07-28 00:08:49 [DEBUG] python_multipart.multipart: Calling on_header_value with data[16674:16720]
2025-07-28 00:08:49 [DEBUG] python_multipart.multipart: Calling on_header_end with no data
2025-07-28 00:08:49 [DEBUG] python_multipart.multipart: Calling on_header_field with data[16722:16734]
2025-07-28 00:08:49 [DEBUG] python_multipart.multipart: Calling on_header_value with data[16736:16746]
2025-07-28 00:08:49 [DEBUG] python_multipart.multipart: Calling on_header_end with no data
2025-07-28 00:08:49 [DEBUG] python_multipart.multipart: Calling on_headers_finished with no data
2025-07-28 00:08:49 [DEBUG] python_multipart.multipart: Calling on_part_data with data[16750:19912]
2025-07-28 00:08:49 [DEBUG] python_multipart.multipart: Calling on_part_end with no data
2025-07-28 00:08:49 [DEBUG] python_multipart.multipart: Calling on_part_begin with no data
2025-07-28 00:08:49 [DEBUG] python_multipart.multipart: Calling on_header_field with data[19956:19975]
2025-07-28 00:08:49 [DEBUG] python_multipart.multipart: Calling on_header_value with data[19977:20023]
2025-07-28 00:08:49 [DEBUG] python_multipart.multipart: Calling on_header_end with no data
2025-07-28 00:08:49 [DEBUG] python_multipart.multipart: Calling on_header_field with data[20025:20037]
2025-07-28 00:08:49 [DEBUG] python_multipart.multipart: Calling on_header_value with data[20039:20049]
2025-07-28 00:08:49 [DEBUG] python_multipart.multipart: Calling on_header_end with no data
2025-07-28 00:08:49 [DEBUG] python_multipart.multipart: Calling on_headers_finished with no data
2025-07-28 00:08:49 [DEBUG] python_multipart.multipart: Calling on_part_data with data[20053:23215]
2025-07-28 00:08:49 [DEBUG] python_multipart.multipart: Calling on_part_end with no data
2025-07-28 00:08:49 [DEBUG] python_multipart.multipart: Calling on_part_begin with no data
2025-07-28 00:08:49 [DEBUG] python_multipart.multipart: Calling on_header_field with data[23259:23278]
2025-07-28 00:08:49 [DEBUG] python_multipart.multipart: Calling on_header_value with data[23280:23326]
2025-07-28 00:08:49 [DEBUG] python_multipart.multipart: Calling on_header_end with no data
2025-07-28 00:08:49 [DEBUG] python_multipart.multipart: Calling on_header_field with data[23328:23340]
2025-07-28 00:08:49 [DEBUG] python_multipart.multipart: Calling on_header_value with data[23342:23352]
2025-07-28 00:08:49 [DEBUG] python_multipart.multipart: Calling on_header_end with no data
2025-07-28 00:08:49 [DEBUG] python_multipart.multipart: Calling on_headers_finished with no data
2025-07-28 00:08:49 [DEBUG] python_multipart.multipart: Calling on_part_data with data[23356:26518]
2025-07-28 00:08:49 [DEBUG] python_multipart.multipart: Calling on_part_end with no data
2025-07-28 00:08:49 [DEBUG] python_multipart.multipart: Calling on_part_begin with no data
2025-07-28 00:08:49 [DEBUG] python_multipart.multipart: Calling on_header_field with data[26562:26581]
2025-07-28 00:08:49 [DEBUG] python_multipart.multipart: Calling on_header_value with data[26583:26629]
2025-07-28 00:08:49 [DEBUG] python_multipart.multipart: Calling on_header_end with no data
2025-07-28 00:08:49 [DEBUG] python_multipart.multipart: Calling on_header_field with data[26631:26643]
2025-07-28 00:08:49 [DEBUG] python_multipart.multipart: Calling on_header_value with data[26645:26655]
2025-07-28 00:08:49 [DEBUG] python_multipart.multipart: Calling on_header_end with no data
2025-07-28 00:08:49 [DEBUG] python_multipart.multipart: Calling on_headers_finished with no data
2025-07-28 00:08:49 [DEBUG] python_multipart.multipart: Calling on_part_data with data[26659:29821]
2025-07-28 00:08:49 [DEBUG] python_multipart.multipart: Calling on_part_end with no data
2025-07-28 00:08:49 [DEBUG] python_multipart.multipart: Calling on_part_begin with no data
2025-07-28 00:08:49 [DEBUG] python_multipart.multipart: Calling on_header_field with data[29865:29884]
2025-07-28 00:08:49 [DEBUG] python_multipart.multipart: Calling on_header_value with data[29886:29933]
2025-07-28 00:08:49 [DEBUG] python_multipart.multipart: Calling on_header_end with no data
2025-07-28 00:08:49 [DEBUG] python_multipart.multipart: Calling on_header_field with data[29935:29947]
2025-07-28 00:08:49 [DEBUG] python_multipart.multipart: Calling on_header_value with data[29949:29959]
2025-07-28 00:08:49 [DEBUG] python_multipart.multipart: Calling on_header_end with no data
2025-07-28 00:08:49 [DEBUG] python_multipart.multipart: Calling on_headers_finished with no data
2025-07-28 00:08:49 [DEBUG] python_multipart.multipart: Calling on_part_data with data[29963:33125]
2025-07-28 00:08:49 [DEBUG] python_multipart.multipart: Calling on_part_end with no data
2025-07-28 00:08:49 [DEBUG] python_multipart.multipart: Calling on_part_begin with no data
2025-07-28 00:08:49 [DEBUG] python_multipart.multipart: Calling on_header_field with data[33169:33188]
2025-07-28 00:08:49 [DEBUG] python_multipart.multipart: Calling on_header_value with data[33190:33237]
2025-07-28 00:08:49 [DEBUG] python_multipart.multipart: Calling on_header_end with no data
2025-07-28 00:08:49 [DEBUG] python_multipart.multipart: Calling on_header_field with data[33239:33251]
2025-07-28 00:08:49 [DEBUG] python_multipart.multipart: Calling on_header_value with data[33253:33263]
2025-07-28 00:08:49 [DEBUG] python_multipart.multipart: Calling on_header_end with no data
2025-07-28 00:08:49 [DEBUG] python_multipart.multipart: Calling on_headers_finished with no data
2025-07-28 00:08:49 [DEBUG] python_multipart.multipart: Calling on_part_data with data[33267:36429]
2025-07-28 00:08:49 [DEBUG] python_multipart.multipart: Calling on_part_end with no data
2025-07-28 00:08:49 [DEBUG] python_multipart.multipart: Calling on_part_begin with no data
2025-07-28 00:08:49 [DEBUG] python_multipart.multipart: Calling on_header_field with data[36473:36492]
2025-07-28 00:08:49 [DEBUG] python_multipart.multipart: Calling on_header_value with data[36494:36541]
2025-07-28 00:08:49 [DEBUG] python_multipart.multipart: Calling on_header_end with no data
2025-07-28 00:08:49 [DEBUG] python_multipart.multipart: Calling on_header_field with data[36543:36555]
2025-07-28 00:08:49 [DEBUG] python_multipart.multipart: Calling on_header_value with data[36557:36567]
2025-07-28 00:08:49 [DEBUG] python_multipart.multipart: Calling on_header_end with no data
2025-07-28 00:08:49 [DEBUG] python_multipart.multipart: Calling on_headers_finished with no data
2025-07-28 00:08:49 [DEBUG] python_multipart.multipart: Calling on_part_data with data[36571:39733]
2025-07-28 00:08:49 [DEBUG] python_multipart.multipart: Calling on_part_end with no data
2025-07-28 00:08:49 [DEBUG] python_multipart.multipart: Calling on_part_begin with no data
2025-07-28 00:08:49 [DEBUG] python_multipart.multipart: Calling on_header_field with data[39777:39796]
2025-07-28 00:08:49 [DEBUG] python_multipart.multipart: Calling on_header_value with data[39798:39845]
2025-07-28 00:08:49 [DEBUG] python_multipart.multipart: Calling on_header_end with no data
2025-07-28 00:08:49 [DEBUG] python_multipart.multipart: Calling on_header_field with data[39847:39859]
2025-07-28 00:08:49 [DEBUG] python_multipart.multipart: Calling on_header_value with data[39861:39871]
2025-07-28 00:08:49 [DEBUG] python_multipart.multipart: Calling on_header_end with no data
2025-07-28 00:08:49 [DEBUG] python_multipart.multipart: Calling on_headers_finished with no data
2025-07-28 00:08:49 [DEBUG] python_multipart.multipart: Calling on_part_data with data[39875:43037]
2025-07-28 00:08:49 [DEBUG] python_multipart.multipart: Calling on_part_end with no data
2025-07-28 00:08:49 [DEBUG] python_multipart.multipart: Calling on_part_begin with no data
2025-07-28 00:08:49 [DEBUG] python_multipart.multipart: Calling on_header_field with data[43081:43100]
2025-07-28 00:08:49 [DEBUG] python_multipart.multipart: Calling on_header_value with data[43102:43149]
2025-07-28 00:08:49 [DEBUG] python_multipart.multipart: Calling on_header_end with no data
2025-07-28 00:08:49 [DEBUG] python_multipart.multipart: Calling on_header_field with data[43151:43163]
2025-07-28 00:08:49 [DEBUG] python_multipart.multipart: Calling on_header_value with data[43165:43175]
2025-07-28 00:08:49 [DEBUG] python_multipart.multipart: Calling on_header_end with no data
2025-07-28 00:08:49 [DEBUG] python_multipart.multipart: Calling on_headers_finished with no data
2025-07-28 00:08:49 [DEBUG] python_multipart.multipart: Calling on_part_data with data[43179:46341]
2025-07-28 00:08:49 [DEBUG] python_multipart.multipart: Calling on_part_end with no data
2025-07-28 00:08:49 [DEBUG] python_multipart.multipart: Calling on_part_begin with no data
2025-07-28 00:08:49 [DEBUG] python_multipart.multipart: Calling on_header_field with data[46385:46404]
2025-07-28 00:08:49 [DEBUG] python_multipart.multipart: Calling on_header_value with data[46406:46453]
2025-07-28 00:08:49 [DEBUG] python_multipart.multipart: Calling on_header_end with no data
2025-07-28 00:08:49 [DEBUG] python_multipart.multipart: Calling on_header_field with data[46455:46467]
2025-07-28 00:08:49 [DEBUG] python_multipart.multipart: Calling on_header_value with data[46469:46479]
2025-07-28 00:08:49 [DEBUG] python_multipart.multipart: Calling on_header_end with no data
2025-07-28 00:08:49 [DEBUG] python_multipart.multipart: Calling on_headers_finished with no data
2025-07-28 00:08:49 [DEBUG] python_multipart.multipart: Calling on_part_data with data[46483:49645]
2025-07-28 00:08:49 [DEBUG] python_multipart.multipart: Calling on_part_end with no data
2025-07-28 00:08:49 [DEBUG] python_multipart.multipart: Calling on_part_begin with no data
2025-07-28 00:08:49 [DEBUG] python_multipart.multipart: Calling on_header_field with data[49689:49708]
2025-07-28 00:08:49 [DEBUG] python_multipart.multipart: Calling on_header_value with data[49710:49757]
2025-07-28 00:08:49 [DEBUG] python_multipart.multipart: Calling on_header_end with no data
2025-07-28 00:08:49 [DEBUG] python_multipart.multipart: Calling on_header_field with data[49759:49771]
2025-07-28 00:08:49 [DEBUG] python_multipart.multipart: Calling on_header_value with data[49773:49783]
2025-07-28 00:08:49 [DEBUG] python_multipart.multipart: Calling on_header_end with no data
2025-07-28 00:08:49 [DEBUG] python_multipart.multipart: Calling on_headers_finished with no data
2025-07-28 00:08:49 [DEBUG] python_multipart.multipart: Calling on_part_data with data[49787:52949]
2025-07-28 00:08:49 [DEBUG] python_multipart.multipart: Calling on_part_end with no data
2025-07-28 00:08:49 [DEBUG] python_multipart.multipart: Calling on_part_begin with no data
2025-07-28 00:08:49 [DEBUG] python_multipart.multipart: Calling on_header_field with data[52993:53012]
2025-07-28 00:08:49 [DEBUG] python_multipart.multipart: Calling on_header_value with data[53014:53061]
2025-07-28 00:08:49 [DEBUG] python_multipart.multipart: Calling on_header_end with no data
2025-07-28 00:08:49 [DEBUG] python_multipart.multipart: Calling on_header_field with data[53063:53075]
2025-07-28 00:08:49 [DEBUG] python_multipart.multipart: Calling on_header_value with data[53077:53087]
2025-07-28 00:08:49 [DEBUG] python_multipart.multipart: Calling on_header_end with no data
2025-07-28 00:08:49 [DEBUG] python_multipart.multipart: Calling on_headers_finished with no data
2025-07-28 00:08:49 [DEBUG] python_multipart.multipart: Calling on_part_data with data[53091:56253]
2025-07-28 00:08:49 [DEBUG] python_multipart.multipart: Calling on_part_end with no data
2025-07-28 00:08:49 [DEBUG] python_multipart.multipart: Calling on_part_begin with no data
2025-07-28 00:08:49 [DEBUG] python_multipart.multipart: Calling on_header_field with data[56297:56316]
2025-07-28 00:08:49 [DEBUG] python_multipart.multipart: Calling on_header_value with data[56318:56365]
2025-07-28 00:08:49 [DEBUG] python_multipart.multipart: Calling on_header_end with no data
2025-07-28 00:08:49 [DEBUG] python_multipart.multipart: Calling on_header_field with data[56367:56379]
2025-07-28 00:08:49 [DEBUG] python_multipart.multipart: Calling on_header_value with data[56381:56391]
2025-07-28 00:08:49 [DEBUG] python_multipart.multipart: Calling on_header_end with no data
2025-07-28 00:08:49 [DEBUG] python_multipart.multipart: Calling on_headers_finished with no data
2025-07-28 00:08:49 [DEBUG] python_multipart.multipart: Calling on_part_data with data[56395:59557]
2025-07-28 00:08:49 [DEBUG] python_multipart.multipart: Calling on_part_end with no data
2025-07-28 00:08:49 [DEBUG] python_multipart.multipart: Calling on_part_begin with no data
2025-07-28 00:08:49 [DEBUG] python_multipart.multipart: Calling on_header_field with data[59601:59620]
2025-07-28 00:08:49 [DEBUG] python_multipart.multipart: Calling on_header_value with data[59622:59669]
2025-07-28 00:08:49 [DEBUG] python_multipart.multipart: Calling on_header_end with no data
2025-07-28 00:08:49 [DEBUG] python_multipart.multipart: Calling on_header_field with data[59671:59683]
2025-07-28 00:08:49 [DEBUG] python_multipart.multipart: Calling on_header_value with data[59685:59695]
2025-07-28 00:08:49 [DEBUG] python_multipart.multipart: Calling on_header_end with no data
2025-07-28 00:08:49 [DEBUG] python_multipart.multipart: Calling on_headers_finished with no data
2025-07-28 00:08:49 [DEBUG] python_multipart.multipart: Calling on_part_data with data[59699:62861]
2025-07-28 00:08:49 [DEBUG] python_multipart.multipart: Calling on_part_end with no data
2025-07-28 00:08:49 [DEBUG] python_multipart.multipart: Calling on_part_begin with no data
2025-07-28 00:08:49 [DEBUG] python_multipart.multipart: Calling on_header_field with data[62905:62924]
2025-07-28 00:08:49 [DEBUG] python_multipart.multipart: Calling on_header_value with data[62926:62973]
2025-07-28 00:08:49 [DEBUG] python_multipart.multipart: Calling on_header_end with no data
2025-07-28 00:08:49 [DEBUG] python_multipart.multipart: Calling on_header_field with data[62975:62987]
2025-07-28 00:08:49 [DEBUG] python_multipart.multipart: Calling on_header_value with data[62989:62999]
2025-07-28 00:08:49 [DEBUG] python_multipart.multipart: Calling on_header_end with no data
2025-07-28 00:08:49 [DEBUG] python_multipart.multipart: Calling on_headers_finished with no data
2025-07-28 00:08:49 [DEBUG] python_multipart.multipart: Calling on_part_data with data[63003:66165]
2025-07-28 00:08:49 [DEBUG] python_multipart.multipart: Calling on_part_end with no data
2025-07-28 00:08:49 [DEBUG] python_multipart.multipart: Calling on_part_begin with no data
2025-07-28 00:08:49 [DEBUG] python_multipart.multipart: Calling on_header_field with data[66209:66228]
2025-07-28 00:08:49 [DEBUG] python_multipart.multipart: Calling on_header_value with data[66230:66277]
2025-07-28 00:08:49 [DEBUG] python_multipart.multipart: Calling on_header_end with no data
2025-07-28 00:08:49 [DEBUG] python_multipart.multipart: Calling on_header_field with data[66279:66291]
2025-07-28 00:08:49 [DEBUG] python_multipart.multipart: Calling on_header_value with data[66293:66303]
2025-07-28 00:08:49 [DEBUG] python_multipart.multipart: Calling on_header_end with no data
2025-07-28 00:08:49 [DEBUG] python_multipart.multipart: Calling on_headers_finished with no data
2025-07-28 00:08:49 [DEBUG] python_multipart.multipart: Calling on_part_data with data[66307:69469]
2025-07-28 00:08:49 [DEBUG] python_multipart.multipart: Calling on_part_end with no data
2025-07-28 00:08:49 [DEBUG] python_multipart.multipart: Calling on_part_begin with no data
2025-07-28 00:08:49 [DEBUG] python_multipart.multipart: Calling on_header_field with data[69513:69532]
2025-07-28 00:08:49 [DEBUG] python_multipart.multipart: Calling on_header_value with data[69534:69581]
2025-07-28 00:08:49 [DEBUG] python_multipart.multipart: Calling on_header_end with no data
2025-07-28 00:08:49 [DEBUG] python_multipart.multipart: Calling on_header_field with data[69583:69595]
2025-07-28 00:08:49 [DEBUG] python_multipart.multipart: Calling on_header_value with data[69597:69607]
2025-07-28 00:08:49 [DEBUG] python_multipart.multipart: Calling on_header_end with no data
2025-07-28 00:08:49 [DEBUG] python_multipart.multipart: Calling on_headers_finished with no data
2025-07-28 00:08:49 [DEBUG] python_multipart.multipart: Calling on_part_data with data[69611:72773]
2025-07-28 00:08:49 [DEBUG] python_multipart.multipart: Calling on_part_end with no data
2025-07-28 00:08:49 [DEBUG] python_multipart.multipart: Calling on_part_begin with no data
2025-07-28 00:08:49 [DEBUG] python_multipart.multipart: Calling on_header_field with data[72817:72836]
2025-07-28 00:08:49 [DEBUG] python_multipart.multipart: Calling on_header_value with data[72838:72885]
2025-07-28 00:08:49 [DEBUG] python_multipart.multipart: Calling on_header_end with no data
2025-07-28 00:08:49 [DEBUG] python_multipart.multipart: Calling on_header_field with data[72887:72899]
2025-07-28 00:08:49 [DEBUG] python_multipart.multipart: Calling on_header_value with data[72901:72911]
2025-07-28 00:08:49 [DEBUG] python_multipart.multipart: Calling on_header_end with no data
2025-07-28 00:08:49 [DEBUG] python_multipart.multipart: Calling on_headers_finished with no data
2025-07-28 00:08:49 [DEBUG] python_multipart.multipart: Calling on_part_data with data[72915:76077]
2025-07-28 00:08:49 [DEBUG] python_multipart.multipart: Calling on_part_end with no data
2025-07-28 00:08:49 [DEBUG] python_multipart.multipart: Calling on_part_begin with no data
2025-07-28 00:08:49 [DEBUG] python_multipart.multipart: Calling on_header_field with data[76121:76140]
2025-07-28 00:08:49 [DEBUG] python_multipart.multipart: Calling on_header_value with data[76142:76189]
2025-07-28 00:08:49 [DEBUG] python_multipart.multipart: Calling on_header_end with no data
2025-07-28 00:08:49 [DEBUG] python_multipart.multipart: Calling on_header_field with data[76191:76203]
2025-07-28 00:08:49 [DEBUG] python_multipart.multipart: Calling on_header_value with data[76205:76215]
2025-07-28 00:08:49 [DEBUG] python_multipart.multipart: Calling on_header_end with no data
2025-07-28 00:08:49 [DEBUG] python_multipart.multipart: Calling on_headers_finished with no data
2025-07-28 00:08:49 [DEBUG] python_multipart.multipart: Calling on_part_data with data[76219:79381]
2025-07-28 00:08:49 [DEBUG] python_multipart.multipart: Calling on_part_end with no data
2025-07-28 00:08:49 [DEBUG] python_multipart.multipart: Calling on_part_begin with no data
2025-07-28 00:08:49 [DEBUG] python_multipart.multipart: Calling on_header_field with data[79425:79444]
2025-07-28 00:08:49 [DEBUG] python_multipart.multipart: Calling on_header_value with data[79446:79493]
2025-07-28 00:08:49 [DEBUG] python_multipart.multipart: Calling on_header_end with no data
2025-07-28 00:08:49 [DEBUG] python_multipart.multipart: Calling on_header_field with data[79495:79507]
2025-07-28 00:08:49 [DEBUG] python_multipart.multipart: Calling on_header_value with data[79509:79519]
2025-07-28 00:08:49 [DEBUG] python_multipart.multipart: Calling on_header_end with no data
2025-07-28 00:08:49 [DEBUG] python_multipart.multipart: Calling on_headers_finished with no data
2025-07-28 00:08:49 [DEBUG] python_multipart.multipart: Calling on_part_data with data[79523:82685]
2025-07-28 00:08:49 [DEBUG] python_multipart.multipart: Calling on_part_end with no data
2025-07-28 00:08:49 [DEBUG] python_multipart.multipart: Calling on_part_begin with no data
2025-07-28 00:08:49 [DEBUG] python_multipart.multipart: Calling on_header_field with data[82729:82748]
2025-07-28 00:08:49 [DEBUG] python_multipart.multipart: Calling on_header_value with data[82750:82797]
2025-07-28 00:08:49 [DEBUG] python_multipart.multipart: Calling on_header_end with no data
2025-07-28 00:08:49 [DEBUG] python_multipart.multipart: Calling on_header_field with data[82799:82811]
2025-07-28 00:08:49 [DEBUG] python_multipart.multipart: Calling on_header_value with data[82813:82823]
2025-07-28 00:08:49 [DEBUG] python_multipart.multipart: Calling on_header_end with no data
2025-07-28 00:08:49 [DEBUG] python_multipart.multipart: Calling on_headers_finished with no data
2025-07-28 00:08:49 [DEBUG] python_multipart.multipart: Calling on_part_data with data[82827:85989]
2025-07-28 00:08:49 [DEBUG] python_multipart.multipart: Calling on_part_end with no data
2025-07-28 00:08:49 [DEBUG] python_multipart.multipart: Calling on_part_begin with no data
2025-07-28 00:08:49 [DEBUG] python_multipart.multipart: Calling on_header_field with data[86033:86052]
2025-07-28 00:08:49 [DEBUG] python_multipart.multipart: Calling on_header_value with data[86054:86101]
2025-07-28 00:08:49 [DEBUG] python_multipart.multipart: Calling on_header_end with no data
2025-07-28 00:08:49 [DEBUG] python_multipart.multipart: Calling on_header_field with data[86103:86115]
2025-07-28 00:08:49 [DEBUG] python_multipart.multipart: Calling on_header_value with data[86117:86127]
2025-07-28 00:08:49 [DEBUG] python_multipart.multipart: Calling on_header_end with no data
2025-07-28 00:08:49 [DEBUG] python_multipart.multipart: Calling on_headers_finished with no data
2025-07-28 00:08:49 [DEBUG] python_multipart.multipart: Calling on_part_data with data[86131:89293]
2025-07-28 00:08:49 [DEBUG] python_multipart.multipart: Calling on_part_end with no data
2025-07-28 00:08:49 [DEBUG] python_multipart.multipart: Calling on_part_begin with no data
2025-07-28 00:08:49 [DEBUG] python_multipart.multipart: Calling on_header_field with data[89337:89356]
2025-07-28 00:08:49 [DEBUG] python_multipart.multipart: Calling on_header_value with data[89358:89405]
2025-07-28 00:08:49 [DEBUG] python_multipart.multipart: Calling on_header_end with no data
2025-07-28 00:08:49 [DEBUG] python_multipart.multipart: Calling on_header_field with data[89407:89419]
2025-07-28 00:08:49 [DEBUG] python_multipart.multipart: Calling on_header_value with data[89421:89431]
2025-07-28 00:08:49 [DEBUG] python_multipart.multipart: Calling on_header_end with no data
2025-07-28 00:08:49 [DEBUG] python_multipart.multipart: Calling on_headers_finished with no data
2025-07-28 00:08:49 [DEBUG] python_multipart.multipart: Calling on_part_data with data[89435:92597]
2025-07-28 00:08:49 [DEBUG] python_multipart.multipart: Calling on_part_end with no data
2025-07-28 00:08:49 [DEBUG] python_multipart.multipart: Calling on_part_begin with no data
2025-07-28 00:08:49 [DEBUG] python_multipart.multipart: Calling on_header_field with data[92641:92660]
2025-07-28 00:08:49 [DEBUG] python_multipart.multipart: Calling on_header_value with data[92662:92709]
2025-07-28 00:08:49 [DEBUG] python_multipart.multipart: Calling on_header_end with no data
2025-07-28 00:08:49 [DEBUG] python_multipart.multipart: Calling on_header_field with data[92711:92723]
2025-07-28 00:08:49 [DEBUG] python_multipart.multipart: Calling on_header_value with data[92725:92735]
2025-07-28 00:08:49 [DEBUG] python_multipart.multipart: Calling on_header_end with no data
2025-07-28 00:08:49 [DEBUG] python_multipart.multipart: Calling on_headers_finished with no data
2025-07-28 00:08:49 [DEBUG] python_multipart.multipart: Calling on_part_data with data[92739:95901]
2025-07-28 00:08:49 [DEBUG] python_multipart.multipart: Calling on_part_end with no data
2025-07-28 00:08:49 [DEBUG] python_multipart.multipart: Calling on_part_begin with no data
2025-07-28 00:08:49 [DEBUG] python_multipart.multipart: Calling on_header_field with data[95945:95964]
2025-07-28 00:08:49 [DEBUG] python_multipart.multipart: Calling on_header_value with data[95966:96013]
2025-07-28 00:08:49 [DEBUG] python_multipart.multipart: Calling on_header_end with no data
2025-07-28 00:08:49 [DEBUG] python_multipart.multipart: Calling on_header_field with data[96015:96027]
2025-07-28 00:08:49 [DEBUG] python_multipart.multipart: Calling on_header_value with data[96029:96039]
2025-07-28 00:08:49 [DEBUG] python_multipart.multipart: Calling on_header_end with no data
2025-07-28 00:08:49 [DEBUG] python_multipart.multipart: Calling on_headers_finished with no data
2025-07-28 00:08:49 [DEBUG] python_multipart.multipart: Calling on_part_data with data[96043:98304]
2025-07-28 00:08:49 [DEBUG] python_multipart.multipart: Calling on_part_data with data[0:901]
2025-07-28 00:08:49 [DEBUG] python_multipart.multipart: Calling on_part_end with no data
2025-07-28 00:08:49 [DEBUG] python_multipart.multipart: Calling on_part_begin with no data
2025-07-28 00:08:49 [DEBUG] python_multipart.multipart: Calling on_header_field with data[945:964]
2025-07-28 00:08:49 [DEBUG] python_multipart.multipart: Calling on_header_value with data[966:1013]
2025-07-28 00:08:49 [DEBUG] python_multipart.multipart: Calling on_header_end with no data
2025-07-28 00:08:49 [DEBUG] python_multipart.multipart: Calling on_header_field with data[1015:1027]
2025-07-28 00:08:49 [DEBUG] python_multipart.multipart: Calling on_header_value with data[1029:1039]
2025-07-28 00:08:49 [DEBUG] python_multipart.multipart: Calling on_header_end with no data
2025-07-28 00:08:49 [DEBUG] python_multipart.multipart: Calling on_headers_finished with no data
2025-07-28 00:08:49 [DEBUG] python_multipart.multipart: Calling on_part_data with data[1043:4205]
2025-07-28 00:08:49 [DEBUG] python_multipart.multipart: Calling on_part_end with no data
2025-07-28 00:08:49 [DEBUG] python_multipart.multipart: Calling on_part_begin with no data
2025-07-28 00:08:49 [DEBUG] python_multipart.multipart: Calling on_header_field with data[4249:4268]
2025-07-28 00:08:49 [DEBUG] python_multipart.multipart: Calling on_header_value with data[4270:4317]
2025-07-28 00:08:49 [DEBUG] python_multipart.multipart: Calling on_header_end with no data
2025-07-28 00:08:49 [DEBUG] python_multipart.multipart: Calling on_header_field with data[4319:4331]
2025-07-28 00:08:49 [DEBUG] python_multipart.multipart: Calling on_header_value with data[4333:4343]
2025-07-28 00:08:49 [DEBUG] python_multipart.multipart: Calling on_header_end with no data
2025-07-28 00:08:49 [DEBUG] python_multipart.multipart: Calling on_headers_finished with no data
2025-07-28 00:08:49 [DEBUG] python_multipart.multipart: Calling on_part_data with data[4347:7509]
2025-07-28 00:08:49 [DEBUG] python_multipart.multipart: Calling on_part_end with no data
2025-07-28 00:08:49 [DEBUG] python_multipart.multipart: Calling on_part_begin with no data
2025-07-28 00:08:49 [DEBUG] python_multipart.multipart: Calling on_header_field with data[7553:7572]
2025-07-28 00:08:49 [DEBUG] python_multipart.multipart: Calling on_header_value with data[7574:7621]
2025-07-28 00:08:49 [DEBUG] python_multipart.multipart: Calling on_header_end with no data
2025-07-28 00:08:49 [DEBUG] python_multipart.multipart: Calling on_header_field with data[7623:7635]
2025-07-28 00:08:49 [DEBUG] python_multipart.multipart: Calling on_header_value with data[7637:7647]
2025-07-28 00:08:49 [DEBUG] python_multipart.multipart: Calling on_header_end with no data
2025-07-28 00:08:49 [DEBUG] python_multipart.multipart: Calling on_headers_finished with no data
2025-07-28 00:08:49 [DEBUG] python_multipart.multipart: Calling on_part_data with data[7651:10813]
2025-07-28 00:08:49 [DEBUG] python_multipart.multipart: Calling on_part_end with no data
2025-07-28 00:08:49 [DEBUG] python_multipart.multipart: Calling on_part_begin with no data
2025-07-28 00:08:49 [DEBUG] python_multipart.multipart: Calling on_header_field with data[10857:10876]
2025-07-28 00:08:49 [DEBUG] python_multipart.multipart: Calling on_header_value with data[10878:10925]
2025-07-28 00:08:49 [DEBUG] python_multipart.multipart: Calling on_header_end with no data
2025-07-28 00:08:49 [DEBUG] python_multipart.multipart: Calling on_header_field with data[10927:10939]
2025-07-28 00:08:49 [DEBUG] python_multipart.multipart: Calling on_header_value with data[10941:10951]
2025-07-28 00:08:49 [DEBUG] python_multipart.multipart: Calling on_header_end with no data
2025-07-28 00:08:49 [DEBUG] python_multipart.multipart: Calling on_headers_finished with no data
2025-07-28 00:08:49 [DEBUG] python_multipart.multipart: Calling on_part_data with data[10955:14117]
2025-07-28 00:08:49 [DEBUG] python_multipart.multipart: Calling on_part_end with no data
2025-07-28 00:08:49 [DEBUG] python_multipart.multipart: Calling on_part_begin with no data
2025-07-28 00:08:49 [DEBUG] python_multipart.multipart: Calling on_header_field with data[14161:14180]
2025-07-28 00:08:49 [DEBUG] python_multipart.multipart: Calling on_header_value with data[14182:14229]
2025-07-28 00:08:49 [DEBUG] python_multipart.multipart: Calling on_header_end with no data
2025-07-28 00:08:49 [DEBUG] python_multipart.multipart: Calling on_header_field with data[14231:14243]
2025-07-28 00:08:49 [DEBUG] python_multipart.multipart: Calling on_header_value with data[14245:14255]
2025-07-28 00:08:49 [DEBUG] python_multipart.multipart: Calling on_header_end with no data
2025-07-28 00:08:49 [DEBUG] python_multipart.multipart: Calling on_headers_finished with no data
2025-07-28 00:08:49 [DEBUG] python_multipart.multipart: Calling on_part_data with data[14259:17421]
2025-07-28 00:08:49 [DEBUG] python_multipart.multipart: Calling on_part_end with no data
2025-07-28 00:08:49 [DEBUG] python_multipart.multipart: Calling on_part_begin with no data
2025-07-28 00:08:49 [DEBUG] python_multipart.multipart: Calling on_header_field with data[17465:17484]
2025-07-28 00:08:49 [DEBUG] python_multipart.multipart: Calling on_header_value with data[17486:17533]
2025-07-28 00:08:49 [DEBUG] python_multipart.multipart: Calling on_header_end with no data
2025-07-28 00:08:49 [DEBUG] python_multipart.multipart: Calling on_header_field with data[17535:17547]
2025-07-28 00:08:49 [DEBUG] python_multipart.multipart: Calling on_header_value with data[17549:17559]
2025-07-28 00:08:49 [DEBUG] python_multipart.multipart: Calling on_header_end with no data
2025-07-28 00:08:49 [DEBUG] python_multipart.multipart: Calling on_headers_finished with no data
2025-07-28 00:08:49 [DEBUG] python_multipart.multipart: Calling on_part_data with data[17563:20725]
2025-07-28 00:08:49 [DEBUG] python_multipart.multipart: Calling on_part_end with no data
2025-07-28 00:08:49 [DEBUG] python_multipart.multipart: Calling on_part_begin with no data
2025-07-28 00:08:49 [DEBUG] python_multipart.multipart: Calling on_header_field with data[20769:20788]
2025-07-28 00:08:49 [DEBUG] python_multipart.multipart: Calling on_header_value with data[20790:20837]
2025-07-28 00:08:49 [DEBUG] python_multipart.multipart: Calling on_header_end with no data
2025-07-28 00:08:49 [DEBUG] python_multipart.multipart: Calling on_header_field with data[20839:20851]
2025-07-28 00:08:49 [DEBUG] python_multipart.multipart: Calling on_header_value with data[20853:20863]
2025-07-28 00:08:49 [DEBUG] python_multipart.multipart: Calling on_header_end with no data
2025-07-28 00:08:49 [DEBUG] python_multipart.multipart: Calling on_headers_finished with no data
2025-07-28 00:08:49 [DEBUG] python_multipart.multipart: Calling on_part_data with data[20867:24029]
2025-07-28 00:08:49 [DEBUG] python_multipart.multipart: Calling on_part_end with no data
2025-07-28 00:08:49 [DEBUG] python_multipart.multipart: Calling on_part_begin with no data
2025-07-28 00:08:49 [DEBUG] python_multipart.multipart: Calling on_header_field with data[24073:24092]
2025-07-28 00:08:49 [DEBUG] python_multipart.multipart: Calling on_header_value with data[24094:24141]
2025-07-28 00:08:49 [DEBUG] python_multipart.multipart: Calling on_header_end with no data
2025-07-28 00:08:49 [DEBUG] python_multipart.multipart: Calling on_header_field with data[24143:24155]
2025-07-28 00:08:49 [DEBUG] python_multipart.multipart: Calling on_header_value with data[24157:24167]
2025-07-28 00:08:49 [DEBUG] python_multipart.multipart: Calling on_header_end with no data
2025-07-28 00:08:49 [DEBUG] python_multipart.multipart: Calling on_headers_finished with no data
2025-07-28 00:08:49 [DEBUG] python_multipart.multipart: Calling on_part_data with data[24171:27333]
2025-07-28 00:08:49 [DEBUG] python_multipart.multipart: Calling on_part_end with no data
2025-07-28 00:08:49 [DEBUG] python_multipart.multipart: Calling on_part_begin with no data
2025-07-28 00:08:49 [DEBUG] python_multipart.multipart: Calling on_header_field with data[27377:27396]
2025-07-28 00:08:49 [DEBUG] python_multipart.multipart: Calling on_header_value with data[27398:27445]
2025-07-28 00:08:49 [DEBUG] python_multipart.multipart: Calling on_header_end with no data
2025-07-28 00:08:49 [DEBUG] python_multipart.multipart: Calling on_header_field with data[27447:27459]
2025-07-28 00:08:49 [DEBUG] python_multipart.multipart: Calling on_header_value with data[27461:27471]
2025-07-28 00:08:49 [DEBUG] python_multipart.multipart: Calling on_header_end with no data
2025-07-28 00:08:49 [DEBUG] python_multipart.multipart: Calling on_headers_finished with no data
2025-07-28 00:08:49 [DEBUG] python_multipart.multipart: Calling on_part_data with data[27475:30637]
2025-07-28 00:08:49 [DEBUG] python_multipart.multipart: Calling on_part_end with no data
2025-07-28 00:08:49 [DEBUG] python_multipart.multipart: Calling on_part_begin with no data
2025-07-28 00:08:49 [DEBUG] python_multipart.multipart: Calling on_header_field with data[30681:30700]
2025-07-28 00:08:49 [DEBUG] python_multipart.multipart: Calling on_header_value with data[30702:30749]
2025-07-28 00:08:49 [DEBUG] python_multipart.multipart: Calling on_header_end with no data
2025-07-28 00:08:49 [DEBUG] python_multipart.multipart: Calling on_header_field with data[30751:30763]
2025-07-28 00:08:49 [DEBUG] python_multipart.multipart: Calling on_header_value with data[30765:30775]
2025-07-28 00:08:49 [DEBUG] python_multipart.multipart: Calling on_header_end with no data
2025-07-28 00:08:49 [DEBUG] python_multipart.multipart: Calling on_headers_finished with no data
2025-07-28 00:08:49 [DEBUG] python_multipart.multipart: Calling on_part_data with data[30779:33941]
2025-07-28 00:08:49 [DEBUG] python_multipart.multipart: Calling on_part_end with no data
2025-07-28 00:08:49 [DEBUG] python_multipart.multipart: Calling on_part_begin with no data
2025-07-28 00:08:49 [DEBUG] python_multipart.multipart: Calling on_header_field with data[33985:34004]
2025-07-28 00:08:49 [DEBUG] python_multipart.multipart: Calling on_header_value with data[34006:34053]
2025-07-28 00:08:49 [DEBUG] python_multipart.multipart: Calling on_header_end with no data
2025-07-28 00:08:49 [DEBUG] python_multipart.multipart: Calling on_header_field with data[34055:34067]
2025-07-28 00:08:49 [DEBUG] python_multipart.multipart: Calling on_header_value with data[34069:34079]
2025-07-28 00:08:49 [DEBUG] python_multipart.multipart: Calling on_header_end with no data
2025-07-28 00:08:49 [DEBUG] python_multipart.multipart: Calling on_headers_finished with no data
2025-07-28 00:08:49 [DEBUG] python_multipart.multipart: Calling on_part_data with data[34083:37245]
2025-07-28 00:08:49 [DEBUG] python_multipart.multipart: Calling on_part_end with no data
2025-07-28 00:08:49 [DEBUG] python_multipart.multipart: Calling on_part_begin with no data
2025-07-28 00:08:49 [DEBUG] python_multipart.multipart: Calling on_header_field with data[37289:37308]
2025-07-28 00:08:49 [DEBUG] python_multipart.multipart: Calling on_header_value with data[37310:37357]
2025-07-28 00:08:49 [DEBUG] python_multipart.multipart: Calling on_header_end with no data
2025-07-28 00:08:49 [DEBUG] python_multipart.multipart: Calling on_header_field with data[37359:37371]
2025-07-28 00:08:49 [DEBUG] python_multipart.multipart: Calling on_header_value with data[37373:37383]
2025-07-28 00:08:49 [DEBUG] python_multipart.multipart: Calling on_header_end with no data
2025-07-28 00:08:49 [DEBUG] python_multipart.multipart: Calling on_headers_finished with no data
2025-07-28 00:08:49 [DEBUG] python_multipart.multipart: Calling on_part_data with data[37387:40549]
2025-07-28 00:08:49 [DEBUG] python_multipart.multipart: Calling on_part_end with no data
2025-07-28 00:08:49 [DEBUG] python_multipart.multipart: Calling on_part_begin with no data
2025-07-28 00:08:49 [DEBUG] python_multipart.multipart: Calling on_header_field with data[40593:40612]
2025-07-28 00:08:49 [DEBUG] python_multipart.multipart: Calling on_header_value with data[40614:40661]
2025-07-28 00:08:49 [DEBUG] python_multipart.multipart: Calling on_header_end with no data
2025-07-28 00:08:49 [DEBUG] python_multipart.multipart: Calling on_header_field with data[40663:40675]
2025-07-28 00:08:49 [DEBUG] python_multipart.multipart: Calling on_header_value with data[40677:40687]
2025-07-28 00:08:49 [DEBUG] python_multipart.multipart: Calling on_header_end with no data
2025-07-28 00:08:49 [DEBUG] python_multipart.multipart: Calling on_headers_finished with no data
2025-07-28 00:08:49 [DEBUG] python_multipart.multipart: Calling on_part_data with data[40691:43853]
2025-07-28 00:08:49 [DEBUG] python_multipart.multipart: Calling on_part_end with no data
2025-07-28 00:08:49 [DEBUG] python_multipart.multipart: Calling on_part_begin with no data
2025-07-28 00:08:49 [DEBUG] python_multipart.multipart: Calling on_header_field with data[43897:43916]
2025-07-28 00:08:49 [DEBUG] python_multipart.multipart: Calling on_header_value with data[43918:43965]
2025-07-28 00:08:49 [DEBUG] python_multipart.multipart: Calling on_header_end with no data
2025-07-28 00:08:49 [DEBUG] python_multipart.multipart: Calling on_header_field with data[43967:43979]
2025-07-28 00:08:49 [DEBUG] python_multipart.multipart: Calling on_header_value with data[43981:43991]
2025-07-28 00:08:49 [DEBUG] python_multipart.multipart: Calling on_header_end with no data
2025-07-28 00:08:49 [DEBUG] python_multipart.multipart: Calling on_headers_finished with no data
2025-07-28 00:08:49 [DEBUG] python_multipart.multipart: Calling on_part_data with data[43995:47157]
2025-07-28 00:08:49 [DEBUG] python_multipart.multipart: Calling on_part_end with no data
2025-07-28 00:08:49 [DEBUG] python_multipart.multipart: Calling on_part_begin with no data
2025-07-28 00:08:49 [DEBUG] python_multipart.multipart: Calling on_header_field with data[47201:47220]
2025-07-28 00:08:49 [DEBUG] python_multipart.multipart: Calling on_header_value with data[47222:47269]
2025-07-28 00:08:49 [DEBUG] python_multipart.multipart: Calling on_header_end with no data
2025-07-28 00:08:49 [DEBUG] python_multipart.multipart: Calling on_header_field with data[47271:47283]
2025-07-28 00:08:49 [DEBUG] python_multipart.multipart: Calling on_header_value with data[47285:47295]
2025-07-28 00:08:49 [DEBUG] python_multipart.multipart: Calling on_header_end with no data
2025-07-28 00:08:49 [DEBUG] python_multipart.multipart: Calling on_headers_finished with no data
2025-07-28 00:08:49 [DEBUG] python_multipart.multipart: Calling on_part_data with data[47299:50461]
2025-07-28 00:08:49 [DEBUG] python_multipart.multipart: Calling on_part_end with no data
2025-07-28 00:08:49 [DEBUG] python_multipart.multipart: Calling on_part_begin with no data
2025-07-28 00:08:49 [DEBUG] python_multipart.multipart: Calling on_header_field with data[50505:50524]
2025-07-28 00:08:49 [DEBUG] python_multipart.multipart: Calling on_header_value with data[50526:50573]
2025-07-28 00:08:49 [DEBUG] python_multipart.multipart: Calling on_header_end with no data
2025-07-28 00:08:49 [DEBUG] python_multipart.multipart: Calling on_header_field with data[50575:50587]
2025-07-28 00:08:49 [DEBUG] python_multipart.multipart: Calling on_header_value with data[50589:50599]
2025-07-28 00:08:49 [DEBUG] python_multipart.multipart: Calling on_header_end with no data
2025-07-28 00:08:49 [DEBUG] python_multipart.multipart: Calling on_headers_finished with no data
2025-07-28 00:08:49 [DEBUG] python_multipart.multipart: Calling on_part_data with data[50603:53765]
2025-07-28 00:08:49 [DEBUG] python_multipart.multipart: Calling on_part_end with no data
2025-07-28 00:08:49 [DEBUG] python_multipart.multipart: Calling on_part_begin with no data
2025-07-28 00:08:49 [DEBUG] python_multipart.multipart: Calling on_header_field with data[53809:53828]
2025-07-28 00:08:49 [DEBUG] python_multipart.multipart: Calling on_header_value with data[53830:53877]
2025-07-28 00:08:49 [DEBUG] python_multipart.multipart: Calling on_header_end with no data
2025-07-28 00:08:49 [DEBUG] python_multipart.multipart: Calling on_header_field with data[53879:53891]
2025-07-28 00:08:49 [DEBUG] python_multipart.multipart: Calling on_header_value with data[53893:53903]
2025-07-28 00:08:49 [DEBUG] python_multipart.multipart: Calling on_header_end with no data
2025-07-28 00:08:49 [DEBUG] python_multipart.multipart: Calling on_headers_finished with no data
2025-07-28 00:08:49 [DEBUG] python_multipart.multipart: Calling on_part_data with data[53907:57069]
2025-07-28 00:08:49 [DEBUG] python_multipart.multipart: Calling on_part_end with no data
2025-07-28 00:08:49 [DEBUG] python_multipart.multipart: Calling on_part_begin with no data
2025-07-28 00:08:49 [DEBUG] python_multipart.multipart: Calling on_header_field with data[57113:57132]
2025-07-28 00:08:49 [DEBUG] python_multipart.multipart: Calling on_header_value with data[57134:57181]
2025-07-28 00:08:49 [DEBUG] python_multipart.multipart: Calling on_header_end with no data
2025-07-28 00:08:49 [DEBUG] python_multipart.multipart: Calling on_header_field with data[57183:57195]
2025-07-28 00:08:49 [DEBUG] python_multipart.multipart: Calling on_header_value with data[57197:57207]
2025-07-28 00:08:49 [DEBUG] python_multipart.multipart: Calling on_header_end with no data
2025-07-28 00:08:49 [DEBUG] python_multipart.multipart: Calling on_headers_finished with no data
2025-07-28 00:08:49 [DEBUG] python_multipart.multipart: Calling on_part_data with data[57211:60373]
2025-07-28 00:08:49 [DEBUG] python_multipart.multipart: Calling on_part_end with no data
2025-07-28 00:08:49 [DEBUG] python_multipart.multipart: Calling on_part_begin with no data
2025-07-28 00:08:49 [DEBUG] python_multipart.multipart: Calling on_header_field with data[60417:60436]
2025-07-28 00:08:49 [DEBUG] python_multipart.multipart: Calling on_header_value with data[60438:60485]
2025-07-28 00:08:49 [DEBUG] python_multipart.multipart: Calling on_header_end with no data
2025-07-28 00:08:49 [DEBUG] python_multipart.multipart: Calling on_header_field with data[60487:60499]
2025-07-28 00:08:49 [DEBUG] python_multipart.multipart: Calling on_header_value with data[60501:60511]
2025-07-28 00:08:49 [DEBUG] python_multipart.multipart: Calling on_header_end with no data
2025-07-28 00:08:49 [DEBUG] python_multipart.multipart: Calling on_headers_finished with no data
2025-07-28 00:08:49 [DEBUG] python_multipart.multipart: Calling on_part_data with data[60515:63677]
2025-07-28 00:08:49 [DEBUG] python_multipart.multipart: Calling on_part_end with no data
2025-07-28 00:08:49 [DEBUG] python_multipart.multipart: Calling on_part_begin with no data
2025-07-28 00:08:49 [DEBUG] python_multipart.multipart: Calling on_header_field with data[63721:63740]
2025-07-28 00:08:49 [DEBUG] python_multipart.multipart: Calling on_header_value with data[63742:63789]
2025-07-28 00:08:49 [DEBUG] python_multipart.multipart: Calling on_header_end with no data
2025-07-28 00:08:49 [DEBUG] python_multipart.multipart: Calling on_header_field with data[63791:63803]
2025-07-28 00:08:49 [DEBUG] python_multipart.multipart: Calling on_header_value with data[63805:63815]
2025-07-28 00:08:49 [DEBUG] python_multipart.multipart: Calling on_header_end with no data
2025-07-28 00:08:49 [DEBUG] python_multipart.multipart: Calling on_headers_finished with no data
2025-07-28 00:08:49 [DEBUG] python_multipart.multipart: Calling on_part_data with data[63819:66981]
2025-07-28 00:08:49 [DEBUG] python_multipart.multipart: Calling on_part_end with no data
2025-07-28 00:08:49 [DEBUG] python_multipart.multipart: Calling on_end with no data
2025-07-28 00:08:49 [INFO] face-presence-api: Registering user: 44
2025-07-28 00:08:49 [INFO] watchfiles.main: 1 change detected
2025-07-28 00:08:49 [DEBUG] face-presence-api: 🧹 Memory cleared with garbage collector.
2025-07-28 00:08:50 [INFO] face-presence-api: 📁 10 test image berhasil disimpan untuk user 44 di F:\Kuliah\Skripsi\praktisi-face-presence-api\src\storage\test_images\44
2025-07-28 00:08:50 [INFO] watchfiles.main: 9 changes detected
2025-07-28 00:08:50 [DEBUG] face-presence-api: 🧹 Memory cleared with garbage collector.
2025-07-28 00:08:50 [INFO] face-presence-api: Processing batch 1/8
2025-07-28 00:08:50 [INFO] face-presence-api: Processing batch 2/8
2025-07-28 00:08:50 [INFO] face-presence-api: Processing batch 3/8
2025-07-28 00:08:51 [INFO] face-presence-api: Processing batch 4/8
2025-07-28 00:08:51 [INFO] face-presence-api: Processing batch 5/8
2025-07-28 00:08:52 [INFO] face-presence-api: Processing batch 6/8
2025-07-28 00:08:52 [INFO] face-presence-api: Processing batch 7/8
2025-07-28 00:08:52 [INFO] face-presence-api: Processing batch 8/8
2025-07-28 00:08:53 [INFO] face-presence-api: Finished processing 40 valid embeddings from 40 images
2025-07-28 00:08:53 [INFO] face-presence-api: Validasi berhasil: 40 embeddings valid
2025-07-28 00:08:53 [INFO] face-presence-api: Validasi berhasil: 40 embeddings valid
2025-07-28 00:08:53 [INFO] face-presence-api: Embedding berhasil disimpan untuk user 44 di F:\Kuliah\Skripsi\praktisi-face-presence-api\src\storage\embeddings\44.pkl
2025-07-28 00:08:53 [INFO] face-presence-api: Embeddings saved successfully for user 44, starting evaluation.
2025-07-28 00:08:53 [INFO] face-presence-api: Evaluating ...
2025-07-28 00:08:53 [INFO] watchfiles.main: 1 change detected
2025-07-28 00:08:53 [INFO] face-presence-api: Evaluating batch 1/4
2025-07-28 00:08:53 [INFO] face-presence-api: Evaluating batch 2/4
2025-07-28 00:08:53 [INFO] face-presence-api: Evaluating batch 3/4
2025-07-28 00:08:54 [INFO] face-presence-api: Evaluating batch 4/4
2025-07-28 00:08:54 [INFO] face-presence-api: Face registration successful for user 44.
2025-07-28 00:08:57 [DEBUG] face-presence-api: [BatchLogger] No durations, skip flush
2025-07-28 00:09:02 [INFO] face-presence-api: [BatchLogger] Flushing 1 verifications...
2025-07-28 00:09:03 [DEBUG] urllib3.connectionpool: https://sheets.googleapis.com:443 "GET /v4/spreadsheets/1hjXERVEURCeKXeCw8TUbrkjF25_GVmORN0JgjZuu058?includeGridData=false HTTP/1.1" 200 None
2025-07-28 00:09:03 [DEBUG] urllib3.connectionpool: https://sheets.googleapis.com:443 "GET /v4/spreadsheets/1hjXERVEURCeKXeCw8TUbrkjF25_GVmORN0JgjZuu058/values/%27Verification%27 HTTP/1.1" 200 None
2025-07-28 00:09:03 [DEBUG] urllib3.connectionpool: https://sheets.googleapis.com:443 "GET /v4/spreadsheets/1hjXERVEURCeKXeCw8TUbrkjF25_GVmORN0JgjZuu058/values/%27Verification%27 HTTP/1.1" 200 None
2025-07-28 00:09:04 [DEBUG] urllib3.connectionpool: https://sheets.googleapis.com:443 "POST /v4/spreadsheets/1hjXERVEURCeKXeCw8TUbrkjF25_GVmORN0JgjZuu058/values:batchUpdate HTTP/1.1" 200 None
2025-07-28 00:09:04 [INFO] face-presence-api: [BatchLogger] Updated verification for 1 users
2025-07-28 00:09:05 [DEBUG] python_multipart.multipart: Calling on_part_begin with no data
2025-07-28 00:09:05 [DEBUG] python_multipart.multipart: Calling on_header_field with data[42:61]
2025-07-28 00:09:05 [DEBUG] python_multipart.multipart: Calling on_header_value with data[63:88]
2025-07-28 00:09:05 [DEBUG] python_multipart.multipart: Calling on_header_end with no data
2025-07-28 00:09:05 [DEBUG] python_multipart.multipart: Calling on_headers_finished with no data
2025-07-28 00:09:05 [DEBUG] python_multipart.multipart: Calling on_part_data with data[92:94]
2025-07-28 00:09:05 [DEBUG] python_multipart.multipart: Calling on_part_end with no data
2025-07-28 00:09:05 [DEBUG] python_multipart.multipart: Calling on_end with no data
2025-07-28 00:09:05 [INFO] face-presence-api: Checking status for user: 44
2025-07-28 00:09:05 [INFO] face-presence-api: User 44 is already registered.
2025-07-28 00:09:07 [DEBUG] face-presence-api: [BatchLogger] No durations, skip flush
2025-07-28 00:09:14 [INFO] face-presence-api: [BatchLogger] Flushing 1 registrations...
2025-07-28 00:09:15 [DEBUG] urllib3.connectionpool: https://sheets.googleapis.com:443 "GET /v4/spreadsheets/1hjXERVEURCeKXeCw8TUbrkjF25_GVmORN0JgjZuu058?includeGridData=false HTTP/1.1" 200 None
2025-07-28 00:09:16 [DEBUG] urllib3.connectionpool: https://sheets.googleapis.com:443 "GET /v4/spreadsheets/1hjXERVEURCeKXeCw8TUbrkjF25_GVmORN0JgjZuu058/values/%27Registration%27 HTTP/1.1" 200 None
2025-07-28 00:09:16 [DEBUG] urllib3.connectionpool: https://sheets.googleapis.com:443 "GET /v4/spreadsheets/1hjXERVEURCeKXeCw8TUbrkjF25_GVmORN0JgjZuu058/values/%27Registration%27 HTTP/1.1" 200 None
2025-07-28 00:09:17 [DEBUG] urllib3.connectionpool: https://sheets.googleapis.com:443 "POST /v4/spreadsheets/1hjXERVEURCeKXeCw8TUbrkjF25_GVmORN0JgjZuu058/values:batchUpdate HTTP/1.1" 200 None
2025-07-28 00:09:17 [INFO] face-presence-api: [BatchLogger] Updated 1 registration rows
2025-07-28 00:09:17 [DEBUG] face-presence-api: [BatchLogger] No durations, skip flush
2025-07-28 00:09:27 [DEBUG] face-presence-api: [BatchLogger] No durations, skip flush
2025-07-28 00:09:34 [DEBUG] face-presence-api: [BatchLogger] No verifications, skip flush
2025-07-28 00:09:37 [DEBUG] face-presence-api: [BatchLogger] No durations, skip flush
2025-07-28 00:09:47 [DEBUG] face-presence-api: [BatchLogger] No registrations, skip flush
2025-07-28 00:09:47 [DEBUG] face-presence-api: [BatchLogger] No durations, skip flush
2025-07-28 00:09:57 [DEBUG] face-presence-api: [BatchLogger] No durations, skip flush
2025-07-28 00:10:04 [DEBUG] face-presence-api: [BatchLogger] No verifications, skip flush
2025-07-28 00:10:07 [DEBUG] face-presence-api: [BatchLogger] No durations, skip flush
2025-07-28 00:10:17 [DEBUG] face-presence-api: [BatchLogger] No registrations, skip flush
2025-07-28 00:10:17 [DEBUG] face-presence-api: [BatchLogger] No durations, skip flush
2025-07-28 00:10:27 [DEBUG] face-presence-api: [BatchLogger] No durations, skip flush
2025-07-28 00:10:34 [DEBUG] face-presence-api: [BatchLogger] No verifications, skip flush
2025-07-28 00:10:37 [DEBUG] face-presence-api: [BatchLogger] No durations, skip flush
2025-07-28 00:10:47 [DEBUG] face-presence-api: [BatchLogger] No registrations, skip flush
2025-07-28 00:10:47 [DEBUG] face-presence-api: [BatchLogger] No durations, skip flush
2025-07-28 00:10:53 [DEBUG] python_multipart.multipart: Calling on_part_begin with no data
2025-07-28 00:10:53 [DEBUG] python_multipart.multipart: Calling on_header_field with data[42:61]
2025-07-28 00:10:53 [DEBUG] python_multipart.multipart: Calling on_header_value with data[63:88]
2025-07-28 00:10:53 [DEBUG] python_multipart.multipart: Calling on_header_end with no data
2025-07-28 00:10:53 [DEBUG] python_multipart.multipart: Calling on_headers_finished with no data
2025-07-28 00:10:53 [DEBUG] python_multipart.multipart: Calling on_part_data with data[92:94]
2025-07-28 00:10:53 [DEBUG] python_multipart.multipart: Calling on_part_end with no data
2025-07-28 00:10:53 [DEBUG] python_multipart.multipart: Calling on_end with no data
2025-07-28 00:10:53 [INFO] face-presence-api: Checking status for user: 44
2025-07-28 00:10:53 [INFO] face-presence-api: User 44 is already registered.
2025-07-28 00:10:57 [DEBUG] face-presence-api: [BatchLogger] No durations, skip flush
2025-07-28 00:10:58 [DEBUG] python_multipart.multipart: Calling on_part_begin with no data
2025-07-28 00:10:58 [DEBUG] python_multipart.multipart: Calling on_header_field with data[42:61]
2025-07-28 00:10:58 [DEBUG] python_multipart.multipart: Calling on_header_value with data[63:88]
2025-07-28 00:10:58 [DEBUG] python_multipart.multipart: Calling on_header_end with no data
2025-07-28 00:10:58 [DEBUG] python_multipart.multipart: Calling on_headers_finished with no data
2025-07-28 00:10:58 [DEBUG] python_multipart.multipart: Calling on_part_data with data[92:94]
2025-07-28 00:10:58 [DEBUG] python_multipart.multipart: Calling on_part_end with no data
2025-07-28 00:10:58 [DEBUG] python_multipart.multipart: Calling on_end with no data
2025-07-28 00:10:58 [INFO] face-presence-api: Checking status for user: 44
2025-07-28 00:10:58 [INFO] face-presence-api: User 44 is already registered.
2025-07-28 00:11:04 [DEBUG] face-presence-api: [BatchLogger] No verifications, skip flush
2025-07-28 00:11:07 [DEBUG] face-presence-api: [BatchLogger] No durations, skip flush
2025-07-28 00:11:11 [DEBUG] python_multipart.multipart: Calling on_part_begin with no data
2025-07-28 00:11:11 [DEBUG] python_multipart.multipart: Calling on_header_field with data[42:61]
2025-07-28 00:11:11 [DEBUG] python_multipart.multipart: Calling on_header_value with data[63:88]
2025-07-28 00:11:11 [DEBUG] python_multipart.multipart: Calling on_header_end with no data
2025-07-28 00:11:11 [DEBUG] python_multipart.multipart: Calling on_headers_finished with no data
2025-07-28 00:11:11 [DEBUG] python_multipart.multipart: Calling on_part_data with data[92:94]
2025-07-28 00:11:11 [DEBUG] python_multipart.multipart: Calling on_part_end with no data
2025-07-28 00:11:11 [DEBUG] python_multipart.multipart: Calling on_end with no data
2025-07-28 00:11:11 [INFO] face-presence-api: Checking status for user: 44
2025-07-28 00:11:11 [INFO] face-presence-api: User 44 is already registered.
2025-07-28 00:11:17 [DEBUG] python_multipart.multipart: Calling on_part_begin with no data
2025-07-28 00:11:17 [DEBUG] python_multipart.multipart: Calling on_header_field with data[42:61]
2025-07-28 00:11:17 [DEBUG] python_multipart.multipart: Calling on_header_value with data[63:88]
2025-07-28 00:11:17 [DEBUG] python_multipart.multipart: Calling on_header_end with no data
2025-07-28 00:11:17 [DEBUG] python_multipart.multipart: Calling on_headers_finished with no data
2025-07-28 00:11:17 [DEBUG] python_multipart.multipart: Calling on_part_data with data[92:94]
2025-07-28 00:11:17 [DEBUG] python_multipart.multipart: Calling on_part_end with no data
2025-07-28 00:11:17 [DEBUG] python_multipart.multipart: Calling on_end with no data
2025-07-28 00:11:17 [INFO] face-presence-api: Checking status for user: 44
2025-07-28 00:11:17 [INFO] face-presence-api: User 44 is already registered.
2025-07-28 00:11:17 [DEBUG] face-presence-api: [BatchLogger] No registrations, skip flush
2025-07-28 00:11:18 [DEBUG] face-presence-api: [BatchLogger] No durations, skip flush
2025-07-28 00:11:28 [DEBUG] face-presence-api: [BatchLogger] No durations, skip flush
2025-07-28 00:11:34 [DEBUG] face-presence-api: [BatchLogger] No verifications, skip flush
2025-07-28 00:11:34 [DEBUG] python_multipart.multipart: Calling on_part_begin with no data
2025-07-28 00:11:34 [DEBUG] python_multipart.multipart: Calling on_header_field with data[42:61]
2025-07-28 00:11:34 [DEBUG] python_multipart.multipart: Calling on_header_value with data[63:88]
2025-07-28 00:11:34 [DEBUG] python_multipart.multipart: Calling on_header_end with no data
2025-07-28 00:11:34 [DEBUG] python_multipart.multipart: Calling on_headers_finished with no data
2025-07-28 00:11:34 [DEBUG] python_multipart.multipart: Calling on_part_data with data[92:94]
2025-07-28 00:11:34 [DEBUG] python_multipart.multipart: Calling on_part_end with no data
2025-07-28 00:11:34 [DEBUG] python_multipart.multipart: Calling on_end with no data
2025-07-28 00:11:34 [INFO] face-presence-api: Checking status for user: 44
2025-07-28 00:11:34 [INFO] face-presence-api: User 44 is already registered.
2025-07-28 00:11:38 [DEBUG] face-presence-api: [BatchLogger] No durations, skip flush
2025-07-28 00:11:48 [DEBUG] face-presence-api: [BatchLogger] No registrations, skip flush
2025-07-28 00:11:48 [DEBUG] face-presence-api: [BatchLogger] No durations, skip flush
2025-07-28 00:11:48 [DEBUG] python_multipart.multipart: Calling on_part_begin with no data
2025-07-28 00:11:48 [DEBUG] python_multipart.multipart: Calling on_header_field with data[42:61]
2025-07-28 00:11:48 [DEBUG] python_multipart.multipart: Calling on_header_value with data[63:88]
2025-07-28 00:11:48 [DEBUG] python_multipart.multipart: Calling on_header_end with no data
2025-07-28 00:11:48 [DEBUG] python_multipart.multipart: Calling on_headers_finished with no data
2025-07-28 00:11:48 [DEBUG] python_multipart.multipart: Calling on_part_data with data[92:94]
2025-07-28 00:11:48 [DEBUG] python_multipart.multipart: Calling on_part_end with no data
2025-07-28 00:11:48 [DEBUG] python_multipart.multipart: Calling on_part_begin with no data
2025-07-28 00:11:48 [DEBUG] python_multipart.multipart: Calling on_header_field with data[138:157]
2025-07-28 00:11:48 [DEBUG] python_multipart.multipart: Calling on_header_value with data[159:205]
2025-07-28 00:11:48 [DEBUG] python_multipart.multipart: Calling on_header_end with no data
2025-07-28 00:11:48 [DEBUG] python_multipart.multipart: Calling on_header_field with data[207:219]
2025-07-28 00:11:48 [DEBUG] python_multipart.multipart: Calling on_header_value with data[221:231]
2025-07-28 00:11:48 [DEBUG] python_multipart.multipart: Calling on_header_end with no data
2025-07-28 00:11:48 [DEBUG] python_multipart.multipart: Calling on_headers_finished with no data
2025-07-28 00:11:48 [DEBUG] python_multipart.multipart: Calling on_part_data with data[235:3397]
2025-07-28 00:11:48 [DEBUG] python_multipart.multipart: Calling on_part_end with no data
2025-07-28 00:11:48 [DEBUG] python_multipart.multipart: Calling on_part_begin with no data
2025-07-28 00:11:48 [DEBUG] python_multipart.multipart: Calling on_header_field with data[3441:3460]
2025-07-28 00:11:48 [DEBUG] python_multipart.multipart: Calling on_header_value with data[3462:3508]
2025-07-28 00:11:48 [DEBUG] python_multipart.multipart: Calling on_header_end with no data
2025-07-28 00:11:48 [DEBUG] python_multipart.multipart: Calling on_header_field with data[3510:3522]
2025-07-28 00:11:48 [DEBUG] python_multipart.multipart: Calling on_header_value with data[3524:3534]
2025-07-28 00:11:48 [DEBUG] python_multipart.multipart: Calling on_header_end with no data
2025-07-28 00:11:48 [DEBUG] python_multipart.multipart: Calling on_headers_finished with no data
2025-07-28 00:11:48 [DEBUG] python_multipart.multipart: Calling on_part_data with data[3538:6700]
2025-07-28 00:11:48 [DEBUG] python_multipart.multipart: Calling on_part_end with no data
2025-07-28 00:11:48 [DEBUG] python_multipart.multipart: Calling on_part_begin with no data
2025-07-28 00:11:48 [DEBUG] python_multipart.multipart: Calling on_header_field with data[6744:6763]
2025-07-28 00:11:48 [DEBUG] python_multipart.multipart: Calling on_header_value with data[6765:6811]
2025-07-28 00:11:48 [DEBUG] python_multipart.multipart: Calling on_header_end with no data
2025-07-28 00:11:48 [DEBUG] python_multipart.multipart: Calling on_header_field with data[6813:6825]
2025-07-28 00:11:48 [DEBUG] python_multipart.multipart: Calling on_header_value with data[6827:6837]
2025-07-28 00:11:48 [DEBUG] python_multipart.multipart: Calling on_header_end with no data
2025-07-28 00:11:48 [DEBUG] python_multipart.multipart: Calling on_headers_finished with no data
2025-07-28 00:11:48 [DEBUG] python_multipart.multipart: Calling on_part_data with data[6841:10003]
2025-07-28 00:11:48 [DEBUG] python_multipart.multipart: Calling on_part_end with no data
2025-07-28 00:11:48 [DEBUG] python_multipart.multipart: Calling on_part_begin with no data
2025-07-28 00:11:48 [DEBUG] python_multipart.multipart: Calling on_header_field with data[10047:10066]
2025-07-28 00:11:48 [DEBUG] python_multipart.multipart: Calling on_header_value with data[10068:10114]
2025-07-28 00:11:48 [DEBUG] python_multipart.multipart: Calling on_header_end with no data
2025-07-28 00:11:48 [DEBUG] python_multipart.multipart: Calling on_header_field with data[10116:10128]
2025-07-28 00:11:48 [DEBUG] python_multipart.multipart: Calling on_header_value with data[10130:10140]
2025-07-28 00:11:48 [DEBUG] python_multipart.multipart: Calling on_header_end with no data
2025-07-28 00:11:48 [DEBUG] python_multipart.multipart: Calling on_headers_finished with no data
2025-07-28 00:11:48 [DEBUG] python_multipart.multipart: Calling on_part_data with data[10144:13306]
2025-07-28 00:11:48 [DEBUG] python_multipart.multipart: Calling on_part_end with no data
2025-07-28 00:11:48 [DEBUG] python_multipart.multipart: Calling on_part_begin with no data
2025-07-28 00:11:48 [DEBUG] python_multipart.multipart: Calling on_header_field with data[13350:13369]
2025-07-28 00:11:48 [DEBUG] python_multipart.multipart: Calling on_header_value with data[13371:13417]
2025-07-28 00:11:48 [DEBUG] python_multipart.multipart: Calling on_header_end with no data
2025-07-28 00:11:48 [DEBUG] python_multipart.multipart: Calling on_header_field with data[13419:13431]
2025-07-28 00:11:48 [DEBUG] python_multipart.multipart: Calling on_header_value with data[13433:13443]
2025-07-28 00:11:48 [DEBUG] python_multipart.multipart: Calling on_header_end with no data
2025-07-28 00:11:48 [DEBUG] python_multipart.multipart: Calling on_headers_finished with no data
2025-07-28 00:11:48 [DEBUG] python_multipart.multipart: Calling on_part_data with data[13447:16609]
2025-07-28 00:11:48 [DEBUG] python_multipart.multipart: Calling on_part_end with no data
2025-07-28 00:11:48 [DEBUG] python_multipart.multipart: Calling on_part_begin with no data
2025-07-28 00:11:48 [DEBUG] python_multipart.multipart: Calling on_header_field with data[16653:16672]
2025-07-28 00:11:48 [DEBUG] python_multipart.multipart: Calling on_header_value with data[16674:16720]
2025-07-28 00:11:48 [DEBUG] python_multipart.multipart: Calling on_header_end with no data
2025-07-28 00:11:48 [DEBUG] python_multipart.multipart: Calling on_header_field with data[16722:16734]
2025-07-28 00:11:48 [DEBUG] python_multipart.multipart: Calling on_header_value with data[16736:16746]
2025-07-28 00:11:48 [DEBUG] python_multipart.multipart: Calling on_header_end with no data
2025-07-28 00:11:48 [DEBUG] python_multipart.multipart: Calling on_headers_finished with no data
2025-07-28 00:11:48 [DEBUG] python_multipart.multipart: Calling on_part_data with data[16750:19912]
2025-07-28 00:11:48 [DEBUG] python_multipart.multipart: Calling on_part_end with no data
2025-07-28 00:11:48 [DEBUG] python_multipart.multipart: Calling on_part_begin with no data
2025-07-28 00:11:48 [DEBUG] python_multipart.multipart: Calling on_header_field with data[19956:19975]
2025-07-28 00:11:48 [DEBUG] python_multipart.multipart: Calling on_header_value with data[19977:20023]
2025-07-28 00:11:48 [DEBUG] python_multipart.multipart: Calling on_header_end with no data
2025-07-28 00:11:48 [DEBUG] python_multipart.multipart: Calling on_header_field with data[20025:20037]
2025-07-28 00:11:48 [DEBUG] python_multipart.multipart: Calling on_header_value with data[20039:20049]
2025-07-28 00:11:48 [DEBUG] python_multipart.multipart: Calling on_header_end with no data
2025-07-28 00:11:48 [DEBUG] python_multipart.multipart: Calling on_headers_finished with no data
2025-07-28 00:11:48 [DEBUG] python_multipart.multipart: Calling on_part_data with data[20053:23215]
2025-07-28 00:11:48 [DEBUG] python_multipart.multipart: Calling on_part_end with no data
2025-07-28 00:11:48 [DEBUG] python_multipart.multipart: Calling on_part_begin with no data
2025-07-28 00:11:48 [DEBUG] python_multipart.multipart: Calling on_header_field with data[23259:23278]
2025-07-28 00:11:48 [DEBUG] python_multipart.multipart: Calling on_header_value with data[23280:23326]
2025-07-28 00:11:48 [DEBUG] python_multipart.multipart: Calling on_header_end with no data
2025-07-28 00:11:48 [DEBUG] python_multipart.multipart: Calling on_header_field with data[23328:23340]
2025-07-28 00:11:48 [DEBUG] python_multipart.multipart: Calling on_header_value with data[23342:23352]
2025-07-28 00:11:48 [DEBUG] python_multipart.multipart: Calling on_header_end with no data
2025-07-28 00:11:48 [DEBUG] python_multipart.multipart: Calling on_headers_finished with no data
2025-07-28 00:11:48 [DEBUG] python_multipart.multipart: Calling on_part_data with data[23356:26518]
2025-07-28 00:11:48 [DEBUG] python_multipart.multipart: Calling on_part_end with no data
2025-07-28 00:11:48 [DEBUG] python_multipart.multipart: Calling on_part_begin with no data
2025-07-28 00:11:48 [DEBUG] python_multipart.multipart: Calling on_header_field with data[26562:26581]
2025-07-28 00:11:48 [DEBUG] python_multipart.multipart: Calling on_header_value with data[26583:26629]
2025-07-28 00:11:48 [DEBUG] python_multipart.multipart: Calling on_header_end with no data
2025-07-28 00:11:48 [DEBUG] python_multipart.multipart: Calling on_header_field with data[26631:26643]
2025-07-28 00:11:48 [DEBUG] python_multipart.multipart: Calling on_header_value with data[26645:26655]
2025-07-28 00:11:48 [DEBUG] python_multipart.multipart: Calling on_header_end with no data
2025-07-28 00:11:48 [DEBUG] python_multipart.multipart: Calling on_headers_finished with no data
2025-07-28 00:11:48 [DEBUG] python_multipart.multipart: Calling on_part_data with data[26659:29821]
2025-07-28 00:11:48 [DEBUG] python_multipart.multipart: Calling on_part_end with no data
2025-07-28 00:11:48 [DEBUG] python_multipart.multipart: Calling on_part_begin with no data
2025-07-28 00:11:48 [DEBUG] python_multipart.multipart: Calling on_header_field with data[29865:29884]
2025-07-28 00:11:48 [DEBUG] python_multipart.multipart: Calling on_header_value with data[29886:29933]
2025-07-28 00:11:48 [DEBUG] python_multipart.multipart: Calling on_header_end with no data
2025-07-28 00:11:48 [DEBUG] python_multipart.multipart: Calling on_header_field with data[29935:29947]
2025-07-28 00:11:48 [DEBUG] python_multipart.multipart: Calling on_header_value with data[29949:29959]
2025-07-28 00:11:48 [DEBUG] python_multipart.multipart: Calling on_header_end with no data
2025-07-28 00:11:48 [DEBUG] python_multipart.multipart: Calling on_headers_finished with no data
2025-07-28 00:11:48 [DEBUG] python_multipart.multipart: Calling on_part_data with data[29963:33125]
2025-07-28 00:11:48 [DEBUG] python_multipart.multipart: Calling on_part_end with no data
2025-07-28 00:11:48 [DEBUG] python_multipart.multipart: Calling on_part_begin with no data
2025-07-28 00:11:48 [DEBUG] python_multipart.multipart: Calling on_header_field with data[33169:33188]
2025-07-28 00:11:48 [DEBUG] python_multipart.multipart: Calling on_header_value with data[33190:33237]
2025-07-28 00:11:48 [DEBUG] python_multipart.multipart: Calling on_header_end with no data
2025-07-28 00:11:48 [DEBUG] python_multipart.multipart: Calling on_header_field with data[33239:33251]
2025-07-28 00:11:48 [DEBUG] python_multipart.multipart: Calling on_header_value with data[33253:33263]
2025-07-28 00:11:48 [DEBUG] python_multipart.multipart: Calling on_header_end with no data
2025-07-28 00:11:48 [DEBUG] python_multipart.multipart: Calling on_headers_finished with no data
2025-07-28 00:11:48 [DEBUG] python_multipart.multipart: Calling on_part_data with data[33267:36429]
2025-07-28 00:11:48 [DEBUG] python_multipart.multipart: Calling on_part_end with no data
2025-07-28 00:11:48 [DEBUG] python_multipart.multipart: Calling on_part_begin with no data
2025-07-28 00:11:48 [DEBUG] python_multipart.multipart: Calling on_header_field with data[36473:36492]
2025-07-28 00:11:48 [DEBUG] python_multipart.multipart: Calling on_header_value with data[36494:36541]
2025-07-28 00:11:48 [DEBUG] python_multipart.multipart: Calling on_header_end with no data
2025-07-28 00:11:48 [DEBUG] python_multipart.multipart: Calling on_header_field with data[36543:36555]
2025-07-28 00:11:48 [DEBUG] python_multipart.multipart: Calling on_header_value with data[36557:36567]
2025-07-28 00:11:48 [DEBUG] python_multipart.multipart: Calling on_header_end with no data
2025-07-28 00:11:48 [DEBUG] python_multipart.multipart: Calling on_headers_finished with no data
2025-07-28 00:11:48 [DEBUG] python_multipart.multipart: Calling on_part_data with data[36571:39733]
2025-07-28 00:11:48 [DEBUG] python_multipart.multipart: Calling on_part_end with no data
2025-07-28 00:11:48 [DEBUG] python_multipart.multipart: Calling on_part_begin with no data
2025-07-28 00:11:48 [DEBUG] python_multipart.multipart: Calling on_header_field with data[39777:39796]
2025-07-28 00:11:48 [DEBUG] python_multipart.multipart: Calling on_header_value with data[39798:39845]
2025-07-28 00:11:48 [DEBUG] python_multipart.multipart: Calling on_header_end with no data
2025-07-28 00:11:48 [DEBUG] python_multipart.multipart: Calling on_header_field with data[39847:39859]
2025-07-28 00:11:48 [DEBUG] python_multipart.multipart: Calling on_header_value with data[39861:39871]
2025-07-28 00:11:48 [DEBUG] python_multipart.multipart: Calling on_header_end with no data
2025-07-28 00:11:48 [DEBUG] python_multipart.multipart: Calling on_headers_finished with no data
2025-07-28 00:11:48 [DEBUG] python_multipart.multipart: Calling on_part_data with data[39875:43037]
2025-07-28 00:11:48 [DEBUG] python_multipart.multipart: Calling on_part_end with no data
2025-07-28 00:11:48 [DEBUG] python_multipart.multipart: Calling on_part_begin with no data
2025-07-28 00:11:48 [DEBUG] python_multipart.multipart: Calling on_header_field with data[43081:43100]
2025-07-28 00:11:48 [DEBUG] python_multipart.multipart: Calling on_header_value with data[43102:43149]
2025-07-28 00:11:48 [DEBUG] python_multipart.multipart: Calling on_header_end with no data
2025-07-28 00:11:48 [DEBUG] python_multipart.multipart: Calling on_header_field with data[43151:43163]
2025-07-28 00:11:48 [DEBUG] python_multipart.multipart: Calling on_header_value with data[43165:43175]
2025-07-28 00:11:48 [DEBUG] python_multipart.multipart: Calling on_header_end with no data
2025-07-28 00:11:48 [DEBUG] python_multipart.multipart: Calling on_headers_finished with no data
2025-07-28 00:11:48 [DEBUG] python_multipart.multipart: Calling on_part_data with data[43179:46341]
2025-07-28 00:11:48 [DEBUG] python_multipart.multipart: Calling on_part_end with no data
2025-07-28 00:11:48 [DEBUG] python_multipart.multipart: Calling on_part_begin with no data
2025-07-28 00:11:48 [DEBUG] python_multipart.multipart: Calling on_header_field with data[46385:46404]
2025-07-28 00:11:48 [DEBUG] python_multipart.multipart: Calling on_header_value with data[46406:46453]
2025-07-28 00:11:48 [DEBUG] python_multipart.multipart: Calling on_header_end with no data
2025-07-28 00:11:48 [DEBUG] python_multipart.multipart: Calling on_header_field with data[46455:46467]
2025-07-28 00:11:48 [DEBUG] python_multipart.multipart: Calling on_header_value with data[46469:46479]
2025-07-28 00:11:48 [DEBUG] python_multipart.multipart: Calling on_header_end with no data
2025-07-28 00:11:48 [DEBUG] python_multipart.multipart: Calling on_headers_finished with no data
2025-07-28 00:11:48 [DEBUG] python_multipart.multipart: Calling on_part_data with data[46483:49645]
2025-07-28 00:11:48 [DEBUG] python_multipart.multipart: Calling on_part_end with no data
2025-07-28 00:11:48 [DEBUG] python_multipart.multipart: Calling on_part_begin with no data
2025-07-28 00:11:48 [DEBUG] python_multipart.multipart: Calling on_header_field with data[49689:49708]
2025-07-28 00:11:48 [DEBUG] python_multipart.multipart: Calling on_header_value with data[49710:49757]
2025-07-28 00:11:48 [DEBUG] python_multipart.multipart: Calling on_header_end with no data
2025-07-28 00:11:48 [DEBUG] python_multipart.multipart: Calling on_header_field with data[49759:49771]
2025-07-28 00:11:48 [DEBUG] python_multipart.multipart: Calling on_header_value with data[49773:49783]
2025-07-28 00:11:48 [DEBUG] python_multipart.multipart: Calling on_header_end with no data
2025-07-28 00:11:48 [DEBUG] python_multipart.multipart: Calling on_headers_finished with no data
2025-07-28 00:11:48 [DEBUG] python_multipart.multipart: Calling on_part_data with data[49787:52949]
2025-07-28 00:11:48 [DEBUG] python_multipart.multipart: Calling on_part_end with no data
2025-07-28 00:11:48 [DEBUG] python_multipart.multipart: Calling on_part_begin with no data
2025-07-28 00:11:48 [DEBUG] python_multipart.multipart: Calling on_header_field with data[52993:53012]
2025-07-28 00:11:48 [DEBUG] python_multipart.multipart: Calling on_header_value with data[53014:53061]
2025-07-28 00:11:48 [DEBUG] python_multipart.multipart: Calling on_header_end with no data
2025-07-28 00:11:48 [DEBUG] python_multipart.multipart: Calling on_header_field with data[53063:53075]
2025-07-28 00:11:48 [DEBUG] python_multipart.multipart: Calling on_header_value with data[53077:53087]
2025-07-28 00:11:48 [DEBUG] python_multipart.multipart: Calling on_header_end with no data
2025-07-28 00:11:48 [DEBUG] python_multipart.multipart: Calling on_headers_finished with no data
2025-07-28 00:11:48 [DEBUG] python_multipart.multipart: Calling on_part_data with data[53091:56253]
2025-07-28 00:11:48 [DEBUG] python_multipart.multipart: Calling on_part_end with no data
2025-07-28 00:11:48 [DEBUG] python_multipart.multipart: Calling on_part_begin with no data
2025-07-28 00:11:48 [DEBUG] python_multipart.multipart: Calling on_header_field with data[56297:56316]
2025-07-28 00:11:48 [DEBUG] python_multipart.multipart: Calling on_header_value with data[56318:56365]
2025-07-28 00:11:48 [DEBUG] python_multipart.multipart: Calling on_header_end with no data
2025-07-28 00:11:48 [DEBUG] python_multipart.multipart: Calling on_header_field with data[56367:56379]
2025-07-28 00:11:48 [DEBUG] python_multipart.multipart: Calling on_header_value with data[56381:56391]
2025-07-28 00:11:48 [DEBUG] python_multipart.multipart: Calling on_header_end with no data
2025-07-28 00:11:48 [DEBUG] python_multipart.multipart: Calling on_headers_finished with no data
2025-07-28 00:11:48 [DEBUG] python_multipart.multipart: Calling on_part_data with data[56395:59557]
2025-07-28 00:11:48 [DEBUG] python_multipart.multipart: Calling on_part_end with no data
2025-07-28 00:11:48 [DEBUG] python_multipart.multipart: Calling on_part_begin with no data
2025-07-28 00:11:48 [DEBUG] python_multipart.multipart: Calling on_header_field with data[59601:59620]
2025-07-28 00:11:48 [DEBUG] python_multipart.multipart: Calling on_header_value with data[59622:59669]
2025-07-28 00:11:48 [DEBUG] python_multipart.multipart: Calling on_header_end with no data
2025-07-28 00:11:48 [DEBUG] python_multipart.multipart: Calling on_header_field with data[59671:59683]
2025-07-28 00:11:48 [DEBUG] python_multipart.multipart: Calling on_header_value with data[59685:59695]
2025-07-28 00:11:48 [DEBUG] python_multipart.multipart: Calling on_header_end with no data
2025-07-28 00:11:48 [DEBUG] python_multipart.multipart: Calling on_headers_finished with no data
2025-07-28 00:11:48 [DEBUG] python_multipart.multipart: Calling on_part_data with data[59699:62861]
2025-07-28 00:11:48 [DEBUG] python_multipart.multipart: Calling on_part_end with no data
2025-07-28 00:11:48 [DEBUG] python_multipart.multipart: Calling on_part_begin with no data
2025-07-28 00:11:48 [DEBUG] python_multipart.multipart: Calling on_header_field with data[62905:62924]
2025-07-28 00:11:48 [DEBUG] python_multipart.multipart: Calling on_header_value with data[62926:62973]
2025-07-28 00:11:48 [DEBUG] python_multipart.multipart: Calling on_header_end with no data
2025-07-28 00:11:48 [DEBUG] python_multipart.multipart: Calling on_header_field with data[62975:62987]
2025-07-28 00:11:48 [DEBUG] python_multipart.multipart: Calling on_header_value with data[62989:62999]
2025-07-28 00:11:48 [DEBUG] python_multipart.multipart: Calling on_header_end with no data
2025-07-28 00:11:48 [DEBUG] python_multipart.multipart: Calling on_headers_finished with no data
2025-07-28 00:11:48 [DEBUG] python_multipart.multipart: Calling on_part_data with data[63003:66165]
2025-07-28 00:11:48 [DEBUG] python_multipart.multipart: Calling on_part_end with no data
2025-07-28 00:11:48 [DEBUG] python_multipart.multipart: Calling on_part_begin with no data
2025-07-28 00:11:48 [DEBUG] python_multipart.multipart: Calling on_header_field with data[66209:66228]
2025-07-28 00:11:48 [DEBUG] python_multipart.multipart: Calling on_header_value with data[66230:66277]
2025-07-28 00:11:48 [DEBUG] python_multipart.multipart: Calling on_header_end with no data
2025-07-28 00:11:48 [DEBUG] python_multipart.multipart: Calling on_header_field with data[66279:66291]
2025-07-28 00:11:48 [DEBUG] python_multipart.multipart: Calling on_header_value with data[66293:66303]
2025-07-28 00:11:48 [DEBUG] python_multipart.multipart: Calling on_header_end with no data
2025-07-28 00:11:48 [DEBUG] python_multipart.multipart: Calling on_headers_finished with no data
2025-07-28 00:11:48 [DEBUG] python_multipart.multipart: Calling on_part_data with data[66307:69469]
2025-07-28 00:11:48 [DEBUG] python_multipart.multipart: Calling on_part_end with no data
2025-07-28 00:11:48 [DEBUG] python_multipart.multipart: Calling on_part_begin with no data
2025-07-28 00:11:48 [DEBUG] python_multipart.multipart: Calling on_header_field with data[69513:69532]
2025-07-28 00:11:48 [DEBUG] python_multipart.multipart: Calling on_header_value with data[69534:69581]
2025-07-28 00:11:48 [DEBUG] python_multipart.multipart: Calling on_header_end with no data
2025-07-28 00:11:48 [DEBUG] python_multipart.multipart: Calling on_header_field with data[69583:69595]
2025-07-28 00:11:48 [DEBUG] python_multipart.multipart: Calling on_header_value with data[69597:69607]
2025-07-28 00:11:48 [DEBUG] python_multipart.multipart: Calling on_header_end with no data
2025-07-28 00:11:48 [DEBUG] python_multipart.multipart: Calling on_headers_finished with no data
2025-07-28 00:11:48 [DEBUG] python_multipart.multipart: Calling on_part_data with data[69611:72773]
2025-07-28 00:11:48 [DEBUG] python_multipart.multipart: Calling on_part_end with no data
2025-07-28 00:11:48 [DEBUG] python_multipart.multipart: Calling on_part_begin with no data
2025-07-28 00:11:48 [DEBUG] python_multipart.multipart: Calling on_header_field with data[72817:72836]
2025-07-28 00:11:48 [DEBUG] python_multipart.multipart: Calling on_header_value with data[72838:72885]
2025-07-28 00:11:48 [DEBUG] python_multipart.multipart: Calling on_header_end with no data
2025-07-28 00:11:48 [DEBUG] python_multipart.multipart: Calling on_header_field with data[72887:72899]
2025-07-28 00:11:48 [DEBUG] python_multipart.multipart: Calling on_header_value with data[72901:72911]
2025-07-28 00:11:48 [DEBUG] python_multipart.multipart: Calling on_header_end with no data
2025-07-28 00:11:48 [DEBUG] python_multipart.multipart: Calling on_headers_finished with no data
2025-07-28 00:11:48 [DEBUG] python_multipart.multipart: Calling on_part_data with data[72915:76077]
2025-07-28 00:11:48 [DEBUG] python_multipart.multipart: Calling on_part_end with no data
2025-07-28 00:11:48 [DEBUG] python_multipart.multipart: Calling on_part_begin with no data
2025-07-28 00:11:48 [DEBUG] python_multipart.multipart: Calling on_header_field with data[76121:76140]
2025-07-28 00:11:48 [DEBUG] python_multipart.multipart: Calling on_header_value with data[76142:76189]
2025-07-28 00:11:48 [DEBUG] python_multipart.multipart: Calling on_header_end with no data
2025-07-28 00:11:48 [DEBUG] python_multipart.multipart: Calling on_header_field with data[76191:76203]
2025-07-28 00:11:48 [DEBUG] python_multipart.multipart: Calling on_header_value with data[76205:76215]
2025-07-28 00:11:48 [DEBUG] python_multipart.multipart: Calling on_header_end with no data
2025-07-28 00:11:48 [DEBUG] python_multipart.multipart: Calling on_headers_finished with no data
2025-07-28 00:11:48 [DEBUG] python_multipart.multipart: Calling on_part_data with data[76219:79381]
2025-07-28 00:11:48 [DEBUG] python_multipart.multipart: Calling on_part_end with no data
2025-07-28 00:11:48 [DEBUG] python_multipart.multipart: Calling on_part_begin with no data
2025-07-28 00:11:48 [DEBUG] python_multipart.multipart: Calling on_header_field with data[79425:79444]
2025-07-28 00:11:48 [DEBUG] python_multipart.multipart: Calling on_header_value with data[79446:79493]
2025-07-28 00:11:48 [DEBUG] python_multipart.multipart: Calling on_header_end with no data
2025-07-28 00:11:48 [DEBUG] python_multipart.multipart: Calling on_header_field with data[79495:79507]
2025-07-28 00:11:48 [DEBUG] python_multipart.multipart: Calling on_header_value with data[79509:79519]
2025-07-28 00:11:48 [DEBUG] python_multipart.multipart: Calling on_header_end with no data
2025-07-28 00:11:48 [DEBUG] python_multipart.multipart: Calling on_headers_finished with no data
2025-07-28 00:11:48 [DEBUG] python_multipart.multipart: Calling on_part_data with data[79523:81920]
2025-07-28 00:11:48 [DEBUG] python_multipart.multipart: Calling on_part_data with data[0:765]
2025-07-28 00:11:48 [DEBUG] python_multipart.multipart: Calling on_part_end with no data
2025-07-28 00:11:48 [DEBUG] python_multipart.multipart: Calling on_part_begin with no data
2025-07-28 00:11:48 [DEBUG] python_multipart.multipart: Calling on_header_field with data[809:828]
2025-07-28 00:11:48 [DEBUG] python_multipart.multipart: Calling on_header_value with data[830:877]
2025-07-28 00:11:48 [DEBUG] python_multipart.multipart: Calling on_header_end with no data
2025-07-28 00:11:48 [DEBUG] python_multipart.multipart: Calling on_header_field with data[879:891]
2025-07-28 00:11:48 [DEBUG] python_multipart.multipart: Calling on_header_value with data[893:903]
2025-07-28 00:11:48 [DEBUG] python_multipart.multipart: Calling on_header_end with no data
2025-07-28 00:11:48 [DEBUG] python_multipart.multipart: Calling on_headers_finished with no data
2025-07-28 00:11:48 [DEBUG] python_multipart.multipart: Calling on_part_data with data[907:4069]
2025-07-28 00:11:48 [DEBUG] python_multipart.multipart: Calling on_part_end with no data
2025-07-28 00:11:48 [DEBUG] python_multipart.multipart: Calling on_part_begin with no data
2025-07-28 00:11:48 [DEBUG] python_multipart.multipart: Calling on_header_field with data[4113:4132]
2025-07-28 00:11:48 [DEBUG] python_multipart.multipart: Calling on_header_value with data[4134:4181]
2025-07-28 00:11:48 [DEBUG] python_multipart.multipart: Calling on_header_end with no data
2025-07-28 00:11:48 [DEBUG] python_multipart.multipart: Calling on_header_field with data[4183:4195]
2025-07-28 00:11:48 [DEBUG] python_multipart.multipart: Calling on_header_value with data[4197:4207]
2025-07-28 00:11:48 [DEBUG] python_multipart.multipart: Calling on_header_end with no data
2025-07-28 00:11:48 [DEBUG] python_multipart.multipart: Calling on_headers_finished with no data
2025-07-28 00:11:48 [DEBUG] python_multipart.multipart: Calling on_part_data with data[4211:7373]
2025-07-28 00:11:48 [DEBUG] python_multipart.multipart: Calling on_part_end with no data
2025-07-28 00:11:48 [DEBUG] python_multipart.multipart: Calling on_part_begin with no data
2025-07-28 00:11:48 [DEBUG] python_multipart.multipart: Calling on_header_field with data[7417:7436]
2025-07-28 00:11:48 [DEBUG] python_multipart.multipart: Calling on_header_value with data[7438:7485]
2025-07-28 00:11:48 [DEBUG] python_multipart.multipart: Calling on_header_end with no data
2025-07-28 00:11:48 [DEBUG] python_multipart.multipart: Calling on_header_field with data[7487:7499]
2025-07-28 00:11:48 [DEBUG] python_multipart.multipart: Calling on_header_value with data[7501:7511]
2025-07-28 00:11:48 [DEBUG] python_multipart.multipart: Calling on_header_end with no data
2025-07-28 00:11:48 [DEBUG] python_multipart.multipart: Calling on_headers_finished with no data
2025-07-28 00:11:48 [DEBUG] python_multipart.multipart: Calling on_part_data with data[7515:10677]
2025-07-28 00:11:48 [DEBUG] python_multipart.multipart: Calling on_part_end with no data
2025-07-28 00:11:48 [DEBUG] python_multipart.multipart: Calling on_part_begin with no data
2025-07-28 00:11:48 [DEBUG] python_multipart.multipart: Calling on_header_field with data[10721:10740]
2025-07-28 00:11:48 [DEBUG] python_multipart.multipart: Calling on_header_value with data[10742:10789]
2025-07-28 00:11:48 [DEBUG] python_multipart.multipart: Calling on_header_end with no data
2025-07-28 00:11:48 [DEBUG] python_multipart.multipart: Calling on_header_field with data[10791:10803]
2025-07-28 00:11:48 [DEBUG] python_multipart.multipart: Calling on_header_value with data[10805:10815]
2025-07-28 00:11:48 [DEBUG] python_multipart.multipart: Calling on_header_end with no data
2025-07-28 00:11:48 [DEBUG] python_multipart.multipart: Calling on_headers_finished with no data
2025-07-28 00:11:48 [DEBUG] python_multipart.multipart: Calling on_part_data with data[10819:13981]
2025-07-28 00:11:48 [DEBUG] python_multipart.multipart: Calling on_part_end with no data
2025-07-28 00:11:48 [DEBUG] python_multipart.multipart: Calling on_part_begin with no data
2025-07-28 00:11:48 [DEBUG] python_multipart.multipart: Calling on_header_field with data[14025:14044]
2025-07-28 00:11:48 [DEBUG] python_multipart.multipart: Calling on_header_value with data[14046:14093]
2025-07-28 00:11:48 [DEBUG] python_multipart.multipart: Calling on_header_end with no data
2025-07-28 00:11:48 [DEBUG] python_multipart.multipart: Calling on_header_field with data[14095:14107]
2025-07-28 00:11:48 [DEBUG] python_multipart.multipart: Calling on_header_value with data[14109:14119]
2025-07-28 00:11:48 [DEBUG] python_multipart.multipart: Calling on_header_end with no data
2025-07-28 00:11:48 [DEBUG] python_multipart.multipart: Calling on_headers_finished with no data
2025-07-28 00:11:48 [DEBUG] python_multipart.multipart: Calling on_part_data with data[14123:17285]
2025-07-28 00:11:48 [DEBUG] python_multipart.multipart: Calling on_part_end with no data
2025-07-28 00:11:48 [DEBUG] python_multipart.multipart: Calling on_part_begin with no data
2025-07-28 00:11:48 [DEBUG] python_multipart.multipart: Calling on_header_field with data[17329:17348]
2025-07-28 00:11:48 [DEBUG] python_multipart.multipart: Calling on_header_value with data[17350:17397]
2025-07-28 00:11:48 [DEBUG] python_multipart.multipart: Calling on_header_end with no data
2025-07-28 00:11:48 [DEBUG] python_multipart.multipart: Calling on_header_field with data[17399:17411]
2025-07-28 00:11:48 [DEBUG] python_multipart.multipart: Calling on_header_value with data[17413:17423]
2025-07-28 00:11:48 [DEBUG] python_multipart.multipart: Calling on_header_end with no data
2025-07-28 00:11:48 [DEBUG] python_multipart.multipart: Calling on_headers_finished with no data
2025-07-28 00:11:48 [DEBUG] python_multipart.multipart: Calling on_part_data with data[17427:20589]
2025-07-28 00:11:48 [DEBUG] python_multipart.multipart: Calling on_part_end with no data
2025-07-28 00:11:48 [DEBUG] python_multipart.multipart: Calling on_part_begin with no data
2025-07-28 00:11:48 [DEBUG] python_multipart.multipart: Calling on_header_field with data[20633:20652]
2025-07-28 00:11:48 [DEBUG] python_multipart.multipart: Calling on_header_value with data[20654:20701]
2025-07-28 00:11:48 [DEBUG] python_multipart.multipart: Calling on_header_end with no data
2025-07-28 00:11:48 [DEBUG] python_multipart.multipart: Calling on_header_field with data[20703:20715]
2025-07-28 00:11:48 [DEBUG] python_multipart.multipart: Calling on_header_value with data[20717:20727]
2025-07-28 00:11:48 [DEBUG] python_multipart.multipart: Calling on_header_end with no data
2025-07-28 00:11:48 [DEBUG] python_multipart.multipart: Calling on_headers_finished with no data
2025-07-28 00:11:48 [DEBUG] python_multipart.multipart: Calling on_part_data with data[20731:23893]
2025-07-28 00:11:48 [DEBUG] python_multipart.multipart: Calling on_part_end with no data
2025-07-28 00:11:48 [DEBUG] python_multipart.multipart: Calling on_part_begin with no data
2025-07-28 00:11:48 [DEBUG] python_multipart.multipart: Calling on_header_field with data[23937:23956]
2025-07-28 00:11:48 [DEBUG] python_multipart.multipart: Calling on_header_value with data[23958:24005]
2025-07-28 00:11:48 [DEBUG] python_multipart.multipart: Calling on_header_end with no data
2025-07-28 00:11:48 [DEBUG] python_multipart.multipart: Calling on_header_field with data[24007:24019]
2025-07-28 00:11:48 [DEBUG] python_multipart.multipart: Calling on_header_value with data[24021:24031]
2025-07-28 00:11:48 [DEBUG] python_multipart.multipart: Calling on_header_end with no data
2025-07-28 00:11:48 [DEBUG] python_multipart.multipart: Calling on_headers_finished with no data
2025-07-28 00:11:48 [DEBUG] python_multipart.multipart: Calling on_part_data with data[24035:27197]
2025-07-28 00:11:48 [DEBUG] python_multipart.multipart: Calling on_part_end with no data
2025-07-28 00:11:48 [DEBUG] python_multipart.multipart: Calling on_part_begin with no data
2025-07-28 00:11:48 [DEBUG] python_multipart.multipart: Calling on_header_field with data[27241:27260]
2025-07-28 00:11:48 [DEBUG] python_multipart.multipart: Calling on_header_value with data[27262:27309]
2025-07-28 00:11:48 [DEBUG] python_multipart.multipart: Calling on_header_end with no data
2025-07-28 00:11:48 [DEBUG] python_multipart.multipart: Calling on_header_field with data[27311:27323]
2025-07-28 00:11:48 [DEBUG] python_multipart.multipart: Calling on_header_value with data[27325:27335]
2025-07-28 00:11:48 [DEBUG] python_multipart.multipart: Calling on_header_end with no data
2025-07-28 00:11:48 [DEBUG] python_multipart.multipart: Calling on_headers_finished with no data
2025-07-28 00:11:48 [DEBUG] python_multipart.multipart: Calling on_part_data with data[27339:30501]
2025-07-28 00:11:48 [DEBUG] python_multipart.multipart: Calling on_part_end with no data
2025-07-28 00:11:48 [DEBUG] python_multipart.multipart: Calling on_part_begin with no data
2025-07-28 00:11:48 [DEBUG] python_multipart.multipart: Calling on_header_field with data[30545:30564]
2025-07-28 00:11:48 [DEBUG] python_multipart.multipart: Calling on_header_value with data[30566:30613]
2025-07-28 00:11:48 [DEBUG] python_multipart.multipart: Calling on_header_end with no data
2025-07-28 00:11:48 [DEBUG] python_multipart.multipart: Calling on_header_field with data[30615:30627]
2025-07-28 00:11:48 [DEBUG] python_multipart.multipart: Calling on_header_value with data[30629:30639]
2025-07-28 00:11:48 [DEBUG] python_multipart.multipart: Calling on_header_end with no data
2025-07-28 00:11:48 [DEBUG] python_multipart.multipart: Calling on_headers_finished with no data
2025-07-28 00:11:48 [DEBUG] python_multipart.multipart: Calling on_part_data with data[30643:33805]
2025-07-28 00:11:48 [DEBUG] python_multipart.multipart: Calling on_part_end with no data
2025-07-28 00:11:48 [DEBUG] python_multipart.multipart: Calling on_part_begin with no data
2025-07-28 00:11:48 [DEBUG] python_multipart.multipart: Calling on_header_field with data[33849:33868]
2025-07-28 00:11:48 [DEBUG] python_multipart.multipart: Calling on_header_value with data[33870:33917]
2025-07-28 00:11:48 [DEBUG] python_multipart.multipart: Calling on_header_end with no data
2025-07-28 00:11:48 [DEBUG] python_multipart.multipart: Calling on_header_field with data[33919:33931]
2025-07-28 00:11:48 [DEBUG] python_multipart.multipart: Calling on_header_value with data[33933:33943]
2025-07-28 00:11:48 [DEBUG] python_multipart.multipart: Calling on_header_end with no data
2025-07-28 00:11:48 [DEBUG] python_multipart.multipart: Calling on_headers_finished with no data
2025-07-28 00:11:48 [DEBUG] python_multipart.multipart: Calling on_part_data with data[33947:37109]
2025-07-28 00:11:48 [DEBUG] python_multipart.multipart: Calling on_part_end with no data
2025-07-28 00:11:48 [DEBUG] python_multipart.multipart: Calling on_part_begin with no data
2025-07-28 00:11:48 [DEBUG] python_multipart.multipart: Calling on_header_field with data[37153:37172]
2025-07-28 00:11:48 [DEBUG] python_multipart.multipart: Calling on_header_value with data[37174:37221]
2025-07-28 00:11:48 [DEBUG] python_multipart.multipart: Calling on_header_end with no data
2025-07-28 00:11:48 [DEBUG] python_multipart.multipart: Calling on_header_field with data[37223:37235]
2025-07-28 00:11:48 [DEBUG] python_multipart.multipart: Calling on_header_value with data[37237:37247]
2025-07-28 00:11:48 [DEBUG] python_multipart.multipart: Calling on_header_end with no data
2025-07-28 00:11:48 [DEBUG] python_multipart.multipart: Calling on_headers_finished with no data
2025-07-28 00:11:48 [DEBUG] python_multipart.multipart: Calling on_part_data with data[37251:40413]
2025-07-28 00:11:48 [DEBUG] python_multipart.multipart: Calling on_part_end with no data
2025-07-28 00:11:48 [DEBUG] python_multipart.multipart: Calling on_part_begin with no data
2025-07-28 00:11:48 [DEBUG] python_multipart.multipart: Calling on_header_field with data[40457:40476]
2025-07-28 00:11:48 [DEBUG] python_multipart.multipart: Calling on_header_value with data[40478:40525]
2025-07-28 00:11:48 [DEBUG] python_multipart.multipart: Calling on_header_end with no data
2025-07-28 00:11:48 [DEBUG] python_multipart.multipart: Calling on_header_field with data[40527:40539]
2025-07-28 00:11:48 [DEBUG] python_multipart.multipart: Calling on_header_value with data[40541:40551]
2025-07-28 00:11:48 [DEBUG] python_multipart.multipart: Calling on_header_end with no data
2025-07-28 00:11:48 [DEBUG] python_multipart.multipart: Calling on_headers_finished with no data
2025-07-28 00:11:48 [DEBUG] python_multipart.multipart: Calling on_part_data with data[40555:43717]
2025-07-28 00:11:48 [DEBUG] python_multipart.multipart: Calling on_part_end with no data
2025-07-28 00:11:48 [DEBUG] python_multipart.multipart: Calling on_part_begin with no data
2025-07-28 00:11:48 [DEBUG] python_multipart.multipart: Calling on_header_field with data[43761:43780]
2025-07-28 00:11:48 [DEBUG] python_multipart.multipart: Calling on_header_value with data[43782:43829]
2025-07-28 00:11:48 [DEBUG] python_multipart.multipart: Calling on_header_end with no data
2025-07-28 00:11:48 [DEBUG] python_multipart.multipart: Calling on_header_field with data[43831:43843]
2025-07-28 00:11:48 [DEBUG] python_multipart.multipart: Calling on_header_value with data[43845:43855]
2025-07-28 00:11:48 [DEBUG] python_multipart.multipart: Calling on_header_end with no data
2025-07-28 00:11:48 [DEBUG] python_multipart.multipart: Calling on_headers_finished with no data
2025-07-28 00:11:48 [DEBUG] python_multipart.multipart: Calling on_part_data with data[43859:47021]
2025-07-28 00:11:48 [DEBUG] python_multipart.multipart: Calling on_part_end with no data
2025-07-28 00:11:48 [DEBUG] python_multipart.multipart: Calling on_part_begin with no data
2025-07-28 00:11:48 [DEBUG] python_multipart.multipart: Calling on_header_field with data[47065:47084]
2025-07-28 00:11:48 [DEBUG] python_multipart.multipart: Calling on_header_value with data[47086:47133]
2025-07-28 00:11:48 [DEBUG] python_multipart.multipart: Calling on_header_end with no data
2025-07-28 00:11:48 [DEBUG] python_multipart.multipart: Calling on_header_field with data[47135:47147]
2025-07-28 00:11:48 [DEBUG] python_multipart.multipart: Calling on_header_value with data[47149:47159]
2025-07-28 00:11:48 [DEBUG] python_multipart.multipart: Calling on_header_end with no data
2025-07-28 00:11:48 [DEBUG] python_multipart.multipart: Calling on_headers_finished with no data
2025-07-28 00:11:48 [DEBUG] python_multipart.multipart: Calling on_part_data with data[47163:50325]
2025-07-28 00:11:48 [DEBUG] python_multipart.multipart: Calling on_part_end with no data
2025-07-28 00:11:48 [DEBUG] python_multipart.multipart: Calling on_part_begin with no data
2025-07-28 00:11:48 [DEBUG] python_multipart.multipart: Calling on_header_field with data[50369:50388]
2025-07-28 00:11:48 [DEBUG] python_multipart.multipart: Calling on_header_value with data[50390:50437]
2025-07-28 00:11:48 [DEBUG] python_multipart.multipart: Calling on_header_end with no data
2025-07-28 00:11:48 [DEBUG] python_multipart.multipart: Calling on_header_field with data[50439:50451]
2025-07-28 00:11:48 [DEBUG] python_multipart.multipart: Calling on_header_value with data[50453:50463]
2025-07-28 00:11:48 [DEBUG] python_multipart.multipart: Calling on_header_end with no data
2025-07-28 00:11:48 [DEBUG] python_multipart.multipart: Calling on_headers_finished with no data
2025-07-28 00:11:48 [DEBUG] python_multipart.multipart: Calling on_part_data with data[50467:53629]
2025-07-28 00:11:48 [DEBUG] python_multipart.multipart: Calling on_part_end with no data
2025-07-28 00:11:48 [DEBUG] python_multipart.multipart: Calling on_part_begin with no data
2025-07-28 00:11:48 [DEBUG] python_multipart.multipart: Calling on_header_field with data[53673:53692]
2025-07-28 00:11:48 [DEBUG] python_multipart.multipart: Calling on_header_value with data[53694:53741]
2025-07-28 00:11:48 [DEBUG] python_multipart.multipart: Calling on_header_end with no data
2025-07-28 00:11:48 [DEBUG] python_multipart.multipart: Calling on_header_field with data[53743:53755]
2025-07-28 00:11:48 [DEBUG] python_multipart.multipart: Calling on_header_value with data[53757:53767]
2025-07-28 00:11:48 [DEBUG] python_multipart.multipart: Calling on_header_end with no data
2025-07-28 00:11:48 [DEBUG] python_multipart.multipart: Calling on_headers_finished with no data
2025-07-28 00:11:48 [DEBUG] python_multipart.multipart: Calling on_part_data with data[53771:56933]
2025-07-28 00:11:48 [DEBUG] python_multipart.multipart: Calling on_part_end with no data
2025-07-28 00:11:48 [DEBUG] python_multipart.multipart: Calling on_part_begin with no data
2025-07-28 00:11:48 [DEBUG] python_multipart.multipart: Calling on_header_field with data[56977:56996]
2025-07-28 00:11:48 [DEBUG] python_multipart.multipart: Calling on_header_value with data[56998:57045]
2025-07-28 00:11:48 [DEBUG] python_multipart.multipart: Calling on_header_end with no data
2025-07-28 00:11:48 [DEBUG] python_multipart.multipart: Calling on_header_field with data[57047:57059]
2025-07-28 00:11:48 [DEBUG] python_multipart.multipart: Calling on_header_value with data[57061:57071]
2025-07-28 00:11:48 [DEBUG] python_multipart.multipart: Calling on_header_end with no data
2025-07-28 00:11:48 [DEBUG] python_multipart.multipart: Calling on_headers_finished with no data
2025-07-28 00:11:48 [DEBUG] python_multipart.multipart: Calling on_part_data with data[57075:60237]
2025-07-28 00:11:48 [DEBUG] python_multipart.multipart: Calling on_part_end with no data
2025-07-28 00:11:48 [DEBUG] python_multipart.multipart: Calling on_part_begin with no data
2025-07-28 00:11:48 [DEBUG] python_multipart.multipart: Calling on_header_field with data[60281:60300]
2025-07-28 00:11:48 [DEBUG] python_multipart.multipart: Calling on_header_value with data[60302:60349]
2025-07-28 00:11:48 [DEBUG] python_multipart.multipart: Calling on_header_end with no data
2025-07-28 00:11:48 [DEBUG] python_multipart.multipart: Calling on_header_field with data[60351:60363]
2025-07-28 00:11:48 [DEBUG] python_multipart.multipart: Calling on_header_value with data[60365:60375]
2025-07-28 00:11:48 [DEBUG] python_multipart.multipart: Calling on_header_end with no data
2025-07-28 00:11:48 [DEBUG] python_multipart.multipart: Calling on_headers_finished with no data
2025-07-28 00:11:48 [DEBUG] python_multipart.multipart: Calling on_part_data with data[60379:63541]
2025-07-28 00:11:48 [DEBUG] python_multipart.multipart: Calling on_part_end with no data
2025-07-28 00:11:48 [DEBUG] python_multipart.multipart: Calling on_part_begin with no data
2025-07-28 00:11:48 [DEBUG] python_multipart.multipart: Calling on_header_field with data[63585:63604]
2025-07-28 00:11:48 [DEBUG] python_multipart.multipart: Calling on_header_value with data[63606:63653]
2025-07-28 00:11:48 [DEBUG] python_multipart.multipart: Calling on_header_end with no data
2025-07-28 00:11:48 [DEBUG] python_multipart.multipart: Calling on_header_field with data[63655:63667]
2025-07-28 00:11:48 [DEBUG] python_multipart.multipart: Calling on_header_value with data[63669:63679]
2025-07-28 00:11:48 [DEBUG] python_multipart.multipart: Calling on_header_end with no data
2025-07-28 00:11:48 [DEBUG] python_multipart.multipart: Calling on_headers_finished with no data
2025-07-28 00:11:48 [DEBUG] python_multipart.multipart: Calling on_part_data with data[63683:66845]
2025-07-28 00:11:48 [DEBUG] python_multipart.multipart: Calling on_part_end with no data
2025-07-28 00:11:48 [DEBUG] python_multipart.multipart: Calling on_part_begin with no data
2025-07-28 00:11:48 [DEBUG] python_multipart.multipart: Calling on_header_field with data[66889:66908]
2025-07-28 00:11:48 [DEBUG] python_multipart.multipart: Calling on_header_value with data[66910:66957]
2025-07-28 00:11:48 [DEBUG] python_multipart.multipart: Calling on_header_end with no data
2025-07-28 00:11:48 [DEBUG] python_multipart.multipart: Calling on_header_field with data[66959:66971]
2025-07-28 00:11:48 [DEBUG] python_multipart.multipart: Calling on_header_value with data[66973:66983]
2025-07-28 00:11:48 [DEBUG] python_multipart.multipart: Calling on_header_end with no data
2025-07-28 00:11:48 [DEBUG] python_multipart.multipart: Calling on_headers_finished with no data
2025-07-28 00:11:48 [DEBUG] python_multipart.multipart: Calling on_part_data with data[66987:70149]
2025-07-28 00:11:48 [DEBUG] python_multipart.multipart: Calling on_part_end with no data
2025-07-28 00:11:48 [DEBUG] python_multipart.multipart: Calling on_part_begin with no data
2025-07-28 00:11:48 [DEBUG] python_multipart.multipart: Calling on_header_field with data[70193:70212]
2025-07-28 00:11:48 [DEBUG] python_multipart.multipart: Calling on_header_value with data[70214:70261]
2025-07-28 00:11:48 [DEBUG] python_multipart.multipart: Calling on_header_end with no data
2025-07-28 00:11:48 [DEBUG] python_multipart.multipart: Calling on_header_field with data[70263:70275]
2025-07-28 00:11:48 [DEBUG] python_multipart.multipart: Calling on_header_value with data[70277:70287]
2025-07-28 00:11:48 [DEBUG] python_multipart.multipart: Calling on_header_end with no data
2025-07-28 00:11:48 [DEBUG] python_multipart.multipart: Calling on_headers_finished with no data
2025-07-28 00:11:48 [DEBUG] python_multipart.multipart: Calling on_part_data with data[70291:73453]
2025-07-28 00:11:48 [DEBUG] python_multipart.multipart: Calling on_part_end with no data
2025-07-28 00:11:48 [DEBUG] python_multipart.multipart: Calling on_part_begin with no data
2025-07-28 00:11:48 [DEBUG] python_multipart.multipart: Calling on_header_field with data[73497:73516]
2025-07-28 00:11:48 [DEBUG] python_multipart.multipart: Calling on_header_value with data[73518:73565]
2025-07-28 00:11:48 [DEBUG] python_multipart.multipart: Calling on_header_end with no data
2025-07-28 00:11:48 [DEBUG] python_multipart.multipart: Calling on_header_field with data[73567:73579]
2025-07-28 00:11:48 [DEBUG] python_multipart.multipart: Calling on_header_value with data[73581:73591]
2025-07-28 00:11:48 [DEBUG] python_multipart.multipart: Calling on_header_end with no data
2025-07-28 00:11:48 [DEBUG] python_multipart.multipart: Calling on_headers_finished with no data
2025-07-28 00:11:48 [DEBUG] python_multipart.multipart: Calling on_part_data with data[73595:76757]
2025-07-28 00:11:48 [DEBUG] python_multipart.multipart: Calling on_part_end with no data
2025-07-28 00:11:48 [DEBUG] python_multipart.multipart: Calling on_part_begin with no data
2025-07-28 00:11:48 [DEBUG] python_multipart.multipart: Calling on_header_field with data[76801:76820]
2025-07-28 00:11:48 [DEBUG] python_multipart.multipart: Calling on_header_value with data[76822:76869]
2025-07-28 00:11:48 [DEBUG] python_multipart.multipart: Calling on_header_end with no data
2025-07-28 00:11:48 [DEBUG] python_multipart.multipart: Calling on_header_field with data[76871:76883]
2025-07-28 00:11:48 [DEBUG] python_multipart.multipart: Calling on_header_value with data[76885:76895]
2025-07-28 00:11:48 [DEBUG] python_multipart.multipart: Calling on_header_end with no data
2025-07-28 00:11:48 [DEBUG] python_multipart.multipart: Calling on_headers_finished with no data
2025-07-28 00:11:48 [DEBUG] python_multipart.multipart: Calling on_part_data with data[76899:80061]
2025-07-28 00:11:48 [DEBUG] python_multipart.multipart: Calling on_part_end with no data
2025-07-28 00:11:48 [DEBUG] python_multipart.multipart: Calling on_part_begin with no data
2025-07-28 00:11:48 [DEBUG] python_multipart.multipart: Calling on_header_field with data[80105:80124]
2025-07-28 00:11:48 [DEBUG] python_multipart.multipart: Calling on_header_value with data[80126:80173]
2025-07-28 00:11:48 [DEBUG] python_multipart.multipart: Calling on_header_end with no data
2025-07-28 00:11:48 [DEBUG] python_multipart.multipart: Calling on_header_field with data[80175:80187]
2025-07-28 00:11:48 [DEBUG] python_multipart.multipart: Calling on_header_value with data[80189:80199]
2025-07-28 00:11:48 [DEBUG] python_multipart.multipart: Calling on_header_end with no data
2025-07-28 00:11:48 [DEBUG] python_multipart.multipart: Calling on_headers_finished with no data
2025-07-28 00:11:48 [DEBUG] python_multipart.multipart: Calling on_part_data with data[80203:83365]
2025-07-28 00:11:48 [DEBUG] python_multipart.multipart: Calling on_part_end with no data
2025-07-28 00:11:48 [DEBUG] python_multipart.multipart: Calling on_end with no data
2025-07-28 00:11:48 [INFO] face-presence-api: Registering user: 44
2025-07-28 00:11:48 [INFO] watchfiles.main: 1 change detected
2025-07-28 00:11:48 [DEBUG] face-presence-api: 🧹 Memory cleared with garbage collector.
2025-07-28 00:11:49 [INFO] face-presence-api: 📁 10 test image berhasil disimpan untuk user 44 di F:\Kuliah\Skripsi\praktisi-face-presence-api\src\storage\test_images\44
2025-07-28 00:11:49 [INFO] watchfiles.main: 9 changes detected
2025-07-28 00:11:49 [DEBUG] face-presence-api: 🧹 Memory cleared with garbage collector.
2025-07-28 00:11:49 [INFO] face-presence-api: Processing batch 1/8
2025-07-28 00:11:49 [INFO] face-presence-api: Processing batch 2/8
2025-07-28 00:11:49 [INFO] face-presence-api: Processing batch 3/8
2025-07-28 00:11:50 [INFO] face-presence-api: Processing batch 4/8
2025-07-28 00:11:50 [INFO] face-presence-api: Processing batch 5/8
2025-07-28 00:11:51 [INFO] face-presence-api: Processing batch 6/8
2025-07-28 00:11:51 [INFO] face-presence-api: Processing batch 7/8
2025-07-28 00:11:51 [INFO] face-presence-api: Processing batch 8/8
2025-07-28 00:11:52 [INFO] face-presence-api: Finished processing 40 valid embeddings from 40 images
2025-07-28 00:11:52 [INFO] face-presence-api: Validasi berhasil: 40 embeddings valid
2025-07-28 00:11:52 [INFO] face-presence-api: Validasi berhasil: 40 embeddings valid
2025-07-28 00:11:52 [INFO] face-presence-api: Embedding berhasil disimpan untuk user 44 di F:\Kuliah\Skripsi\praktisi-face-presence-api\src\storage\embeddings\44.pkl
2025-07-28 00:11:52 [INFO] face-presence-api: Embeddings saved successfully for user 44, starting evaluation.
2025-07-28 00:11:52 [INFO] face-presence-api: Evaluating ...
2025-07-28 00:11:52 [INFO] watchfiles.main: 1 change detected
2025-07-28 00:11:52 [INFO] face-presence-api: Evaluating batch 1/4
2025-07-28 00:11:52 [INFO] face-presence-api: Evaluating batch 2/4
2025-07-28 00:11:52 [INFO] face-presence-api: Evaluating batch 3/4
2025-07-28 00:11:53 [INFO] face-presence-api: Evaluating batch 4/4
2025-07-28 00:11:53 [INFO] face-presence-api: Face registration successful for user 44.
2025-07-28 00:11:58 [DEBUG] face-presence-api: [BatchLogger] No durations, skip flush
2025-07-28 00:12:04 [DEBUG] face-presence-api: [BatchLogger] No verifications, skip flush
2025-07-28 00:12:05 [DEBUG] python_multipart.multipart: Calling on_part_begin with no data
2025-07-28 00:12:05 [DEBUG] python_multipart.multipart: Calling on_header_field with data[42:61]
2025-07-28 00:12:05 [DEBUG] python_multipart.multipart: Calling on_header_value with data[63:88]
2025-07-28 00:12:05 [DEBUG] python_multipart.multipart: Calling on_header_end with no data
2025-07-28 00:12:05 [DEBUG] python_multipart.multipart: Calling on_headers_finished with no data
2025-07-28 00:12:05 [DEBUG] python_multipart.multipart: Calling on_part_data with data[92:94]
2025-07-28 00:12:05 [DEBUG] python_multipart.multipart: Calling on_part_end with no data
2025-07-28 00:12:05 [DEBUG] python_multipart.multipart: Calling on_end with no data
2025-07-28 00:12:05 [INFO] face-presence-api: Checking status for user: 44
2025-07-28 00:12:05 [INFO] face-presence-api: User 44 is already registered.
2025-07-28 00:12:08 [DEBUG] face-presence-api: [BatchLogger] No durations, skip flush
2025-07-28 00:12:11 [DEBUG] python_multipart.multipart: Calling on_part_begin with no data
2025-07-28 00:12:11 [DEBUG] python_multipart.multipart: Calling on_header_field with data[42:61]
2025-07-28 00:12:11 [DEBUG] python_multipart.multipart: Calling on_header_value with data[63:88]
2025-07-28 00:12:11 [DEBUG] python_multipart.multipart: Calling on_header_end with no data
2025-07-28 00:12:11 [DEBUG] python_multipart.multipart: Calling on_headers_finished with no data
2025-07-28 00:12:11 [DEBUG] python_multipart.multipart: Calling on_part_data with data[92:94]
2025-07-28 00:12:11 [DEBUG] python_multipart.multipart: Calling on_part_end with no data
2025-07-28 00:12:11 [DEBUG] python_multipart.multipart: Calling on_end with no data
2025-07-28 00:12:11 [INFO] face-presence-api: Checking status for user: 44
2025-07-28 00:12:11 [INFO] face-presence-api: User 44 is already registered.
2025-07-28 00:12:18 [INFO] face-presence-api: [BatchLogger] Flushing 1 registrations...
2025-07-28 00:12:18 [DEBUG] urllib3.connectionpool: https://sheets.googleapis.com:443 "GET /v4/spreadsheets/1hjXERVEURCeKXeCw8TUbrkjF25_GVmORN0JgjZuu058?includeGridData=false HTTP/1.1" 200 None
2025-07-28 00:12:19 [DEBUG] urllib3.connectionpool: https://sheets.googleapis.com:443 "GET /v4/spreadsheets/1hjXERVEURCeKXeCw8TUbrkjF25_GVmORN0JgjZuu058/values/%27Registration%27 HTTP/1.1" 200 None
2025-07-28 00:12:19 [DEBUG] urllib3.connectionpool: https://sheets.googleapis.com:443 "GET /v4/spreadsheets/1hjXERVEURCeKXeCw8TUbrkjF25_GVmORN0JgjZuu058/values/%27Registration%27 HTTP/1.1" 200 None
2025-07-28 00:12:19 [DEBUG] urllib3.connectionpool: https://sheets.googleapis.com:443 "POST /v4/spreadsheets/1hjXERVEURCeKXeCw8TUbrkjF25_GVmORN0JgjZuu058/values:batchUpdate HTTP/1.1" 200 None
2025-07-28 00:12:19 [INFO] face-presence-api: [BatchLogger] Updated 1 registration rows
2025-07-28 00:12:19 [DEBUG] face-presence-api: [BatchLogger] No durations, skip flush
2025-07-28 00:12:29 [DEBUG] face-presence-api: [BatchLogger] No durations, skip flush
2025-07-28 00:12:34 [DEBUG] face-presence-api: [BatchLogger] No verifications, skip flush
2025-07-28 00:12:39 [DEBUG] face-presence-api: [BatchLogger] No durations, skip flush
2025-07-28 00:12:49 [DEBUG] face-presence-api: [BatchLogger] No registrations, skip flush
2025-07-28 00:12:49 [DEBUG] face-presence-api: [BatchLogger] No durations, skip flush
2025-07-28 00:12:59 [DEBUG] face-presence-api: [BatchLogger] No durations, skip flush
2025-07-28 00:13:04 [DEBUG] face-presence-api: [BatchLogger] No verifications, skip flush
2025-07-28 00:13:09 [DEBUG] face-presence-api: [BatchLogger] No durations, skip flush
2025-07-28 00:13:19 [DEBUG] face-presence-api: [BatchLogger] No registrations, skip flush
2025-07-28 00:13:20 [DEBUG] face-presence-api: [BatchLogger] No durations, skip flush
2025-07-28 00:13:20 [DEBUG] python_multipart.multipart: Calling on_part_begin with no data
2025-07-28 00:13:20 [DEBUG] python_multipart.multipart: Calling on_header_field with data[42:61]
2025-07-28 00:13:20 [DEBUG] python_multipart.multipart: Calling on_header_value with data[63:88]
2025-07-28 00:13:20 [DEBUG] python_multipart.multipart: Calling on_header_end with no data
2025-07-28 00:13:20 [DEBUG] python_multipart.multipart: Calling on_headers_finished with no data
2025-07-28 00:13:20 [DEBUG] python_multipart.multipart: Calling on_part_data with data[92:94]
2025-07-28 00:13:20 [DEBUG] python_multipart.multipart: Calling on_part_end with no data
2025-07-28 00:13:20 [DEBUG] python_multipart.multipart: Calling on_end with no data
2025-07-28 00:13:20 [INFO] face-presence-api: Checking status for user: 44
2025-07-28 00:13:20 [INFO] face-presence-api: User 44 is already registered.
2025-07-28 00:13:23 [DEBUG] python_multipart.multipart: Calling on_part_begin with no data
2025-07-28 00:13:23 [DEBUG] python_multipart.multipart: Calling on_header_field with data[42:61]
2025-07-28 00:13:23 [DEBUG] python_multipart.multipart: Calling on_header_value with data[63:88]
2025-07-28 00:13:23 [DEBUG] python_multipart.multipart: Calling on_header_end with no data
2025-07-28 00:13:23 [DEBUG] python_multipart.multipart: Calling on_headers_finished with no data
2025-07-28 00:13:23 [DEBUG] python_multipart.multipart: Calling on_part_data with data[92:94]
2025-07-28 00:13:23 [DEBUG] python_multipart.multipart: Calling on_part_end with no data
2025-07-28 00:13:23 [DEBUG] python_multipart.multipart: Calling on_end with no data
2025-07-28 00:13:23 [INFO] face-presence-api: Checking status for user: 44
2025-07-28 00:13:23 [INFO] face-presence-api: User 44 is already registered.
2025-07-28 00:13:30 [DEBUG] face-presence-api: [BatchLogger] No durations, skip flush
2025-07-28 00:13:34 [DEBUG] face-presence-api: [BatchLogger] No verifications, skip flush
2025-07-28 00:13:40 [DEBUG] face-presence-api: [BatchLogger] No durations, skip flush
2025-07-28 00:13:42 [DEBUG] python_multipart.multipart: Calling on_part_begin with no data
2025-07-28 00:13:42 [DEBUG] python_multipart.multipart: Calling on_header_field with data[42:61]
2025-07-28 00:13:42 [DEBUG] python_multipart.multipart: Calling on_header_value with data[63:88]
2025-07-28 00:13:42 [DEBUG] python_multipart.multipart: Calling on_header_end with no data
2025-07-28 00:13:42 [DEBUG] python_multipart.multipart: Calling on_headers_finished with no data
2025-07-28 00:13:42 [DEBUG] python_multipart.multipart: Calling on_part_data with data[92:94]
2025-07-28 00:13:42 [DEBUG] python_multipart.multipart: Calling on_part_end with no data
2025-07-28 00:13:42 [DEBUG] python_multipart.multipart: Calling on_part_begin with no data
2025-07-28 00:13:42 [DEBUG] python_multipart.multipart: Calling on_header_field with data[138:157]
2025-07-28 00:13:42 [DEBUG] python_multipart.multipart: Calling on_header_value with data[159:205]
2025-07-28 00:13:42 [DEBUG] python_multipart.multipart: Calling on_header_end with no data
2025-07-28 00:13:42 [DEBUG] python_multipart.multipart: Calling on_header_field with data[207:219]
2025-07-28 00:13:42 [DEBUG] python_multipart.multipart: Calling on_header_value with data[221:231]
2025-07-28 00:13:42 [DEBUG] python_multipart.multipart: Calling on_header_end with no data
2025-07-28 00:13:42 [DEBUG] python_multipart.multipart: Calling on_headers_finished with no data
2025-07-28 00:13:42 [DEBUG] python_multipart.multipart: Calling on_part_data with data[235:3397]
2025-07-28 00:13:42 [DEBUG] python_multipart.multipart: Calling on_part_end with no data
2025-07-28 00:13:42 [DEBUG] python_multipart.multipart: Calling on_part_begin with no data
2025-07-28 00:13:42 [DEBUG] python_multipart.multipart: Calling on_header_field with data[3441:3460]
2025-07-28 00:13:42 [DEBUG] python_multipart.multipart: Calling on_header_value with data[3462:3508]
2025-07-28 00:13:42 [DEBUG] python_multipart.multipart: Calling on_header_end with no data
2025-07-28 00:13:42 [DEBUG] python_multipart.multipart: Calling on_header_field with data[3510:3522]
2025-07-28 00:13:42 [DEBUG] python_multipart.multipart: Calling on_header_value with data[3524:3534]
2025-07-28 00:13:42 [DEBUG] python_multipart.multipart: Calling on_header_end with no data
2025-07-28 00:13:42 [DEBUG] python_multipart.multipart: Calling on_headers_finished with no data
2025-07-28 00:13:42 [DEBUG] python_multipart.multipart: Calling on_part_data with data[3538:6700]
2025-07-28 00:13:42 [DEBUG] python_multipart.multipart: Calling on_part_end with no data
2025-07-28 00:13:42 [DEBUG] python_multipart.multipart: Calling on_part_begin with no data
2025-07-28 00:13:42 [DEBUG] python_multipart.multipart: Calling on_header_field with data[6744:6763]
2025-07-28 00:13:42 [DEBUG] python_multipart.multipart: Calling on_header_value with data[6765:6811]
2025-07-28 00:13:42 [DEBUG] python_multipart.multipart: Calling on_header_end with no data
2025-07-28 00:13:42 [DEBUG] python_multipart.multipart: Calling on_header_field with data[6813:6825]
2025-07-28 00:13:42 [DEBUG] python_multipart.multipart: Calling on_header_value with data[6827:6837]
2025-07-28 00:13:42 [DEBUG] python_multipart.multipart: Calling on_header_end with no data
2025-07-28 00:13:42 [DEBUG] python_multipart.multipart: Calling on_headers_finished with no data
2025-07-28 00:13:42 [DEBUG] python_multipart.multipart: Calling on_part_data with data[6841:10003]
2025-07-28 00:13:42 [DEBUG] python_multipart.multipart: Calling on_part_end with no data
2025-07-28 00:13:42 [DEBUG] python_multipart.multipart: Calling on_part_begin with no data
2025-07-28 00:13:42 [DEBUG] python_multipart.multipart: Calling on_header_field with data[10047:10066]
2025-07-28 00:13:42 [DEBUG] python_multipart.multipart: Calling on_header_value with data[10068:10114]
2025-07-28 00:13:42 [DEBUG] python_multipart.multipart: Calling on_header_end with no data
2025-07-28 00:13:42 [DEBUG] python_multipart.multipart: Calling on_header_field with data[10116:10128]
2025-07-28 00:13:42 [DEBUG] python_multipart.multipart: Calling on_header_value with data[10130:10140]
2025-07-28 00:13:42 [DEBUG] python_multipart.multipart: Calling on_header_end with no data
2025-07-28 00:13:42 [DEBUG] python_multipart.multipart: Calling on_headers_finished with no data
2025-07-28 00:13:42 [DEBUG] python_multipart.multipart: Calling on_part_data with data[10144:13306]
2025-07-28 00:13:42 [DEBUG] python_multipart.multipart: Calling on_part_end with no data
2025-07-28 00:13:42 [DEBUG] python_multipart.multipart: Calling on_part_begin with no data
2025-07-28 00:13:42 [DEBUG] python_multipart.multipart: Calling on_header_field with data[13350:13369]
2025-07-28 00:13:42 [DEBUG] python_multipart.multipart: Calling on_header_value with data[13371:13417]
2025-07-28 00:13:42 [DEBUG] python_multipart.multipart: Calling on_header_end with no data
2025-07-28 00:13:42 [DEBUG] python_multipart.multipart: Calling on_header_field with data[13419:13431]
2025-07-28 00:13:42 [DEBUG] python_multipart.multipart: Calling on_header_value with data[13433:13443]
2025-07-28 00:13:42 [DEBUG] python_multipart.multipart: Calling on_header_end with no data
2025-07-28 00:13:42 [DEBUG] python_multipart.multipart: Calling on_headers_finished with no data
2025-07-28 00:13:42 [DEBUG] python_multipart.multipart: Calling on_part_data with data[13447:16609]
2025-07-28 00:13:42 [DEBUG] python_multipart.multipart: Calling on_part_end with no data
2025-07-28 00:13:42 [DEBUG] python_multipart.multipart: Calling on_part_begin with no data
2025-07-28 00:13:42 [DEBUG] python_multipart.multipart: Calling on_header_field with data[16653:16672]
2025-07-28 00:13:42 [DEBUG] python_multipart.multipart: Calling on_header_value with data[16674:16720]
2025-07-28 00:13:42 [DEBUG] python_multipart.multipart: Calling on_header_end with no data
2025-07-28 00:13:42 [DEBUG] python_multipart.multipart: Calling on_header_field with data[16722:16734]
2025-07-28 00:13:42 [DEBUG] python_multipart.multipart: Calling on_header_value with data[16736:16746]
2025-07-28 00:13:42 [DEBUG] python_multipart.multipart: Calling on_header_end with no data
2025-07-28 00:13:42 [DEBUG] python_multipart.multipart: Calling on_headers_finished with no data
2025-07-28 00:13:42 [DEBUG] python_multipart.multipart: Calling on_part_data with data[16750:19912]
2025-07-28 00:13:42 [DEBUG] python_multipart.multipart: Calling on_part_end with no data
2025-07-28 00:13:42 [DEBUG] python_multipart.multipart: Calling on_part_begin with no data
2025-07-28 00:13:42 [DEBUG] python_multipart.multipart: Calling on_header_field with data[19956:19975]
2025-07-28 00:13:42 [DEBUG] python_multipart.multipart: Calling on_header_value with data[19977:20023]
2025-07-28 00:13:42 [DEBUG] python_multipart.multipart: Calling on_header_end with no data
2025-07-28 00:13:42 [DEBUG] python_multipart.multipart: Calling on_header_field with data[20025:20037]
2025-07-28 00:13:42 [DEBUG] python_multipart.multipart: Calling on_header_value with data[20039:20049]
2025-07-28 00:13:42 [DEBUG] python_multipart.multipart: Calling on_header_end with no data
2025-07-28 00:13:42 [DEBUG] python_multipart.multipart: Calling on_headers_finished with no data
2025-07-28 00:13:42 [DEBUG] python_multipart.multipart: Calling on_part_data with data[20053:23215]
2025-07-28 00:13:42 [DEBUG] python_multipart.multipart: Calling on_part_end with no data
2025-07-28 00:13:42 [DEBUG] python_multipart.multipart: Calling on_part_begin with no data
2025-07-28 00:13:42 [DEBUG] python_multipart.multipart: Calling on_header_field with data[23259:23278]
2025-07-28 00:13:42 [DEBUG] python_multipart.multipart: Calling on_header_value with data[23280:23326]
2025-07-28 00:13:42 [DEBUG] python_multipart.multipart: Calling on_header_end with no data
2025-07-28 00:13:42 [DEBUG] python_multipart.multipart: Calling on_header_field with data[23328:23340]
2025-07-28 00:13:42 [DEBUG] python_multipart.multipart: Calling on_header_value with data[23342:23352]
2025-07-28 00:13:42 [DEBUG] python_multipart.multipart: Calling on_header_end with no data
2025-07-28 00:13:42 [DEBUG] python_multipart.multipart: Calling on_headers_finished with no data
2025-07-28 00:13:42 [DEBUG] python_multipart.multipart: Calling on_part_data with data[23356:26518]
2025-07-28 00:13:42 [DEBUG] python_multipart.multipart: Calling on_part_end with no data
2025-07-28 00:13:42 [DEBUG] python_multipart.multipart: Calling on_part_begin with no data
2025-07-28 00:13:42 [DEBUG] python_multipart.multipart: Calling on_header_field with data[26562:26581]
2025-07-28 00:13:42 [DEBUG] python_multipart.multipart: Calling on_header_value with data[26583:26629]
2025-07-28 00:13:42 [DEBUG] python_multipart.multipart: Calling on_header_end with no data
2025-07-28 00:13:42 [DEBUG] python_multipart.multipart: Calling on_header_field with data[26631:26643]
2025-07-28 00:13:42 [DEBUG] python_multipart.multipart: Calling on_header_value with data[26645:26655]
2025-07-28 00:13:42 [DEBUG] python_multipart.multipart: Calling on_header_end with no data
2025-07-28 00:13:42 [DEBUG] python_multipart.multipart: Calling on_headers_finished with no data
2025-07-28 00:13:42 [DEBUG] python_multipart.multipart: Calling on_part_data with data[26659:29821]
2025-07-28 00:13:42 [DEBUG] python_multipart.multipart: Calling on_part_end with no data
2025-07-28 00:13:42 [DEBUG] python_multipart.multipart: Calling on_part_begin with no data
2025-07-28 00:13:42 [DEBUG] python_multipart.multipart: Calling on_header_field with data[29865:29884]
2025-07-28 00:13:42 [DEBUG] python_multipart.multipart: Calling on_header_value with data[29886:29933]
2025-07-28 00:13:42 [DEBUG] python_multipart.multipart: Calling on_header_end with no data
2025-07-28 00:13:42 [DEBUG] python_multipart.multipart: Calling on_header_field with data[29935:29947]
2025-07-28 00:13:42 [DEBUG] python_multipart.multipart: Calling on_header_value with data[29949:29959]
2025-07-28 00:13:42 [DEBUG] python_multipart.multipart: Calling on_header_end with no data
2025-07-28 00:13:42 [DEBUG] python_multipart.multipart: Calling on_headers_finished with no data
2025-07-28 00:13:42 [DEBUG] python_multipart.multipart: Calling on_part_data with data[29963:33125]
2025-07-28 00:13:42 [DEBUG] python_multipart.multipart: Calling on_part_end with no data
2025-07-28 00:13:42 [DEBUG] python_multipart.multipart: Calling on_part_begin with no data
2025-07-28 00:13:42 [DEBUG] python_multipart.multipart: Calling on_header_field with data[33169:33188]
2025-07-28 00:13:42 [DEBUG] python_multipart.multipart: Calling on_header_value with data[33190:33237]
2025-07-28 00:13:42 [DEBUG] python_multipart.multipart: Calling on_header_end with no data
2025-07-28 00:13:42 [DEBUG] python_multipart.multipart: Calling on_header_field with data[33239:33251]
2025-07-28 00:13:42 [DEBUG] python_multipart.multipart: Calling on_header_value with data[33253:33263]
2025-07-28 00:13:42 [DEBUG] python_multipart.multipart: Calling on_header_end with no data
2025-07-28 00:13:42 [DEBUG] python_multipart.multipart: Calling on_headers_finished with no data
2025-07-28 00:13:42 [DEBUG] python_multipart.multipart: Calling on_part_data with data[33267:36429]
2025-07-28 00:13:42 [DEBUG] python_multipart.multipart: Calling on_part_end with no data
2025-07-28 00:13:42 [DEBUG] python_multipart.multipart: Calling on_part_begin with no data
2025-07-28 00:13:42 [DEBUG] python_multipart.multipart: Calling on_header_field with data[36473:36492]
2025-07-28 00:13:42 [DEBUG] python_multipart.multipart: Calling on_header_value with data[36494:36541]
2025-07-28 00:13:42 [DEBUG] python_multipart.multipart: Calling on_header_end with no data
2025-07-28 00:13:42 [DEBUG] python_multipart.multipart: Calling on_header_field with data[36543:36555]
2025-07-28 00:13:42 [DEBUG] python_multipart.multipart: Calling on_header_value with data[36557:36567]
2025-07-28 00:13:42 [DEBUG] python_multipart.multipart: Calling on_header_end with no data
2025-07-28 00:13:42 [DEBUG] python_multipart.multipart: Calling on_headers_finished with no data
2025-07-28 00:13:42 [DEBUG] python_multipart.multipart: Calling on_part_data with data[36571:39733]
2025-07-28 00:13:42 [DEBUG] python_multipart.multipart: Calling on_part_end with no data
2025-07-28 00:13:42 [DEBUG] python_multipart.multipart: Calling on_part_begin with no data
2025-07-28 00:13:42 [DEBUG] python_multipart.multipart: Calling on_header_field with data[39777:39796]
2025-07-28 00:13:42 [DEBUG] python_multipart.multipart: Calling on_header_value with data[39798:39845]
2025-07-28 00:13:42 [DEBUG] python_multipart.multipart: Calling on_header_end with no data
2025-07-28 00:13:42 [DEBUG] python_multipart.multipart: Calling on_header_field with data[39847:39859]
2025-07-28 00:13:42 [DEBUG] python_multipart.multipart: Calling on_header_value with data[39861:39871]
2025-07-28 00:13:42 [DEBUG] python_multipart.multipart: Calling on_header_end with no data
2025-07-28 00:13:42 [DEBUG] python_multipart.multipart: Calling on_headers_finished with no data
2025-07-28 00:13:42 [DEBUG] python_multipart.multipart: Calling on_part_data with data[39875:43037]
2025-07-28 00:13:42 [DEBUG] python_multipart.multipart: Calling on_part_end with no data
2025-07-28 00:13:42 [DEBUG] python_multipart.multipart: Calling on_part_begin with no data
2025-07-28 00:13:42 [DEBUG] python_multipart.multipart: Calling on_header_field with data[43081:43100]
2025-07-28 00:13:42 [DEBUG] python_multipart.multipart: Calling on_header_value with data[43102:43149]
2025-07-28 00:13:42 [DEBUG] python_multipart.multipart: Calling on_header_end with no data
2025-07-28 00:13:42 [DEBUG] python_multipart.multipart: Calling on_header_field with data[43151:43163]
2025-07-28 00:13:42 [DEBUG] python_multipart.multipart: Calling on_header_value with data[43165:43175]
2025-07-28 00:13:42 [DEBUG] python_multipart.multipart: Calling on_header_end with no data
2025-07-28 00:13:42 [DEBUG] python_multipart.multipart: Calling on_headers_finished with no data
2025-07-28 00:13:42 [DEBUG] python_multipart.multipart: Calling on_part_data with data[43179:46341]
2025-07-28 00:13:42 [DEBUG] python_multipart.multipart: Calling on_part_end with no data
2025-07-28 00:13:42 [DEBUG] python_multipart.multipart: Calling on_part_begin with no data
2025-07-28 00:13:42 [DEBUG] python_multipart.multipart: Calling on_header_field with data[46385:46404]
2025-07-28 00:13:42 [DEBUG] python_multipart.multipart: Calling on_header_value with data[46406:46453]
2025-07-28 00:13:42 [DEBUG] python_multipart.multipart: Calling on_header_end with no data
2025-07-28 00:13:42 [DEBUG] python_multipart.multipart: Calling on_header_field with data[46455:46467]
2025-07-28 00:13:42 [DEBUG] python_multipart.multipart: Calling on_header_value with data[46469:46479]
2025-07-28 00:13:42 [DEBUG] python_multipart.multipart: Calling on_header_end with no data
2025-07-28 00:13:42 [DEBUG] python_multipart.multipart: Calling on_headers_finished with no data
2025-07-28 00:13:42 [DEBUG] python_multipart.multipart: Calling on_part_data with data[46483:49645]
2025-07-28 00:13:42 [DEBUG] python_multipart.multipart: Calling on_part_end with no data
2025-07-28 00:13:42 [DEBUG] python_multipart.multipart: Calling on_part_begin with no data
2025-07-28 00:13:42 [DEBUG] python_multipart.multipart: Calling on_header_field with data[49689:49708]
2025-07-28 00:13:42 [DEBUG] python_multipart.multipart: Calling on_header_value with data[49710:49757]
2025-07-28 00:13:42 [DEBUG] python_multipart.multipart: Calling on_header_end with no data
2025-07-28 00:13:42 [DEBUG] python_multipart.multipart: Calling on_header_field with data[49759:49771]
2025-07-28 00:13:42 [DEBUG] python_multipart.multipart: Calling on_header_value with data[49773:49783]
2025-07-28 00:13:42 [DEBUG] python_multipart.multipart: Calling on_header_end with no data
2025-07-28 00:13:42 [DEBUG] python_multipart.multipart: Calling on_headers_finished with no data
2025-07-28 00:13:42 [DEBUG] python_multipart.multipart: Calling on_part_data with data[49787:52949]
2025-07-28 00:13:42 [DEBUG] python_multipart.multipart: Calling on_part_end with no data
2025-07-28 00:13:42 [DEBUG] python_multipart.multipart: Calling on_part_begin with no data
2025-07-28 00:13:42 [DEBUG] python_multipart.multipart: Calling on_header_field with data[52993:53012]
2025-07-28 00:13:42 [DEBUG] python_multipart.multipart: Calling on_header_value with data[53014:53061]
2025-07-28 00:13:42 [DEBUG] python_multipart.multipart: Calling on_header_end with no data
2025-07-28 00:13:42 [DEBUG] python_multipart.multipart: Calling on_header_field with data[53063:53075]
2025-07-28 00:13:42 [DEBUG] python_multipart.multipart: Calling on_header_value with data[53077:53087]
2025-07-28 00:13:42 [DEBUG] python_multipart.multipart: Calling on_header_end with no data
2025-07-28 00:13:42 [DEBUG] python_multipart.multipart: Calling on_headers_finished with no data
2025-07-28 00:13:42 [DEBUG] python_multipart.multipart: Calling on_part_data with data[53091:56253]
2025-07-28 00:13:42 [DEBUG] python_multipart.multipart: Calling on_part_end with no data
2025-07-28 00:13:42 [DEBUG] python_multipart.multipart: Calling on_part_begin with no data
2025-07-28 00:13:42 [DEBUG] python_multipart.multipart: Calling on_header_field with data[56297:56316]
2025-07-28 00:13:42 [DEBUG] python_multipart.multipart: Calling on_header_value with data[56318:56365]
2025-07-28 00:13:42 [DEBUG] python_multipart.multipart: Calling on_header_end with no data
2025-07-28 00:13:42 [DEBUG] python_multipart.multipart: Calling on_header_field with data[56367:56379]
2025-07-28 00:13:42 [DEBUG] python_multipart.multipart: Calling on_header_value with data[56381:56391]
2025-07-28 00:13:42 [DEBUG] python_multipart.multipart: Calling on_header_end with no data
2025-07-28 00:13:42 [DEBUG] python_multipart.multipart: Calling on_headers_finished with no data
2025-07-28 00:13:42 [DEBUG] python_multipart.multipart: Calling on_part_data with data[56395:59557]
2025-07-28 00:13:42 [DEBUG] python_multipart.multipart: Calling on_part_end with no data
2025-07-28 00:13:42 [DEBUG] python_multipart.multipart: Calling on_part_begin with no data
2025-07-28 00:13:42 [DEBUG] python_multipart.multipart: Calling on_header_field with data[59601:59620]
2025-07-28 00:13:42 [DEBUG] python_multipart.multipart: Calling on_header_value with data[59622:59669]
2025-07-28 00:13:42 [DEBUG] python_multipart.multipart: Calling on_header_end with no data
2025-07-28 00:13:42 [DEBUG] python_multipart.multipart: Calling on_header_field with data[59671:59683]
2025-07-28 00:13:42 [DEBUG] python_multipart.multipart: Calling on_header_value with data[59685:59695]
2025-07-28 00:13:42 [DEBUG] python_multipart.multipart: Calling on_header_end with no data
2025-07-28 00:13:42 [DEBUG] python_multipart.multipart: Calling on_headers_finished with no data
2025-07-28 00:13:42 [DEBUG] python_multipart.multipart: Calling on_part_data with data[59699:62861]
2025-07-28 00:13:42 [DEBUG] python_multipart.multipart: Calling on_part_end with no data
2025-07-28 00:13:42 [DEBUG] python_multipart.multipart: Calling on_part_begin with no data
2025-07-28 00:13:42 [DEBUG] python_multipart.multipart: Calling on_header_field with data[62905:62924]
2025-07-28 00:13:42 [DEBUG] python_multipart.multipart: Calling on_header_value with data[62926:62973]
2025-07-28 00:13:42 [DEBUG] python_multipart.multipart: Calling on_header_end with no data
2025-07-28 00:13:42 [DEBUG] python_multipart.multipart: Calling on_header_field with data[62975:62987]
2025-07-28 00:13:42 [DEBUG] python_multipart.multipart: Calling on_header_value with data[62989:62999]
2025-07-28 00:13:42 [DEBUG] python_multipart.multipart: Calling on_header_end with no data
2025-07-28 00:13:42 [DEBUG] python_multipart.multipart: Calling on_headers_finished with no data
2025-07-28 00:13:42 [DEBUG] python_multipart.multipart: Calling on_part_data with data[63003:66165]
2025-07-28 00:13:42 [DEBUG] python_multipart.multipart: Calling on_part_end with no data
2025-07-28 00:13:42 [DEBUG] python_multipart.multipart: Calling on_part_begin with no data
2025-07-28 00:13:42 [DEBUG] python_multipart.multipart: Calling on_header_field with data[66209:66228]
2025-07-28 00:13:42 [DEBUG] python_multipart.multipart: Calling on_header_value with data[66230:66277]
2025-07-28 00:13:42 [DEBUG] python_multipart.multipart: Calling on_header_end with no data
2025-07-28 00:13:42 [DEBUG] python_multipart.multipart: Calling on_header_field with data[66279:66291]
2025-07-28 00:13:42 [DEBUG] python_multipart.multipart: Calling on_header_value with data[66293:66303]
2025-07-28 00:13:42 [DEBUG] python_multipart.multipart: Calling on_header_end with no data
2025-07-28 00:13:42 [DEBUG] python_multipart.multipart: Calling on_headers_finished with no data
2025-07-28 00:13:42 [DEBUG] python_multipart.multipart: Calling on_part_data with data[66307:69469]
2025-07-28 00:13:42 [DEBUG] python_multipart.multipart: Calling on_part_end with no data
2025-07-28 00:13:42 [DEBUG] python_multipart.multipart: Calling on_part_begin with no data
2025-07-28 00:13:42 [DEBUG] python_multipart.multipart: Calling on_header_field with data[69513:69532]
2025-07-28 00:13:42 [DEBUG] python_multipart.multipart: Calling on_header_value with data[69534:69581]
2025-07-28 00:13:42 [DEBUG] python_multipart.multipart: Calling on_header_end with no data
2025-07-28 00:13:42 [DEBUG] python_multipart.multipart: Calling on_header_field with data[69583:69595]
2025-07-28 00:13:42 [DEBUG] python_multipart.multipart: Calling on_header_value with data[69597:69607]
2025-07-28 00:13:42 [DEBUG] python_multipart.multipart: Calling on_header_end with no data
2025-07-28 00:13:42 [DEBUG] python_multipart.multipart: Calling on_headers_finished with no data
2025-07-28 00:13:42 [DEBUG] python_multipart.multipart: Calling on_part_data with data[69611:72773]
2025-07-28 00:13:42 [DEBUG] python_multipart.multipart: Calling on_part_end with no data
2025-07-28 00:13:42 [DEBUG] python_multipart.multipart: Calling on_part_begin with no data
2025-07-28 00:13:42 [DEBUG] python_multipart.multipart: Calling on_header_field with data[72817:72836]
2025-07-28 00:13:42 [DEBUG] python_multipart.multipart: Calling on_header_value with data[72838:72885]
2025-07-28 00:13:42 [DEBUG] python_multipart.multipart: Calling on_header_end with no data
2025-07-28 00:13:42 [DEBUG] python_multipart.multipart: Calling on_header_field with data[72887:72899]
2025-07-28 00:13:42 [DEBUG] python_multipart.multipart: Calling on_header_value with data[72901:72911]
2025-07-28 00:13:42 [DEBUG] python_multipart.multipart: Calling on_header_end with no data
2025-07-28 00:13:42 [DEBUG] python_multipart.multipart: Calling on_headers_finished with no data
2025-07-28 00:13:42 [DEBUG] python_multipart.multipart: Calling on_part_data with data[72915:76077]
2025-07-28 00:13:42 [DEBUG] python_multipart.multipart: Calling on_part_end with no data
2025-07-28 00:13:42 [DEBUG] python_multipart.multipart: Calling on_part_begin with no data
2025-07-28 00:13:42 [DEBUG] python_multipart.multipart: Calling on_header_field with data[76121:76140]
2025-07-28 00:13:42 [DEBUG] python_multipart.multipart: Calling on_header_value with data[76142:76189]
2025-07-28 00:13:42 [DEBUG] python_multipart.multipart: Calling on_header_end with no data
2025-07-28 00:13:42 [DEBUG] python_multipart.multipart: Calling on_header_field with data[76191:76203]
2025-07-28 00:13:42 [DEBUG] python_multipart.multipart: Calling on_header_value with data[76205:76215]
2025-07-28 00:13:42 [DEBUG] python_multipart.multipart: Calling on_header_end with no data
2025-07-28 00:13:42 [DEBUG] python_multipart.multipart: Calling on_headers_finished with no data
2025-07-28 00:13:42 [DEBUG] python_multipart.multipart: Calling on_part_data with data[76219:79381]
2025-07-28 00:13:42 [DEBUG] python_multipart.multipart: Calling on_part_end with no data
2025-07-28 00:13:42 [DEBUG] python_multipart.multipart: Calling on_part_begin with no data
2025-07-28 00:13:42 [DEBUG] python_multipart.multipart: Calling on_header_field with data[79425:79444]
2025-07-28 00:13:42 [DEBUG] python_multipart.multipart: Calling on_header_value with data[79446:79493]
2025-07-28 00:13:42 [DEBUG] python_multipart.multipart: Calling on_header_end with no data
2025-07-28 00:13:42 [DEBUG] python_multipart.multipart: Calling on_header_field with data[79495:79507]
2025-07-28 00:13:42 [DEBUG] python_multipart.multipart: Calling on_header_value with data[79509:79519]
2025-07-28 00:13:42 [DEBUG] python_multipart.multipart: Calling on_header_end with no data
2025-07-28 00:13:42 [DEBUG] python_multipart.multipart: Calling on_headers_finished with no data
2025-07-28 00:13:42 [DEBUG] python_multipart.multipart: Calling on_part_data with data[79523:81920]
2025-07-28 00:13:42 [DEBUG] python_multipart.multipart: Calling on_part_data with data[0:765]
2025-07-28 00:13:42 [DEBUG] python_multipart.multipart: Calling on_part_end with no data
2025-07-28 00:13:42 [DEBUG] python_multipart.multipart: Calling on_part_begin with no data
2025-07-28 00:13:42 [DEBUG] python_multipart.multipart: Calling on_header_field with data[809:828]
2025-07-28 00:13:42 [DEBUG] python_multipart.multipart: Calling on_header_value with data[830:877]
2025-07-28 00:13:42 [DEBUG] python_multipart.multipart: Calling on_header_end with no data
2025-07-28 00:13:42 [DEBUG] python_multipart.multipart: Calling on_header_field with data[879:891]
2025-07-28 00:13:42 [DEBUG] python_multipart.multipart: Calling on_header_value with data[893:903]
2025-07-28 00:13:42 [DEBUG] python_multipart.multipart: Calling on_header_end with no data
2025-07-28 00:13:42 [DEBUG] python_multipart.multipart: Calling on_headers_finished with no data
2025-07-28 00:13:42 [DEBUG] python_multipart.multipart: Calling on_part_data with data[907:4069]
2025-07-28 00:13:42 [DEBUG] python_multipart.multipart: Calling on_part_end with no data
2025-07-28 00:13:42 [DEBUG] python_multipart.multipart: Calling on_part_begin with no data
2025-07-28 00:13:42 [DEBUG] python_multipart.multipart: Calling on_header_field with data[4113:4132]
2025-07-28 00:13:42 [DEBUG] python_multipart.multipart: Calling on_header_value with data[4134:4181]
2025-07-28 00:13:42 [DEBUG] python_multipart.multipart: Calling on_header_end with no data
2025-07-28 00:13:42 [DEBUG] python_multipart.multipart: Calling on_header_field with data[4183:4195]
2025-07-28 00:13:42 [DEBUG] python_multipart.multipart: Calling on_header_value with data[4197:4207]
2025-07-28 00:13:42 [DEBUG] python_multipart.multipart: Calling on_header_end with no data
2025-07-28 00:13:42 [DEBUG] python_multipart.multipart: Calling on_headers_finished with no data
2025-07-28 00:13:42 [DEBUG] python_multipart.multipart: Calling on_part_data with data[4211:7373]
2025-07-28 00:13:42 [DEBUG] python_multipart.multipart: Calling on_part_end with no data
2025-07-28 00:13:42 [DEBUG] python_multipart.multipart: Calling on_part_begin with no data
2025-07-28 00:13:42 [DEBUG] python_multipart.multipart: Calling on_header_field with data[7417:7436]
2025-07-28 00:13:42 [DEBUG] python_multipart.multipart: Calling on_header_value with data[7438:7485]
2025-07-28 00:13:42 [DEBUG] python_multipart.multipart: Calling on_header_end with no data
2025-07-28 00:13:42 [DEBUG] python_multipart.multipart: Calling on_header_field with data[7487:7499]
2025-07-28 00:13:42 [DEBUG] python_multipart.multipart: Calling on_header_value with data[7501:7511]
2025-07-28 00:13:42 [DEBUG] python_multipart.multipart: Calling on_header_end with no data
2025-07-28 00:13:42 [DEBUG] python_multipart.multipart: Calling on_headers_finished with no data
2025-07-28 00:13:42 [DEBUG] python_multipart.multipart: Calling on_part_data with data[7515:10677]
2025-07-28 00:13:42 [DEBUG] python_multipart.multipart: Calling on_part_end with no data
2025-07-28 00:13:42 [DEBUG] python_multipart.multipart: Calling on_part_begin with no data
2025-07-28 00:13:42 [DEBUG] python_multipart.multipart: Calling on_header_field with data[10721:10740]
2025-07-28 00:13:42 [DEBUG] python_multipart.multipart: Calling on_header_value with data[10742:10789]
2025-07-28 00:13:42 [DEBUG] python_multipart.multipart: Calling on_header_end with no data
2025-07-28 00:13:42 [DEBUG] python_multipart.multipart: Calling on_header_field with data[10791:10803]
2025-07-28 00:13:42 [DEBUG] python_multipart.multipart: Calling on_header_value with data[10805:10815]
2025-07-28 00:13:42 [DEBUG] python_multipart.multipart: Calling on_header_end with no data
2025-07-28 00:13:42 [DEBUG] python_multipart.multipart: Calling on_headers_finished with no data
2025-07-28 00:13:42 [DEBUG] python_multipart.multipart: Calling on_part_data with data[10819:13981]
2025-07-28 00:13:42 [DEBUG] python_multipart.multipart: Calling on_part_end with no data
2025-07-28 00:13:42 [DEBUG] python_multipart.multipart: Calling on_part_begin with no data
2025-07-28 00:13:42 [DEBUG] python_multipart.multipart: Calling on_header_field with data[14025:14044]
2025-07-28 00:13:42 [DEBUG] python_multipart.multipart: Calling on_header_value with data[14046:14093]
2025-07-28 00:13:42 [DEBUG] python_multipart.multipart: Calling on_header_end with no data
2025-07-28 00:13:42 [DEBUG] python_multipart.multipart: Calling on_header_field with data[14095:14107]
2025-07-28 00:13:42 [DEBUG] python_multipart.multipart: Calling on_header_value with data[14109:14119]
2025-07-28 00:13:42 [DEBUG] python_multipart.multipart: Calling on_header_end with no data
2025-07-28 00:13:42 [DEBUG] python_multipart.multipart: Calling on_headers_finished with no data
2025-07-28 00:13:42 [DEBUG] python_multipart.multipart: Calling on_part_data with data[14123:17285]
2025-07-28 00:13:42 [DEBUG] python_multipart.multipart: Calling on_part_end with no data
2025-07-28 00:13:42 [DEBUG] python_multipart.multipart: Calling on_part_begin with no data
2025-07-28 00:13:42 [DEBUG] python_multipart.multipart: Calling on_header_field with data[17329:17348]
2025-07-28 00:13:42 [DEBUG] python_multipart.multipart: Calling on_header_value with data[17350:17397]
2025-07-28 00:13:42 [DEBUG] python_multipart.multipart: Calling on_header_end with no data
2025-07-28 00:13:42 [DEBUG] python_multipart.multipart: Calling on_header_field with data[17399:17411]
2025-07-28 00:13:42 [DEBUG] python_multipart.multipart: Calling on_header_value with data[17413:17423]
2025-07-28 00:13:42 [DEBUG] python_multipart.multipart: Calling on_header_end with no data
2025-07-28 00:13:42 [DEBUG] python_multipart.multipart: Calling on_headers_finished with no data
2025-07-28 00:13:42 [DEBUG] python_multipart.multipart: Calling on_part_data with data[17427:20589]
2025-07-28 00:13:42 [DEBUG] python_multipart.multipart: Calling on_part_end with no data
2025-07-28 00:13:42 [DEBUG] python_multipart.multipart: Calling on_part_begin with no data
2025-07-28 00:13:42 [DEBUG] python_multipart.multipart: Calling on_header_field with data[20633:20652]
2025-07-28 00:13:42 [DEBUG] python_multipart.multipart: Calling on_header_value with data[20654:20701]
2025-07-28 00:13:42 [DEBUG] python_multipart.multipart: Calling on_header_end with no data
2025-07-28 00:13:42 [DEBUG] python_multipart.multipart: Calling on_header_field with data[20703:20715]
2025-07-28 00:13:42 [DEBUG] python_multipart.multipart: Calling on_header_value with data[20717:20727]
2025-07-28 00:13:42 [DEBUG] python_multipart.multipart: Calling on_header_end with no data
2025-07-28 00:13:42 [DEBUG] python_multipart.multipart: Calling on_headers_finished with no data
2025-07-28 00:13:42 [DEBUG] python_multipart.multipart: Calling on_part_data with data[20731:23893]
2025-07-28 00:13:42 [DEBUG] python_multipart.multipart: Calling on_part_end with no data
2025-07-28 00:13:42 [DEBUG] python_multipart.multipart: Calling on_part_begin with no data
2025-07-28 00:13:42 [DEBUG] python_multipart.multipart: Calling on_header_field with data[23937:23956]
2025-07-28 00:13:42 [DEBUG] python_multipart.multipart: Calling on_header_value with data[23958:24005]
2025-07-28 00:13:42 [DEBUG] python_multipart.multipart: Calling on_header_end with no data
2025-07-28 00:13:42 [DEBUG] python_multipart.multipart: Calling on_header_field with data[24007:24019]
2025-07-28 00:13:42 [DEBUG] python_multipart.multipart: Calling on_header_value with data[24021:24031]
2025-07-28 00:13:42 [DEBUG] python_multipart.multipart: Calling on_header_end with no data
2025-07-28 00:13:42 [DEBUG] python_multipart.multipart: Calling on_headers_finished with no data
2025-07-28 00:13:42 [DEBUG] python_multipart.multipart: Calling on_part_data with data[24035:27197]
2025-07-28 00:13:42 [DEBUG] python_multipart.multipart: Calling on_part_end with no data
2025-07-28 00:13:42 [DEBUG] python_multipart.multipart: Calling on_part_begin with no data
2025-07-28 00:13:42 [DEBUG] python_multipart.multipart: Calling on_header_field with data[27241:27260]
2025-07-28 00:13:42 [DEBUG] python_multipart.multipart: Calling on_header_value with data[27262:27309]
2025-07-28 00:13:42 [DEBUG] python_multipart.multipart: Calling on_header_end with no data
2025-07-28 00:13:42 [DEBUG] python_multipart.multipart: Calling on_header_field with data[27311:27323]
2025-07-28 00:13:42 [DEBUG] python_multipart.multipart: Calling on_header_value with data[27325:27335]
2025-07-28 00:13:42 [DEBUG] python_multipart.multipart: Calling on_header_end with no data
2025-07-28 00:13:42 [DEBUG] python_multipart.multipart: Calling on_headers_finished with no data
2025-07-28 00:13:42 [DEBUG] python_multipart.multipart: Calling on_part_data with data[27339:30501]
2025-07-28 00:13:42 [DEBUG] python_multipart.multipart: Calling on_part_end with no data
2025-07-28 00:13:42 [DEBUG] python_multipart.multipart: Calling on_part_begin with no data
2025-07-28 00:13:42 [DEBUG] python_multipart.multipart: Calling on_header_field with data[30545:30564]
2025-07-28 00:13:42 [DEBUG] python_multipart.multipart: Calling on_header_value with data[30566:30613]
2025-07-28 00:13:42 [DEBUG] python_multipart.multipart: Calling on_header_end with no data
2025-07-28 00:13:42 [DEBUG] python_multipart.multipart: Calling on_header_field with data[30615:30627]
2025-07-28 00:13:42 [DEBUG] python_multipart.multipart: Calling on_header_value with data[30629:30639]
2025-07-28 00:13:42 [DEBUG] python_multipart.multipart: Calling on_header_end with no data
2025-07-28 00:13:42 [DEBUG] python_multipart.multipart: Calling on_headers_finished with no data
2025-07-28 00:13:42 [DEBUG] python_multipart.multipart: Calling on_part_data with data[30643:33805]
2025-07-28 00:13:42 [DEBUG] python_multipart.multipart: Calling on_part_end with no data
2025-07-28 00:13:42 [DEBUG] python_multipart.multipart: Calling on_part_begin with no data
2025-07-28 00:13:42 [DEBUG] python_multipart.multipart: Calling on_header_field with data[33849:33868]
2025-07-28 00:13:42 [DEBUG] python_multipart.multipart: Calling on_header_value with data[33870:33917]
2025-07-28 00:13:42 [DEBUG] python_multipart.multipart: Calling on_header_end with no data
2025-07-28 00:13:42 [DEBUG] python_multipart.multipart: Calling on_header_field with data[33919:33931]
2025-07-28 00:13:42 [DEBUG] python_multipart.multipart: Calling on_header_value with data[33933:33943]
2025-07-28 00:13:42 [DEBUG] python_multipart.multipart: Calling on_header_end with no data
2025-07-28 00:13:42 [DEBUG] python_multipart.multipart: Calling on_headers_finished with no data
2025-07-28 00:13:42 [DEBUG] python_multipart.multipart: Calling on_part_data with data[33947:37109]
2025-07-28 00:13:42 [DEBUG] python_multipart.multipart: Calling on_part_end with no data
2025-07-28 00:13:42 [DEBUG] python_multipart.multipart: Calling on_part_begin with no data
2025-07-28 00:13:42 [DEBUG] python_multipart.multipart: Calling on_header_field with data[37153:37172]
2025-07-28 00:13:42 [DEBUG] python_multipart.multipart: Calling on_header_value with data[37174:37221]
2025-07-28 00:13:42 [DEBUG] python_multipart.multipart: Calling on_header_end with no data
2025-07-28 00:13:42 [DEBUG] python_multipart.multipart: Calling on_header_field with data[37223:37235]
2025-07-28 00:13:42 [DEBUG] python_multipart.multipart: Calling on_header_value with data[37237:37247]
2025-07-28 00:13:42 [DEBUG] python_multipart.multipart: Calling on_header_end with no data
2025-07-28 00:13:42 [DEBUG] python_multipart.multipart: Calling on_headers_finished with no data
2025-07-28 00:13:42 [DEBUG] python_multipart.multipart: Calling on_part_data with data[37251:40413]
2025-07-28 00:13:42 [DEBUG] python_multipart.multipart: Calling on_part_end with no data
2025-07-28 00:13:42 [DEBUG] python_multipart.multipart: Calling on_part_begin with no data
2025-07-28 00:13:42 [DEBUG] python_multipart.multipart: Calling on_header_field with data[40457:40476]
2025-07-28 00:13:42 [DEBUG] python_multipart.multipart: Calling on_header_value with data[40478:40525]
2025-07-28 00:13:42 [DEBUG] python_multipart.multipart: Calling on_header_end with no data
2025-07-28 00:13:42 [DEBUG] python_multipart.multipart: Calling on_header_field with data[40527:40539]
2025-07-28 00:13:42 [DEBUG] python_multipart.multipart: Calling on_header_value with data[40541:40551]
2025-07-28 00:13:42 [DEBUG] python_multipart.multipart: Calling on_header_end with no data
2025-07-28 00:13:42 [DEBUG] python_multipart.multipart: Calling on_headers_finished with no data
2025-07-28 00:13:42 [DEBUG] python_multipart.multipart: Calling on_part_data with data[40555:43717]
2025-07-28 00:13:42 [DEBUG] python_multipart.multipart: Calling on_part_end with no data
2025-07-28 00:13:42 [DEBUG] python_multipart.multipart: Calling on_part_begin with no data
2025-07-28 00:13:42 [DEBUG] python_multipart.multipart: Calling on_header_field with data[43761:43780]
2025-07-28 00:13:42 [DEBUG] python_multipart.multipart: Calling on_header_value with data[43782:43829]
2025-07-28 00:13:42 [DEBUG] python_multipart.multipart: Calling on_header_end with no data
2025-07-28 00:13:42 [DEBUG] python_multipart.multipart: Calling on_header_field with data[43831:43843]
2025-07-28 00:13:42 [DEBUG] python_multipart.multipart: Calling on_header_value with data[43845:43855]
2025-07-28 00:13:42 [DEBUG] python_multipart.multipart: Calling on_header_end with no data
2025-07-28 00:13:42 [DEBUG] python_multipart.multipart: Calling on_headers_finished with no data
2025-07-28 00:13:42 [DEBUG] python_multipart.multipart: Calling on_part_data with data[43859:47021]
2025-07-28 00:13:42 [DEBUG] python_multipart.multipart: Calling on_part_end with no data
2025-07-28 00:13:42 [DEBUG] python_multipart.multipart: Calling on_part_begin with no data
2025-07-28 00:13:42 [DEBUG] python_multipart.multipart: Calling on_header_field with data[47065:47084]
2025-07-28 00:13:42 [DEBUG] python_multipart.multipart: Calling on_header_value with data[47086:47133]
2025-07-28 00:13:42 [DEBUG] python_multipart.multipart: Calling on_header_end with no data
2025-07-28 00:13:42 [DEBUG] python_multipart.multipart: Calling on_header_field with data[47135:47147]
2025-07-28 00:13:42 [DEBUG] python_multipart.multipart: Calling on_header_value with data[47149:47159]
2025-07-28 00:13:42 [DEBUG] python_multipart.multipart: Calling on_header_end with no data
2025-07-28 00:13:42 [DEBUG] python_multipart.multipart: Calling on_headers_finished with no data
2025-07-28 00:13:42 [DEBUG] python_multipart.multipart: Calling on_part_data with data[47163:50325]
2025-07-28 00:13:42 [DEBUG] python_multipart.multipart: Calling on_part_end with no data
2025-07-28 00:13:42 [DEBUG] python_multipart.multipart: Calling on_part_begin with no data
2025-07-28 00:13:42 [DEBUG] python_multipart.multipart: Calling on_header_field with data[50369:50388]
2025-07-28 00:13:42 [DEBUG] python_multipart.multipart: Calling on_header_value with data[50390:50437]
2025-07-28 00:13:42 [DEBUG] python_multipart.multipart: Calling on_header_end with no data
2025-07-28 00:13:42 [DEBUG] python_multipart.multipart: Calling on_header_field with data[50439:50451]
2025-07-28 00:13:42 [DEBUG] python_multipart.multipart: Calling on_header_value with data[50453:50463]
2025-07-28 00:13:42 [DEBUG] python_multipart.multipart: Calling on_header_end with no data
2025-07-28 00:13:42 [DEBUG] python_multipart.multipart: Calling on_headers_finished with no data
2025-07-28 00:13:42 [DEBUG] python_multipart.multipart: Calling on_part_data with data[50467:53629]
2025-07-28 00:13:42 [DEBUG] python_multipart.multipart: Calling on_part_end with no data
2025-07-28 00:13:42 [DEBUG] python_multipart.multipart: Calling on_part_begin with no data
2025-07-28 00:13:42 [DEBUG] python_multipart.multipart: Calling on_header_field with data[53673:53692]
2025-07-28 00:13:42 [DEBUG] python_multipart.multipart: Calling on_header_value with data[53694:53741]
2025-07-28 00:13:42 [DEBUG] python_multipart.multipart: Calling on_header_end with no data
2025-07-28 00:13:42 [DEBUG] python_multipart.multipart: Calling on_header_field with data[53743:53755]
2025-07-28 00:13:42 [DEBUG] python_multipart.multipart: Calling on_header_value with data[53757:53767]
2025-07-28 00:13:42 [DEBUG] python_multipart.multipart: Calling on_header_end with no data
2025-07-28 00:13:42 [DEBUG] python_multipart.multipart: Calling on_headers_finished with no data
2025-07-28 00:13:42 [DEBUG] python_multipart.multipart: Calling on_part_data with data[53771:56933]
2025-07-28 00:13:42 [DEBUG] python_multipart.multipart: Calling on_part_end with no data
2025-07-28 00:13:42 [DEBUG] python_multipart.multipart: Calling on_part_begin with no data
2025-07-28 00:13:42 [DEBUG] python_multipart.multipart: Calling on_header_field with data[56977:56996]
2025-07-28 00:13:42 [DEBUG] python_multipart.multipart: Calling on_header_value with data[56998:57045]
2025-07-28 00:13:42 [DEBUG] python_multipart.multipart: Calling on_header_end with no data
2025-07-28 00:13:42 [DEBUG] python_multipart.multipart: Calling on_header_field with data[57047:57059]
2025-07-28 00:13:42 [DEBUG] python_multipart.multipart: Calling on_header_value with data[57061:57071]
2025-07-28 00:13:42 [DEBUG] python_multipart.multipart: Calling on_header_end with no data
2025-07-28 00:13:42 [DEBUG] python_multipart.multipart: Calling on_headers_finished with no data
2025-07-28 00:13:42 [DEBUG] python_multipart.multipart: Calling on_part_data with data[57075:60237]
2025-07-28 00:13:42 [DEBUG] python_multipart.multipart: Calling on_part_end with no data
2025-07-28 00:13:42 [DEBUG] python_multipart.multipart: Calling on_part_begin with no data
2025-07-28 00:13:42 [DEBUG] python_multipart.multipart: Calling on_header_field with data[60281:60300]
2025-07-28 00:13:42 [DEBUG] python_multipart.multipart: Calling on_header_value with data[60302:60349]
2025-07-28 00:13:42 [DEBUG] python_multipart.multipart: Calling on_header_end with no data
2025-07-28 00:13:42 [DEBUG] python_multipart.multipart: Calling on_header_field with data[60351:60363]
2025-07-28 00:13:42 [DEBUG] python_multipart.multipart: Calling on_header_value with data[60365:60375]
2025-07-28 00:13:42 [DEBUG] python_multipart.multipart: Calling on_header_end with no data
2025-07-28 00:13:42 [DEBUG] python_multipart.multipart: Calling on_headers_finished with no data
2025-07-28 00:13:42 [DEBUG] python_multipart.multipart: Calling on_part_data with data[60379:63541]
2025-07-28 00:13:42 [DEBUG] python_multipart.multipart: Calling on_part_end with no data
2025-07-28 00:13:42 [DEBUG] python_multipart.multipart: Calling on_part_begin with no data
2025-07-28 00:13:42 [DEBUG] python_multipart.multipart: Calling on_header_field with data[63585:63604]
2025-07-28 00:13:42 [DEBUG] python_multipart.multipart: Calling on_header_value with data[63606:63653]
2025-07-28 00:13:42 [DEBUG] python_multipart.multipart: Calling on_header_end with no data
2025-07-28 00:13:42 [DEBUG] python_multipart.multipart: Calling on_header_field with data[63655:63667]
2025-07-28 00:13:42 [DEBUG] python_multipart.multipart: Calling on_header_value with data[63669:63679]
2025-07-28 00:13:42 [DEBUG] python_multipart.multipart: Calling on_header_end with no data
2025-07-28 00:13:42 [DEBUG] python_multipart.multipart: Calling on_headers_finished with no data
2025-07-28 00:13:42 [DEBUG] python_multipart.multipart: Calling on_part_data with data[63683:66845]
2025-07-28 00:13:42 [DEBUG] python_multipart.multipart: Calling on_part_end with no data
2025-07-28 00:13:42 [DEBUG] python_multipart.multipart: Calling on_part_begin with no data
2025-07-28 00:13:42 [DEBUG] python_multipart.multipart: Calling on_header_field with data[66889:66908]
2025-07-28 00:13:42 [DEBUG] python_multipart.multipart: Calling on_header_value with data[66910:66957]
2025-07-28 00:13:42 [DEBUG] python_multipart.multipart: Calling on_header_end with no data
2025-07-28 00:13:42 [DEBUG] python_multipart.multipart: Calling on_header_field with data[66959:66971]
2025-07-28 00:13:42 [DEBUG] python_multipart.multipart: Calling on_header_value with data[66973:66983]
2025-07-28 00:13:42 [DEBUG] python_multipart.multipart: Calling on_header_end with no data
2025-07-28 00:13:42 [DEBUG] python_multipart.multipart: Calling on_headers_finished with no data
2025-07-28 00:13:42 [DEBUG] python_multipart.multipart: Calling on_part_data with data[66987:70149]
2025-07-28 00:13:42 [DEBUG] python_multipart.multipart: Calling on_part_end with no data
2025-07-28 00:13:42 [DEBUG] python_multipart.multipart: Calling on_part_begin with no data
2025-07-28 00:13:42 [DEBUG] python_multipart.multipart: Calling on_header_field with data[70193:70212]
2025-07-28 00:13:42 [DEBUG] python_multipart.multipart: Calling on_header_value with data[70214:70261]
2025-07-28 00:13:42 [DEBUG] python_multipart.multipart: Calling on_header_end with no data
2025-07-28 00:13:42 [DEBUG] python_multipart.multipart: Calling on_header_field with data[70263:70275]
2025-07-28 00:13:42 [DEBUG] python_multipart.multipart: Calling on_header_value with data[70277:70287]
2025-07-28 00:13:42 [DEBUG] python_multipart.multipart: Calling on_header_end with no data
2025-07-28 00:13:42 [DEBUG] python_multipart.multipart: Calling on_headers_finished with no data
2025-07-28 00:13:42 [DEBUG] python_multipart.multipart: Calling on_part_data with data[70291:73453]
2025-07-28 00:13:42 [DEBUG] python_multipart.multipart: Calling on_part_end with no data
2025-07-28 00:13:42 [DEBUG] python_multipart.multipart: Calling on_part_begin with no data
2025-07-28 00:13:42 [DEBUG] python_multipart.multipart: Calling on_header_field with data[73497:73516]
2025-07-28 00:13:42 [DEBUG] python_multipart.multipart: Calling on_header_value with data[73518:73565]
2025-07-28 00:13:42 [DEBUG] python_multipart.multipart: Calling on_header_end with no data
2025-07-28 00:13:42 [DEBUG] python_multipart.multipart: Calling on_header_field with data[73567:73579]
2025-07-28 00:13:42 [DEBUG] python_multipart.multipart: Calling on_header_value with data[73581:73591]
2025-07-28 00:13:42 [DEBUG] python_multipart.multipart: Calling on_header_end with no data
2025-07-28 00:13:42 [DEBUG] python_multipart.multipart: Calling on_headers_finished with no data
2025-07-28 00:13:42 [DEBUG] python_multipart.multipart: Calling on_part_data with data[73595:76757]
2025-07-28 00:13:42 [DEBUG] python_multipart.multipart: Calling on_part_end with no data
2025-07-28 00:13:42 [DEBUG] python_multipart.multipart: Calling on_part_begin with no data
2025-07-28 00:13:42 [DEBUG] python_multipart.multipart: Calling on_header_field with data[76801:76820]
2025-07-28 00:13:42 [DEBUG] python_multipart.multipart: Calling on_header_value with data[76822:76869]
2025-07-28 00:13:42 [DEBUG] python_multipart.multipart: Calling on_header_end with no data
2025-07-28 00:13:42 [DEBUG] python_multipart.multipart: Calling on_header_field with data[76871:76883]
2025-07-28 00:13:42 [DEBUG] python_multipart.multipart: Calling on_header_value with data[76885:76895]
2025-07-28 00:13:42 [DEBUG] python_multipart.multipart: Calling on_header_end with no data
2025-07-28 00:13:42 [DEBUG] python_multipart.multipart: Calling on_headers_finished with no data
2025-07-28 00:13:42 [DEBUG] python_multipart.multipart: Calling on_part_data with data[76899:80061]
2025-07-28 00:13:42 [DEBUG] python_multipart.multipart: Calling on_part_end with no data
2025-07-28 00:13:42 [DEBUG] python_multipart.multipart: Calling on_part_begin with no data
2025-07-28 00:13:42 [DEBUG] python_multipart.multipart: Calling on_header_field with data[80105:80124]
2025-07-28 00:13:42 [DEBUG] python_multipart.multipart: Calling on_header_value with data[80126:80173]
2025-07-28 00:13:42 [DEBUG] python_multipart.multipart: Calling on_header_end with no data
2025-07-28 00:13:42 [DEBUG] python_multipart.multipart: Calling on_header_field with data[80175:80187]
2025-07-28 00:13:42 [DEBUG] python_multipart.multipart: Calling on_header_value with data[80189:80199]
2025-07-28 00:13:42 [DEBUG] python_multipart.multipart: Calling on_header_end with no data
2025-07-28 00:13:42 [DEBUG] python_multipart.multipart: Calling on_headers_finished with no data
2025-07-28 00:13:42 [DEBUG] python_multipart.multipart: Calling on_part_data with data[80203:83365]
2025-07-28 00:13:42 [DEBUG] python_multipart.multipart: Calling on_part_end with no data
2025-07-28 00:13:42 [DEBUG] python_multipart.multipart: Calling on_end with no data
2025-07-28 00:13:42 [INFO] face-presence-api: Registering user: 44
2025-07-28 00:13:43 [INFO] watchfiles.main: 1 change detected
2025-07-28 00:13:43 [DEBUG] face-presence-api: 🧹 Memory cleared with garbage collector.
2025-07-28 00:13:43 [INFO] face-presence-api: 📁 10 test image berhasil disimpan untuk user 44 di F:\Kuliah\Skripsi\praktisi-face-presence-api\src\storage\test_images\44
2025-07-28 00:13:43 [INFO] watchfiles.main: 9 changes detected
2025-07-28 00:13:43 [DEBUG] face-presence-api: 🧹 Memory cleared with garbage collector.
2025-07-28 00:13:43 [INFO] face-presence-api: Processing batch 1/8
2025-07-28 00:13:43 [INFO] face-presence-api: Processing batch 2/8
2025-07-28 00:13:44 [INFO] face-presence-api: Processing batch 3/8
2025-07-28 00:13:44 [INFO] face-presence-api: Processing batch 4/8
2025-07-28 00:13:45 [INFO] face-presence-api: Processing batch 5/8
2025-07-28 00:13:45 [INFO] face-presence-api: Processing batch 6/8
2025-07-28 00:13:46 [INFO] face-presence-api: Processing batch 7/8
2025-07-28 00:13:46 [INFO] face-presence-api: Processing batch 8/8
2025-07-28 00:13:46 [INFO] face-presence-api: Finished processing 40 valid embeddings from 40 images
2025-07-28 00:13:46 [INFO] face-presence-api: Validasi berhasil: 40 embeddings valid
2025-07-28 00:13:46 [INFO] face-presence-api: Validasi berhasil: 40 embeddings valid
2025-07-28 00:13:46 [INFO] face-presence-api: Embedding berhasil disimpan untuk user 44 di F:\Kuliah\Skripsi\praktisi-face-presence-api\src\storage\embeddings\44.pkl
2025-07-28 00:13:46 [INFO] face-presence-api: Embeddings saved successfully for user 44, starting evaluation.
2025-07-28 00:13:46 [INFO] face-presence-api: Evaluating ...
2025-07-28 00:13:47 [INFO] watchfiles.main: 1 change detected
2025-07-28 00:13:47 [INFO] face-presence-api: Evaluating batch 1/4
2025-07-28 00:13:47 [INFO] face-presence-api: Evaluating batch 2/4
2025-07-28 00:13:47 [INFO] face-presence-api: Evaluating batch 3/4
2025-07-28 00:13:48 [INFO] face-presence-api: Evaluating batch 4/4
2025-07-28 00:13:48 [INFO] face-presence-api: Face registration successful for user 44.
2025-07-28 00:13:49 [INFO] face-presence-api: [BatchLogger] Flushing 1 registrations...
2025-07-28 00:13:50 [DEBUG] urllib3.connectionpool: https://sheets.googleapis.com:443 "GET /v4/spreadsheets/1hjXERVEURCeKXeCw8TUbrkjF25_GVmORN0JgjZuu058?includeGridData=false HTTP/1.1" 200 None
2025-07-28 00:13:50 [DEBUG] urllib3.connectionpool: https://sheets.googleapis.com:443 "GET /v4/spreadsheets/1hjXERVEURCeKXeCw8TUbrkjF25_GVmORN0JgjZuu058/values/%27Registration%27 HTTP/1.1" 200 None
2025-07-28 00:13:51 [DEBUG] urllib3.connectionpool: https://sheets.googleapis.com:443 "GET /v4/spreadsheets/1hjXERVEURCeKXeCw8TUbrkjF25_GVmORN0JgjZuu058/values/%27Registration%27 HTTP/1.1" 200 None
2025-07-28 00:13:51 [DEBUG] urllib3.connectionpool: https://sheets.googleapis.com:443 "POST /v4/spreadsheets/1hjXERVEURCeKXeCw8TUbrkjF25_GVmORN0JgjZuu058/values:batchUpdate HTTP/1.1" 200 None
2025-07-28 00:13:51 [INFO] face-presence-api: [BatchLogger] Updated 1 registration rows
2025-07-28 00:13:51 [DEBUG] face-presence-api: [BatchLogger] No durations, skip flush
2025-07-28 00:14:00 [DEBUG] python_multipart.multipart: Calling on_part_begin with no data
2025-07-28 00:14:00 [DEBUG] python_multipart.multipart: Calling on_header_field with data[42:61]
2025-07-28 00:14:00 [DEBUG] python_multipart.multipart: Calling on_header_value with data[63:88]
2025-07-28 00:14:00 [DEBUG] python_multipart.multipart: Calling on_header_end with no data
2025-07-28 00:14:00 [DEBUG] python_multipart.multipart: Calling on_headers_finished with no data
2025-07-28 00:14:00 [DEBUG] python_multipart.multipart: Calling on_part_data with data[92:94]
2025-07-28 00:14:00 [DEBUG] python_multipart.multipart: Calling on_part_end with no data
2025-07-28 00:14:00 [DEBUG] python_multipart.multipart: Calling on_end with no data
2025-07-28 00:14:00 [INFO] face-presence-api: Checking status for user: 44
2025-07-28 00:14:00 [INFO] face-presence-api: User 44 is already registered.
2025-07-28 00:14:01 [DEBUG] face-presence-api: [BatchLogger] No durations, skip flush
2025-07-28 00:14:04 [DEBUG] face-presence-api: [BatchLogger] No verifications, skip flush
2025-07-28 00:14:11 [DEBUG] python_multipart.multipart: Calling on_part_begin with no data
2025-07-28 00:14:11 [DEBUG] python_multipart.multipart: Calling on_header_field with data[42:61]
2025-07-28 00:14:11 [DEBUG] python_multipart.multipart: Calling on_header_value with data[63:88]
2025-07-28 00:14:11 [DEBUG] python_multipart.multipart: Calling on_header_end with no data
2025-07-28 00:14:11 [DEBUG] python_multipart.multipart: Calling on_headers_finished with no data
2025-07-28 00:14:11 [DEBUG] python_multipart.multipart: Calling on_part_data with data[92:94]
2025-07-28 00:14:11 [DEBUG] python_multipart.multipart: Calling on_part_end with no data
2025-07-28 00:14:11 [DEBUG] python_multipart.multipart: Calling on_end with no data
2025-07-28 00:14:11 [INFO] face-presence-api: Checking status for user: 44
2025-07-28 00:14:11 [INFO] face-presence-api: User 44 is already registered.
2025-07-28 00:14:11 [DEBUG] face-presence-api: [BatchLogger] No durations, skip flush
2025-07-28 00:14:14 [DEBUG] python_multipart.multipart: Calling on_part_begin with no data
2025-07-28 00:14:14 [DEBUG] python_multipart.multipart: Calling on_header_field with data[42:61]
2025-07-28 00:14:14 [DEBUG] python_multipart.multipart: Calling on_header_value with data[63:88]
2025-07-28 00:14:14 [DEBUG] python_multipart.multipart: Calling on_header_end with no data
2025-07-28 00:14:14 [DEBUG] python_multipart.multipart: Calling on_headers_finished with no data
2025-07-28 00:14:14 [DEBUG] python_multipart.multipart: Calling on_part_data with data[92:94]
2025-07-28 00:14:14 [DEBUG] python_multipart.multipart: Calling on_part_end with no data
2025-07-28 00:14:14 [DEBUG] python_multipart.multipart: Calling on_end with no data
2025-07-28 00:14:14 [INFO] face-presence-api: Checking status for user: 44
2025-07-28 00:14:14 [INFO] face-presence-api: User 44 is already registered.
2025-07-28 00:14:21 [DEBUG] face-presence-api: [BatchLogger] No registrations, skip flush
2025-07-28 00:14:21 [DEBUG] face-presence-api: [BatchLogger] No durations, skip flush
2025-07-28 00:14:30 [DEBUG] python_multipart.multipart: Calling on_part_begin with no data
2025-07-28 00:14:30 [DEBUG] python_multipart.multipart: Calling on_header_field with data[42:61]
2025-07-28 00:14:30 [DEBUG] python_multipart.multipart: Calling on_header_value with data[63:88]
2025-07-28 00:14:30 [DEBUG] python_multipart.multipart: Calling on_header_end with no data
2025-07-28 00:14:30 [DEBUG] python_multipart.multipart: Calling on_headers_finished with no data
2025-07-28 00:14:30 [DEBUG] python_multipart.multipart: Calling on_part_data with data[92:94]
2025-07-28 00:14:30 [DEBUG] python_multipart.multipart: Calling on_part_end with no data
2025-07-28 00:14:30 [DEBUG] python_multipart.multipart: Calling on_part_begin with no data
2025-07-28 00:14:30 [DEBUG] python_multipart.multipart: Calling on_header_field with data[138:157]
2025-07-28 00:14:30 [DEBUG] python_multipart.multipart: Calling on_header_value with data[159:205]
2025-07-28 00:14:30 [DEBUG] python_multipart.multipart: Calling on_header_end with no data
2025-07-28 00:14:30 [DEBUG] python_multipart.multipart: Calling on_header_field with data[207:219]
2025-07-28 00:14:30 [DEBUG] python_multipart.multipart: Calling on_header_value with data[221:231]
2025-07-28 00:14:30 [DEBUG] python_multipart.multipart: Calling on_header_end with no data
2025-07-28 00:14:30 [DEBUG] python_multipart.multipart: Calling on_headers_finished with no data
2025-07-28 00:14:30 [DEBUG] python_multipart.multipart: Calling on_part_data with data[235:3397]
2025-07-28 00:14:30 [DEBUG] python_multipart.multipart: Calling on_part_end with no data
2025-07-28 00:14:30 [DEBUG] python_multipart.multipart: Calling on_part_begin with no data
2025-07-28 00:14:30 [DEBUG] python_multipart.multipart: Calling on_header_field with data[3441:3460]
2025-07-28 00:14:30 [DEBUG] python_multipart.multipart: Calling on_header_value with data[3462:3508]
2025-07-28 00:14:30 [DEBUG] python_multipart.multipart: Calling on_header_end with no data
2025-07-28 00:14:30 [DEBUG] python_multipart.multipart: Calling on_header_field with data[3510:3522]
2025-07-28 00:14:30 [DEBUG] python_multipart.multipart: Calling on_header_value with data[3524:3534]
2025-07-28 00:14:30 [DEBUG] python_multipart.multipart: Calling on_header_end with no data
2025-07-28 00:14:30 [DEBUG] python_multipart.multipart: Calling on_headers_finished with no data
2025-07-28 00:14:30 [DEBUG] python_multipart.multipart: Calling on_part_data with data[3538:6700]
2025-07-28 00:14:30 [DEBUG] python_multipart.multipart: Calling on_part_end with no data
2025-07-28 00:14:30 [DEBUG] python_multipart.multipart: Calling on_part_begin with no data
2025-07-28 00:14:30 [DEBUG] python_multipart.multipart: Calling on_header_field with data[6744:6763]
2025-07-28 00:14:30 [DEBUG] python_multipart.multipart: Calling on_header_value with data[6765:6811]
2025-07-28 00:14:30 [DEBUG] python_multipart.multipart: Calling on_header_end with no data
2025-07-28 00:14:30 [DEBUG] python_multipart.multipart: Calling on_header_field with data[6813:6825]
2025-07-28 00:14:30 [DEBUG] python_multipart.multipart: Calling on_header_value with data[6827:6837]
2025-07-28 00:14:30 [DEBUG] python_multipart.multipart: Calling on_header_end with no data
2025-07-28 00:14:30 [DEBUG] python_multipart.multipart: Calling on_headers_finished with no data
2025-07-28 00:14:30 [DEBUG] python_multipart.multipart: Calling on_part_data with data[6841:10003]
2025-07-28 00:14:30 [DEBUG] python_multipart.multipart: Calling on_part_end with no data
2025-07-28 00:14:30 [DEBUG] python_multipart.multipart: Calling on_part_begin with no data
2025-07-28 00:14:30 [DEBUG] python_multipart.multipart: Calling on_header_field with data[10047:10066]
2025-07-28 00:14:30 [DEBUG] python_multipart.multipart: Calling on_header_value with data[10068:10114]
2025-07-28 00:14:30 [DEBUG] python_multipart.multipart: Calling on_header_end with no data
2025-07-28 00:14:30 [DEBUG] python_multipart.multipart: Calling on_header_field with data[10116:10128]
2025-07-28 00:14:30 [DEBUG] python_multipart.multipart: Calling on_header_value with data[10130:10140]
2025-07-28 00:14:30 [DEBUG] python_multipart.multipart: Calling on_header_end with no data
2025-07-28 00:14:30 [DEBUG] python_multipart.multipart: Calling on_headers_finished with no data
2025-07-28 00:14:30 [DEBUG] python_multipart.multipart: Calling on_part_data with data[10144:13306]
2025-07-28 00:14:30 [DEBUG] python_multipart.multipart: Calling on_part_end with no data
2025-07-28 00:14:30 [DEBUG] python_multipart.multipart: Calling on_part_begin with no data
2025-07-28 00:14:30 [DEBUG] python_multipart.multipart: Calling on_header_field with data[13350:13369]
2025-07-28 00:14:30 [DEBUG] python_multipart.multipart: Calling on_header_value with data[13371:13417]
2025-07-28 00:14:30 [DEBUG] python_multipart.multipart: Calling on_header_end with no data
2025-07-28 00:14:30 [DEBUG] python_multipart.multipart: Calling on_header_field with data[13419:13431]
2025-07-28 00:14:30 [DEBUG] python_multipart.multipart: Calling on_header_value with data[13433:13443]
2025-07-28 00:14:30 [DEBUG] python_multipart.multipart: Calling on_header_end with no data
2025-07-28 00:14:30 [DEBUG] python_multipart.multipart: Calling on_headers_finished with no data
2025-07-28 00:14:30 [DEBUG] python_multipart.multipart: Calling on_part_data with data[13447:16609]
2025-07-28 00:14:30 [DEBUG] python_multipart.multipart: Calling on_part_end with no data
2025-07-28 00:14:30 [DEBUG] python_multipart.multipart: Calling on_part_begin with no data
2025-07-28 00:14:30 [DEBUG] python_multipart.multipart: Calling on_header_field with data[16653:16672]
2025-07-28 00:14:30 [DEBUG] python_multipart.multipart: Calling on_header_value with data[16674:16720]
2025-07-28 00:14:30 [DEBUG] python_multipart.multipart: Calling on_header_end with no data
2025-07-28 00:14:30 [DEBUG] python_multipart.multipart: Calling on_header_field with data[16722:16734]
2025-07-28 00:14:30 [DEBUG] python_multipart.multipart: Calling on_header_value with data[16736:16746]
2025-07-28 00:14:30 [DEBUG] python_multipart.multipart: Calling on_header_end with no data
2025-07-28 00:14:30 [DEBUG] python_multipart.multipart: Calling on_headers_finished with no data
2025-07-28 00:14:30 [DEBUG] python_multipart.multipart: Calling on_part_data with data[16750:19912]
2025-07-28 00:14:30 [DEBUG] python_multipart.multipart: Calling on_part_end with no data
2025-07-28 00:14:30 [DEBUG] python_multipart.multipart: Calling on_part_begin with no data
2025-07-28 00:14:30 [DEBUG] python_multipart.multipart: Calling on_header_field with data[19956:19975]
2025-07-28 00:14:30 [DEBUG] python_multipart.multipart: Calling on_header_value with data[19977:20023]
2025-07-28 00:14:30 [DEBUG] python_multipart.multipart: Calling on_header_end with no data
2025-07-28 00:14:30 [DEBUG] python_multipart.multipart: Calling on_header_field with data[20025:20037]
2025-07-28 00:14:30 [DEBUG] python_multipart.multipart: Calling on_header_value with data[20039:20049]
2025-07-28 00:14:30 [DEBUG] python_multipart.multipart: Calling on_header_end with no data
2025-07-28 00:14:30 [DEBUG] python_multipart.multipart: Calling on_headers_finished with no data
2025-07-28 00:14:30 [DEBUG] python_multipart.multipart: Calling on_part_data with data[20053:23215]
2025-07-28 00:14:30 [DEBUG] python_multipart.multipart: Calling on_part_end with no data
2025-07-28 00:14:30 [DEBUG] python_multipart.multipart: Calling on_part_begin with no data
2025-07-28 00:14:30 [DEBUG] python_multipart.multipart: Calling on_header_field with data[23259:23278]
2025-07-28 00:14:30 [DEBUG] python_multipart.multipart: Calling on_header_value with data[23280:23326]
2025-07-28 00:14:30 [DEBUG] python_multipart.multipart: Calling on_header_end with no data
2025-07-28 00:14:30 [DEBUG] python_multipart.multipart: Calling on_header_field with data[23328:23340]
2025-07-28 00:14:30 [DEBUG] python_multipart.multipart: Calling on_header_value with data[23342:23352]
2025-07-28 00:14:30 [DEBUG] python_multipart.multipart: Calling on_header_end with no data
2025-07-28 00:14:30 [DEBUG] python_multipart.multipart: Calling on_headers_finished with no data
2025-07-28 00:14:30 [DEBUG] python_multipart.multipart: Calling on_part_data with data[23356:26518]
2025-07-28 00:14:30 [DEBUG] python_multipart.multipart: Calling on_part_end with no data
2025-07-28 00:14:30 [DEBUG] python_multipart.multipart: Calling on_part_begin with no data
2025-07-28 00:14:30 [DEBUG] python_multipart.multipart: Calling on_header_field with data[26562:26581]
2025-07-28 00:14:30 [DEBUG] python_multipart.multipart: Calling on_header_value with data[26583:26629]
2025-07-28 00:14:30 [DEBUG] python_multipart.multipart: Calling on_header_end with no data
2025-07-28 00:14:30 [DEBUG] python_multipart.multipart: Calling on_header_field with data[26631:26643]
2025-07-28 00:14:30 [DEBUG] python_multipart.multipart: Calling on_header_value with data[26645:26655]
2025-07-28 00:14:30 [DEBUG] python_multipart.multipart: Calling on_header_end with no data
2025-07-28 00:14:30 [DEBUG] python_multipart.multipart: Calling on_headers_finished with no data
2025-07-28 00:14:30 [DEBUG] python_multipart.multipart: Calling on_part_data with data[26659:29821]
2025-07-28 00:14:30 [DEBUG] python_multipart.multipart: Calling on_part_end with no data
2025-07-28 00:14:30 [DEBUG] python_multipart.multipart: Calling on_part_begin with no data
2025-07-28 00:14:30 [DEBUG] python_multipart.multipart: Calling on_header_field with data[29865:29884]
2025-07-28 00:14:30 [DEBUG] python_multipart.multipart: Calling on_header_value with data[29886:29933]
2025-07-28 00:14:30 [DEBUG] python_multipart.multipart: Calling on_header_end with no data
2025-07-28 00:14:30 [DEBUG] python_multipart.multipart: Calling on_header_field with data[29935:29947]
2025-07-28 00:14:30 [DEBUG] python_multipart.multipart: Calling on_header_value with data[29949:29959]
2025-07-28 00:14:30 [DEBUG] python_multipart.multipart: Calling on_header_end with no data
2025-07-28 00:14:30 [DEBUG] python_multipart.multipart: Calling on_headers_finished with no data
2025-07-28 00:14:30 [DEBUG] python_multipart.multipart: Calling on_part_data with data[29963:33125]
2025-07-28 00:14:30 [DEBUG] python_multipart.multipart: Calling on_part_end with no data
2025-07-28 00:14:30 [DEBUG] python_multipart.multipart: Calling on_part_begin with no data
2025-07-28 00:14:30 [DEBUG] python_multipart.multipart: Calling on_header_field with data[33169:33188]
2025-07-28 00:14:30 [DEBUG] python_multipart.multipart: Calling on_header_value with data[33190:33237]
2025-07-28 00:14:30 [DEBUG] python_multipart.multipart: Calling on_header_end with no data
2025-07-28 00:14:30 [DEBUG] python_multipart.multipart: Calling on_header_field with data[33239:33251]
2025-07-28 00:14:30 [DEBUG] python_multipart.multipart: Calling on_header_value with data[33253:33263]
2025-07-28 00:14:30 [DEBUG] python_multipart.multipart: Calling on_header_end with no data
2025-07-28 00:14:30 [DEBUG] python_multipart.multipart: Calling on_headers_finished with no data
2025-07-28 00:14:30 [DEBUG] python_multipart.multipart: Calling on_part_data with data[33267:36429]
2025-07-28 00:14:30 [DEBUG] python_multipart.multipart: Calling on_part_end with no data
2025-07-28 00:14:30 [DEBUG] python_multipart.multipart: Calling on_part_begin with no data
2025-07-28 00:14:30 [DEBUG] python_multipart.multipart: Calling on_header_field with data[36473:36492]
2025-07-28 00:14:30 [DEBUG] python_multipart.multipart: Calling on_header_value with data[36494:36541]
2025-07-28 00:14:30 [DEBUG] python_multipart.multipart: Calling on_header_end with no data
2025-07-28 00:14:30 [DEBUG] python_multipart.multipart: Calling on_header_field with data[36543:36555]
2025-07-28 00:14:30 [DEBUG] python_multipart.multipart: Calling on_header_value with data[36557:36567]
2025-07-28 00:14:30 [DEBUG] python_multipart.multipart: Calling on_header_end with no data
2025-07-28 00:14:30 [DEBUG] python_multipart.multipart: Calling on_headers_finished with no data
2025-07-28 00:14:30 [DEBUG] python_multipart.multipart: Calling on_part_data with data[36571:39733]
2025-07-28 00:14:30 [DEBUG] python_multipart.multipart: Calling on_part_end with no data
2025-07-28 00:14:30 [DEBUG] python_multipart.multipart: Calling on_part_begin with no data
2025-07-28 00:14:30 [DEBUG] python_multipart.multipart: Calling on_header_field with data[39777:39796]
2025-07-28 00:14:30 [DEBUG] python_multipart.multipart: Calling on_header_value with data[39798:39845]
2025-07-28 00:14:30 [DEBUG] python_multipart.multipart: Calling on_header_end with no data
2025-07-28 00:14:30 [DEBUG] python_multipart.multipart: Calling on_header_field with data[39847:39859]
2025-07-28 00:14:30 [DEBUG] python_multipart.multipart: Calling on_header_value with data[39861:39871]
2025-07-28 00:14:30 [DEBUG] python_multipart.multipart: Calling on_header_end with no data
2025-07-28 00:14:30 [DEBUG] python_multipart.multipart: Calling on_headers_finished with no data
2025-07-28 00:14:30 [DEBUG] python_multipart.multipart: Calling on_part_data with data[39875:43037]
2025-07-28 00:14:30 [DEBUG] python_multipart.multipart: Calling on_part_end with no data
2025-07-28 00:14:30 [DEBUG] python_multipart.multipart: Calling on_part_begin with no data
2025-07-28 00:14:30 [DEBUG] python_multipart.multipart: Calling on_header_field with data[43081:43100]
2025-07-28 00:14:30 [DEBUG] python_multipart.multipart: Calling on_header_value with data[43102:43149]
2025-07-28 00:14:30 [DEBUG] python_multipart.multipart: Calling on_header_end with no data
2025-07-28 00:14:30 [DEBUG] python_multipart.multipart: Calling on_header_field with data[43151:43163]
2025-07-28 00:14:30 [DEBUG] python_multipart.multipart: Calling on_header_value with data[43165:43175]
2025-07-28 00:14:30 [DEBUG] python_multipart.multipart: Calling on_header_end with no data
2025-07-28 00:14:30 [DEBUG] python_multipart.multipart: Calling on_headers_finished with no data
2025-07-28 00:14:30 [DEBUG] python_multipart.multipart: Calling on_part_data with data[43179:46341]
2025-07-28 00:14:30 [DEBUG] python_multipart.multipart: Calling on_part_end with no data
2025-07-28 00:14:30 [DEBUG] python_multipart.multipart: Calling on_part_begin with no data
2025-07-28 00:14:30 [DEBUG] python_multipart.multipart: Calling on_header_field with data[46385:46404]
2025-07-28 00:14:30 [DEBUG] python_multipart.multipart: Calling on_header_value with data[46406:46453]
2025-07-28 00:14:30 [DEBUG] python_multipart.multipart: Calling on_header_end with no data
2025-07-28 00:14:30 [DEBUG] python_multipart.multipart: Calling on_header_field with data[46455:46467]
2025-07-28 00:14:30 [DEBUG] python_multipart.multipart: Calling on_header_value with data[46469:46479]
2025-07-28 00:14:30 [DEBUG] python_multipart.multipart: Calling on_header_end with no data
2025-07-28 00:14:30 [DEBUG] python_multipart.multipart: Calling on_headers_finished with no data
2025-07-28 00:14:30 [DEBUG] python_multipart.multipart: Calling on_part_data with data[46483:49645]
2025-07-28 00:14:30 [DEBUG] python_multipart.multipart: Calling on_part_end with no data
2025-07-28 00:14:30 [DEBUG] python_multipart.multipart: Calling on_part_begin with no data
2025-07-28 00:14:30 [DEBUG] python_multipart.multipart: Calling on_header_field with data[49689:49708]
2025-07-28 00:14:30 [DEBUG] python_multipart.multipart: Calling on_header_value with data[49710:49757]
2025-07-28 00:14:30 [DEBUG] python_multipart.multipart: Calling on_header_end with no data
2025-07-28 00:14:30 [DEBUG] python_multipart.multipart: Calling on_header_field with data[49759:49771]
2025-07-28 00:14:30 [DEBUG] python_multipart.multipart: Calling on_header_value with data[49773:49783]
2025-07-28 00:14:30 [DEBUG] python_multipart.multipart: Calling on_header_end with no data
2025-07-28 00:14:30 [DEBUG] python_multipart.multipart: Calling on_headers_finished with no data
2025-07-28 00:14:30 [DEBUG] python_multipart.multipart: Calling on_part_data with data[49787:52949]
2025-07-28 00:14:30 [DEBUG] python_multipart.multipart: Calling on_part_end with no data
2025-07-28 00:14:30 [DEBUG] python_multipart.multipart: Calling on_part_begin with no data
2025-07-28 00:14:30 [DEBUG] python_multipart.multipart: Calling on_header_field with data[52993:53012]
2025-07-28 00:14:30 [DEBUG] python_multipart.multipart: Calling on_header_value with data[53014:53061]
2025-07-28 00:14:30 [DEBUG] python_multipart.multipart: Calling on_header_end with no data
2025-07-28 00:14:30 [DEBUG] python_multipart.multipart: Calling on_header_field with data[53063:53075]
2025-07-28 00:14:30 [DEBUG] python_multipart.multipart: Calling on_header_value with data[53077:53087]
2025-07-28 00:14:30 [DEBUG] python_multipart.multipart: Calling on_header_end with no data
2025-07-28 00:14:30 [DEBUG] python_multipart.multipart: Calling on_headers_finished with no data
2025-07-28 00:14:30 [DEBUG] python_multipart.multipart: Calling on_part_data with data[53091:56253]
2025-07-28 00:14:30 [DEBUG] python_multipart.multipart: Calling on_part_end with no data
2025-07-28 00:14:30 [DEBUG] python_multipart.multipart: Calling on_part_begin with no data
2025-07-28 00:14:30 [DEBUG] python_multipart.multipart: Calling on_header_field with data[56297:56316]
2025-07-28 00:14:30 [DEBUG] python_multipart.multipart: Calling on_header_value with data[56318:56365]
2025-07-28 00:14:30 [DEBUG] python_multipart.multipart: Calling on_header_end with no data
2025-07-28 00:14:30 [DEBUG] python_multipart.multipart: Calling on_header_field with data[56367:56379]
2025-07-28 00:14:30 [DEBUG] python_multipart.multipart: Calling on_header_value with data[56381:56391]
2025-07-28 00:14:30 [DEBUG] python_multipart.multipart: Calling on_header_end with no data
2025-07-28 00:14:30 [DEBUG] python_multipart.multipart: Calling on_headers_finished with no data
2025-07-28 00:14:30 [DEBUG] python_multipart.multipart: Calling on_part_data with data[56395:59557]
2025-07-28 00:14:30 [DEBUG] python_multipart.multipart: Calling on_part_end with no data
2025-07-28 00:14:30 [DEBUG] python_multipart.multipart: Calling on_part_begin with no data
2025-07-28 00:14:30 [DEBUG] python_multipart.multipart: Calling on_header_field with data[59601:59620]
2025-07-28 00:14:30 [DEBUG] python_multipart.multipart: Calling on_header_value with data[59622:59669]
2025-07-28 00:14:30 [DEBUG] python_multipart.multipart: Calling on_header_end with no data
2025-07-28 00:14:30 [DEBUG] python_multipart.multipart: Calling on_header_field with data[59671:59683]
2025-07-28 00:14:30 [DEBUG] python_multipart.multipart: Calling on_header_value with data[59685:59695]
2025-07-28 00:14:30 [DEBUG] python_multipart.multipart: Calling on_header_end with no data
2025-07-28 00:14:30 [DEBUG] python_multipart.multipart: Calling on_headers_finished with no data
2025-07-28 00:14:30 [DEBUG] python_multipart.multipart: Calling on_part_data with data[59699:62861]
2025-07-28 00:14:30 [DEBUG] python_multipart.multipart: Calling on_part_end with no data
2025-07-28 00:14:30 [DEBUG] python_multipart.multipart: Calling on_part_begin with no data
2025-07-28 00:14:30 [DEBUG] python_multipart.multipart: Calling on_header_field with data[62905:62924]
2025-07-28 00:14:30 [DEBUG] python_multipart.multipart: Calling on_header_value with data[62926:62973]
2025-07-28 00:14:30 [DEBUG] python_multipart.multipart: Calling on_header_end with no data
2025-07-28 00:14:30 [DEBUG] python_multipart.multipart: Calling on_header_field with data[62975:62987]
2025-07-28 00:14:30 [DEBUG] python_multipart.multipart: Calling on_header_value with data[62989:62999]
2025-07-28 00:14:30 [DEBUG] python_multipart.multipart: Calling on_header_end with no data
2025-07-28 00:14:30 [DEBUG] python_multipart.multipart: Calling on_headers_finished with no data
2025-07-28 00:14:30 [DEBUG] python_multipart.multipart: Calling on_part_data with data[63003:66165]
2025-07-28 00:14:30 [DEBUG] python_multipart.multipart: Calling on_part_end with no data
2025-07-28 00:14:30 [DEBUG] python_multipart.multipart: Calling on_part_begin with no data
2025-07-28 00:14:30 [DEBUG] python_multipart.multipart: Calling on_header_field with data[66209:66228]
2025-07-28 00:14:30 [DEBUG] python_multipart.multipart: Calling on_header_value with data[66230:66277]
2025-07-28 00:14:30 [DEBUG] python_multipart.multipart: Calling on_header_end with no data
2025-07-28 00:14:30 [DEBUG] python_multipart.multipart: Calling on_header_field with data[66279:66291]
2025-07-28 00:14:30 [DEBUG] python_multipart.multipart: Calling on_header_value with data[66293:66303]
2025-07-28 00:14:30 [DEBUG] python_multipart.multipart: Calling on_header_end with no data
2025-07-28 00:14:30 [DEBUG] python_multipart.multipart: Calling on_headers_finished with no data
2025-07-28 00:14:30 [DEBUG] python_multipart.multipart: Calling on_part_data with data[66307:69469]
2025-07-28 00:14:30 [DEBUG] python_multipart.multipart: Calling on_part_end with no data
2025-07-28 00:14:30 [DEBUG] python_multipart.multipart: Calling on_part_begin with no data
2025-07-28 00:14:30 [DEBUG] python_multipart.multipart: Calling on_header_field with data[69513:69532]
2025-07-28 00:14:30 [DEBUG] python_multipart.multipart: Calling on_header_value with data[69534:69581]
2025-07-28 00:14:30 [DEBUG] python_multipart.multipart: Calling on_header_end with no data
2025-07-28 00:14:30 [DEBUG] python_multipart.multipart: Calling on_header_field with data[69583:69595]
2025-07-28 00:14:30 [DEBUG] python_multipart.multipart: Calling on_header_value with data[69597:69607]
2025-07-28 00:14:30 [DEBUG] python_multipart.multipart: Calling on_header_end with no data
2025-07-28 00:14:30 [DEBUG] python_multipart.multipart: Calling on_headers_finished with no data
2025-07-28 00:14:30 [DEBUG] python_multipart.multipart: Calling on_part_data with data[69611:72773]
2025-07-28 00:14:30 [DEBUG] python_multipart.multipart: Calling on_part_end with no data
2025-07-28 00:14:30 [DEBUG] python_multipart.multipart: Calling on_part_begin with no data
2025-07-28 00:14:30 [DEBUG] python_multipart.multipart: Calling on_header_field with data[72817:72836]
2025-07-28 00:14:30 [DEBUG] python_multipart.multipart: Calling on_header_value with data[72838:72885]
2025-07-28 00:14:30 [DEBUG] python_multipart.multipart: Calling on_header_end with no data
2025-07-28 00:14:30 [DEBUG] python_multipart.multipart: Calling on_header_field with data[72887:72899]
2025-07-28 00:14:30 [DEBUG] python_multipart.multipart: Calling on_header_value with data[72901:72911]
2025-07-28 00:14:30 [DEBUG] python_multipart.multipart: Calling on_header_end with no data
2025-07-28 00:14:30 [DEBUG] python_multipart.multipart: Calling on_headers_finished with no data
2025-07-28 00:14:30 [DEBUG] python_multipart.multipart: Calling on_part_data with data[72915:76077]
2025-07-28 00:14:30 [DEBUG] python_multipart.multipart: Calling on_part_end with no data
2025-07-28 00:14:30 [DEBUG] python_multipart.multipart: Calling on_part_begin with no data
2025-07-28 00:14:30 [DEBUG] python_multipart.multipart: Calling on_header_field with data[76121:76140]
2025-07-28 00:14:30 [DEBUG] python_multipart.multipart: Calling on_header_value with data[76142:76189]
2025-07-28 00:14:30 [DEBUG] python_multipart.multipart: Calling on_header_end with no data
2025-07-28 00:14:30 [DEBUG] python_multipart.multipart: Calling on_header_field with data[76191:76203]
2025-07-28 00:14:30 [DEBUG] python_multipart.multipart: Calling on_header_value with data[76205:76215]
2025-07-28 00:14:30 [DEBUG] python_multipart.multipart: Calling on_header_end with no data
2025-07-28 00:14:30 [DEBUG] python_multipart.multipart: Calling on_headers_finished with no data
2025-07-28 00:14:30 [DEBUG] python_multipart.multipart: Calling on_part_data with data[76219:79381]
2025-07-28 00:14:30 [DEBUG] python_multipart.multipart: Calling on_part_end with no data
2025-07-28 00:14:30 [DEBUG] python_multipart.multipart: Calling on_part_begin with no data
2025-07-28 00:14:30 [DEBUG] python_multipart.multipart: Calling on_header_field with data[79425:79444]
2025-07-28 00:14:30 [DEBUG] python_multipart.multipart: Calling on_header_value with data[79446:79493]
2025-07-28 00:14:30 [DEBUG] python_multipart.multipart: Calling on_header_end with no data
2025-07-28 00:14:30 [DEBUG] python_multipart.multipart: Calling on_header_field with data[79495:79507]
2025-07-28 00:14:30 [DEBUG] python_multipart.multipart: Calling on_header_value with data[79509:79519]
2025-07-28 00:14:30 [DEBUG] python_multipart.multipart: Calling on_header_end with no data
2025-07-28 00:14:30 [DEBUG] python_multipart.multipart: Calling on_headers_finished with no data
2025-07-28 00:14:30 [DEBUG] python_multipart.multipart: Calling on_part_data with data[79523:82685]
2025-07-28 00:14:31 [DEBUG] python_multipart.multipart: Calling on_part_end with no data
2025-07-28 00:14:31 [DEBUG] python_multipart.multipart: Calling on_part_begin with no data
2025-07-28 00:14:31 [DEBUG] python_multipart.multipart: Calling on_header_field with data[82729:82748]
2025-07-28 00:14:31 [DEBUG] python_multipart.multipart: Calling on_header_value with data[82750:82797]
2025-07-28 00:14:31 [DEBUG] python_multipart.multipart: Calling on_header_end with no data
2025-07-28 00:14:31 [DEBUG] python_multipart.multipart: Calling on_header_field with data[82799:82811]
2025-07-28 00:14:31 [DEBUG] python_multipart.multipart: Calling on_header_value with data[82813:82823]
2025-07-28 00:14:31 [DEBUG] python_multipart.multipart: Calling on_header_end with no data
2025-07-28 00:14:31 [DEBUG] python_multipart.multipart: Calling on_headers_finished with no data
2025-07-28 00:14:31 [DEBUG] python_multipart.multipart: Calling on_part_data with data[82827:85989]
2025-07-28 00:14:31 [DEBUG] python_multipart.multipart: Calling on_part_end with no data
2025-07-28 00:14:31 [DEBUG] python_multipart.multipart: Calling on_part_begin with no data
2025-07-28 00:14:31 [DEBUG] python_multipart.multipart: Calling on_header_field with data[86033:86052]
2025-07-28 00:14:31 [DEBUG] python_multipart.multipart: Calling on_header_value with data[86054:86101]
2025-07-28 00:14:31 [DEBUG] python_multipart.multipart: Calling on_header_end with no data
2025-07-28 00:14:31 [DEBUG] python_multipart.multipart: Calling on_header_field with data[86103:86115]
2025-07-28 00:14:31 [DEBUG] python_multipart.multipart: Calling on_header_value with data[86117:86127]
2025-07-28 00:14:31 [DEBUG] python_multipart.multipart: Calling on_header_end with no data
2025-07-28 00:14:31 [DEBUG] python_multipart.multipart: Calling on_headers_finished with no data
2025-07-28 00:14:31 [DEBUG] python_multipart.multipart: Calling on_part_data with data[86131:89293]
2025-07-28 00:14:31 [DEBUG] python_multipart.multipart: Calling on_part_end with no data
2025-07-28 00:14:31 [DEBUG] python_multipart.multipart: Calling on_part_begin with no data
2025-07-28 00:14:31 [DEBUG] python_multipart.multipart: Calling on_header_field with data[89337:89356]
2025-07-28 00:14:31 [DEBUG] python_multipart.multipart: Calling on_header_value with data[89358:89405]
2025-07-28 00:14:31 [DEBUG] python_multipart.multipart: Calling on_header_end with no data
2025-07-28 00:14:31 [DEBUG] python_multipart.multipart: Calling on_header_field with data[89407:89419]
2025-07-28 00:14:31 [DEBUG] python_multipart.multipart: Calling on_header_value with data[89421:89431]
2025-07-28 00:14:31 [DEBUG] python_multipart.multipart: Calling on_header_end with no data
2025-07-28 00:14:31 [DEBUG] python_multipart.multipart: Calling on_headers_finished with no data
2025-07-28 00:14:31 [DEBUG] python_multipart.multipart: Calling on_part_data with data[89435:92597]
2025-07-28 00:14:31 [DEBUG] python_multipart.multipart: Calling on_part_end with no data
2025-07-28 00:14:31 [DEBUG] python_multipart.multipart: Calling on_part_begin with no data
2025-07-28 00:14:31 [DEBUG] python_multipart.multipart: Calling on_header_field with data[92641:92660]
2025-07-28 00:14:31 [DEBUG] python_multipart.multipart: Calling on_header_value with data[92662:92709]
2025-07-28 00:14:31 [DEBUG] python_multipart.multipart: Calling on_header_end with no data
2025-07-28 00:14:31 [DEBUG] python_multipart.multipart: Calling on_header_field with data[92711:92723]
2025-07-28 00:14:31 [DEBUG] python_multipart.multipart: Calling on_header_value with data[92725:92735]
2025-07-28 00:14:31 [DEBUG] python_multipart.multipart: Calling on_header_end with no data
2025-07-28 00:14:31 [DEBUG] python_multipart.multipart: Calling on_headers_finished with no data
2025-07-28 00:14:31 [DEBUG] python_multipart.multipart: Calling on_part_data with data[92739:95901]
2025-07-28 00:14:31 [DEBUG] python_multipart.multipart: Calling on_part_end with no data
2025-07-28 00:14:31 [DEBUG] python_multipart.multipart: Calling on_part_begin with no data
2025-07-28 00:14:31 [DEBUG] python_multipart.multipart: Calling on_header_field with data[95945:95964]
2025-07-28 00:14:31 [DEBUG] python_multipart.multipart: Calling on_header_value with data[95966:96013]
2025-07-28 00:14:31 [DEBUG] python_multipart.multipart: Calling on_header_end with no data
2025-07-28 00:14:31 [DEBUG] python_multipart.multipart: Calling on_header_field with data[96015:96027]
2025-07-28 00:14:31 [DEBUG] python_multipart.multipart: Calling on_header_value with data[96029:96039]
2025-07-28 00:14:31 [DEBUG] python_multipart.multipart: Calling on_header_end with no data
2025-07-28 00:14:31 [DEBUG] python_multipart.multipart: Calling on_headers_finished with no data
2025-07-28 00:14:31 [DEBUG] python_multipart.multipart: Calling on_part_data with data[96043:99205]
2025-07-28 00:14:31 [DEBUG] python_multipart.multipart: Calling on_part_end with no data
2025-07-28 00:14:31 [DEBUG] python_multipart.multipart: Calling on_part_begin with no data
2025-07-28 00:14:31 [DEBUG] python_multipart.multipart: Calling on_header_field with data[99249:99268]
2025-07-28 00:14:31 [DEBUG] python_multipart.multipart: Calling on_header_value with data[99270:99317]
2025-07-28 00:14:31 [DEBUG] python_multipart.multipart: Calling on_header_end with no data
2025-07-28 00:14:31 [DEBUG] python_multipart.multipart: Calling on_header_field with data[99319:99331]
2025-07-28 00:14:31 [DEBUG] python_multipart.multipart: Calling on_header_value with data[99333:99343]
2025-07-28 00:14:31 [DEBUG] python_multipart.multipart: Calling on_header_end with no data
2025-07-28 00:14:31 [DEBUG] python_multipart.multipart: Calling on_headers_finished with no data
2025-07-28 00:14:31 [DEBUG] python_multipart.multipart: Calling on_part_data with data[99347:102509]
2025-07-28 00:14:31 [DEBUG] python_multipart.multipart: Calling on_part_end with no data
2025-07-28 00:14:31 [DEBUG] python_multipart.multipart: Calling on_part_begin with no data
2025-07-28 00:14:31 [DEBUG] python_multipart.multipart: Calling on_header_field with data[102553:102572]
2025-07-28 00:14:31 [DEBUG] python_multipart.multipart: Calling on_header_value with data[102574:102621]
2025-07-28 00:14:31 [DEBUG] python_multipart.multipart: Calling on_header_end with no data
2025-07-28 00:14:31 [DEBUG] python_multipart.multipart: Calling on_header_field with data[102623:102635]
2025-07-28 00:14:31 [DEBUG] python_multipart.multipart: Calling on_header_value with data[102637:102647]
2025-07-28 00:14:31 [DEBUG] python_multipart.multipart: Calling on_header_end with no data
2025-07-28 00:14:31 [DEBUG] python_multipart.multipart: Calling on_headers_finished with no data
2025-07-28 00:14:31 [DEBUG] python_multipart.multipart: Calling on_part_data with data[102651:105813]
2025-07-28 00:14:31 [DEBUG] python_multipart.multipart: Calling on_part_end with no data
2025-07-28 00:14:31 [DEBUG] python_multipart.multipart: Calling on_part_begin with no data
2025-07-28 00:14:31 [DEBUG] python_multipart.multipart: Calling on_header_field with data[105857:105876]
2025-07-28 00:14:31 [DEBUG] python_multipart.multipart: Calling on_header_value with data[105878:105925]
2025-07-28 00:14:31 [DEBUG] python_multipart.multipart: Calling on_header_end with no data
2025-07-28 00:14:31 [DEBUG] python_multipart.multipart: Calling on_header_field with data[105927:105939]
2025-07-28 00:14:31 [DEBUG] python_multipart.multipart: Calling on_header_value with data[105941:105951]
2025-07-28 00:14:31 [DEBUG] python_multipart.multipart: Calling on_header_end with no data
2025-07-28 00:14:31 [DEBUG] python_multipart.multipart: Calling on_headers_finished with no data
2025-07-28 00:14:31 [DEBUG] python_multipart.multipart: Calling on_part_data with data[105955:109117]
2025-07-28 00:14:31 [DEBUG] python_multipart.multipart: Calling on_part_end with no data
2025-07-28 00:14:31 [DEBUG] python_multipart.multipart: Calling on_part_begin with no data
2025-07-28 00:14:31 [DEBUG] python_multipart.multipart: Calling on_header_field with data[109161:109180]
2025-07-28 00:14:31 [DEBUG] python_multipart.multipart: Calling on_header_value with data[109182:109229]
2025-07-28 00:14:31 [DEBUG] python_multipart.multipart: Calling on_header_end with no data
2025-07-28 00:14:31 [DEBUG] python_multipart.multipart: Calling on_header_field with data[109231:109243]
2025-07-28 00:14:31 [DEBUG] python_multipart.multipart: Calling on_header_value with data[109245:109255]
2025-07-28 00:14:31 [DEBUG] python_multipart.multipart: Calling on_header_end with no data
2025-07-28 00:14:31 [DEBUG] python_multipart.multipart: Calling on_headers_finished with no data
2025-07-28 00:14:31 [DEBUG] python_multipart.multipart: Calling on_part_data with data[109259:112421]
2025-07-28 00:14:31 [DEBUG] python_multipart.multipart: Calling on_part_end with no data
2025-07-28 00:14:31 [DEBUG] python_multipart.multipart: Calling on_part_begin with no data
2025-07-28 00:14:31 [DEBUG] python_multipart.multipart: Calling on_header_field with data[112465:112484]
2025-07-28 00:14:31 [DEBUG] python_multipart.multipart: Calling on_header_value with data[112486:112533]
2025-07-28 00:14:31 [DEBUG] python_multipart.multipart: Calling on_header_end with no data
2025-07-28 00:14:31 [DEBUG] python_multipart.multipart: Calling on_header_field with data[112535:112547]
2025-07-28 00:14:31 [DEBUG] python_multipart.multipart: Calling on_header_value with data[112549:112559]
2025-07-28 00:14:31 [DEBUG] python_multipart.multipart: Calling on_header_end with no data
2025-07-28 00:14:31 [DEBUG] python_multipart.multipart: Calling on_headers_finished with no data
2025-07-28 00:14:31 [DEBUG] python_multipart.multipart: Calling on_part_data with data[112563:114688]
2025-07-28 00:14:31 [DEBUG] python_multipart.multipart: Calling on_part_data with data[0:1037]
2025-07-28 00:14:31 [DEBUG] python_multipart.multipart: Calling on_part_end with no data
2025-07-28 00:14:31 [DEBUG] python_multipart.multipart: Calling on_part_begin with no data
2025-07-28 00:14:31 [DEBUG] python_multipart.multipart: Calling on_header_field with data[1081:1100]
2025-07-28 00:14:31 [DEBUG] python_multipart.multipart: Calling on_header_value with data[1102:1149]
2025-07-28 00:14:31 [DEBUG] python_multipart.multipart: Calling on_header_end with no data
2025-07-28 00:14:31 [DEBUG] python_multipart.multipart: Calling on_header_field with data[1151:1163]
2025-07-28 00:14:31 [DEBUG] python_multipart.multipart: Calling on_header_value with data[1165:1175]
2025-07-28 00:14:31 [DEBUG] python_multipart.multipart: Calling on_header_end with no data
2025-07-28 00:14:31 [DEBUG] python_multipart.multipart: Calling on_headers_finished with no data
2025-07-28 00:14:31 [DEBUG] python_multipart.multipart: Calling on_part_data with data[1179:4341]
2025-07-28 00:14:31 [DEBUG] python_multipart.multipart: Calling on_part_end with no data
2025-07-28 00:14:31 [DEBUG] python_multipart.multipart: Calling on_part_begin with no data
2025-07-28 00:14:31 [DEBUG] python_multipart.multipart: Calling on_header_field with data[4385:4404]
2025-07-28 00:14:31 [DEBUG] python_multipart.multipart: Calling on_header_value with data[4406:4453]
2025-07-28 00:14:31 [DEBUG] python_multipart.multipart: Calling on_header_end with no data
2025-07-28 00:14:31 [DEBUG] python_multipart.multipart: Calling on_header_field with data[4455:4467]
2025-07-28 00:14:31 [DEBUG] python_multipart.multipart: Calling on_header_value with data[4469:4479]
2025-07-28 00:14:31 [DEBUG] python_multipart.multipart: Calling on_header_end with no data
2025-07-28 00:14:31 [DEBUG] python_multipart.multipart: Calling on_headers_finished with no data
2025-07-28 00:14:31 [DEBUG] python_multipart.multipart: Calling on_part_data with data[4483:7645]
2025-07-28 00:14:31 [DEBUG] python_multipart.multipart: Calling on_part_end with no data
2025-07-28 00:14:31 [DEBUG] python_multipart.multipart: Calling on_part_begin with no data
2025-07-28 00:14:31 [DEBUG] python_multipart.multipart: Calling on_header_field with data[7689:7708]
2025-07-28 00:14:31 [DEBUG] python_multipart.multipart: Calling on_header_value with data[7710:7757]
2025-07-28 00:14:31 [DEBUG] python_multipart.multipart: Calling on_header_end with no data
2025-07-28 00:14:31 [DEBUG] python_multipart.multipart: Calling on_header_field with data[7759:7771]
2025-07-28 00:14:31 [DEBUG] python_multipart.multipart: Calling on_header_value with data[7773:7783]
2025-07-28 00:14:31 [DEBUG] python_multipart.multipart: Calling on_header_end with no data
2025-07-28 00:14:31 [DEBUG] python_multipart.multipart: Calling on_headers_finished with no data
2025-07-28 00:14:31 [DEBUG] python_multipart.multipart: Calling on_part_data with data[7787:10949]
2025-07-28 00:14:31 [DEBUG] python_multipart.multipart: Calling on_part_end with no data
2025-07-28 00:14:31 [DEBUG] python_multipart.multipart: Calling on_part_begin with no data
2025-07-28 00:14:31 [DEBUG] python_multipart.multipart: Calling on_header_field with data[10993:11012]
2025-07-28 00:14:31 [DEBUG] python_multipart.multipart: Calling on_header_value with data[11014:11061]
2025-07-28 00:14:31 [DEBUG] python_multipart.multipart: Calling on_header_end with no data
2025-07-28 00:14:31 [DEBUG] python_multipart.multipart: Calling on_header_field with data[11063:11075]
2025-07-28 00:14:31 [DEBUG] python_multipart.multipart: Calling on_header_value with data[11077:11087]
2025-07-28 00:14:31 [DEBUG] python_multipart.multipart: Calling on_header_end with no data
2025-07-28 00:14:31 [DEBUG] python_multipart.multipart: Calling on_headers_finished with no data
2025-07-28 00:14:31 [DEBUG] python_multipart.multipart: Calling on_part_data with data[11091:14253]
2025-07-28 00:14:31 [DEBUG] python_multipart.multipart: Calling on_part_end with no data
2025-07-28 00:14:31 [DEBUG] python_multipart.multipart: Calling on_part_begin with no data
2025-07-28 00:14:31 [DEBUG] python_multipart.multipart: Calling on_header_field with data[14297:14316]
2025-07-28 00:14:31 [DEBUG] python_multipart.multipart: Calling on_header_value with data[14318:14365]
2025-07-28 00:14:31 [DEBUG] python_multipart.multipart: Calling on_header_end with no data
2025-07-28 00:14:31 [DEBUG] python_multipart.multipart: Calling on_header_field with data[14367:14379]
2025-07-28 00:14:31 [DEBUG] python_multipart.multipart: Calling on_header_value with data[14381:14391]
2025-07-28 00:14:31 [DEBUG] python_multipart.multipart: Calling on_header_end with no data
2025-07-28 00:14:31 [DEBUG] python_multipart.multipart: Calling on_headers_finished with no data
2025-07-28 00:14:31 [DEBUG] python_multipart.multipart: Calling on_part_data with data[14395:17557]
2025-07-28 00:14:31 [DEBUG] python_multipart.multipart: Calling on_part_end with no data
2025-07-28 00:14:31 [DEBUG] python_multipart.multipart: Calling on_part_begin with no data
2025-07-28 00:14:31 [DEBUG] python_multipart.multipart: Calling on_header_field with data[17601:17620]
2025-07-28 00:14:31 [DEBUG] python_multipart.multipart: Calling on_header_value with data[17622:17669]
2025-07-28 00:14:31 [DEBUG] python_multipart.multipart: Calling on_header_end with no data
2025-07-28 00:14:31 [DEBUG] python_multipart.multipart: Calling on_header_field with data[17671:17683]
2025-07-28 00:14:31 [DEBUG] python_multipart.multipart: Calling on_header_value with data[17685:17695]
2025-07-28 00:14:31 [DEBUG] python_multipart.multipart: Calling on_header_end with no data
2025-07-28 00:14:31 [DEBUG] python_multipart.multipart: Calling on_headers_finished with no data
2025-07-28 00:14:31 [DEBUG] python_multipart.multipart: Calling on_part_data with data[17699:20861]
2025-07-28 00:14:31 [DEBUG] python_multipart.multipart: Calling on_part_end with no data
2025-07-28 00:14:31 [DEBUG] python_multipart.multipart: Calling on_part_begin with no data
2025-07-28 00:14:31 [DEBUG] python_multipart.multipart: Calling on_header_field with data[20905:20924]
2025-07-28 00:14:31 [DEBUG] python_multipart.multipart: Calling on_header_value with data[20926:20973]
2025-07-28 00:14:31 [DEBUG] python_multipart.multipart: Calling on_header_end with no data
2025-07-28 00:14:31 [DEBUG] python_multipart.multipart: Calling on_header_field with data[20975:20987]
2025-07-28 00:14:31 [DEBUG] python_multipart.multipart: Calling on_header_value with data[20989:20999]
2025-07-28 00:14:31 [DEBUG] python_multipart.multipart: Calling on_header_end with no data
2025-07-28 00:14:31 [DEBUG] python_multipart.multipart: Calling on_headers_finished with no data
2025-07-28 00:14:31 [DEBUG] python_multipart.multipart: Calling on_part_data with data[21003:24165]
2025-07-28 00:14:31 [DEBUG] python_multipart.multipart: Calling on_part_end with no data
2025-07-28 00:14:31 [DEBUG] python_multipart.multipart: Calling on_part_begin with no data
2025-07-28 00:14:31 [DEBUG] python_multipart.multipart: Calling on_header_field with data[24209:24228]
2025-07-28 00:14:31 [DEBUG] python_multipart.multipart: Calling on_header_value with data[24230:24277]
2025-07-28 00:14:31 [DEBUG] python_multipart.multipart: Calling on_header_end with no data
2025-07-28 00:14:31 [DEBUG] python_multipart.multipart: Calling on_header_field with data[24279:24291]
2025-07-28 00:14:31 [DEBUG] python_multipart.multipart: Calling on_header_value with data[24293:24303]
2025-07-28 00:14:31 [DEBUG] python_multipart.multipart: Calling on_header_end with no data
2025-07-28 00:14:31 [DEBUG] python_multipart.multipart: Calling on_headers_finished with no data
2025-07-28 00:14:31 [DEBUG] python_multipart.multipart: Calling on_part_data with data[24307:27469]
2025-07-28 00:14:31 [DEBUG] python_multipart.multipart: Calling on_part_end with no data
2025-07-28 00:14:31 [DEBUG] python_multipart.multipart: Calling on_part_begin with no data
2025-07-28 00:14:31 [DEBUG] python_multipart.multipart: Calling on_header_field with data[27513:27532]
2025-07-28 00:14:31 [DEBUG] python_multipart.multipart: Calling on_header_value with data[27534:27581]
2025-07-28 00:14:31 [DEBUG] python_multipart.multipart: Calling on_header_end with no data
2025-07-28 00:14:31 [DEBUG] python_multipart.multipart: Calling on_header_field with data[27583:27595]
2025-07-28 00:14:31 [DEBUG] python_multipart.multipart: Calling on_header_value with data[27597:27607]
2025-07-28 00:14:31 [DEBUG] python_multipart.multipart: Calling on_header_end with no data
2025-07-28 00:14:31 [DEBUG] python_multipart.multipart: Calling on_headers_finished with no data
2025-07-28 00:14:31 [DEBUG] python_multipart.multipart: Calling on_part_data with data[27611:30773]
2025-07-28 00:14:31 [DEBUG] python_multipart.multipart: Calling on_part_end with no data
2025-07-28 00:14:31 [DEBUG] python_multipart.multipart: Calling on_part_begin with no data
2025-07-28 00:14:31 [DEBUG] python_multipart.multipart: Calling on_header_field with data[30817:30836]
2025-07-28 00:14:31 [DEBUG] python_multipart.multipart: Calling on_header_value with data[30838:30885]
2025-07-28 00:14:31 [DEBUG] python_multipart.multipart: Calling on_header_end with no data
2025-07-28 00:14:31 [DEBUG] python_multipart.multipart: Calling on_header_field with data[30887:30899]
2025-07-28 00:14:31 [DEBUG] python_multipart.multipart: Calling on_header_value with data[30901:30911]
2025-07-28 00:14:31 [DEBUG] python_multipart.multipart: Calling on_header_end with no data
2025-07-28 00:14:31 [DEBUG] python_multipart.multipart: Calling on_headers_finished with no data
2025-07-28 00:14:31 [DEBUG] python_multipart.multipart: Calling on_part_data with data[30915:34077]
2025-07-28 00:14:31 [DEBUG] python_multipart.multipart: Calling on_part_end with no data
2025-07-28 00:14:31 [DEBUG] python_multipart.multipart: Calling on_part_begin with no data
2025-07-28 00:14:31 [DEBUG] python_multipart.multipart: Calling on_header_field with data[34121:34140]
2025-07-28 00:14:31 [DEBUG] python_multipart.multipart: Calling on_header_value with data[34142:34189]
2025-07-28 00:14:31 [DEBUG] python_multipart.multipart: Calling on_header_end with no data
2025-07-28 00:14:31 [DEBUG] python_multipart.multipart: Calling on_header_field with data[34191:34203]
2025-07-28 00:14:31 [DEBUG] python_multipart.multipart: Calling on_header_value with data[34205:34215]
2025-07-28 00:14:31 [DEBUG] python_multipart.multipart: Calling on_header_end with no data
2025-07-28 00:14:31 [DEBUG] python_multipart.multipart: Calling on_headers_finished with no data
2025-07-28 00:14:31 [DEBUG] python_multipart.multipart: Calling on_part_data with data[34219:37381]
2025-07-28 00:14:31 [DEBUG] python_multipart.multipart: Calling on_part_end with no data
2025-07-28 00:14:31 [DEBUG] python_multipart.multipart: Calling on_part_begin with no data
2025-07-28 00:14:31 [DEBUG] python_multipart.multipart: Calling on_header_field with data[37425:37444]
2025-07-28 00:14:31 [DEBUG] python_multipart.multipart: Calling on_header_value with data[37446:37493]
2025-07-28 00:14:31 [DEBUG] python_multipart.multipart: Calling on_header_end with no data
2025-07-28 00:14:31 [DEBUG] python_multipart.multipart: Calling on_header_field with data[37495:37507]
2025-07-28 00:14:31 [DEBUG] python_multipart.multipart: Calling on_header_value with data[37509:37519]
2025-07-28 00:14:31 [DEBUG] python_multipart.multipart: Calling on_header_end with no data
2025-07-28 00:14:31 [DEBUG] python_multipart.multipart: Calling on_headers_finished with no data
2025-07-28 00:14:31 [DEBUG] python_multipart.multipart: Calling on_part_data with data[37523:40685]
2025-07-28 00:14:31 [DEBUG] python_multipart.multipart: Calling on_part_end with no data
2025-07-28 00:14:31 [DEBUG] python_multipart.multipart: Calling on_part_begin with no data
2025-07-28 00:14:31 [DEBUG] python_multipart.multipart: Calling on_header_field with data[40729:40748]
2025-07-28 00:14:31 [DEBUG] python_multipart.multipart: Calling on_header_value with data[40750:40797]
2025-07-28 00:14:31 [DEBUG] python_multipart.multipart: Calling on_header_end with no data
2025-07-28 00:14:31 [DEBUG] python_multipart.multipart: Calling on_header_field with data[40799:40811]
2025-07-28 00:14:31 [DEBUG] python_multipart.multipart: Calling on_header_value with data[40813:40823]
2025-07-28 00:14:31 [DEBUG] python_multipart.multipart: Calling on_header_end with no data
2025-07-28 00:14:31 [DEBUG] python_multipart.multipart: Calling on_headers_finished with no data
2025-07-28 00:14:31 [DEBUG] python_multipart.multipart: Calling on_part_data with data[40827:43989]
2025-07-28 00:14:31 [DEBUG] python_multipart.multipart: Calling on_part_end with no data
2025-07-28 00:14:31 [DEBUG] python_multipart.multipart: Calling on_part_begin with no data
2025-07-28 00:14:31 [DEBUG] python_multipart.multipart: Calling on_header_field with data[44033:44052]
2025-07-28 00:14:31 [DEBUG] python_multipart.multipart: Calling on_header_value with data[44054:44101]
2025-07-28 00:14:31 [DEBUG] python_multipart.multipart: Calling on_header_end with no data
2025-07-28 00:14:31 [DEBUG] python_multipart.multipart: Calling on_header_field with data[44103:44115]
2025-07-28 00:14:31 [DEBUG] python_multipart.multipart: Calling on_header_value with data[44117:44127]
2025-07-28 00:14:31 [DEBUG] python_multipart.multipart: Calling on_header_end with no data
2025-07-28 00:14:31 [DEBUG] python_multipart.multipart: Calling on_headers_finished with no data
2025-07-28 00:14:31 [DEBUG] python_multipart.multipart: Calling on_part_data with data[44131:47293]
2025-07-28 00:14:31 [DEBUG] python_multipart.multipart: Calling on_part_end with no data
2025-07-28 00:14:31 [DEBUG] python_multipart.multipart: Calling on_part_begin with no data
2025-07-28 00:14:31 [DEBUG] python_multipart.multipart: Calling on_header_field with data[47337:47356]
2025-07-28 00:14:31 [DEBUG] python_multipart.multipart: Calling on_header_value with data[47358:47405]
2025-07-28 00:14:31 [DEBUG] python_multipart.multipart: Calling on_header_end with no data
2025-07-28 00:14:31 [DEBUG] python_multipart.multipart: Calling on_header_field with data[47407:47419]
2025-07-28 00:14:31 [DEBUG] python_multipart.multipart: Calling on_header_value with data[47421:47431]
2025-07-28 00:14:31 [DEBUG] python_multipart.multipart: Calling on_header_end with no data
2025-07-28 00:14:31 [DEBUG] python_multipart.multipart: Calling on_headers_finished with no data
2025-07-28 00:14:31 [DEBUG] python_multipart.multipart: Calling on_part_data with data[47435:50597]
2025-07-28 00:14:31 [DEBUG] python_multipart.multipart: Calling on_part_end with no data
2025-07-28 00:14:31 [DEBUG] python_multipart.multipart: Calling on_end with no data
2025-07-28 00:14:31 [INFO] face-presence-api: Registering user: 44
2025-07-28 00:14:31 [INFO] watchfiles.main: 1 change detected
2025-07-28 00:14:31 [DEBUG] face-presence-api: 🧹 Memory cleared with garbage collector.
2025-07-28 00:14:31 [DEBUG] face-presence-api: [BatchLogger] No durations, skip flush
2025-07-28 00:14:31 [INFO] face-presence-api: 📁 10 test image berhasil disimpan untuk user 44 di F:\Kuliah\Skripsi\praktisi-face-presence-api\src\storage\test_images\44
2025-07-28 00:14:31 [INFO] watchfiles.main: 9 changes detected
2025-07-28 00:14:31 [DEBUG] face-presence-api: 🧹 Memory cleared with garbage collector.
2025-07-28 00:14:31 [INFO] face-presence-api: Processing batch 1/8
2025-07-28 00:14:32 [INFO] face-presence-api: Processing batch 2/8
2025-07-28 00:14:32 [INFO] face-presence-api: Processing batch 3/8
2025-07-28 00:14:32 [INFO] face-presence-api: Processing batch 4/8
2025-07-28 00:14:33 [INFO] face-presence-api: Processing batch 5/8
2025-07-28 00:14:33 [INFO] face-presence-api: Processing batch 6/8
2025-07-28 00:14:34 [INFO] face-presence-api: Processing batch 7/8
2025-07-28 00:14:34 [DEBUG] face-presence-api: [BatchLogger] No verifications, skip flush
2025-07-28 00:14:34 [INFO] face-presence-api: Processing batch 8/8
2025-07-28 00:14:35 [INFO] face-presence-api: Finished processing 40 valid embeddings from 40 images
2025-07-28 00:14:35 [INFO] face-presence-api: Validasi berhasil: 40 embeddings valid
2025-07-28 00:14:35 [INFO] face-presence-api: Validasi berhasil: 40 embeddings valid
2025-07-28 00:14:35 [INFO] face-presence-api: Embedding berhasil disimpan untuk user 44 di F:\Kuliah\Skripsi\praktisi-face-presence-api\src\storage\embeddings\44.pkl
2025-07-28 00:14:35 [INFO] face-presence-api: Embeddings saved successfully for user 44, starting evaluation.
2025-07-28 00:14:35 [INFO] face-presence-api: Evaluating ...
2025-07-28 00:14:35 [INFO] watchfiles.main: 1 change detected
2025-07-28 00:14:35 [INFO] face-presence-api: Evaluating batch 1/4
2025-07-28 00:14:35 [INFO] face-presence-api: Evaluating batch 2/4
2025-07-28 00:14:35 [INFO] face-presence-api: Evaluating batch 3/4
2025-07-28 00:14:36 [INFO] face-presence-api: Evaluating batch 4/4
2025-07-28 00:14:36 [INFO] face-presence-api: Face registration successful for user 44.
2025-07-28 00:14:41 [DEBUG] face-presence-api: [BatchLogger] No durations, skip flush
2025-07-28 00:14:51 [INFO] face-presence-api: [BatchLogger] Flushing 1 registrations...
2025-07-28 00:14:51 [DEBUG] urllib3.connectionpool: https://sheets.googleapis.com:443 "GET /v4/spreadsheets/1hjXERVEURCeKXeCw8TUbrkjF25_GVmORN0JgjZuu058?includeGridData=false HTTP/1.1" 200 None
2025-07-28 00:14:52 [DEBUG] urllib3.connectionpool: https://sheets.googleapis.com:443 "GET /v4/spreadsheets/1hjXERVEURCeKXeCw8TUbrkjF25_GVmORN0JgjZuu058/values/%27Registration%27 HTTP/1.1" 200 None
2025-07-28 00:14:52 [DEBUG] python_multipart.multipart: Calling on_part_begin with no data
2025-07-28 00:14:52 [DEBUG] python_multipart.multipart: Calling on_header_field with data[42:61]
2025-07-28 00:14:52 [DEBUG] urllib3.connectionpool: https://sheets.googleapis.com:443 "GET /v4/spreadsheets/1hjXERVEURCeKXeCw8TUbrkjF25_GVmORN0JgjZuu058/values/%27Registration%27 HTTP/1.1" 200 None
2025-07-28 00:14:52 [DEBUG] python_multipart.multipart: Calling on_header_value with data[63:88]
2025-07-28 00:14:52 [DEBUG] python_multipart.multipart: Calling on_header_end with no data
2025-07-28 00:14:52 [DEBUG] python_multipart.multipart: Calling on_headers_finished with no data
2025-07-28 00:14:52 [DEBUG] python_multipart.multipart: Calling on_part_data with data[92:94]
2025-07-28 00:14:52 [DEBUG] python_multipart.multipart: Calling on_part_end with no data
2025-07-28 00:14:52 [DEBUG] python_multipart.multipart: Calling on_end with no data
2025-07-28 00:14:52 [INFO] face-presence-api: Checking status for user: 44
2025-07-28 00:14:52 [INFO] face-presence-api: User 44 is already registered.
2025-07-28 00:14:53 [DEBUG] urllib3.connectionpool: https://sheets.googleapis.com:443 "POST /v4/spreadsheets/1hjXERVEURCeKXeCw8TUbrkjF25_GVmORN0JgjZuu058/values:batchUpdate HTTP/1.1" 200 None
2025-07-28 00:14:53 [INFO] face-presence-api: [BatchLogger] Updated 1 registration rows
2025-07-28 00:14:53 [DEBUG] face-presence-api: [BatchLogger] No durations, skip flush
2025-07-28 00:15:03 [DEBUG] face-presence-api: [BatchLogger] No durations, skip flush
2025-07-28 00:15:04 [DEBUG] face-presence-api: [BatchLogger] No verifications, skip flush
2025-07-28 00:15:13 [DEBUG] face-presence-api: [BatchLogger] No durations, skip flush
2025-07-28 00:15:23 [DEBUG] face-presence-api: [BatchLogger] No registrations, skip flush
2025-07-28 00:15:23 [DEBUG] face-presence-api: [BatchLogger] No durations, skip flush
2025-07-28 00:15:33 [DEBUG] face-presence-api: [BatchLogger] No durations, skip flush
2025-07-28 00:15:34 [DEBUG] face-presence-api: [BatchLogger] No verifications, skip flush
2025-07-28 00:15:43 [DEBUG] face-presence-api: [BatchLogger] No durations, skip flush
2025-07-28 00:15:53 [DEBUG] face-presence-api: [BatchLogger] No registrations, skip flush
2025-07-28 00:15:53 [DEBUG] face-presence-api: [BatchLogger] No durations, skip flush
2025-07-28 00:16:03 [DEBUG] face-presence-api: [BatchLogger] No durations, skip flush
2025-07-28 00:16:04 [DEBUG] face-presence-api: [BatchLogger] No verifications, skip flush
2025-07-28 00:16:13 [DEBUG] face-presence-api: [BatchLogger] No durations, skip flush
2025-07-28 00:16:23 [DEBUG] face-presence-api: [BatchLogger] No registrations, skip flush
2025-07-28 00:16:23 [DEBUG] face-presence-api: [BatchLogger] No durations, skip flush
2025-07-28 00:16:33 [DEBUG] face-presence-api: [BatchLogger] No durations, skip flush
2025-07-28 00:16:34 [DEBUG] face-presence-api: [BatchLogger] No verifications, skip flush
2025-07-28 00:16:43 [DEBUG] face-presence-api: [BatchLogger] No durations, skip flush
2025-07-28 00:16:53 [DEBUG] face-presence-api: [BatchLogger] No registrations, skip flush
2025-07-28 00:16:53 [DEBUG] face-presence-api: [BatchLogger] No durations, skip flush
2025-07-28 00:17:03 [DEBUG] face-presence-api: [BatchLogger] No durations, skip flush
2025-07-28 00:17:04 [DEBUG] face-presence-api: [BatchLogger] No verifications, skip flush
2025-07-28 00:17:13 [DEBUG] face-presence-api: [BatchLogger] No durations, skip flush
2025-07-28 00:17:23 [DEBUG] face-presence-api: [BatchLogger] No registrations, skip flush
2025-07-28 00:17:23 [DEBUG] face-presence-api: [BatchLogger] No durations, skip flush
2025-07-28 00:17:33 [DEBUG] face-presence-api: [BatchLogger] No durations, skip flush
2025-07-28 00:17:34 [DEBUG] face-presence-api: [BatchLogger] No verifications, skip flush
2025-07-28 00:17:43 [DEBUG] face-presence-api: [BatchLogger] No durations, skip flush
2025-07-28 00:17:53 [DEBUG] face-presence-api: [BatchLogger] No registrations, skip flush
2025-07-28 00:17:53 [DEBUG] face-presence-api: [BatchLogger] No durations, skip flush
2025-07-28 00:17:55 [DEBUG] python_multipart.multipart: Calling on_part_begin with no data
2025-07-28 00:17:55 [DEBUG] python_multipart.multipart: Calling on_header_field with data[42:61]
2025-07-28 00:17:55 [DEBUG] python_multipart.multipart: Calling on_header_value with data[63:88]
2025-07-28 00:17:55 [DEBUG] python_multipart.multipart: Calling on_header_end with no data
2025-07-28 00:17:55 [DEBUG] python_multipart.multipart: Calling on_headers_finished with no data
2025-07-28 00:17:55 [DEBUG] python_multipart.multipart: Calling on_part_data with data[92:94]
2025-07-28 00:17:55 [DEBUG] python_multipart.multipart: Calling on_part_end with no data
2025-07-28 00:17:55 [DEBUG] python_multipart.multipart: Calling on_end with no data
2025-07-28 00:17:55 [INFO] face-presence-api: Checking status for user: 44
2025-07-28 00:17:55 [INFO] face-presence-api: User 44 is already registered.
2025-07-28 00:17:56 [DEBUG] python_multipart.multipart: Calling on_part_begin with no data
2025-07-28 00:17:56 [DEBUG] python_multipart.multipart: Calling on_header_field with data[42:61]
2025-07-28 00:17:56 [DEBUG] python_multipart.multipart: Calling on_header_value with data[63:88]
2025-07-28 00:17:56 [DEBUG] python_multipart.multipart: Calling on_header_end with no data
2025-07-28 00:17:56 [DEBUG] python_multipart.multipart: Calling on_headers_finished with no data
2025-07-28 00:17:56 [DEBUG] python_multipart.multipart: Calling on_part_data with data[92:94]
2025-07-28 00:17:56 [DEBUG] python_multipart.multipart: Calling on_part_end with no data
2025-07-28 00:17:56 [DEBUG] python_multipart.multipart: Calling on_end with no data
2025-07-28 00:17:56 [INFO] face-presence-api: Checking status for user: 44
2025-07-28 00:17:56 [INFO] face-presence-api: User 44 is already registered.
2025-07-28 00:18:03 [DEBUG] face-presence-api: [BatchLogger] No durations, skip flush
2025-07-28 00:18:04 [DEBUG] face-presence-api: [BatchLogger] No verifications, skip flush
2025-07-28 00:18:13 [DEBUG] face-presence-api: [BatchLogger] No durations, skip flush
2025-07-28 00:18:23 [DEBUG] face-presence-api: [BatchLogger] No registrations, skip flush
2025-07-28 00:18:23 [DEBUG] face-presence-api: [BatchLogger] No durations, skip flush
2025-07-28 00:18:33 [DEBUG] face-presence-api: [BatchLogger] No durations, skip flush
2025-07-28 00:18:34 [DEBUG] face-presence-api: [BatchLogger] No verifications, skip flush
2025-07-28 00:18:36 [DEBUG] python_multipart.multipart: Calling on_part_begin with no data
2025-07-28 00:18:36 [DEBUG] python_multipart.multipart: Calling on_header_field with data[42:61]
2025-07-28 00:18:36 [DEBUG] python_multipart.multipart: Calling on_header_value with data[63:88]
2025-07-28 00:18:36 [DEBUG] python_multipart.multipart: Calling on_header_end with no data
2025-07-28 00:18:36 [DEBUG] python_multipart.multipart: Calling on_headers_finished with no data
2025-07-28 00:18:36 [DEBUG] python_multipart.multipart: Calling on_part_data with data[92:94]
2025-07-28 00:18:36 [DEBUG] python_multipart.multipart: Calling on_part_end with no data
2025-07-28 00:18:36 [DEBUG] python_multipart.multipart: Calling on_end with no data
2025-07-28 00:18:36 [INFO] face-presence-api: Checking status for user: 44
2025-07-28 00:18:36 [INFO] face-presence-api: User 44 is already registered.
2025-07-28 00:18:40 [DEBUG] python_multipart.multipart: Calling on_part_begin with no data
2025-07-28 00:18:40 [DEBUG] python_multipart.multipart: Calling on_header_field with data[42:61]
2025-07-28 00:18:40 [DEBUG] python_multipart.multipart: Calling on_header_value with data[63:88]
2025-07-28 00:18:40 [DEBUG] python_multipart.multipart: Calling on_header_end with no data
2025-07-28 00:18:40 [DEBUG] python_multipart.multipart: Calling on_headers_finished with no data
2025-07-28 00:18:40 [DEBUG] python_multipart.multipart: Calling on_part_data with data[92:94]
2025-07-28 00:18:40 [DEBUG] python_multipart.multipart: Calling on_part_end with no data
2025-07-28 00:18:40 [DEBUG] python_multipart.multipart: Calling on_end with no data
2025-07-28 00:18:40 [INFO] face-presence-api: Checking status for user: 44
2025-07-28 00:18:40 [INFO] face-presence-api: User 44 is already registered.
2025-07-28 00:18:43 [DEBUG] face-presence-api: [BatchLogger] No durations, skip flush
2025-07-28 00:18:53 [DEBUG] face-presence-api: [BatchLogger] No registrations, skip flush
2025-07-28 00:18:53 [DEBUG] face-presence-api: [BatchLogger] No durations, skip flush
2025-07-28 00:19:03 [DEBUG] face-presence-api: [BatchLogger] No durations, skip flush
2025-07-28 00:19:04 [DEBUG] face-presence-api: [BatchLogger] No verifications, skip flush
2025-07-28 00:19:13 [DEBUG] face-presence-api: [BatchLogger] No durations, skip flush
2025-07-28 00:19:23 [DEBUG] face-presence-api: [BatchLogger] No registrations, skip flush
2025-07-28 00:19:23 [DEBUG] face-presence-api: [BatchLogger] No durations, skip flush
2025-07-28 00:19:33 [DEBUG] face-presence-api: [BatchLogger] No durations, skip flush
2025-07-28 00:19:34 [DEBUG] face-presence-api: [BatchLogger] No verifications, skip flush
2025-07-28 00:19:41 [DEBUG] python_multipart.multipart: Calling on_part_begin with no data
2025-07-28 00:19:41 [DEBUG] python_multipart.multipart: Calling on_header_field with data[42:61]
2025-07-28 00:19:41 [DEBUG] python_multipart.multipart: Calling on_header_value with data[63:88]
2025-07-28 00:19:41 [DEBUG] python_multipart.multipart: Calling on_header_end with no data
2025-07-28 00:19:41 [DEBUG] python_multipart.multipart: Calling on_headers_finished with no data
2025-07-28 00:19:41 [DEBUG] python_multipart.multipart: Calling on_part_data with data[92:94]
2025-07-28 00:19:41 [DEBUG] python_multipart.multipart: Calling on_part_end with no data
2025-07-28 00:19:41 [DEBUG] python_multipart.multipart: Calling on_end with no data
2025-07-28 00:19:41 [INFO] face-presence-api: Checking status for user: 44
2025-07-28 00:19:41 [INFO] face-presence-api: User 44 is already registered.
2025-07-28 00:19:43 [DEBUG] face-presence-api: [BatchLogger] No durations, skip flush
2025-07-28 00:19:45 [DEBUG] python_multipart.multipart: Calling on_part_begin with no data
2025-07-28 00:19:45 [DEBUG] python_multipart.multipart: Calling on_header_field with data[42:61]
2025-07-28 00:19:45 [DEBUG] python_multipart.multipart: Calling on_header_value with data[63:88]
2025-07-28 00:19:45 [DEBUG] python_multipart.multipart: Calling on_header_end with no data
2025-07-28 00:19:45 [DEBUG] python_multipart.multipart: Calling on_headers_finished with no data
2025-07-28 00:19:45 [DEBUG] python_multipart.multipart: Calling on_part_data with data[92:94]
2025-07-28 00:19:45 [DEBUG] python_multipart.multipart: Calling on_part_end with no data
2025-07-28 00:19:45 [DEBUG] python_multipart.multipart: Calling on_end with no data
2025-07-28 00:19:45 [INFO] face-presence-api: Checking status for user: 44
2025-07-28 00:19:45 [INFO] face-presence-api: User 44 is already registered.
2025-07-28 00:19:53 [DEBUG] face-presence-api: [BatchLogger] No registrations, skip flush
2025-07-28 00:19:53 [DEBUG] face-presence-api: [BatchLogger] No durations, skip flush
2025-07-28 00:19:58 [DEBUG] python_multipart.multipart: Calling on_part_begin with no data
2025-07-28 00:19:58 [DEBUG] python_multipart.multipart: Calling on_header_field with data[42:61]
2025-07-28 00:19:58 [DEBUG] python_multipart.multipart: Calling on_header_value with data[63:88]
2025-07-28 00:19:58 [DEBUG] python_multipart.multipart: Calling on_header_end with no data
2025-07-28 00:19:58 [DEBUG] python_multipart.multipart: Calling on_headers_finished with no data
2025-07-28 00:19:58 [DEBUG] python_multipart.multipart: Calling on_part_data with data[92:94]
2025-07-28 00:19:58 [DEBUG] python_multipart.multipart: Calling on_part_end with no data
2025-07-28 00:19:58 [DEBUG] python_multipart.multipart: Calling on_part_begin with no data
2025-07-28 00:19:58 [DEBUG] python_multipart.multipart: Calling on_header_field with data[138:157]
2025-07-28 00:19:58 [DEBUG] python_multipart.multipart: Calling on_header_value with data[159:205]
2025-07-28 00:19:58 [DEBUG] python_multipart.multipart: Calling on_header_end with no data
2025-07-28 00:19:58 [DEBUG] python_multipart.multipart: Calling on_header_field with data[207:219]
2025-07-28 00:19:58 [DEBUG] python_multipart.multipart: Calling on_header_value with data[221:231]
2025-07-28 00:19:58 [DEBUG] python_multipart.multipart: Calling on_header_end with no data
2025-07-28 00:19:58 [DEBUG] python_multipart.multipart: Calling on_headers_finished with no data
2025-07-28 00:19:58 [DEBUG] python_multipart.multipart: Calling on_part_data with data[235:3397]
2025-07-28 00:19:58 [DEBUG] python_multipart.multipart: Calling on_part_end with no data
2025-07-28 00:19:58 [DEBUG] python_multipart.multipart: Calling on_part_begin with no data
2025-07-28 00:19:58 [DEBUG] python_multipart.multipart: Calling on_header_field with data[3441:3460]
2025-07-28 00:19:58 [DEBUG] python_multipart.multipart: Calling on_header_value with data[3462:3508]
2025-07-28 00:19:58 [DEBUG] python_multipart.multipart: Calling on_header_end with no data
2025-07-28 00:19:58 [DEBUG] python_multipart.multipart: Calling on_header_field with data[3510:3522]
2025-07-28 00:19:58 [DEBUG] python_multipart.multipart: Calling on_header_value with data[3524:3534]
2025-07-28 00:19:58 [DEBUG] python_multipart.multipart: Calling on_header_end with no data
2025-07-28 00:19:58 [DEBUG] python_multipart.multipart: Calling on_headers_finished with no data
2025-07-28 00:19:58 [DEBUG] python_multipart.multipart: Calling on_part_data with data[3538:6700]
2025-07-28 00:19:58 [DEBUG] python_multipart.multipart: Calling on_part_end with no data
2025-07-28 00:19:58 [DEBUG] python_multipart.multipart: Calling on_part_begin with no data
2025-07-28 00:19:58 [DEBUG] python_multipart.multipart: Calling on_header_field with data[6744:6763]
2025-07-28 00:19:58 [DEBUG] python_multipart.multipart: Calling on_header_value with data[6765:6811]
2025-07-28 00:19:58 [DEBUG] python_multipart.multipart: Calling on_header_end with no data
2025-07-28 00:19:58 [DEBUG] python_multipart.multipart: Calling on_header_field with data[6813:6825]
2025-07-28 00:19:58 [DEBUG] python_multipart.multipart: Calling on_header_value with data[6827:6837]
2025-07-28 00:19:58 [DEBUG] python_multipart.multipart: Calling on_header_end with no data
2025-07-28 00:19:58 [DEBUG] python_multipart.multipart: Calling on_headers_finished with no data
2025-07-28 00:19:58 [DEBUG] python_multipart.multipart: Calling on_part_data with data[6841:10003]
2025-07-28 00:19:58 [DEBUG] python_multipart.multipart: Calling on_part_end with no data
2025-07-28 00:19:58 [DEBUG] python_multipart.multipart: Calling on_part_begin with no data
2025-07-28 00:19:58 [DEBUG] python_multipart.multipart: Calling on_header_field with data[10047:10066]
2025-07-28 00:19:58 [DEBUG] python_multipart.multipart: Calling on_header_value with data[10068:10114]
2025-07-28 00:19:58 [DEBUG] python_multipart.multipart: Calling on_header_end with no data
2025-07-28 00:19:58 [DEBUG] python_multipart.multipart: Calling on_header_field with data[10116:10128]
2025-07-28 00:19:58 [DEBUG] python_multipart.multipart: Calling on_header_value with data[10130:10140]
2025-07-28 00:19:58 [DEBUG] python_multipart.multipart: Calling on_header_end with no data
2025-07-28 00:19:58 [DEBUG] python_multipart.multipart: Calling on_headers_finished with no data
2025-07-28 00:19:58 [DEBUG] python_multipart.multipart: Calling on_part_data with data[10144:13306]
2025-07-28 00:19:58 [DEBUG] python_multipart.multipart: Calling on_part_end with no data
2025-07-28 00:19:58 [DEBUG] python_multipart.multipart: Calling on_part_begin with no data
2025-07-28 00:19:58 [DEBUG] python_multipart.multipart: Calling on_header_field with data[13350:13369]
2025-07-28 00:19:58 [DEBUG] python_multipart.multipart: Calling on_header_value with data[13371:13417]
2025-07-28 00:19:58 [DEBUG] python_multipart.multipart: Calling on_header_end with no data
2025-07-28 00:19:58 [DEBUG] python_multipart.multipart: Calling on_header_field with data[13419:13431]
2025-07-28 00:19:58 [DEBUG] python_multipart.multipart: Calling on_header_value with data[13433:13443]
2025-07-28 00:19:58 [DEBUG] python_multipart.multipart: Calling on_header_end with no data
2025-07-28 00:19:58 [DEBUG] python_multipart.multipart: Calling on_headers_finished with no data
2025-07-28 00:19:58 [DEBUG] python_multipart.multipart: Calling on_part_data with data[13447:16609]
2025-07-28 00:19:58 [DEBUG] python_multipart.multipart: Calling on_part_end with no data
2025-07-28 00:19:58 [DEBUG] python_multipart.multipart: Calling on_part_begin with no data
2025-07-28 00:19:58 [DEBUG] python_multipart.multipart: Calling on_header_field with data[16653:16672]
2025-07-28 00:19:58 [DEBUG] python_multipart.multipart: Calling on_header_value with data[16674:16720]
2025-07-28 00:19:58 [DEBUG] python_multipart.multipart: Calling on_header_end with no data
2025-07-28 00:19:58 [DEBUG] python_multipart.multipart: Calling on_header_field with data[16722:16734]
2025-07-28 00:19:58 [DEBUG] python_multipart.multipart: Calling on_header_value with data[16736:16746]
2025-07-28 00:19:58 [DEBUG] python_multipart.multipart: Calling on_header_end with no data
2025-07-28 00:19:58 [DEBUG] python_multipart.multipart: Calling on_headers_finished with no data
2025-07-28 00:19:58 [DEBUG] python_multipart.multipart: Calling on_part_data with data[16750:19912]
2025-07-28 00:19:58 [DEBUG] python_multipart.multipart: Calling on_part_end with no data
2025-07-28 00:19:58 [DEBUG] python_multipart.multipart: Calling on_part_begin with no data
2025-07-28 00:19:58 [DEBUG] python_multipart.multipart: Calling on_header_field with data[19956:19975]
2025-07-28 00:19:58 [DEBUG] python_multipart.multipart: Calling on_header_value with data[19977:20023]
2025-07-28 00:19:58 [DEBUG] python_multipart.multipart: Calling on_header_end with no data
2025-07-28 00:19:58 [DEBUG] python_multipart.multipart: Calling on_header_field with data[20025:20037]
2025-07-28 00:19:58 [DEBUG] python_multipart.multipart: Calling on_header_value with data[20039:20049]
2025-07-28 00:19:58 [DEBUG] python_multipart.multipart: Calling on_header_end with no data
2025-07-28 00:19:58 [DEBUG] python_multipart.multipart: Calling on_headers_finished with no data
2025-07-28 00:19:58 [DEBUG] python_multipart.multipart: Calling on_part_data with data[20053:23215]
2025-07-28 00:19:58 [DEBUG] python_multipart.multipart: Calling on_part_end with no data
2025-07-28 00:19:58 [DEBUG] python_multipart.multipart: Calling on_part_begin with no data
2025-07-28 00:19:58 [DEBUG] python_multipart.multipart: Calling on_header_field with data[23259:23278]
2025-07-28 00:19:58 [DEBUG] python_multipart.multipart: Calling on_header_value with data[23280:23326]
2025-07-28 00:19:58 [DEBUG] python_multipart.multipart: Calling on_header_end with no data
2025-07-28 00:19:58 [DEBUG] python_multipart.multipart: Calling on_header_field with data[23328:23340]
2025-07-28 00:19:58 [DEBUG] python_multipart.multipart: Calling on_header_value with data[23342:23352]
2025-07-28 00:19:58 [DEBUG] python_multipart.multipart: Calling on_header_end with no data
2025-07-28 00:19:58 [DEBUG] python_multipart.multipart: Calling on_headers_finished with no data
2025-07-28 00:19:58 [DEBUG] python_multipart.multipart: Calling on_part_data with data[23356:26518]
2025-07-28 00:19:58 [DEBUG] python_multipart.multipart: Calling on_part_end with no data
2025-07-28 00:19:58 [DEBUG] python_multipart.multipart: Calling on_part_begin with no data
2025-07-28 00:19:58 [DEBUG] python_multipart.multipart: Calling on_header_field with data[26562:26581]
2025-07-28 00:19:58 [DEBUG] python_multipart.multipart: Calling on_header_value with data[26583:26629]
2025-07-28 00:19:58 [DEBUG] python_multipart.multipart: Calling on_header_end with no data
2025-07-28 00:19:58 [DEBUG] python_multipart.multipart: Calling on_header_field with data[26631:26643]
2025-07-28 00:19:58 [DEBUG] python_multipart.multipart: Calling on_header_value with data[26645:26655]
2025-07-28 00:19:58 [DEBUG] python_multipart.multipart: Calling on_header_end with no data
2025-07-28 00:19:58 [DEBUG] python_multipart.multipart: Calling on_headers_finished with no data
2025-07-28 00:19:58 [DEBUG] python_multipart.multipart: Calling on_part_data with data[26659:29821]
2025-07-28 00:19:58 [DEBUG] python_multipart.multipart: Calling on_part_end with no data
2025-07-28 00:19:58 [DEBUG] python_multipart.multipart: Calling on_part_begin with no data
2025-07-28 00:19:58 [DEBUG] python_multipart.multipart: Calling on_header_field with data[29865:29884]
2025-07-28 00:19:58 [DEBUG] python_multipart.multipart: Calling on_header_value with data[29886:29933]
2025-07-28 00:19:58 [DEBUG] python_multipart.multipart: Calling on_header_end with no data
2025-07-28 00:19:58 [DEBUG] python_multipart.multipart: Calling on_header_field with data[29935:29947]
2025-07-28 00:19:58 [DEBUG] python_multipart.multipart: Calling on_header_value with data[29949:29959]
2025-07-28 00:19:58 [DEBUG] python_multipart.multipart: Calling on_header_end with no data
2025-07-28 00:19:58 [DEBUG] python_multipart.multipart: Calling on_headers_finished with no data
2025-07-28 00:19:58 [DEBUG] python_multipart.multipart: Calling on_part_data with data[29963:33125]
2025-07-28 00:19:58 [DEBUG] python_multipart.multipart: Calling on_part_end with no data
2025-07-28 00:19:58 [DEBUG] python_multipart.multipart: Calling on_part_begin with no data
2025-07-28 00:19:58 [DEBUG] python_multipart.multipart: Calling on_header_field with data[33169:33188]
2025-07-28 00:19:58 [DEBUG] python_multipart.multipart: Calling on_header_value with data[33190:33237]
2025-07-28 00:19:58 [DEBUG] python_multipart.multipart: Calling on_header_end with no data
2025-07-28 00:19:58 [DEBUG] python_multipart.multipart: Calling on_header_field with data[33239:33251]
2025-07-28 00:19:58 [DEBUG] python_multipart.multipart: Calling on_header_value with data[33253:33263]
2025-07-28 00:19:58 [DEBUG] python_multipart.multipart: Calling on_header_end with no data
2025-07-28 00:19:58 [DEBUG] python_multipart.multipart: Calling on_headers_finished with no data
2025-07-28 00:19:58 [DEBUG] python_multipart.multipart: Calling on_part_data with data[33267:36429]
2025-07-28 00:19:58 [DEBUG] python_multipart.multipart: Calling on_part_end with no data
2025-07-28 00:19:58 [DEBUG] python_multipart.multipart: Calling on_part_begin with no data
2025-07-28 00:19:58 [DEBUG] python_multipart.multipart: Calling on_header_field with data[36473:36492]
2025-07-28 00:19:58 [DEBUG] python_multipart.multipart: Calling on_header_value with data[36494:36541]
2025-07-28 00:19:58 [DEBUG] python_multipart.multipart: Calling on_header_end with no data
2025-07-28 00:19:58 [DEBUG] python_multipart.multipart: Calling on_header_field with data[36543:36555]
2025-07-28 00:19:58 [DEBUG] python_multipart.multipart: Calling on_header_value with data[36557:36567]
2025-07-28 00:19:58 [DEBUG] python_multipart.multipart: Calling on_header_end with no data
2025-07-28 00:19:58 [DEBUG] python_multipart.multipart: Calling on_headers_finished with no data
2025-07-28 00:19:58 [DEBUG] python_multipart.multipart: Calling on_part_data with data[36571:39733]
2025-07-28 00:19:58 [DEBUG] python_multipart.multipart: Calling on_part_end with no data
2025-07-28 00:19:58 [DEBUG] python_multipart.multipart: Calling on_part_begin with no data
2025-07-28 00:19:58 [DEBUG] python_multipart.multipart: Calling on_header_field with data[39777:39796]
2025-07-28 00:19:58 [DEBUG] python_multipart.multipart: Calling on_header_value with data[39798:39845]
2025-07-28 00:19:58 [DEBUG] python_multipart.multipart: Calling on_header_end with no data
2025-07-28 00:19:58 [DEBUG] python_multipart.multipart: Calling on_header_field with data[39847:39859]
2025-07-28 00:19:58 [DEBUG] python_multipart.multipart: Calling on_header_value with data[39861:39871]
2025-07-28 00:19:58 [DEBUG] python_multipart.multipart: Calling on_header_end with no data
2025-07-28 00:19:58 [DEBUG] python_multipart.multipart: Calling on_headers_finished with no data
2025-07-28 00:19:58 [DEBUG] python_multipart.multipart: Calling on_part_data with data[39875:43037]
2025-07-28 00:19:58 [DEBUG] python_multipart.multipart: Calling on_part_end with no data
2025-07-28 00:19:58 [DEBUG] python_multipart.multipart: Calling on_part_begin with no data
2025-07-28 00:19:58 [DEBUG] python_multipart.multipart: Calling on_header_field with data[43081:43100]
2025-07-28 00:19:58 [DEBUG] python_multipart.multipart: Calling on_header_value with data[43102:43149]
2025-07-28 00:19:58 [DEBUG] python_multipart.multipart: Calling on_header_end with no data
2025-07-28 00:19:58 [DEBUG] python_multipart.multipart: Calling on_header_field with data[43151:43163]
2025-07-28 00:19:58 [DEBUG] python_multipart.multipart: Calling on_header_value with data[43165:43175]
2025-07-28 00:19:58 [DEBUG] python_multipart.multipart: Calling on_header_end with no data
2025-07-28 00:19:58 [DEBUG] python_multipart.multipart: Calling on_headers_finished with no data
2025-07-28 00:19:58 [DEBUG] python_multipart.multipart: Calling on_part_data with data[43179:46341]
2025-07-28 00:19:58 [DEBUG] python_multipart.multipart: Calling on_part_end with no data
2025-07-28 00:19:58 [DEBUG] python_multipart.multipart: Calling on_part_begin with no data
2025-07-28 00:19:58 [DEBUG] python_multipart.multipart: Calling on_header_field with data[46385:46404]
2025-07-28 00:19:58 [DEBUG] python_multipart.multipart: Calling on_header_value with data[46406:46453]
2025-07-28 00:19:58 [DEBUG] python_multipart.multipart: Calling on_header_end with no data
2025-07-28 00:19:58 [DEBUG] python_multipart.multipart: Calling on_header_field with data[46455:46467]
2025-07-28 00:19:58 [DEBUG] python_multipart.multipart: Calling on_header_value with data[46469:46479]
2025-07-28 00:19:58 [DEBUG] python_multipart.multipart: Calling on_header_end with no data
2025-07-28 00:19:58 [DEBUG] python_multipart.multipart: Calling on_headers_finished with no data
2025-07-28 00:19:58 [DEBUG] python_multipart.multipart: Calling on_part_data with data[46483:49645]
2025-07-28 00:19:58 [DEBUG] python_multipart.multipart: Calling on_part_end with no data
2025-07-28 00:19:58 [DEBUG] python_multipart.multipart: Calling on_part_begin with no data
2025-07-28 00:19:58 [DEBUG] python_multipart.multipart: Calling on_header_field with data[49689:49708]
2025-07-28 00:19:58 [DEBUG] python_multipart.multipart: Calling on_header_value with data[49710:49757]
2025-07-28 00:19:58 [DEBUG] python_multipart.multipart: Calling on_header_end with no data
2025-07-28 00:19:58 [DEBUG] python_multipart.multipart: Calling on_header_field with data[49759:49771]
2025-07-28 00:19:58 [DEBUG] python_multipart.multipart: Calling on_header_value with data[49773:49783]
2025-07-28 00:19:58 [DEBUG] python_multipart.multipart: Calling on_header_end with no data
2025-07-28 00:19:58 [DEBUG] python_multipart.multipart: Calling on_headers_finished with no data
2025-07-28 00:19:58 [DEBUG] python_multipart.multipart: Calling on_part_data with data[49787:52949]
2025-07-28 00:19:58 [DEBUG] python_multipart.multipart: Calling on_part_end with no data
2025-07-28 00:19:58 [DEBUG] python_multipart.multipart: Calling on_part_begin with no data
2025-07-28 00:19:58 [DEBUG] python_multipart.multipart: Calling on_header_field with data[52993:53012]
2025-07-28 00:19:58 [DEBUG] python_multipart.multipart: Calling on_header_value with data[53014:53061]
2025-07-28 00:19:58 [DEBUG] python_multipart.multipart: Calling on_header_end with no data
2025-07-28 00:19:58 [DEBUG] python_multipart.multipart: Calling on_header_field with data[53063:53075]
2025-07-28 00:19:58 [DEBUG] python_multipart.multipart: Calling on_header_value with data[53077:53087]
2025-07-28 00:19:58 [DEBUG] python_multipart.multipart: Calling on_header_end with no data
2025-07-28 00:19:58 [DEBUG] python_multipart.multipart: Calling on_headers_finished with no data
2025-07-28 00:19:58 [DEBUG] python_multipart.multipart: Calling on_part_data with data[53091:56253]
2025-07-28 00:19:58 [DEBUG] python_multipart.multipart: Calling on_part_end with no data
2025-07-28 00:19:58 [DEBUG] python_multipart.multipart: Calling on_part_begin with no data
2025-07-28 00:19:58 [DEBUG] python_multipart.multipart: Calling on_header_field with data[56297:56316]
2025-07-28 00:19:58 [DEBUG] python_multipart.multipart: Calling on_header_value with data[56318:56365]
2025-07-28 00:19:58 [DEBUG] python_multipart.multipart: Calling on_header_end with no data
2025-07-28 00:19:58 [DEBUG] python_multipart.multipart: Calling on_header_field with data[56367:56379]
2025-07-28 00:19:58 [DEBUG] python_multipart.multipart: Calling on_header_value with data[56381:56391]
2025-07-28 00:19:58 [DEBUG] python_multipart.multipart: Calling on_header_end with no data
2025-07-28 00:19:58 [DEBUG] python_multipart.multipart: Calling on_headers_finished with no data
2025-07-28 00:19:58 [DEBUG] python_multipart.multipart: Calling on_part_data with data[56395:59557]
2025-07-28 00:19:58 [DEBUG] python_multipart.multipart: Calling on_part_end with no data
2025-07-28 00:19:58 [DEBUG] python_multipart.multipart: Calling on_part_begin with no data
2025-07-28 00:19:58 [DEBUG] python_multipart.multipart: Calling on_header_field with data[59601:59620]
2025-07-28 00:19:58 [DEBUG] python_multipart.multipart: Calling on_header_value with data[59622:59669]
2025-07-28 00:19:58 [DEBUG] python_multipart.multipart: Calling on_header_end with no data
2025-07-28 00:19:58 [DEBUG] python_multipart.multipart: Calling on_header_field with data[59671:59683]
2025-07-28 00:19:58 [DEBUG] python_multipart.multipart: Calling on_header_value with data[59685:59695]
2025-07-28 00:19:58 [DEBUG] python_multipart.multipart: Calling on_header_end with no data
2025-07-28 00:19:58 [DEBUG] python_multipart.multipart: Calling on_headers_finished with no data
2025-07-28 00:19:58 [DEBUG] python_multipart.multipart: Calling on_part_data with data[59699:62861]
2025-07-28 00:19:58 [DEBUG] python_multipart.multipart: Calling on_part_end with no data
2025-07-28 00:19:58 [DEBUG] python_multipart.multipart: Calling on_part_begin with no data
2025-07-28 00:19:58 [DEBUG] python_multipart.multipart: Calling on_header_field with data[62905:62924]
2025-07-28 00:19:58 [DEBUG] python_multipart.multipart: Calling on_header_value with data[62926:62973]
2025-07-28 00:19:58 [DEBUG] python_multipart.multipart: Calling on_header_end with no data
2025-07-28 00:19:58 [DEBUG] python_multipart.multipart: Calling on_header_field with data[62975:62987]
2025-07-28 00:19:58 [DEBUG] python_multipart.multipart: Calling on_header_value with data[62989:62999]
2025-07-28 00:19:58 [DEBUG] python_multipart.multipart: Calling on_header_end with no data
2025-07-28 00:19:58 [DEBUG] python_multipart.multipart: Calling on_headers_finished with no data
2025-07-28 00:19:58 [DEBUG] python_multipart.multipart: Calling on_part_data with data[63003:66165]
2025-07-28 00:19:58 [DEBUG] python_multipart.multipart: Calling on_part_end with no data
2025-07-28 00:19:58 [DEBUG] python_multipart.multipart: Calling on_part_begin with no data
2025-07-28 00:19:58 [DEBUG] python_multipart.multipart: Calling on_header_field with data[66209:66228]
2025-07-28 00:19:58 [DEBUG] python_multipart.multipart: Calling on_header_value with data[66230:66277]
2025-07-28 00:19:58 [DEBUG] python_multipart.multipart: Calling on_header_end with no data
2025-07-28 00:19:58 [DEBUG] python_multipart.multipart: Calling on_header_field with data[66279:66291]
2025-07-28 00:19:58 [DEBUG] python_multipart.multipart: Calling on_header_value with data[66293:66303]
2025-07-28 00:19:58 [DEBUG] python_multipart.multipart: Calling on_header_end with no data
2025-07-28 00:19:58 [DEBUG] python_multipart.multipart: Calling on_headers_finished with no data
2025-07-28 00:19:58 [DEBUG] python_multipart.multipart: Calling on_part_data with data[66307:69469]
2025-07-28 00:19:58 [DEBUG] python_multipart.multipart: Calling on_part_end with no data
2025-07-28 00:19:58 [DEBUG] python_multipart.multipart: Calling on_part_begin with no data
2025-07-28 00:19:58 [DEBUG] python_multipart.multipart: Calling on_header_field with data[69513:69532]
2025-07-28 00:19:58 [DEBUG] python_multipart.multipart: Calling on_header_value with data[69534:69581]
2025-07-28 00:19:58 [DEBUG] python_multipart.multipart: Calling on_header_end with no data
2025-07-28 00:19:58 [DEBUG] python_multipart.multipart: Calling on_header_field with data[69583:69595]
2025-07-28 00:19:58 [DEBUG] python_multipart.multipart: Calling on_header_value with data[69597:69607]
2025-07-28 00:19:58 [DEBUG] python_multipart.multipart: Calling on_header_end with no data
2025-07-28 00:19:58 [DEBUG] python_multipart.multipart: Calling on_headers_finished with no data
2025-07-28 00:19:58 [DEBUG] python_multipart.multipart: Calling on_part_data with data[69611:72773]
2025-07-28 00:19:58 [DEBUG] python_multipart.multipart: Calling on_part_end with no data
2025-07-28 00:19:58 [DEBUG] python_multipart.multipart: Calling on_part_begin with no data
2025-07-28 00:19:58 [DEBUG] python_multipart.multipart: Calling on_header_field with data[72817:72836]
2025-07-28 00:19:58 [DEBUG] python_multipart.multipart: Calling on_header_value with data[72838:72885]
2025-07-28 00:19:58 [DEBUG] python_multipart.multipart: Calling on_header_end with no data
2025-07-28 00:19:58 [DEBUG] python_multipart.multipart: Calling on_header_field with data[72887:72899]
2025-07-28 00:19:58 [DEBUG] python_multipart.multipart: Calling on_header_value with data[72901:72911]
2025-07-28 00:19:58 [DEBUG] python_multipart.multipart: Calling on_header_end with no data
2025-07-28 00:19:58 [DEBUG] python_multipart.multipart: Calling on_headers_finished with no data
2025-07-28 00:19:58 [DEBUG] python_multipart.multipart: Calling on_part_data with data[72915:76077]
2025-07-28 00:19:58 [DEBUG] python_multipart.multipart: Calling on_part_end with no data
2025-07-28 00:19:58 [DEBUG] python_multipart.multipart: Calling on_part_begin with no data
2025-07-28 00:19:58 [DEBUG] python_multipart.multipart: Calling on_header_field with data[76121:76140]
2025-07-28 00:19:58 [DEBUG] python_multipart.multipart: Calling on_header_value with data[76142:76189]
2025-07-28 00:19:58 [DEBUG] python_multipart.multipart: Calling on_header_end with no data
2025-07-28 00:19:58 [DEBUG] python_multipart.multipart: Calling on_header_field with data[76191:76203]
2025-07-28 00:19:58 [DEBUG] python_multipart.multipart: Calling on_header_value with data[76205:76215]
2025-07-28 00:19:58 [DEBUG] python_multipart.multipart: Calling on_header_end with no data
2025-07-28 00:19:58 [DEBUG] python_multipart.multipart: Calling on_headers_finished with no data
2025-07-28 00:19:58 [DEBUG] python_multipart.multipart: Calling on_part_data with data[76219:79381]
2025-07-28 00:19:58 [DEBUG] python_multipart.multipart: Calling on_part_end with no data
2025-07-28 00:19:58 [DEBUG] python_multipart.multipart: Calling on_part_begin with no data
2025-07-28 00:19:58 [DEBUG] python_multipart.multipart: Calling on_header_field with data[79425:79444]
2025-07-28 00:19:58 [DEBUG] python_multipart.multipart: Calling on_header_value with data[79446:79493]
2025-07-28 00:19:58 [DEBUG] python_multipart.multipart: Calling on_header_end with no data
2025-07-28 00:19:58 [DEBUG] python_multipart.multipart: Calling on_header_field with data[79495:79507]
2025-07-28 00:19:58 [DEBUG] python_multipart.multipart: Calling on_header_value with data[79509:79519]
2025-07-28 00:19:58 [DEBUG] python_multipart.multipart: Calling on_header_end with no data
2025-07-28 00:19:58 [DEBUG] python_multipart.multipart: Calling on_headers_finished with no data
2025-07-28 00:19:58 [DEBUG] python_multipart.multipart: Calling on_part_data with data[79523:81920]
2025-07-28 00:19:58 [DEBUG] python_multipart.multipart: Calling on_part_data with data[0:765]
2025-07-28 00:19:58 [DEBUG] python_multipart.multipart: Calling on_part_end with no data
2025-07-28 00:19:58 [DEBUG] python_multipart.multipart: Calling on_part_begin with no data
2025-07-28 00:19:58 [DEBUG] python_multipart.multipart: Calling on_header_field with data[809:828]
2025-07-28 00:19:58 [DEBUG] python_multipart.multipart: Calling on_header_value with data[830:877]
2025-07-28 00:19:58 [DEBUG] python_multipart.multipart: Calling on_header_end with no data
2025-07-28 00:19:58 [DEBUG] python_multipart.multipart: Calling on_header_field with data[879:891]
2025-07-28 00:19:58 [DEBUG] python_multipart.multipart: Calling on_header_value with data[893:903]
2025-07-28 00:19:58 [DEBUG] python_multipart.multipart: Calling on_header_end with no data
2025-07-28 00:19:58 [DEBUG] python_multipart.multipart: Calling on_headers_finished with no data
2025-07-28 00:19:58 [DEBUG] python_multipart.multipart: Calling on_part_data with data[907:4069]
2025-07-28 00:19:58 [DEBUG] python_multipart.multipart: Calling on_part_end with no data
2025-07-28 00:19:58 [DEBUG] python_multipart.multipart: Calling on_part_begin with no data
2025-07-28 00:19:58 [DEBUG] python_multipart.multipart: Calling on_header_field with data[4113:4132]
2025-07-28 00:19:58 [DEBUG] python_multipart.multipart: Calling on_header_value with data[4134:4181]
2025-07-28 00:19:58 [DEBUG] python_multipart.multipart: Calling on_header_end with no data
2025-07-28 00:19:58 [DEBUG] python_multipart.multipart: Calling on_header_field with data[4183:4195]
2025-07-28 00:19:58 [DEBUG] python_multipart.multipart: Calling on_header_value with data[4197:4207]
2025-07-28 00:19:58 [DEBUG] python_multipart.multipart: Calling on_header_end with no data
2025-07-28 00:19:58 [DEBUG] python_multipart.multipart: Calling on_headers_finished with no data
2025-07-28 00:19:58 [DEBUG] python_multipart.multipart: Calling on_part_data with data[4211:7373]
2025-07-28 00:19:58 [DEBUG] python_multipart.multipart: Calling on_part_end with no data
2025-07-28 00:19:58 [DEBUG] python_multipart.multipart: Calling on_part_begin with no data
2025-07-28 00:19:58 [DEBUG] python_multipart.multipart: Calling on_header_field with data[7417:7436]
2025-07-28 00:19:58 [DEBUG] python_multipart.multipart: Calling on_header_value with data[7438:7485]
2025-07-28 00:19:58 [DEBUG] python_multipart.multipart: Calling on_header_end with no data
2025-07-28 00:19:58 [DEBUG] python_multipart.multipart: Calling on_header_field with data[7487:7499]
2025-07-28 00:19:58 [DEBUG] python_multipart.multipart: Calling on_header_value with data[7501:7511]
2025-07-28 00:19:58 [DEBUG] python_multipart.multipart: Calling on_header_end with no data
2025-07-28 00:19:58 [DEBUG] python_multipart.multipart: Calling on_headers_finished with no data
2025-07-28 00:19:58 [DEBUG] python_multipart.multipart: Calling on_part_data with data[7515:10677]
2025-07-28 00:19:58 [DEBUG] python_multipart.multipart: Calling on_part_end with no data
2025-07-28 00:19:58 [DEBUG] python_multipart.multipart: Calling on_part_begin with no data
2025-07-28 00:19:58 [DEBUG] python_multipart.multipart: Calling on_header_field with data[10721:10740]
2025-07-28 00:19:58 [DEBUG] python_multipart.multipart: Calling on_header_value with data[10742:10789]
2025-07-28 00:19:58 [DEBUG] python_multipart.multipart: Calling on_header_end with no data
2025-07-28 00:19:58 [DEBUG] python_multipart.multipart: Calling on_header_field with data[10791:10803]
2025-07-28 00:19:58 [DEBUG] python_multipart.multipart: Calling on_header_value with data[10805:10815]
2025-07-28 00:19:58 [DEBUG] python_multipart.multipart: Calling on_header_end with no data
2025-07-28 00:19:58 [DEBUG] python_multipart.multipart: Calling on_headers_finished with no data
2025-07-28 00:19:58 [DEBUG] python_multipart.multipart: Calling on_part_data with data[10819:13981]
2025-07-28 00:19:58 [DEBUG] python_multipart.multipart: Calling on_part_end with no data
2025-07-28 00:19:58 [DEBUG] python_multipart.multipart: Calling on_part_begin with no data
2025-07-28 00:19:58 [DEBUG] python_multipart.multipart: Calling on_header_field with data[14025:14044]
2025-07-28 00:19:58 [DEBUG] python_multipart.multipart: Calling on_header_value with data[14046:14093]
2025-07-28 00:19:58 [DEBUG] python_multipart.multipart: Calling on_header_end with no data
2025-07-28 00:19:58 [DEBUG] python_multipart.multipart: Calling on_header_field with data[14095:14107]
2025-07-28 00:19:58 [DEBUG] python_multipart.multipart: Calling on_header_value with data[14109:14119]
2025-07-28 00:19:58 [DEBUG] python_multipart.multipart: Calling on_header_end with no data
2025-07-28 00:19:58 [DEBUG] python_multipart.multipart: Calling on_headers_finished with no data
2025-07-28 00:19:58 [DEBUG] python_multipart.multipart: Calling on_part_data with data[14123:17285]
2025-07-28 00:19:58 [DEBUG] python_multipart.multipart: Calling on_part_end with no data
2025-07-28 00:19:58 [DEBUG] python_multipart.multipart: Calling on_part_begin with no data
2025-07-28 00:19:58 [DEBUG] python_multipart.multipart: Calling on_header_field with data[17329:17348]
2025-07-28 00:19:58 [DEBUG] python_multipart.multipart: Calling on_header_value with data[17350:17397]
2025-07-28 00:19:58 [DEBUG] python_multipart.multipart: Calling on_header_end with no data
2025-07-28 00:19:58 [DEBUG] python_multipart.multipart: Calling on_header_field with data[17399:17411]
2025-07-28 00:19:58 [DEBUG] python_multipart.multipart: Calling on_header_value with data[17413:17423]
2025-07-28 00:19:58 [DEBUG] python_multipart.multipart: Calling on_header_end with no data
2025-07-28 00:19:58 [DEBUG] python_multipart.multipart: Calling on_headers_finished with no data
2025-07-28 00:19:58 [DEBUG] python_multipart.multipart: Calling on_part_data with data[17427:20589]
2025-07-28 00:19:58 [DEBUG] python_multipart.multipart: Calling on_part_end with no data
2025-07-28 00:19:58 [DEBUG] python_multipart.multipart: Calling on_part_begin with no data
2025-07-28 00:19:58 [DEBUG] python_multipart.multipart: Calling on_header_field with data[20633:20652]
2025-07-28 00:19:58 [DEBUG] python_multipart.multipart: Calling on_header_value with data[20654:20701]
2025-07-28 00:19:58 [DEBUG] python_multipart.multipart: Calling on_header_end with no data
2025-07-28 00:19:58 [DEBUG] python_multipart.multipart: Calling on_header_field with data[20703:20715]
2025-07-28 00:19:58 [DEBUG] python_multipart.multipart: Calling on_header_value with data[20717:20727]
2025-07-28 00:19:58 [DEBUG] python_multipart.multipart: Calling on_header_end with no data
2025-07-28 00:19:58 [DEBUG] python_multipart.multipart: Calling on_headers_finished with no data
2025-07-28 00:19:58 [DEBUG] python_multipart.multipart: Calling on_part_data with data[20731:23893]
2025-07-28 00:19:58 [DEBUG] python_multipart.multipart: Calling on_part_end with no data
2025-07-28 00:19:58 [DEBUG] python_multipart.multipart: Calling on_part_begin with no data
2025-07-28 00:19:58 [DEBUG] python_multipart.multipart: Calling on_header_field with data[23937:23956]
2025-07-28 00:19:58 [DEBUG] python_multipart.multipart: Calling on_header_value with data[23958:24005]
2025-07-28 00:19:58 [DEBUG] python_multipart.multipart: Calling on_header_end with no data
2025-07-28 00:19:58 [DEBUG] python_multipart.multipart: Calling on_header_field with data[24007:24019]
2025-07-28 00:19:58 [DEBUG] python_multipart.multipart: Calling on_header_value with data[24021:24031]
2025-07-28 00:19:58 [DEBUG] python_multipart.multipart: Calling on_header_end with no data
2025-07-28 00:19:58 [DEBUG] python_multipart.multipart: Calling on_headers_finished with no data
2025-07-28 00:19:58 [DEBUG] python_multipart.multipart: Calling on_part_data with data[24035:27197]
2025-07-28 00:19:58 [DEBUG] python_multipart.multipart: Calling on_part_end with no data
2025-07-28 00:19:58 [DEBUG] python_multipart.multipart: Calling on_part_begin with no data
2025-07-28 00:19:58 [DEBUG] python_multipart.multipart: Calling on_header_field with data[27241:27260]
2025-07-28 00:19:58 [DEBUG] python_multipart.multipart: Calling on_header_value with data[27262:27309]
2025-07-28 00:19:58 [DEBUG] python_multipart.multipart: Calling on_header_end with no data
2025-07-28 00:19:58 [DEBUG] python_multipart.multipart: Calling on_header_field with data[27311:27323]
2025-07-28 00:19:58 [DEBUG] python_multipart.multipart: Calling on_header_value with data[27325:27335]
2025-07-28 00:19:58 [DEBUG] python_multipart.multipart: Calling on_header_end with no data
2025-07-28 00:19:58 [DEBUG] python_multipart.multipart: Calling on_headers_finished with no data
2025-07-28 00:19:58 [DEBUG] python_multipart.multipart: Calling on_part_data with data[27339:30501]
2025-07-28 00:19:58 [DEBUG] python_multipart.multipart: Calling on_part_end with no data
2025-07-28 00:19:58 [DEBUG] python_multipart.multipart: Calling on_part_begin with no data
2025-07-28 00:19:58 [DEBUG] python_multipart.multipart: Calling on_header_field with data[30545:30564]
2025-07-28 00:19:58 [DEBUG] python_multipart.multipart: Calling on_header_value with data[30566:30613]
2025-07-28 00:19:58 [DEBUG] python_multipart.multipart: Calling on_header_end with no data
2025-07-28 00:19:58 [DEBUG] python_multipart.multipart: Calling on_header_field with data[30615:30627]
2025-07-28 00:19:58 [DEBUG] python_multipart.multipart: Calling on_header_value with data[30629:30639]
2025-07-28 00:19:58 [DEBUG] python_multipart.multipart: Calling on_header_end with no data
2025-07-28 00:19:58 [DEBUG] python_multipart.multipart: Calling on_headers_finished with no data
2025-07-28 00:19:58 [DEBUG] python_multipart.multipart: Calling on_part_data with data[30643:33805]
2025-07-28 00:19:58 [DEBUG] python_multipart.multipart: Calling on_part_end with no data
2025-07-28 00:19:58 [DEBUG] python_multipart.multipart: Calling on_part_begin with no data
2025-07-28 00:19:58 [DEBUG] python_multipart.multipart: Calling on_header_field with data[33849:33868]
2025-07-28 00:19:58 [DEBUG] python_multipart.multipart: Calling on_header_value with data[33870:33917]
2025-07-28 00:19:58 [DEBUG] python_multipart.multipart: Calling on_header_end with no data
2025-07-28 00:19:58 [DEBUG] python_multipart.multipart: Calling on_header_field with data[33919:33931]
2025-07-28 00:19:58 [DEBUG] python_multipart.multipart: Calling on_header_value with data[33933:33943]
2025-07-28 00:19:58 [DEBUG] python_multipart.multipart: Calling on_header_end with no data
2025-07-28 00:19:58 [DEBUG] python_multipart.multipart: Calling on_headers_finished with no data
2025-07-28 00:19:58 [DEBUG] python_multipart.multipart: Calling on_part_data with data[33947:37109]
2025-07-28 00:19:58 [DEBUG] python_multipart.multipart: Calling on_part_end with no data
2025-07-28 00:19:58 [DEBUG] python_multipart.multipart: Calling on_part_begin with no data
2025-07-28 00:19:58 [DEBUG] python_multipart.multipart: Calling on_header_field with data[37153:37172]
2025-07-28 00:19:58 [DEBUG] python_multipart.multipart: Calling on_header_value with data[37174:37221]
2025-07-28 00:19:58 [DEBUG] python_multipart.multipart: Calling on_header_end with no data
2025-07-28 00:19:58 [DEBUG] python_multipart.multipart: Calling on_header_field with data[37223:37235]
2025-07-28 00:19:58 [DEBUG] python_multipart.multipart: Calling on_header_value with data[37237:37247]
2025-07-28 00:19:58 [DEBUG] python_multipart.multipart: Calling on_header_end with no data
2025-07-28 00:19:58 [DEBUG] python_multipart.multipart: Calling on_headers_finished with no data
2025-07-28 00:19:58 [DEBUG] python_multipart.multipart: Calling on_part_data with data[37251:40413]
2025-07-28 00:19:58 [DEBUG] python_multipart.multipart: Calling on_part_end with no data
2025-07-28 00:19:58 [DEBUG] python_multipart.multipart: Calling on_part_begin with no data
2025-07-28 00:19:58 [DEBUG] python_multipart.multipart: Calling on_header_field with data[40457:40476]
2025-07-28 00:19:58 [DEBUG] python_multipart.multipart: Calling on_header_value with data[40478:40525]
2025-07-28 00:19:58 [DEBUG] python_multipart.multipart: Calling on_header_end with no data
2025-07-28 00:19:58 [DEBUG] python_multipart.multipart: Calling on_header_field with data[40527:40539]
2025-07-28 00:19:58 [DEBUG] python_multipart.multipart: Calling on_header_value with data[40541:40551]
2025-07-28 00:19:58 [DEBUG] python_multipart.multipart: Calling on_header_end with no data
2025-07-28 00:19:58 [DEBUG] python_multipart.multipart: Calling on_headers_finished with no data
2025-07-28 00:19:58 [DEBUG] python_multipart.multipart: Calling on_part_data with data[40555:43717]
2025-07-28 00:19:58 [DEBUG] python_multipart.multipart: Calling on_part_end with no data
2025-07-28 00:19:58 [DEBUG] python_multipart.multipart: Calling on_part_begin with no data
2025-07-28 00:19:58 [DEBUG] python_multipart.multipart: Calling on_header_field with data[43761:43780]
2025-07-28 00:19:58 [DEBUG] python_multipart.multipart: Calling on_header_value with data[43782:43829]
2025-07-28 00:19:58 [DEBUG] python_multipart.multipart: Calling on_header_end with no data
2025-07-28 00:19:58 [DEBUG] python_multipart.multipart: Calling on_header_field with data[43831:43843]
2025-07-28 00:19:58 [DEBUG] python_multipart.multipart: Calling on_header_value with data[43845:43855]
2025-07-28 00:19:58 [DEBUG] python_multipart.multipart: Calling on_header_end with no data
2025-07-28 00:19:58 [DEBUG] python_multipart.multipart: Calling on_headers_finished with no data
2025-07-28 00:19:58 [DEBUG] python_multipart.multipart: Calling on_part_data with data[43859:47021]
2025-07-28 00:19:58 [DEBUG] python_multipart.multipart: Calling on_part_end with no data
2025-07-28 00:19:58 [DEBUG] python_multipart.multipart: Calling on_part_begin with no data
2025-07-28 00:19:58 [DEBUG] python_multipart.multipart: Calling on_header_field with data[47065:47084]
2025-07-28 00:19:58 [DEBUG] python_multipart.multipart: Calling on_header_value with data[47086:47133]
2025-07-28 00:19:58 [DEBUG] python_multipart.multipart: Calling on_header_end with no data
2025-07-28 00:19:58 [DEBUG] python_multipart.multipart: Calling on_header_field with data[47135:47147]
2025-07-28 00:19:58 [DEBUG] python_multipart.multipart: Calling on_header_value with data[47149:47159]
2025-07-28 00:19:58 [DEBUG] python_multipart.multipart: Calling on_header_end with no data
2025-07-28 00:19:58 [DEBUG] python_multipart.multipart: Calling on_headers_finished with no data
2025-07-28 00:19:58 [DEBUG] python_multipart.multipart: Calling on_part_data with data[47163:50325]
2025-07-28 00:19:58 [DEBUG] python_multipart.multipart: Calling on_part_end with no data
2025-07-28 00:19:58 [DEBUG] python_multipart.multipart: Calling on_part_begin with no data
2025-07-28 00:19:58 [DEBUG] python_multipart.multipart: Calling on_header_field with data[50369:50388]
2025-07-28 00:19:58 [DEBUG] python_multipart.multipart: Calling on_header_value with data[50390:50437]
2025-07-28 00:19:58 [DEBUG] python_multipart.multipart: Calling on_header_end with no data
2025-07-28 00:19:58 [DEBUG] python_multipart.multipart: Calling on_header_field with data[50439:50451]
2025-07-28 00:19:58 [DEBUG] python_multipart.multipart: Calling on_header_value with data[50453:50463]
2025-07-28 00:19:58 [DEBUG] python_multipart.multipart: Calling on_header_end with no data
2025-07-28 00:19:58 [DEBUG] python_multipart.multipart: Calling on_headers_finished with no data
2025-07-28 00:19:58 [DEBUG] python_multipart.multipart: Calling on_part_data with data[50467:53629]
2025-07-28 00:19:58 [DEBUG] python_multipart.multipart: Calling on_part_end with no data
2025-07-28 00:19:58 [DEBUG] python_multipart.multipart: Calling on_part_begin with no data
2025-07-28 00:19:58 [DEBUG] python_multipart.multipart: Calling on_header_field with data[53673:53692]
2025-07-28 00:19:58 [DEBUG] python_multipart.multipart: Calling on_header_value with data[53694:53741]
2025-07-28 00:19:58 [DEBUG] python_multipart.multipart: Calling on_header_end with no data
2025-07-28 00:19:58 [DEBUG] python_multipart.multipart: Calling on_header_field with data[53743:53755]
2025-07-28 00:19:58 [DEBUG] python_multipart.multipart: Calling on_header_value with data[53757:53767]
2025-07-28 00:19:58 [DEBUG] python_multipart.multipart: Calling on_header_end with no data
2025-07-28 00:19:58 [DEBUG] python_multipart.multipart: Calling on_headers_finished with no data
2025-07-28 00:19:58 [DEBUG] python_multipart.multipart: Calling on_part_data with data[53771:56933]
2025-07-28 00:19:58 [DEBUG] python_multipart.multipart: Calling on_part_end with no data
2025-07-28 00:19:58 [DEBUG] python_multipart.multipart: Calling on_part_begin with no data
2025-07-28 00:19:58 [DEBUG] python_multipart.multipart: Calling on_header_field with data[56977:56996]
2025-07-28 00:19:58 [DEBUG] python_multipart.multipart: Calling on_header_value with data[56998:57045]
2025-07-28 00:19:58 [DEBUG] python_multipart.multipart: Calling on_header_end with no data
2025-07-28 00:19:58 [DEBUG] python_multipart.multipart: Calling on_header_field with data[57047:57059]
2025-07-28 00:19:58 [DEBUG] python_multipart.multipart: Calling on_header_value with data[57061:57071]
2025-07-28 00:19:58 [DEBUG] python_multipart.multipart: Calling on_header_end with no data
2025-07-28 00:19:58 [DEBUG] python_multipart.multipart: Calling on_headers_finished with no data
2025-07-28 00:19:58 [DEBUG] python_multipart.multipart: Calling on_part_data with data[57075:60237]
2025-07-28 00:19:58 [DEBUG] python_multipart.multipart: Calling on_part_end with no data
2025-07-28 00:19:58 [DEBUG] python_multipart.multipart: Calling on_part_begin with no data
2025-07-28 00:19:58 [DEBUG] python_multipart.multipart: Calling on_header_field with data[60281:60300]
2025-07-28 00:19:58 [DEBUG] python_multipart.multipart: Calling on_header_value with data[60302:60349]
2025-07-28 00:19:58 [DEBUG] python_multipart.multipart: Calling on_header_end with no data
2025-07-28 00:19:58 [DEBUG] python_multipart.multipart: Calling on_header_field with data[60351:60363]
2025-07-28 00:19:58 [DEBUG] python_multipart.multipart: Calling on_header_value with data[60365:60375]
2025-07-28 00:19:58 [DEBUG] python_multipart.multipart: Calling on_header_end with no data
2025-07-28 00:19:58 [DEBUG] python_multipart.multipart: Calling on_headers_finished with no data
2025-07-28 00:19:58 [DEBUG] python_multipart.multipart: Calling on_part_data with data[60379:63541]
2025-07-28 00:19:58 [DEBUG] python_multipart.multipart: Calling on_part_end with no data
2025-07-28 00:19:58 [DEBUG] python_multipart.multipart: Calling on_part_begin with no data
2025-07-28 00:19:58 [DEBUG] python_multipart.multipart: Calling on_header_field with data[63585:63604]
2025-07-28 00:19:58 [DEBUG] python_multipart.multipart: Calling on_header_value with data[63606:63653]
2025-07-28 00:19:58 [DEBUG] python_multipart.multipart: Calling on_header_end with no data
2025-07-28 00:19:58 [DEBUG] python_multipart.multipart: Calling on_header_field with data[63655:63667]
2025-07-28 00:19:58 [DEBUG] python_multipart.multipart: Calling on_header_value with data[63669:63679]
2025-07-28 00:19:58 [DEBUG] python_multipart.multipart: Calling on_header_end with no data
2025-07-28 00:19:58 [DEBUG] python_multipart.multipart: Calling on_headers_finished with no data
2025-07-28 00:19:58 [DEBUG] python_multipart.multipart: Calling on_part_data with data[63683:66845]
2025-07-28 00:19:58 [DEBUG] python_multipart.multipart: Calling on_part_end with no data
2025-07-28 00:19:58 [DEBUG] python_multipart.multipart: Calling on_part_begin with no data
2025-07-28 00:19:58 [DEBUG] python_multipart.multipart: Calling on_header_field with data[66889:66908]
2025-07-28 00:19:58 [DEBUG] python_multipart.multipart: Calling on_header_value with data[66910:66957]
2025-07-28 00:19:58 [DEBUG] python_multipart.multipart: Calling on_header_end with no data
2025-07-28 00:19:58 [DEBUG] python_multipart.multipart: Calling on_header_field with data[66959:66971]
2025-07-28 00:19:58 [DEBUG] python_multipart.multipart: Calling on_header_value with data[66973:66983]
2025-07-28 00:19:58 [DEBUG] python_multipart.multipart: Calling on_header_end with no data
2025-07-28 00:19:58 [DEBUG] python_multipart.multipart: Calling on_headers_finished with no data
2025-07-28 00:19:58 [DEBUG] python_multipart.multipart: Calling on_part_data with data[66987:70149]
2025-07-28 00:19:58 [DEBUG] python_multipart.multipart: Calling on_part_end with no data
2025-07-28 00:19:58 [DEBUG] python_multipart.multipart: Calling on_part_begin with no data
2025-07-28 00:19:58 [DEBUG] python_multipart.multipart: Calling on_header_field with data[70193:70212]
2025-07-28 00:19:58 [DEBUG] python_multipart.multipart: Calling on_header_value with data[70214:70261]
2025-07-28 00:19:58 [DEBUG] python_multipart.multipart: Calling on_header_end with no data
2025-07-28 00:19:58 [DEBUG] python_multipart.multipart: Calling on_header_field with data[70263:70275]
2025-07-28 00:19:58 [DEBUG] python_multipart.multipart: Calling on_header_value with data[70277:70287]
2025-07-28 00:19:58 [DEBUG] python_multipart.multipart: Calling on_header_end with no data
2025-07-28 00:19:58 [DEBUG] python_multipart.multipart: Calling on_headers_finished with no data
2025-07-28 00:19:58 [DEBUG] python_multipart.multipart: Calling on_part_data with data[70291:73453]
2025-07-28 00:19:58 [DEBUG] python_multipart.multipart: Calling on_part_end with no data
2025-07-28 00:19:58 [DEBUG] python_multipart.multipart: Calling on_part_begin with no data
2025-07-28 00:19:58 [DEBUG] python_multipart.multipart: Calling on_header_field with data[73497:73516]
2025-07-28 00:19:58 [DEBUG] python_multipart.multipart: Calling on_header_value with data[73518:73565]
2025-07-28 00:19:58 [DEBUG] python_multipart.multipart: Calling on_header_end with no data
2025-07-28 00:19:58 [DEBUG] python_multipart.multipart: Calling on_header_field with data[73567:73579]
2025-07-28 00:19:58 [DEBUG] python_multipart.multipart: Calling on_header_value with data[73581:73591]
2025-07-28 00:19:58 [DEBUG] python_multipart.multipart: Calling on_header_end with no data
2025-07-28 00:19:58 [DEBUG] python_multipart.multipart: Calling on_headers_finished with no data
2025-07-28 00:19:58 [DEBUG] python_multipart.multipart: Calling on_part_data with data[73595:76757]
2025-07-28 00:19:58 [DEBUG] python_multipart.multipart: Calling on_part_end with no data
2025-07-28 00:19:58 [DEBUG] python_multipart.multipart: Calling on_part_begin with no data
2025-07-28 00:19:58 [DEBUG] python_multipart.multipart: Calling on_header_field with data[76801:76820]
2025-07-28 00:19:58 [DEBUG] python_multipart.multipart: Calling on_header_value with data[76822:76869]
2025-07-28 00:19:58 [DEBUG] python_multipart.multipart: Calling on_header_end with no data
2025-07-28 00:19:58 [DEBUG] python_multipart.multipart: Calling on_header_field with data[76871:76883]
2025-07-28 00:19:58 [DEBUG] python_multipart.multipart: Calling on_header_value with data[76885:76895]
2025-07-28 00:19:58 [DEBUG] python_multipart.multipart: Calling on_header_end with no data
2025-07-28 00:19:58 [DEBUG] python_multipart.multipart: Calling on_headers_finished with no data
2025-07-28 00:19:58 [DEBUG] python_multipart.multipart: Calling on_part_data with data[76899:80061]
2025-07-28 00:19:58 [DEBUG] python_multipart.multipart: Calling on_part_end with no data
2025-07-28 00:19:58 [DEBUG] python_multipart.multipart: Calling on_part_begin with no data
2025-07-28 00:19:58 [DEBUG] python_multipart.multipart: Calling on_header_field with data[80105:80124]
2025-07-28 00:19:58 [DEBUG] python_multipart.multipart: Calling on_header_value with data[80126:80173]
2025-07-28 00:19:58 [DEBUG] python_multipart.multipart: Calling on_header_end with no data
2025-07-28 00:19:58 [DEBUG] python_multipart.multipart: Calling on_header_field with data[80175:80187]
2025-07-28 00:19:58 [DEBUG] python_multipart.multipart: Calling on_header_value with data[80189:80199]
2025-07-28 00:19:58 [DEBUG] python_multipart.multipart: Calling on_header_end with no data
2025-07-28 00:19:58 [DEBUG] python_multipart.multipart: Calling on_headers_finished with no data
2025-07-28 00:19:58 [DEBUG] python_multipart.multipart: Calling on_part_data with data[80203:83365]
2025-07-28 00:19:58 [DEBUG] python_multipart.multipart: Calling on_part_end with no data
2025-07-28 00:19:58 [DEBUG] python_multipart.multipart: Calling on_end with no data
2025-07-28 00:19:58 [INFO] face-presence-api: Registering user: 44
2025-07-28 00:19:58 [INFO] watchfiles.main: 1 change detected
2025-07-28 00:19:58 [DEBUG] face-presence-api: 🧹 Memory cleared with garbage collector.
2025-07-28 00:19:59 [INFO] face-presence-api: 📁 10 test image berhasil disimpan untuk user 44 di F:\Kuliah\Skripsi\praktisi-face-presence-api\src\storage\test_images\44
2025-07-28 00:19:59 [INFO] watchfiles.main: 9 changes detected
2025-07-28 00:19:59 [DEBUG] face-presence-api: 🧹 Memory cleared with garbage collector.
2025-07-28 00:19:59 [INFO] face-presence-api: Processing batch 1/8
2025-07-28 00:19:59 [INFO] face-presence-api: Processing batch 2/8
2025-07-28 00:20:00 [INFO] face-presence-api: Processing batch 3/8
2025-07-28 00:20:00 [INFO] face-presence-api: Processing batch 4/8
2025-07-28 00:20:01 [INFO] face-presence-api: Processing batch 5/8
2025-07-28 00:20:01 [INFO] face-presence-api: Processing batch 6/8
2025-07-28 00:20:02 [INFO] face-presence-api: Processing batch 7/8
2025-07-28 00:20:02 [INFO] face-presence-api: Processing batch 8/8
2025-07-28 00:20:03 [INFO] face-presence-api: Finished processing 40 valid embeddings from 40 images
2025-07-28 00:20:03 [INFO] face-presence-api: Validasi berhasil: 40 embeddings valid
2025-07-28 00:20:03 [INFO] face-presence-api: Validasi berhasil: 40 embeddings valid
2025-07-28 00:20:03 [INFO] face-presence-api: Embedding berhasil disimpan untuk user 44 di F:\Kuliah\Skripsi\praktisi-face-presence-api\src\storage\embeddings\44.pkl
2025-07-28 00:20:03 [INFO] face-presence-api: Embeddings saved successfully for user 44, starting evaluation.
2025-07-28 00:20:03 [INFO] face-presence-api: Evaluating ...
2025-07-28 00:20:03 [INFO] watchfiles.main: 1 change detected
2025-07-28 00:20:03 [DEBUG] face-presence-api: [BatchLogger] No durations, skip flush
2025-07-28 00:20:03 [INFO] face-presence-api: Evaluating batch 1/4
2025-07-28 00:20:04 [INFO] face-presence-api: Evaluating batch 2/4
2025-07-28 00:20:04 [INFO] face-presence-api: Evaluating batch 3/4
2025-07-28 00:20:04 [DEBUG] face-presence-api: [BatchLogger] No verifications, skip flush
2025-07-28 00:20:04 [INFO] face-presence-api: Evaluating batch 4/4
2025-07-28 00:20:05 [INFO] face-presence-api: Face registration successful for user 44.
2025-07-28 00:20:05 [DEBUG] python_multipart.multipart: Calling on_part_begin with no data
2025-07-28 00:20:05 [DEBUG] python_multipart.multipart: Calling on_header_field with data[42:61]
2025-07-28 00:20:05 [DEBUG] python_multipart.multipart: Calling on_header_value with data[63:88]
2025-07-28 00:20:05 [DEBUG] python_multipart.multipart: Calling on_header_end with no data
2025-07-28 00:20:05 [DEBUG] python_multipart.multipart: Calling on_headers_finished with no data
2025-07-28 00:20:05 [DEBUG] python_multipart.multipart: Calling on_part_data with data[92:94]
2025-07-28 00:20:05 [DEBUG] python_multipart.multipart: Calling on_part_end with no data
2025-07-28 00:20:05 [DEBUG] python_multipart.multipart: Calling on_part_begin with no data
2025-07-28 00:20:05 [DEBUG] python_multipart.multipart: Calling on_header_field with data[138:157]
2025-07-28 00:20:05 [DEBUG] python_multipart.multipart: Calling on_header_value with data[159:214]
2025-07-28 00:20:05 [DEBUG] python_multipart.multipart: Calling on_header_end with no data
2025-07-28 00:20:05 [DEBUG] python_multipart.multipart: Calling on_header_field with data[216:228]
2025-07-28 00:20:05 [DEBUG] python_multipart.multipart: Calling on_header_value with data[230:240]
2025-07-28 00:20:05 [DEBUG] python_multipart.multipart: Calling on_header_end with no data
2025-07-28 00:20:05 [DEBUG] python_multipart.multipart: Calling on_headers_finished with no data
2025-07-28 00:20:05 [DEBUG] python_multipart.multipart: Calling on_part_data with data[244:3406]
2025-07-28 00:20:05 [DEBUG] python_multipart.multipart: Calling on_part_end with no data
2025-07-28 00:20:05 [DEBUG] python_multipart.multipart: Calling on_end with no data
2025-07-28 00:20:05 [INFO] face-presence-api: Verifying user: 44
2025-07-28 00:20:05 [INFO] face-presence-api: Starting verification for user: 44
2025-07-28 00:20:05 [INFO] face-presence-api: Computed similarity for user 44: 1.0000
2025-07-28 00:20:05 [INFO] face-presence-api: Comparison completed for user 44 with result: {'error': False, 'similarity': 0.9999998807907104}
2025-07-28 00:20:05 [INFO] face-presence-api: Verification success for user 44: Match (score=1.00000)
2025-07-28 00:20:05 [INFO] face-presence-api: Verification successful for user 44
2025-07-28 00:20:05 [DEBUG] python_multipart.multipart: Calling on_part_begin with no data
2025-07-28 00:20:05 [DEBUG] python_multipart.multipart: Calling on_header_field with data[42:61]
2025-07-28 00:20:05 [DEBUG] python_multipart.multipart: Calling on_header_value with data[63:88]
2025-07-28 00:20:05 [DEBUG] python_multipart.multipart: Calling on_header_end with no data
2025-07-28 00:20:05 [DEBUG] python_multipart.multipart: Calling on_headers_finished with no data
2025-07-28 00:20:05 [DEBUG] python_multipart.multipart: Calling on_part_data with data[92:94]
2025-07-28 00:20:05 [DEBUG] python_multipart.multipart: Calling on_part_end with no data
2025-07-28 00:20:05 [DEBUG] python_multipart.multipart: Calling on_part_begin with no data
2025-07-28 00:20:05 [DEBUG] python_multipart.multipart: Calling on_header_field with data[138:157]
2025-07-28 00:20:05 [DEBUG] python_multipart.multipart: Calling on_header_value with data[159:183]
2025-07-28 00:20:05 [DEBUG] python_multipart.multipart: Calling on_header_end with no data
2025-07-28 00:20:05 [DEBUG] python_multipart.multipart: Calling on_headers_finished with no data
2025-07-28 00:20:05 [DEBUG] python_multipart.multipart: Calling on_part_data with data[187:190]
2025-07-28 00:20:05 [DEBUG] python_multipart.multipart: Calling on_part_end with no data
2025-07-28 00:20:05 [DEBUG] python_multipart.multipart: Calling on_end with no data
2025-07-28 00:20:05 [INFO] face-presence-api: Logging duration for user: 44, duration: 755.0
2025-07-28 00:20:05 [INFO] face-presence-api: Duration 755.0s successfully enqueued for user 44.
2025-07-28 00:20:06 [DEBUG] python_multipart.multipart: Calling on_part_begin with no data
2025-07-28 00:20:06 [DEBUG] python_multipart.multipart: Calling on_header_field with data[42:61]
2025-07-28 00:20:06 [DEBUG] python_multipart.multipart: Calling on_header_value with data[63:88]
2025-07-28 00:20:06 [DEBUG] python_multipart.multipart: Calling on_header_end with no data
2025-07-28 00:20:06 [DEBUG] python_multipart.multipart: Calling on_headers_finished with no data
2025-07-28 00:20:06 [DEBUG] python_multipart.multipart: Calling on_part_data with data[92:94]
2025-07-28 00:20:06 [DEBUG] python_multipart.multipart: Calling on_part_end with no data
2025-07-28 00:20:06 [DEBUG] python_multipart.multipart: Calling on_part_begin with no data
2025-07-28 00:20:06 [DEBUG] python_multipart.multipart: Calling on_header_field with data[138:157]
2025-07-28 00:20:06 [DEBUG] python_multipart.multipart: Calling on_header_value with data[159:214]
2025-07-28 00:20:06 [DEBUG] python_multipart.multipart: Calling on_header_end with no data
2025-07-28 00:20:06 [DEBUG] python_multipart.multipart: Calling on_header_field with data[216:228]
2025-07-28 00:20:06 [DEBUG] python_multipart.multipart: Calling on_header_value with data[230:240]
2025-07-28 00:20:06 [DEBUG] python_multipart.multipart: Calling on_header_end with no data
2025-07-28 00:20:06 [DEBUG] python_multipart.multipart: Calling on_headers_finished with no data
2025-07-28 00:20:06 [DEBUG] python_multipart.multipart: Calling on_part_data with data[244:3406]
2025-07-28 00:20:06 [DEBUG] python_multipart.multipart: Calling on_part_end with no data
2025-07-28 00:20:06 [DEBUG] python_multipart.multipart: Calling on_end with no data
2025-07-28 00:20:06 [INFO] face-presence-api: Verifying user: 44
2025-07-28 00:20:06 [INFO] face-presence-api: Starting verification for user: 44
2025-07-28 00:20:07 [INFO] face-presence-api: Computed similarity for user 44: 1.0000
2025-07-28 00:20:07 [INFO] face-presence-api: Comparison completed for user 44 with result: {'error': False, 'similarity': 0.9999998807907104}
2025-07-28 00:20:07 [INFO] face-presence-api: Verification success for user 44: Match (score=1.00000)
2025-07-28 00:20:07 [INFO] face-presence-api: Verification successful for user 44
2025-07-28 00:20:07 [DEBUG] python_multipart.multipart: Calling on_part_begin with no data
2025-07-28 00:20:07 [DEBUG] python_multipart.multipart: Calling on_header_field with data[42:61]
2025-07-28 00:20:07 [DEBUG] python_multipart.multipart: Calling on_header_value with data[63:88]
2025-07-28 00:20:07 [DEBUG] python_multipart.multipart: Calling on_header_end with no data
2025-07-28 00:20:07 [DEBUG] python_multipart.multipart: Calling on_headers_finished with no data
2025-07-28 00:20:07 [DEBUG] python_multipart.multipart: Calling on_part_data with data[92:94]
2025-07-28 00:20:07 [DEBUG] python_multipart.multipart: Calling on_part_end with no data
2025-07-28 00:20:07 [DEBUG] python_multipart.multipart: Calling on_part_begin with no data
2025-07-28 00:20:07 [DEBUG] python_multipart.multipart: Calling on_header_field with data[138:157]
2025-07-28 00:20:07 [DEBUG] python_multipart.multipart: Calling on_header_value with data[159:183]
2025-07-28 00:20:07 [DEBUG] python_multipart.multipart: Calling on_header_end with no data
2025-07-28 00:20:07 [DEBUG] python_multipart.multipart: Calling on_headers_finished with no data
2025-07-28 00:20:07 [DEBUG] python_multipart.multipart: Calling on_part_data with data[187:190]
2025-07-28 00:20:07 [DEBUG] python_multipart.multipart: Calling on_part_end with no data
2025-07-28 00:20:07 [DEBUG] python_multipart.multipart: Calling on_end with no data
2025-07-28 00:20:07 [INFO] face-presence-api: Logging duration for user: 44, duration: 385.0
2025-07-28 00:20:07 [INFO] face-presence-api: Duration 385.0s successfully enqueued for user 44.
2025-07-28 00:20:13 [INFO] face-presence-api: [BatchLogger] Flushing durations: 2
2025-07-28 00:20:13 [DEBUG] urllib3.connectionpool: Resetting dropped connection: sheets.googleapis.com
2025-07-28 00:20:14 [DEBUG] urllib3.connectionpool: https://sheets.googleapis.com:443 "GET /v4/spreadsheets/1hjXERVEURCeKXeCw8TUbrkjF25_GVmORN0JgjZuu058?includeGridData=false HTTP/1.1" 200 None
2025-07-28 00:20:14 [DEBUG] urllib3.connectionpool: https://sheets.googleapis.com:443 "GET /v4/spreadsheets/1hjXERVEURCeKXeCw8TUbrkjF25_GVmORN0JgjZuu058/values/%27Verification%27 HTTP/1.1" 200 None
2025-07-28 00:20:15 [DEBUG] urllib3.connectionpool: https://sheets.googleapis.com:443 "GET /v4/spreadsheets/1hjXERVEURCeKXeCw8TUbrkjF25_GVmORN0JgjZuu058/values/%27Verification%27 HTTP/1.1" 200 None
2025-07-28 00:20:15 [DEBUG] urllib3.connectionpool: https://sheets.googleapis.com:443 "POST /v4/spreadsheets/1hjXERVEURCeKXeCw8TUbrkjF25_GVmORN0JgjZuu058/values:batchUpdate HTTP/1.1" 200 None
2025-07-28 00:20:15 [INFO] face-presence-api: [BatchLogger] Added 2 new duration headers
2025-07-28 00:20:16 [DEBUG] urllib3.connectionpool: https://sheets.googleapis.com:443 "POST /v4/spreadsheets/1hjXERVEURCeKXeCw8TUbrkjF25_GVmORN0JgjZuu058/values:batchUpdate HTTP/1.1" 200 None
2025-07-28 00:20:16 [INFO] face-presence-api: [BatchLogger] Updated durations for 2 cells
2025-07-28 00:20:18 [DEBUG] python_multipart.multipart: Calling on_part_begin with no data
2025-07-28 00:20:18 [DEBUG] python_multipart.multipart: Calling on_header_field with data[42:61]
2025-07-28 00:20:18 [DEBUG] python_multipart.multipart: Calling on_header_value with data[63:88]
2025-07-28 00:20:18 [DEBUG] python_multipart.multipart: Calling on_header_end with no data
2025-07-28 00:20:18 [DEBUG] python_multipart.multipart: Calling on_headers_finished with no data
2025-07-28 00:20:18 [DEBUG] python_multipart.multipart: Calling on_part_data with data[92:94]
2025-07-28 00:20:18 [DEBUG] python_multipart.multipart: Calling on_part_end with no data
2025-07-28 00:20:18 [DEBUG] python_multipart.multipart: Calling on_end with no data
2025-07-28 00:20:18 [INFO] face-presence-api: Checking status for user: 44
2025-07-28 00:20:18 [INFO] face-presence-api: User 44 is already registered.
2025-07-28 00:20:21 [DEBUG] python_multipart.multipart: Calling on_part_begin with no data
2025-07-28 00:20:21 [DEBUG] python_multipart.multipart: Calling on_header_field with data[42:61]
2025-07-28 00:20:21 [DEBUG] python_multipart.multipart: Calling on_header_value with data[63:88]
2025-07-28 00:20:21 [DEBUG] python_multipart.multipart: Calling on_header_end with no data
2025-07-28 00:20:21 [DEBUG] python_multipart.multipart: Calling on_headers_finished with no data
2025-07-28 00:20:21 [DEBUG] python_multipart.multipart: Calling on_part_data with data[92:94]
2025-07-28 00:20:21 [DEBUG] python_multipart.multipart: Calling on_part_end with no data
2025-07-28 00:20:21 [DEBUG] python_multipart.multipart: Calling on_part_begin with no data
2025-07-28 00:20:21 [DEBUG] python_multipart.multipart: Calling on_header_field with data[138:157]
2025-07-28 00:20:21 [DEBUG] python_multipart.multipart: Calling on_header_value with data[159:214]
2025-07-28 00:20:21 [DEBUG] python_multipart.multipart: Calling on_header_end with no data
2025-07-28 00:20:21 [DEBUG] python_multipart.multipart: Calling on_header_field with data[216:228]
2025-07-28 00:20:21 [DEBUG] python_multipart.multipart: Calling on_header_value with data[230:240]
2025-07-28 00:20:21 [DEBUG] python_multipart.multipart: Calling on_header_end with no data
2025-07-28 00:20:21 [DEBUG] python_multipart.multipart: Calling on_headers_finished with no data
2025-07-28 00:20:21 [DEBUG] python_multipart.multipart: Calling on_part_data with data[244:3406]
2025-07-28 00:20:21 [DEBUG] python_multipart.multipart: Calling on_part_end with no data
2025-07-28 00:20:21 [DEBUG] python_multipart.multipart: Calling on_end with no data
2025-07-28 00:20:21 [INFO] face-presence-api: Verifying user: 44
2025-07-28 00:20:21 [INFO] face-presence-api: Starting verification for user: 44
2025-07-28 00:20:21 [INFO] face-presence-api: Computed similarity for user 44: 1.0000
2025-07-28 00:20:21 [INFO] face-presence-api: Comparison completed for user 44 with result: {'error': False, 'similarity': 0.9999998807907104}
2025-07-28 00:20:21 [INFO] face-presence-api: Verification success for user 44: Match (score=1.00000)
2025-07-28 00:20:21 [INFO] face-presence-api: Verification successful for user 44
2025-07-28 00:20:21 [DEBUG] python_multipart.multipart: Calling on_part_begin with no data
2025-07-28 00:20:21 [DEBUG] python_multipart.multipart: Calling on_header_field with data[42:61]
2025-07-28 00:20:21 [DEBUG] python_multipart.multipart: Calling on_header_value with data[63:88]
2025-07-28 00:20:21 [DEBUG] python_multipart.multipart: Calling on_header_end with no data
2025-07-28 00:20:21 [DEBUG] python_multipart.multipart: Calling on_headers_finished with no data
2025-07-28 00:20:21 [DEBUG] python_multipart.multipart: Calling on_part_data with data[92:94]
2025-07-28 00:20:21 [DEBUG] python_multipart.multipart: Calling on_part_end with no data
2025-07-28 00:20:21 [DEBUG] python_multipart.multipart: Calling on_part_begin with no data
2025-07-28 00:20:21 [DEBUG] python_multipart.multipart: Calling on_header_field with data[138:157]
2025-07-28 00:20:21 [DEBUG] python_multipart.multipart: Calling on_header_value with data[159:183]
2025-07-28 00:20:21 [DEBUG] python_multipart.multipart: Calling on_header_end with no data
2025-07-28 00:20:21 [DEBUG] python_multipart.multipart: Calling on_headers_finished with no data
2025-07-28 00:20:21 [DEBUG] python_multipart.multipart: Calling on_part_data with data[187:190]
2025-07-28 00:20:21 [DEBUG] python_multipart.multipart: Calling on_part_end with no data
2025-07-28 00:20:21 [DEBUG] python_multipart.multipart: Calling on_end with no data
2025-07-28 00:20:21 [INFO] face-presence-api: Logging duration for user: 44, duration: 228.0
2025-07-28 00:20:21 [INFO] face-presence-api: Duration 228.0s successfully enqueued for user 44.
2025-07-28 00:20:23 [INFO] face-presence-api: [BatchLogger] Flushing 1 registrations...
2025-07-28 00:20:23 [DEBUG] urllib3.connectionpool: https://sheets.googleapis.com:443 "GET /v4/spreadsheets/1hjXERVEURCeKXeCw8TUbrkjF25_GVmORN0JgjZuu058?includeGridData=false HTTP/1.1" 200 None
2025-07-28 00:20:24 [DEBUG] urllib3.connectionpool: https://sheets.googleapis.com:443 "GET /v4/spreadsheets/1hjXERVEURCeKXeCw8TUbrkjF25_GVmORN0JgjZuu058/values/%27Registration%27 HTTP/1.1" 200 None
2025-07-28 00:20:24 [DEBUG] urllib3.connectionpool: https://sheets.googleapis.com:443 "GET /v4/spreadsheets/1hjXERVEURCeKXeCw8TUbrkjF25_GVmORN0JgjZuu058/values/%27Registration%27 HTTP/1.1" 200 None
2025-07-28 00:20:24 [DEBUG] urllib3.connectionpool: https://sheets.googleapis.com:443 "POST /v4/spreadsheets/1hjXERVEURCeKXeCw8TUbrkjF25_GVmORN0JgjZuu058/values:batchUpdate HTTP/1.1" 200 None
2025-07-28 00:20:24 [INFO] face-presence-api: [BatchLogger] Updated 1 registration rows
2025-07-28 00:20:26 [INFO] face-presence-api: [BatchLogger] Flushing durations: 1
2025-07-28 00:20:26 [DEBUG] urllib3.connectionpool: https://sheets.googleapis.com:443 "GET /v4/spreadsheets/1hjXERVEURCeKXeCw8TUbrkjF25_GVmORN0JgjZuu058?includeGridData=false HTTP/1.1" 200 None
2025-07-28 00:20:27 [DEBUG] urllib3.connectionpool: https://sheets.googleapis.com:443 "GET /v4/spreadsheets/1hjXERVEURCeKXeCw8TUbrkjF25_GVmORN0JgjZuu058/values/%27Verification%27 HTTP/1.1" 200 None
2025-07-28 00:20:27 [DEBUG] urllib3.connectionpool: https://sheets.googleapis.com:443 "GET /v4/spreadsheets/1hjXERVEURCeKXeCw8TUbrkjF25_GVmORN0JgjZuu058/values/%27Verification%27 HTTP/1.1" 200 None
2025-07-28 00:20:27 [DEBUG] urllib3.connectionpool: https://sheets.googleapis.com:443 "POST /v4/spreadsheets/1hjXERVEURCeKXeCw8TUbrkjF25_GVmORN0JgjZuu058/values:batchUpdate HTTP/1.1" 200 None
2025-07-28 00:20:27 [INFO] face-presence-api: [BatchLogger] Added 1 new duration headers
2025-07-28 00:20:28 [DEBUG] urllib3.connectionpool: https://sheets.googleapis.com:443 "POST /v4/spreadsheets/1hjXERVEURCeKXeCw8TUbrkjF25_GVmORN0JgjZuu058/values:batchUpdate HTTP/1.1" 200 None
2025-07-28 00:20:28 [INFO] face-presence-api: [BatchLogger] Updated durations for 1 cells
2025-07-28 00:20:34 [INFO] face-presence-api: [BatchLogger] Flushing 3 verifications...
2025-07-28 00:20:34 [DEBUG] urllib3.connectionpool: https://sheets.googleapis.com:443 "GET /v4/spreadsheets/1hjXERVEURCeKXeCw8TUbrkjF25_GVmORN0JgjZuu058?includeGridData=false HTTP/1.1" 200 None
2025-07-28 00:20:35 [DEBUG] urllib3.connectionpool: https://sheets.googleapis.com:443 "GET /v4/spreadsheets/1hjXERVEURCeKXeCw8TUbrkjF25_GVmORN0JgjZuu058/values/%27Verification%27 HTTP/1.1" 200 None
2025-07-28 00:20:35 [DEBUG] urllib3.connectionpool: https://sheets.googleapis.com:443 "GET /v4/spreadsheets/1hjXERVEURCeKXeCw8TUbrkjF25_GVmORN0JgjZuu058/values/%27Verification%27 HTTP/1.1" 200 None
2025-07-28 00:20:35 [DEBUG] urllib3.connectionpool: https://sheets.googleapis.com:443 "POST /v4/spreadsheets/1hjXERVEURCeKXeCw8TUbrkjF25_GVmORN0JgjZuu058/values:batchUpdate HTTP/1.1" 200 None
2025-07-28 00:20:35 [INFO] face-presence-api: [BatchLogger] Updated verification for 1 users
2025-07-28 00:20:38 [DEBUG] face-presence-api: [BatchLogger] No durations, skip flush
2025-07-28 00:20:48 [DEBUG] face-presence-api: [BatchLogger] No durations, skip flush
2025-07-28 00:20:48 [INFO] face-presence-api: [App] Shutting down application...
2025-07-28 00:20:48 [INFO] face-presence-api: Shutting down thread pool executor...
2025-07-28 00:20:48 [INFO] face-presence-api: Thread pool executor successfully shut down.
2025-07-28 00:20:48 [INFO] face-presence-api: [App] Executor resources cleaned up.
