2025-08-04 02:23:31 [INFO] face-presence-api: Settings loaded and directories ensured.
2025-08-04 02:23:32 [INFO] face-presence-api: Settings loaded and directories ensured.
2025-08-04 02:23:32 [DEBUG] asyncio: Using selector: SelectSelector
2025-08-04 02:23:32 [INFO] watchfiles.main: 1 change detected
2025-08-04 02:23:33 [INFO] watchfiles.main: 5 changes detected
2025-08-04 02:24:02 [DEBUG] tensorflow: Falling back to TensorFlow client; we recommended you install the Cloud TPU client directly with pip install cloud-tpu-client.
2025-08-04 02:24:12 [DEBUG] h5py._conv: Creating converter from 7 to 5
2025-08-04 02:24:12 [DEBUG] h5py._conv: Creating converter from 5 to 7
2025-08-04 02:24:12 [DEBUG] h5py._conv: Creating converter from 7 to 5
2025-08-04 02:24:12 [DEBUG] h5py._conv: Creating converter from 5 to 7
2025-08-04 02:25:10 [INFO] watchfiles.main: 5 changes detected
2025-08-04 02:25:18 [DEBUG] urllib3.util.retry: Converted retries value: 3 -> Retry(total=3, connect=None, read=None, redirect=None, status=None)
2025-08-04 02:25:18 [DEBUG] urllib3.connectionpool: Starting new HTTPS connection (1): oauth2.googleapis.com:443
2025-08-04 02:25:18 [DEBUG] urllib3.connectionpool: https://oauth2.googleapis.com:443 "POST /token HTTP/1.1" 200 None
2025-08-04 02:25:18 [DEBUG] urllib3.connectionpool: Starting new HTTPS connection (1): sheets.googleapis.com:443
2025-08-04 02:25:19 [DEBUG] urllib3.connectionpool: https://sheets.googleapis.com:443 "GET /v4/spreadsheets/1hjXERVEURCeKXeCw8TUbrkjF25_GVmORN0JgjZuu058?includeGridData=false HTTP/1.1" 200 None
2025-08-04 02:25:19 [INFO] face-presence-api: [FastAPI] Application initialized and ready.
2025-08-04 02:25:20 [INFO] face-presence-api: TFLite interpreter initialized on startup.
2025-08-04 02:25:20 [INFO] face-presence-api: [BatchLogger] Background loggers started
2025-08-04 02:25:20 [INFO] face-presence-api: [BatchLogger] Spreadsheet integration activated successfully.
2025-08-04 02:25:30 [DEBUG] face-presence-api: [BatchLogger] No durations, skip flush
2025-08-04 02:25:40 [DEBUG] face-presence-api: [BatchLogger] No durations, skip flush
2025-08-04 02:25:48 [DEBUG] python_multipart.multipart: Calling on_part_begin with no data
2025-08-04 02:25:48 [DEBUG] python_multipart.multipart: Calling on_header_field with data[42:61]
2025-08-04 02:25:48 [DEBUG] python_multipart.multipart: Calling on_header_value with data[63:88]
2025-08-04 02:25:48 [DEBUG] python_multipart.multipart: Calling on_header_end with no data
2025-08-04 02:25:48 [DEBUG] python_multipart.multipart: Calling on_headers_finished with no data
2025-08-04 02:25:48 [DEBUG] python_multipart.multipart: Calling on_part_data with data[92:102]
2025-08-04 02:25:48 [DEBUG] python_multipart.multipart: Calling on_part_end with no data
2025-08-04 02:25:48 [DEBUG] python_multipart.multipart: Calling on_end with no data
2025-08-04 02:25:48 [INFO] face-presence-api: Checking status for user: 2209116038
2025-08-04 02:25:48 [INFO] face-presence-api: User 2209116038 has not registered.
2025-08-04 02:25:50 [DEBUG] face-presence-api: [BatchLogger] No verifications, skip flush
2025-08-04 02:25:50 [DEBUG] face-presence-api: [BatchLogger] No registrations, skip flush
2025-08-04 02:25:50 [DEBUG] face-presence-api: [BatchLogger] No durations, skip flush
2025-08-04 02:26:00 [DEBUG] face-presence-api: [BatchLogger] No durations, skip flush
2025-08-04 02:26:10 [DEBUG] face-presence-api: [BatchLogger] No durations, skip flush
2025-08-04 02:26:20 [DEBUG] face-presence-api: [BatchLogger] No verifications, skip flush
2025-08-04 02:26:20 [DEBUG] face-presence-api: [BatchLogger] No registrations, skip flush
2025-08-04 02:26:20 [DEBUG] face-presence-api: [BatchLogger] No durations, skip flush
2025-08-04 02:26:30 [DEBUG] face-presence-api: [BatchLogger] No durations, skip flush
2025-08-04 02:26:40 [DEBUG] face-presence-api: [BatchLogger] No durations, skip flush
2025-08-04 02:26:44 [INFO] watchfiles.main: 1 change detected
2025-08-04 02:26:44 [INFO] face-presence-api: [App] Shutting down application...
2025-08-04 02:26:44 [INFO] face-presence-api: Shutting down thread pool executor...
2025-08-04 02:26:44 [INFO] face-presence-api: Thread pool executor successfully shut down.
2025-08-04 02:26:44 [INFO] face-presence-api: [App] Executor resources cleaned up.
2025-08-04 02:26:45 [INFO] watchfiles.main: 1 change detected
2025-08-04 02:26:46 [INFO] face-presence-api: Settings loaded and directories ensured.
2025-08-04 02:26:46 [DEBUG] asyncio: Using selector: SelectSelector
2025-08-04 02:26:46 [INFO] watchfiles.main: 1 change detected
2025-08-04 02:26:46 [INFO] watchfiles.main: 5 changes detected
2025-08-04 02:26:50 [DEBUG] tensorflow: Falling back to TensorFlow client; we recommended you install the Cloud TPU client directly with pip install cloud-tpu-client.
2025-08-04 02:26:51 [DEBUG] h5py._conv: Creating converter from 7 to 5
2025-08-04 02:26:51 [DEBUG] h5py._conv: Creating converter from 5 to 7
2025-08-04 02:26:51 [DEBUG] h5py._conv: Creating converter from 7 to 5
2025-08-04 02:26:51 [DEBUG] h5py._conv: Creating converter from 5 to 7
2025-08-04 02:26:55 [DEBUG] urllib3.util.retry: Converted retries value: 3 -> Retry(total=3, connect=None, read=None, redirect=None, status=None)
2025-08-04 02:26:55 [DEBUG] urllib3.connectionpool: Starting new HTTPS connection (1): oauth2.googleapis.com:443
2025-08-04 02:26:55 [DEBUG] urllib3.connectionpool: https://oauth2.googleapis.com:443 "POST /token HTTP/1.1" 200 None
2025-08-04 02:26:55 [DEBUG] urllib3.connectionpool: Starting new HTTPS connection (1): sheets.googleapis.com:443
2025-08-04 02:26:55 [DEBUG] urllib3.connectionpool: https://sheets.googleapis.com:443 "GET /v4/spreadsheets/1hjXERVEURCeKXeCw8TUbrkjF25_GVmORN0JgjZuu058?includeGridData=false HTTP/1.1" 200 None
2025-08-04 02:26:55 [INFO] face-presence-api: [FastAPI] Application initialized and ready.
2025-08-04 02:26:56 [INFO] face-presence-api: TFLite interpreter initialized on startup.
2025-08-04 02:26:56 [INFO] face-presence-api: [BatchLogger] Background loggers started
2025-08-04 02:26:56 [INFO] face-presence-api: [BatchLogger] Spreadsheet integration activated successfully.
2025-08-04 02:27:06 [DEBUG] face-presence-api: [BatchLogger] No durations, skip flush
2025-08-04 02:27:06 [DEBUG] python_multipart.multipart: Calling on_part_begin with no data
2025-08-04 02:27:06 [DEBUG] python_multipart.multipart: Calling on_header_field with data[42:61]
2025-08-04 02:27:06 [DEBUG] python_multipart.multipart: Calling on_header_value with data[63:88]
2025-08-04 02:27:06 [DEBUG] python_multipart.multipart: Calling on_header_end with no data
2025-08-04 02:27:06 [DEBUG] python_multipart.multipart: Calling on_headers_finished with no data
2025-08-04 02:27:06 [DEBUG] python_multipart.multipart: Calling on_part_data with data[92:102]
2025-08-04 02:27:06 [DEBUG] python_multipart.multipart: Calling on_part_end with no data
2025-08-04 02:27:06 [DEBUG] python_multipart.multipart: Calling on_end with no data
2025-08-04 02:27:06 [INFO] face-presence-api: Checking status for user: 2209116038
2025-08-04 02:27:06 [INFO] face-presence-api: User 2209116038 has not registered.
2025-08-04 02:27:16 [DEBUG] face-presence-api: [BatchLogger] No durations, skip flush
2025-08-04 02:27:26 [DEBUG] face-presence-api: [BatchLogger] No verifications, skip flush
2025-08-04 02:27:26 [DEBUG] face-presence-api: [BatchLogger] No registrations, skip flush
2025-08-04 02:27:26 [DEBUG] face-presence-api: [BatchLogger] No durations, skip flush
2025-08-04 02:27:35 [INFO] watchfiles.main: 1 change detected
2025-08-04 02:27:35 [INFO] face-presence-api: [App] Shutting down application...
2025-08-04 02:27:35 [INFO] face-presence-api: Shutting down thread pool executor...
2025-08-04 02:27:35 [INFO] face-presence-api: Thread pool executor successfully shut down.
2025-08-04 02:27:35 [INFO] face-presence-api: [App] Executor resources cleaned up.
2025-08-04 02:27:37 [INFO] watchfiles.main: 1 change detected
2025-08-04 02:27:38 [INFO] face-presence-api: Settings loaded and directories ensured.
2025-08-04 02:27:38 [DEBUG] asyncio: Using selector: SelectSelector
2025-08-04 02:27:38 [INFO] watchfiles.main: 1 change detected
2025-08-04 02:27:41 [DEBUG] tensorflow: Falling back to TensorFlow client; we recommended you install the Cloud TPU client directly with pip install cloud-tpu-client.
2025-08-04 02:27:42 [DEBUG] h5py._conv: Creating converter from 7 to 5
2025-08-04 02:27:42 [DEBUG] h5py._conv: Creating converter from 5 to 7
2025-08-04 02:27:42 [DEBUG] h5py._conv: Creating converter from 7 to 5
2025-08-04 02:27:42 [DEBUG] h5py._conv: Creating converter from 5 to 7
2025-08-04 02:27:46 [DEBUG] urllib3.util.retry: Converted retries value: 3 -> Retry(total=3, connect=None, read=None, redirect=None, status=None)
2025-08-04 02:27:46 [DEBUG] urllib3.connectionpool: Starting new HTTPS connection (1): oauth2.googleapis.com:443
2025-08-04 02:27:46 [DEBUG] urllib3.connectionpool: https://oauth2.googleapis.com:443 "POST /token HTTP/1.1" 200 None
2025-08-04 02:27:46 [DEBUG] urllib3.connectionpool: Starting new HTTPS connection (1): sheets.googleapis.com:443
2025-08-04 02:27:46 [DEBUG] urllib3.connectionpool: https://sheets.googleapis.com:443 "GET /v4/spreadsheets/1hjXERVEURCeKXeCw8TUbrkjF25_GVmORN0JgjZuu058?includeGridData=false HTTP/1.1" 200 None
2025-08-04 02:27:46 [INFO] face-presence-api: [FastAPI] Application initialized and ready.
2025-08-04 02:27:47 [INFO] face-presence-api: TFLite interpreter initialized on startup.
2025-08-04 02:27:47 [INFO] face-presence-api: [BatchLogger] Background loggers started
2025-08-04 02:27:47 [INFO] face-presence-api: [BatchLogger] Spreadsheet integration activated successfully.
2025-08-04 02:27:56 [DEBUG] python_multipart.multipart: Calling on_part_begin with no data
2025-08-04 02:27:56 [DEBUG] python_multipart.multipart: Calling on_header_field with data[42:61]
2025-08-04 02:27:56 [DEBUG] python_multipart.multipart: Calling on_header_value with data[63:88]
2025-08-04 02:27:56 [DEBUG] python_multipart.multipart: Calling on_header_end with no data
2025-08-04 02:27:56 [DEBUG] python_multipart.multipart: Calling on_headers_finished with no data
2025-08-04 02:27:56 [DEBUG] python_multipart.multipart: Calling on_part_data with data[92:102]
2025-08-04 02:27:56 [DEBUG] python_multipart.multipart: Calling on_part_end with no data
2025-08-04 02:27:56 [DEBUG] python_multipart.multipart: Calling on_end with no data
2025-08-04 02:27:56 [INFO] face-presence-api: Checking status for user: 2209116038
2025-08-04 02:27:56 [INFO] face-presence-api: User 2209116038 has not registered.
2025-08-04 02:27:57 [DEBUG] face-presence-api: [BatchLogger] No durations, skip flush
2025-08-04 02:28:07 [DEBUG] face-presence-api: [BatchLogger] No durations, skip flush
2025-08-04 02:28:17 [DEBUG] face-presence-api: [BatchLogger] No verifications, skip flush
2025-08-04 02:28:17 [DEBUG] face-presence-api: [BatchLogger] No registrations, skip flush
2025-08-04 02:28:17 [DEBUG] face-presence-api: [BatchLogger] No durations, skip flush
2025-08-04 02:28:25 [INFO] watchfiles.main: 1 change detected
2025-08-04 02:28:25 [INFO] face-presence-api: [App] Shutting down application...
2025-08-04 02:28:25 [INFO] face-presence-api: Shutting down thread pool executor...
2025-08-04 02:28:25 [INFO] face-presence-api: Thread pool executor successfully shut down.
2025-08-04 02:28:25 [INFO] face-presence-api: [App] Executor resources cleaned up.
2025-08-04 02:28:26 [INFO] watchfiles.main: 1 change detected
2025-08-04 02:28:27 [INFO] face-presence-api: Settings loaded and directories ensured.
2025-08-04 02:28:27 [DEBUG] asyncio: Using selector: SelectSelector
2025-08-04 02:28:27 [INFO] watchfiles.main: 1 change detected
2025-08-04 02:28:28 [INFO] watchfiles.main: 5 changes detected
2025-08-04 02:28:31 [DEBUG] tensorflow: Falling back to TensorFlow client; we recommended you install the Cloud TPU client directly with pip install cloud-tpu-client.
2025-08-04 02:28:32 [DEBUG] h5py._conv: Creating converter from 7 to 5
2025-08-04 02:28:32 [DEBUG] h5py._conv: Creating converter from 5 to 7
2025-08-04 02:28:32 [DEBUG] h5py._conv: Creating converter from 7 to 5
2025-08-04 02:28:32 [DEBUG] h5py._conv: Creating converter from 5 to 7
2025-08-04 02:28:36 [DEBUG] urllib3.util.retry: Converted retries value: 3 -> Retry(total=3, connect=None, read=None, redirect=None, status=None)
2025-08-04 02:28:36 [DEBUG] urllib3.connectionpool: Starting new HTTPS connection (1): oauth2.googleapis.com:443
2025-08-04 02:28:36 [DEBUG] urllib3.connectionpool: https://oauth2.googleapis.com:443 "POST /token HTTP/1.1" 200 None
2025-08-04 02:28:36 [DEBUG] urllib3.connectionpool: Starting new HTTPS connection (1): sheets.googleapis.com:443
2025-08-04 02:28:36 [DEBUG] urllib3.connectionpool: https://sheets.googleapis.com:443 "GET /v4/spreadsheets/1hjXERVEURCeKXeCw8TUbrkjF25_GVmORN0JgjZuu058?includeGridData=false HTTP/1.1" 200 None
2025-08-04 02:28:36 [INFO] face-presence-api: [FastAPI] Application initialized and ready.
2025-08-04 02:28:37 [INFO] face-presence-api: TFLite interpreter initialized on startup.
2025-08-04 02:28:37 [INFO] face-presence-api: [BatchLogger] Background loggers started
2025-08-04 02:28:37 [INFO] face-presence-api: [BatchLogger] Spreadsheet integration activated successfully.
2025-08-04 02:28:45 [DEBUG] python_multipart.multipart: Calling on_part_begin with no data
2025-08-04 02:28:45 [DEBUG] python_multipart.multipart: Calling on_header_field with data[42:61]
2025-08-04 02:28:45 [DEBUG] python_multipart.multipart: Calling on_header_value with data[63:88]
2025-08-04 02:28:45 [DEBUG] python_multipart.multipart: Calling on_header_end with no data
2025-08-04 02:28:45 [DEBUG] python_multipart.multipart: Calling on_headers_finished with no data
2025-08-04 02:28:45 [DEBUG] python_multipart.multipart: Calling on_part_data with data[92:102]
2025-08-04 02:28:45 [DEBUG] python_multipart.multipart: Calling on_part_end with no data
2025-08-04 02:28:45 [DEBUG] python_multipart.multipart: Calling on_end with no data
2025-08-04 02:28:45 [INFO] face-presence-api: Checking status for user: 2209116038
2025-08-04 02:28:45 [INFO] face-presence-api: User 2209116038 has not registered.
2025-08-04 02:28:47 [DEBUG] face-presence-api: [BatchLogger] No durations, skip flush
2025-08-04 02:28:57 [DEBUG] face-presence-api: [BatchLogger] No durations, skip flush
2025-08-04 02:29:07 [DEBUG] face-presence-api: [BatchLogger] No registrations, skip flush
2025-08-04 02:29:07 [DEBUG] face-presence-api: [BatchLogger] No verifications, skip flush
2025-08-04 02:29:07 [DEBUG] face-presence-api: [BatchLogger] No durations, skip flush
2025-08-04 02:29:11 [DEBUG] python_multipart.multipart: Calling on_part_begin with no data
2025-08-04 02:29:11 [DEBUG] python_multipart.multipart: Calling on_header_field with data[42:61]
2025-08-04 02:29:11 [DEBUG] python_multipart.multipart: Calling on_header_value with data[63:88]
2025-08-04 02:29:11 [DEBUG] python_multipart.multipart: Calling on_header_end with no data
2025-08-04 02:29:11 [DEBUG] python_multipart.multipart: Calling on_headers_finished with no data
2025-08-04 02:29:11 [DEBUG] python_multipart.multipart: Calling on_part_data with data[92:102]
2025-08-04 02:29:11 [DEBUG] python_multipart.multipart: Calling on_part_end with no data
2025-08-04 02:29:11 [DEBUG] python_multipart.multipart: Calling on_end with no data
2025-08-04 02:29:11 [INFO] face-presence-api: Checking status for user: 2209116038
2025-08-04 02:29:11 [INFO] face-presence-api: User 2209116038 has not registered.
2025-08-04 02:29:17 [DEBUG] face-presence-api: [BatchLogger] No durations, skip flush
2025-08-04 02:29:27 [DEBUG] face-presence-api: [BatchLogger] No durations, skip flush
2025-08-04 02:29:37 [DEBUG] face-presence-api: [BatchLogger] No verifications, skip flush
2025-08-04 02:29:37 [DEBUG] face-presence-api: [BatchLogger] No registrations, skip flush
2025-08-04 02:29:37 [DEBUG] face-presence-api: [BatchLogger] No durations, skip flush
2025-08-04 02:29:47 [DEBUG] face-presence-api: [BatchLogger] No durations, skip flush
2025-08-04 02:29:57 [DEBUG] face-presence-api: [BatchLogger] No durations, skip flush
2025-08-04 02:30:07 [DEBUG] face-presence-api: [BatchLogger] No registrations, skip flush
2025-08-04 02:30:07 [DEBUG] face-presence-api: [BatchLogger] No verifications, skip flush
2025-08-04 02:30:07 [DEBUG] face-presence-api: [BatchLogger] No durations, skip flush
2025-08-04 02:30:17 [DEBUG] face-presence-api: [BatchLogger] No durations, skip flush
2025-08-04 02:30:22 [DEBUG] python_multipart.multipart: Calling on_part_begin with no data
2025-08-04 02:30:22 [DEBUG] python_multipart.multipart: Calling on_header_field with data[42:61]
2025-08-04 02:30:22 [DEBUG] python_multipart.multipart: Calling on_header_value with data[63:88]
2025-08-04 02:30:22 [DEBUG] python_multipart.multipart: Calling on_header_end with no data
2025-08-04 02:30:22 [DEBUG] python_multipart.multipart: Calling on_headers_finished with no data
2025-08-04 02:30:22 [DEBUG] python_multipart.multipart: Calling on_part_data with data[92:102]
2025-08-04 02:30:22 [DEBUG] python_multipart.multipart: Calling on_part_end with no data
2025-08-04 02:30:22 [DEBUG] python_multipart.multipart: Calling on_part_begin with no data
2025-08-04 02:30:22 [DEBUG] python_multipart.multipart: Calling on_header_field with data[146:165]
2025-08-04 02:30:22 [DEBUG] python_multipart.multipart: Calling on_header_value with data[167:213]
2025-08-04 02:30:22 [DEBUG] python_multipart.multipart: Calling on_header_end with no data
2025-08-04 02:30:22 [DEBUG] python_multipart.multipart: Calling on_header_field with data[215:227]
2025-08-04 02:30:22 [DEBUG] python_multipart.multipart: Calling on_header_value with data[229:239]
2025-08-04 02:30:22 [DEBUG] python_multipart.multipart: Calling on_header_end with no data
2025-08-04 02:30:22 [DEBUG] python_multipart.multipart: Calling on_headers_finished with no data
2025-08-04 02:30:22 [DEBUG] python_multipart.multipart: Calling on_part_data with data[243:2357]
2025-08-04 02:30:22 [DEBUG] python_multipart.multipart: Calling on_part_end with no data
2025-08-04 02:30:22 [DEBUG] python_multipart.multipart: Calling on_part_begin with no data
2025-08-04 02:30:22 [DEBUG] python_multipart.multipart: Calling on_header_field with data[2401:2420]
2025-08-04 02:30:22 [DEBUG] python_multipart.multipart: Calling on_header_value with data[2422:2468]
2025-08-04 02:30:22 [DEBUG] python_multipart.multipart: Calling on_header_end with no data
2025-08-04 02:30:22 [DEBUG] python_multipart.multipart: Calling on_header_field with data[2470:2482]
2025-08-04 02:30:22 [DEBUG] python_multipart.multipart: Calling on_header_value with data[2484:2494]
2025-08-04 02:30:22 [DEBUG] python_multipart.multipart: Calling on_header_end with no data
2025-08-04 02:30:22 [DEBUG] python_multipart.multipart: Calling on_headers_finished with no data
2025-08-04 02:30:22 [DEBUG] python_multipart.multipart: Calling on_part_data with data[2498:4612]
2025-08-04 02:30:22 [DEBUG] python_multipart.multipart: Calling on_part_end with no data
2025-08-04 02:30:22 [DEBUG] python_multipart.multipart: Calling on_part_begin with no data
2025-08-04 02:30:22 [DEBUG] python_multipart.multipart: Calling on_header_field with data[4656:4675]
2025-08-04 02:30:22 [DEBUG] python_multipart.multipart: Calling on_header_value with data[4677:4723]
2025-08-04 02:30:22 [DEBUG] python_multipart.multipart: Calling on_header_end with no data
2025-08-04 02:30:22 [DEBUG] python_multipart.multipart: Calling on_header_field with data[4725:4737]
2025-08-04 02:30:22 [DEBUG] python_multipart.multipart: Calling on_header_value with data[4739:4749]
2025-08-04 02:30:22 [DEBUG] python_multipart.multipart: Calling on_header_end with no data
2025-08-04 02:30:22 [DEBUG] python_multipart.multipart: Calling on_headers_finished with no data
2025-08-04 02:30:22 [DEBUG] python_multipart.multipart: Calling on_part_data with data[4753:6867]
2025-08-04 02:30:22 [DEBUG] python_multipart.multipart: Calling on_part_end with no data
2025-08-04 02:30:22 [DEBUG] python_multipart.multipart: Calling on_part_begin with no data
2025-08-04 02:30:22 [DEBUG] python_multipart.multipart: Calling on_header_field with data[6911:6930]
2025-08-04 02:30:22 [DEBUG] python_multipart.multipart: Calling on_header_value with data[6932:6978]
2025-08-04 02:30:22 [DEBUG] python_multipart.multipart: Calling on_header_end with no data
2025-08-04 02:30:22 [DEBUG] python_multipart.multipart: Calling on_header_field with data[6980:6992]
2025-08-04 02:30:22 [DEBUG] python_multipart.multipart: Calling on_header_value with data[6994:7004]
2025-08-04 02:30:22 [DEBUG] python_multipart.multipart: Calling on_header_end with no data
2025-08-04 02:30:22 [DEBUG] python_multipart.multipart: Calling on_headers_finished with no data
2025-08-04 02:30:22 [DEBUG] python_multipart.multipart: Calling on_part_data with data[7008:9122]
2025-08-04 02:30:22 [DEBUG] python_multipart.multipart: Calling on_part_end with no data
2025-08-04 02:30:22 [DEBUG] python_multipart.multipart: Calling on_part_begin with no data
2025-08-04 02:30:22 [DEBUG] python_multipart.multipart: Calling on_header_field with data[9166:9185]
2025-08-04 02:30:22 [DEBUG] python_multipart.multipart: Calling on_header_value with data[9187:9233]
2025-08-04 02:30:22 [DEBUG] python_multipart.multipart: Calling on_header_end with no data
2025-08-04 02:30:22 [DEBUG] python_multipart.multipart: Calling on_header_field with data[9235:9247]
2025-08-04 02:30:22 [DEBUG] python_multipart.multipart: Calling on_header_value with data[9249:9259]
2025-08-04 02:30:22 [DEBUG] python_multipart.multipart: Calling on_header_end with no data
2025-08-04 02:30:22 [DEBUG] python_multipart.multipart: Calling on_headers_finished with no data
2025-08-04 02:30:22 [DEBUG] python_multipart.multipart: Calling on_part_data with data[9263:11367]
2025-08-04 02:30:22 [DEBUG] python_multipart.multipart: Calling on_part_end with no data
2025-08-04 02:30:22 [DEBUG] python_multipart.multipart: Calling on_part_begin with no data
2025-08-04 02:30:22 [DEBUG] python_multipart.multipart: Calling on_header_field with data[11411:11430]
2025-08-04 02:30:22 [DEBUG] python_multipart.multipart: Calling on_header_value with data[11432:11478]
2025-08-04 02:30:22 [DEBUG] python_multipart.multipart: Calling on_header_end with no data
2025-08-04 02:30:22 [DEBUG] python_multipart.multipart: Calling on_header_field with data[11480:11492]
2025-08-04 02:30:22 [DEBUG] python_multipart.multipart: Calling on_header_value with data[11494:11504]
2025-08-04 02:30:22 [DEBUG] python_multipart.multipart: Calling on_header_end with no data
2025-08-04 02:30:22 [DEBUG] python_multipart.multipart: Calling on_headers_finished with no data
2025-08-04 02:30:22 [DEBUG] python_multipart.multipart: Calling on_part_data with data[11508:13624]
2025-08-04 02:30:22 [DEBUG] python_multipart.multipart: Calling on_part_end with no data
2025-08-04 02:30:22 [DEBUG] python_multipart.multipart: Calling on_part_begin with no data
2025-08-04 02:30:22 [DEBUG] python_multipart.multipart: Calling on_header_field with data[13668:13687]
2025-08-04 02:30:22 [DEBUG] python_multipart.multipart: Calling on_header_value with data[13689:13735]
2025-08-04 02:30:22 [DEBUG] python_multipart.multipart: Calling on_header_end with no data
2025-08-04 02:30:22 [DEBUG] python_multipart.multipart: Calling on_header_field with data[13737:13749]
2025-08-04 02:30:22 [DEBUG] python_multipart.multipart: Calling on_header_value with data[13751:13761]
2025-08-04 02:30:22 [DEBUG] python_multipart.multipart: Calling on_header_end with no data
2025-08-04 02:30:22 [DEBUG] python_multipart.multipart: Calling on_headers_finished with no data
2025-08-04 02:30:22 [DEBUG] python_multipart.multipart: Calling on_part_data with data[13765:15899]
2025-08-04 02:30:22 [DEBUG] python_multipart.multipart: Calling on_part_end with no data
2025-08-04 02:30:22 [DEBUG] python_multipart.multipart: Calling on_part_begin with no data
2025-08-04 02:30:22 [DEBUG] python_multipart.multipart: Calling on_header_field with data[15943:15962]
2025-08-04 02:30:22 [DEBUG] python_multipart.multipart: Calling on_header_value with data[15964:16010]
2025-08-04 02:30:22 [DEBUG] python_multipart.multipart: Calling on_header_end with no data
2025-08-04 02:30:22 [DEBUG] python_multipart.multipart: Calling on_header_field with data[16012:16024]
2025-08-04 02:30:22 [DEBUG] python_multipart.multipart: Calling on_header_value with data[16026:16036]
2025-08-04 02:30:22 [DEBUG] python_multipart.multipart: Calling on_header_end with no data
2025-08-04 02:30:22 [DEBUG] python_multipart.multipart: Calling on_headers_finished with no data
2025-08-04 02:30:22 [DEBUG] python_multipart.multipart: Calling on_part_data with data[16040:18148]
2025-08-04 02:30:22 [DEBUG] python_multipart.multipart: Calling on_part_end with no data
2025-08-04 02:30:22 [DEBUG] python_multipart.multipart: Calling on_part_begin with no data
2025-08-04 02:30:22 [DEBUG] python_multipart.multipart: Calling on_header_field with data[18192:18211]
2025-08-04 02:30:22 [DEBUG] python_multipart.multipart: Calling on_header_value with data[18213:18259]
2025-08-04 02:30:22 [DEBUG] python_multipart.multipart: Calling on_header_end with no data
2025-08-04 02:30:22 [DEBUG] python_multipart.multipart: Calling on_header_field with data[18261:18273]
2025-08-04 02:30:22 [DEBUG] python_multipart.multipart: Calling on_header_value with data[18275:18285]
2025-08-04 02:30:22 [DEBUG] python_multipart.multipart: Calling on_header_end with no data
2025-08-04 02:30:22 [DEBUG] python_multipart.multipart: Calling on_headers_finished with no data
2025-08-04 02:30:22 [DEBUG] python_multipart.multipart: Calling on_part_data with data[18289:20383]
2025-08-04 02:30:22 [DEBUG] python_multipart.multipart: Calling on_part_end with no data
2025-08-04 02:30:22 [DEBUG] python_multipart.multipart: Calling on_part_begin with no data
2025-08-04 02:30:22 [DEBUG] python_multipart.multipart: Calling on_header_field with data[20427:20446]
2025-08-04 02:30:22 [DEBUG] python_multipart.multipart: Calling on_header_value with data[20448:20495]
2025-08-04 02:30:22 [DEBUG] python_multipart.multipart: Calling on_header_end with no data
2025-08-04 02:30:22 [DEBUG] python_multipart.multipart: Calling on_header_field with data[20497:20509]
2025-08-04 02:30:22 [DEBUG] python_multipart.multipart: Calling on_header_value with data[20511:20521]
2025-08-04 02:30:22 [DEBUG] python_multipart.multipart: Calling on_header_end with no data
2025-08-04 02:30:22 [DEBUG] python_multipart.multipart: Calling on_headers_finished with no data
2025-08-04 02:30:22 [DEBUG] python_multipart.multipart: Calling on_part_data with data[20525:22739]
2025-08-04 02:30:22 [DEBUG] python_multipart.multipart: Calling on_part_end with no data
2025-08-04 02:30:22 [DEBUG] python_multipart.multipart: Calling on_part_begin with no data
2025-08-04 02:30:22 [DEBUG] python_multipart.multipart: Calling on_header_field with data[22783:22802]
2025-08-04 02:30:22 [DEBUG] python_multipart.multipart: Calling on_header_value with data[22804:22851]
2025-08-04 02:30:22 [DEBUG] python_multipart.multipart: Calling on_header_end with no data
2025-08-04 02:30:22 [DEBUG] python_multipart.multipart: Calling on_header_field with data[22853:22865]
2025-08-04 02:30:22 [DEBUG] python_multipart.multipart: Calling on_header_value with data[22867:22877]
2025-08-04 02:30:22 [DEBUG] python_multipart.multipart: Calling on_header_end with no data
2025-08-04 02:30:22 [DEBUG] python_multipart.multipart: Calling on_headers_finished with no data
2025-08-04 02:30:22 [DEBUG] python_multipart.multipart: Calling on_part_data with data[22881:25111]
2025-08-04 02:30:22 [DEBUG] python_multipart.multipart: Calling on_part_end with no data
2025-08-04 02:30:22 [DEBUG] python_multipart.multipart: Calling on_part_begin with no data
2025-08-04 02:30:22 [DEBUG] python_multipart.multipart: Calling on_header_field with data[25155:25174]
2025-08-04 02:30:22 [DEBUG] python_multipart.multipart: Calling on_header_value with data[25176:25223]
2025-08-04 02:30:22 [DEBUG] python_multipart.multipart: Calling on_header_end with no data
2025-08-04 02:30:22 [DEBUG] python_multipart.multipart: Calling on_header_field with data[25225:25237]
2025-08-04 02:30:22 [DEBUG] python_multipart.multipart: Calling on_header_value with data[25239:25249]
2025-08-04 02:30:22 [DEBUG] python_multipart.multipart: Calling on_header_end with no data
2025-08-04 02:30:22 [DEBUG] python_multipart.multipart: Calling on_headers_finished with no data
2025-08-04 02:30:22 [DEBUG] python_multipart.multipart: Calling on_part_data with data[25253:27373]
2025-08-04 02:30:22 [DEBUG] python_multipart.multipart: Calling on_part_end with no data
2025-08-04 02:30:22 [DEBUG] python_multipart.multipart: Calling on_part_begin with no data
2025-08-04 02:30:22 [DEBUG] python_multipart.multipart: Calling on_header_field with data[27417:27436]
2025-08-04 02:30:22 [DEBUG] python_multipart.multipart: Calling on_header_value with data[27438:27485]
2025-08-04 02:30:22 [DEBUG] python_multipart.multipart: Calling on_header_end with no data
2025-08-04 02:30:22 [DEBUG] python_multipart.multipart: Calling on_header_field with data[27487:27499]
2025-08-04 02:30:22 [DEBUG] python_multipart.multipart: Calling on_header_value with data[27501:27511]
2025-08-04 02:30:22 [DEBUG] python_multipart.multipart: Calling on_header_end with no data
2025-08-04 02:30:22 [DEBUG] python_multipart.multipart: Calling on_headers_finished with no data
2025-08-04 02:30:22 [DEBUG] python_multipart.multipart: Calling on_part_data with data[27515:29671]
2025-08-04 02:30:22 [DEBUG] python_multipart.multipart: Calling on_part_end with no data
2025-08-04 02:30:22 [DEBUG] python_multipart.multipart: Calling on_part_begin with no data
2025-08-04 02:30:22 [DEBUG] python_multipart.multipart: Calling on_header_field with data[29715:29734]
2025-08-04 02:30:22 [DEBUG] python_multipart.multipart: Calling on_header_value with data[29736:29783]
2025-08-04 02:30:22 [DEBUG] python_multipart.multipart: Calling on_header_end with no data
2025-08-04 02:30:22 [DEBUG] python_multipart.multipart: Calling on_header_field with data[29785:29797]
2025-08-04 02:30:22 [DEBUG] python_multipart.multipart: Calling on_header_value with data[29799:29809]
2025-08-04 02:30:22 [DEBUG] python_multipart.multipart: Calling on_header_end with no data
2025-08-04 02:30:22 [DEBUG] python_multipart.multipart: Calling on_headers_finished with no data
2025-08-04 02:30:22 [DEBUG] python_multipart.multipart: Calling on_part_data with data[29813:31959]
2025-08-04 02:30:22 [DEBUG] python_multipart.multipart: Calling on_part_end with no data
2025-08-04 02:30:22 [DEBUG] python_multipart.multipart: Calling on_part_begin with no data
2025-08-04 02:30:22 [DEBUG] python_multipart.multipart: Calling on_header_field with data[32003:32022]
2025-08-04 02:30:22 [DEBUG] python_multipart.multipart: Calling on_header_value with data[32024:32071]
2025-08-04 02:30:22 [DEBUG] python_multipart.multipart: Calling on_header_end with no data
2025-08-04 02:30:22 [DEBUG] python_multipart.multipart: Calling on_header_field with data[32073:32085]
2025-08-04 02:30:22 [DEBUG] python_multipart.multipart: Calling on_header_value with data[32087:32097]
2025-08-04 02:30:22 [DEBUG] python_multipart.multipart: Calling on_header_end with no data
2025-08-04 02:30:22 [DEBUG] python_multipart.multipart: Calling on_headers_finished with no data
2025-08-04 02:30:22 [DEBUG] python_multipart.multipart: Calling on_part_data with data[32101:34261]
2025-08-04 02:30:22 [DEBUG] python_multipart.multipart: Calling on_part_end with no data
2025-08-04 02:30:22 [DEBUG] python_multipart.multipart: Calling on_part_begin with no data
2025-08-04 02:30:22 [DEBUG] python_multipart.multipart: Calling on_header_field with data[34305:34324]
2025-08-04 02:30:22 [DEBUG] python_multipart.multipart: Calling on_header_value with data[34326:34373]
2025-08-04 02:30:22 [DEBUG] python_multipart.multipart: Calling on_header_end with no data
2025-08-04 02:30:22 [DEBUG] python_multipart.multipart: Calling on_header_field with data[34375:34387]
2025-08-04 02:30:22 [DEBUG] python_multipart.multipart: Calling on_header_value with data[34389:34399]
2025-08-04 02:30:22 [DEBUG] python_multipart.multipart: Calling on_header_end with no data
2025-08-04 02:30:22 [DEBUG] python_multipart.multipart: Calling on_headers_finished with no data
2025-08-04 02:30:22 [DEBUG] python_multipart.multipart: Calling on_part_data with data[34403:36567]
2025-08-04 02:30:22 [DEBUG] python_multipart.multipart: Calling on_part_end with no data
2025-08-04 02:30:22 [DEBUG] python_multipart.multipart: Calling on_part_begin with no data
2025-08-04 02:30:22 [DEBUG] python_multipart.multipart: Calling on_header_field with data[36611:36630]
2025-08-04 02:30:22 [DEBUG] python_multipart.multipart: Calling on_header_value with data[36632:36679]
2025-08-04 02:30:22 [DEBUG] python_multipart.multipart: Calling on_header_end with no data
2025-08-04 02:30:22 [DEBUG] python_multipart.multipart: Calling on_header_field with data[36681:36693]
2025-08-04 02:30:22 [DEBUG] python_multipart.multipart: Calling on_header_value with data[36695:36705]
2025-08-04 02:30:22 [DEBUG] python_multipart.multipart: Calling on_header_end with no data
2025-08-04 02:30:22 [DEBUG] python_multipart.multipart: Calling on_headers_finished with no data
2025-08-04 02:30:22 [DEBUG] python_multipart.multipart: Calling on_part_data with data[36709:38861]
2025-08-04 02:30:22 [DEBUG] python_multipart.multipart: Calling on_part_end with no data
2025-08-04 02:30:22 [DEBUG] python_multipart.multipart: Calling on_part_begin with no data
2025-08-04 02:30:22 [DEBUG] python_multipart.multipart: Calling on_header_field with data[38905:38924]
2025-08-04 02:30:22 [DEBUG] python_multipart.multipart: Calling on_header_value with data[38926:38973]
2025-08-04 02:30:22 [DEBUG] python_multipart.multipart: Calling on_header_end with no data
2025-08-04 02:30:22 [DEBUG] python_multipart.multipart: Calling on_header_field with data[38975:38987]
2025-08-04 02:30:22 [DEBUG] python_multipart.multipart: Calling on_header_value with data[38989:38999]
2025-08-04 02:30:22 [DEBUG] python_multipart.multipart: Calling on_header_end with no data
2025-08-04 02:30:22 [DEBUG] python_multipart.multipart: Calling on_headers_finished with no data
2025-08-04 02:30:22 [DEBUG] python_multipart.multipart: Calling on_part_data with data[39003:41157]
2025-08-04 02:30:22 [DEBUG] python_multipart.multipart: Calling on_part_end with no data
2025-08-04 02:30:22 [DEBUG] python_multipart.multipart: Calling on_part_begin with no data
2025-08-04 02:30:22 [DEBUG] python_multipart.multipart: Calling on_header_field with data[41201:41220]
2025-08-04 02:30:22 [DEBUG] python_multipart.multipart: Calling on_header_value with data[41222:41269]
2025-08-04 02:30:22 [DEBUG] python_multipart.multipart: Calling on_header_end with no data
2025-08-04 02:30:22 [DEBUG] python_multipart.multipart: Calling on_header_field with data[41271:41283]
2025-08-04 02:30:22 [DEBUG] python_multipart.multipart: Calling on_header_value with data[41285:41295]
2025-08-04 02:30:22 [DEBUG] python_multipart.multipart: Calling on_header_end with no data
2025-08-04 02:30:22 [DEBUG] python_multipart.multipart: Calling on_headers_finished with no data
2025-08-04 02:30:22 [DEBUG] python_multipart.multipart: Calling on_part_data with data[41299:43491]
2025-08-04 02:30:22 [DEBUG] python_multipart.multipart: Calling on_part_end with no data
2025-08-04 02:30:22 [DEBUG] python_multipart.multipart: Calling on_part_begin with no data
2025-08-04 02:30:22 [DEBUG] python_multipart.multipart: Calling on_header_field with data[43535:43554]
2025-08-04 02:30:22 [DEBUG] python_multipart.multipart: Calling on_header_value with data[43556:43603]
2025-08-04 02:30:22 [DEBUG] python_multipart.multipart: Calling on_header_end with no data
2025-08-04 02:30:22 [DEBUG] python_multipart.multipart: Calling on_header_field with data[43605:43617]
2025-08-04 02:30:22 [DEBUG] python_multipart.multipart: Calling on_header_value with data[43619:43629]
2025-08-04 02:30:22 [DEBUG] python_multipart.multipart: Calling on_header_end with no data
2025-08-04 02:30:22 [DEBUG] python_multipart.multipart: Calling on_headers_finished with no data
2025-08-04 02:30:22 [DEBUG] python_multipart.multipart: Calling on_part_data with data[43633:45805]
2025-08-04 02:30:22 [DEBUG] python_multipart.multipart: Calling on_part_end with no data
2025-08-04 02:30:22 [DEBUG] python_multipart.multipart: Calling on_part_begin with no data
2025-08-04 02:30:22 [DEBUG] python_multipart.multipart: Calling on_header_field with data[45849:45868]
2025-08-04 02:30:22 [DEBUG] python_multipart.multipart: Calling on_header_value with data[45870:45917]
2025-08-04 02:30:22 [DEBUG] python_multipart.multipart: Calling on_header_end with no data
2025-08-04 02:30:22 [DEBUG] python_multipart.multipart: Calling on_header_field with data[45919:45931]
2025-08-04 02:30:22 [DEBUG] python_multipart.multipart: Calling on_header_value with data[45933:45943]
2025-08-04 02:30:22 [DEBUG] python_multipart.multipart: Calling on_header_end with no data
2025-08-04 02:30:22 [DEBUG] python_multipart.multipart: Calling on_headers_finished with no data
2025-08-04 02:30:22 [DEBUG] python_multipart.multipart: Calling on_part_data with data[45947:48131]
2025-08-04 02:30:22 [DEBUG] python_multipart.multipart: Calling on_part_end with no data
2025-08-04 02:30:22 [DEBUG] python_multipart.multipart: Calling on_part_begin with no data
2025-08-04 02:30:22 [DEBUG] python_multipart.multipart: Calling on_header_field with data[48175:48194]
2025-08-04 02:30:22 [DEBUG] python_multipart.multipart: Calling on_header_value with data[48196:48243]
2025-08-04 02:30:22 [DEBUG] python_multipart.multipart: Calling on_header_end with no data
2025-08-04 02:30:22 [DEBUG] python_multipart.multipart: Calling on_header_field with data[48245:48257]
2025-08-04 02:30:22 [DEBUG] python_multipart.multipart: Calling on_header_value with data[48259:48269]
2025-08-04 02:30:22 [DEBUG] python_multipart.multipart: Calling on_header_end with no data
2025-08-04 02:30:22 [DEBUG] python_multipart.multipart: Calling on_headers_finished with no data
2025-08-04 02:30:22 [DEBUG] python_multipart.multipart: Calling on_part_data with data[48273:50431]
2025-08-04 02:30:22 [DEBUG] python_multipart.multipart: Calling on_part_end with no data
2025-08-04 02:30:22 [DEBUG] python_multipart.multipart: Calling on_part_begin with no data
2025-08-04 02:30:22 [DEBUG] python_multipart.multipart: Calling on_header_field with data[50475:50494]
2025-08-04 02:30:22 [DEBUG] python_multipart.multipart: Calling on_header_value with data[50496:50543]
2025-08-04 02:30:22 [DEBUG] python_multipart.multipart: Calling on_header_end with no data
2025-08-04 02:30:22 [DEBUG] python_multipart.multipart: Calling on_header_field with data[50545:50557]
2025-08-04 02:30:22 [DEBUG] python_multipart.multipart: Calling on_header_value with data[50559:50569]
2025-08-04 02:30:22 [DEBUG] python_multipart.multipart: Calling on_header_end with no data
2025-08-04 02:30:22 [DEBUG] python_multipart.multipart: Calling on_headers_finished with no data
2025-08-04 02:30:22 [DEBUG] python_multipart.multipart: Calling on_part_data with data[50573:52725]
2025-08-04 02:30:22 [DEBUG] python_multipart.multipart: Calling on_part_end with no data
2025-08-04 02:30:22 [DEBUG] python_multipart.multipart: Calling on_part_begin with no data
2025-08-04 02:30:22 [DEBUG] python_multipart.multipart: Calling on_header_field with data[52769:52788]
2025-08-04 02:30:22 [DEBUG] python_multipart.multipart: Calling on_header_value with data[52790:52837]
2025-08-04 02:30:22 [DEBUG] python_multipart.multipart: Calling on_header_end with no data
2025-08-04 02:30:22 [DEBUG] python_multipart.multipart: Calling on_header_field with data[52839:52851]
2025-08-04 02:30:22 [DEBUG] python_multipart.multipart: Calling on_header_value with data[52853:52863]
2025-08-04 02:30:22 [DEBUG] python_multipart.multipart: Calling on_header_end with no data
2025-08-04 02:30:22 [DEBUG] python_multipart.multipart: Calling on_headers_finished with no data
2025-08-04 02:30:22 [DEBUG] python_multipart.multipart: Calling on_part_data with data[52867:54797]
2025-08-04 02:30:22 [DEBUG] python_multipart.multipart: Calling on_part_end with no data
2025-08-04 02:30:22 [DEBUG] python_multipart.multipart: Calling on_part_begin with no data
2025-08-04 02:30:22 [DEBUG] python_multipart.multipart: Calling on_header_field with data[54841:54860]
2025-08-04 02:30:22 [DEBUG] python_multipart.multipart: Calling on_header_value with data[54862:54909]
2025-08-04 02:30:22 [DEBUG] python_multipart.multipart: Calling on_header_end with no data
2025-08-04 02:30:22 [DEBUG] python_multipart.multipart: Calling on_header_field with data[54911:54923]
2025-08-04 02:30:22 [DEBUG] python_multipart.multipart: Calling on_header_value with data[54925:54935]
2025-08-04 02:30:22 [DEBUG] python_multipart.multipart: Calling on_header_end with no data
2025-08-04 02:30:22 [DEBUG] python_multipart.multipart: Calling on_headers_finished with no data
2025-08-04 02:30:22 [DEBUG] python_multipart.multipart: Calling on_part_data with data[54939:56853]
2025-08-04 02:30:22 [DEBUG] python_multipart.multipart: Calling on_part_end with no data
2025-08-04 02:30:22 [DEBUG] python_multipart.multipart: Calling on_part_begin with no data
2025-08-04 02:30:22 [DEBUG] python_multipart.multipart: Calling on_header_field with data[56897:56916]
2025-08-04 02:30:22 [DEBUG] python_multipart.multipart: Calling on_header_value with data[56918:56965]
2025-08-04 02:30:22 [DEBUG] python_multipart.multipart: Calling on_header_end with no data
2025-08-04 02:30:22 [DEBUG] python_multipart.multipart: Calling on_header_field with data[56967:56979]
2025-08-04 02:30:22 [DEBUG] python_multipart.multipart: Calling on_header_value with data[56981:56991]
2025-08-04 02:30:22 [DEBUG] python_multipart.multipart: Calling on_header_end with no data
2025-08-04 02:30:22 [DEBUG] python_multipart.multipart: Calling on_headers_finished with no data
2025-08-04 02:30:22 [DEBUG] python_multipart.multipart: Calling on_part_data with data[56995:58773]
2025-08-04 02:30:22 [DEBUG] python_multipart.multipart: Calling on_part_end with no data
2025-08-04 02:30:22 [DEBUG] python_multipart.multipart: Calling on_part_begin with no data
2025-08-04 02:30:22 [DEBUG] python_multipart.multipart: Calling on_header_field with data[58817:58836]
2025-08-04 02:30:22 [DEBUG] python_multipart.multipart: Calling on_header_value with data[58838:58885]
2025-08-04 02:30:22 [DEBUG] python_multipart.multipart: Calling on_header_end with no data
2025-08-04 02:30:22 [DEBUG] python_multipart.multipart: Calling on_header_field with data[58887:58899]
2025-08-04 02:30:22 [DEBUG] python_multipart.multipart: Calling on_header_value with data[58901:58911]
2025-08-04 02:30:22 [DEBUG] python_multipart.multipart: Calling on_header_end with no data
2025-08-04 02:30:22 [DEBUG] python_multipart.multipart: Calling on_headers_finished with no data
2025-08-04 02:30:22 [DEBUG] python_multipart.multipart: Calling on_part_data with data[58915:60549]
2025-08-04 02:30:22 [DEBUG] python_multipart.multipart: Calling on_part_end with no data
2025-08-04 02:30:22 [DEBUG] python_multipart.multipart: Calling on_part_begin with no data
2025-08-04 02:30:22 [DEBUG] python_multipart.multipart: Calling on_header_field with data[60593:60612]
2025-08-04 02:30:22 [DEBUG] python_multipart.multipart: Calling on_header_value with data[60614:60661]
2025-08-04 02:30:22 [DEBUG] python_multipart.multipart: Calling on_header_end with no data
2025-08-04 02:30:23 [DEBUG] python_multipart.multipart: Calling on_header_field with data[60663:60675]
2025-08-04 02:30:23 [DEBUG] python_multipart.multipart: Calling on_header_value with data[60677:60687]
2025-08-04 02:30:23 [DEBUG] python_multipart.multipart: Calling on_header_end with no data
2025-08-04 02:30:23 [DEBUG] python_multipart.multipart: Calling on_headers_finished with no data
2025-08-04 02:30:23 [DEBUG] python_multipart.multipart: Calling on_part_data with data[60691:62309]
2025-08-04 02:30:23 [DEBUG] python_multipart.multipart: Calling on_part_end with no data
2025-08-04 02:30:23 [DEBUG] python_multipart.multipart: Calling on_part_begin with no data
2025-08-04 02:30:23 [DEBUG] python_multipart.multipart: Calling on_header_field with data[62353:62372]
2025-08-04 02:30:23 [DEBUG] python_multipart.multipart: Calling on_header_value with data[62374:62421]
2025-08-04 02:30:23 [DEBUG] python_multipart.multipart: Calling on_header_end with no data
2025-08-04 02:30:23 [DEBUG] python_multipart.multipart: Calling on_header_field with data[62423:62435]
2025-08-04 02:30:23 [DEBUG] python_multipart.multipart: Calling on_header_value with data[62437:62447]
2025-08-04 02:30:23 [DEBUG] python_multipart.multipart: Calling on_header_end with no data
2025-08-04 02:30:23 [DEBUG] python_multipart.multipart: Calling on_headers_finished with no data
2025-08-04 02:30:23 [DEBUG] python_multipart.multipart: Calling on_part_data with data[62451:64115]
2025-08-04 02:30:23 [DEBUG] python_multipart.multipart: Calling on_part_end with no data
2025-08-04 02:30:23 [DEBUG] python_multipart.multipart: Calling on_part_begin with no data
2025-08-04 02:30:23 [DEBUG] python_multipart.multipart: Calling on_header_field with data[64159:64178]
2025-08-04 02:30:23 [DEBUG] python_multipart.multipart: Calling on_header_value with data[64180:64227]
2025-08-04 02:30:23 [DEBUG] python_multipart.multipart: Calling on_header_end with no data
2025-08-04 02:30:23 [DEBUG] python_multipart.multipart: Calling on_header_field with data[64229:64241]
2025-08-04 02:30:23 [DEBUG] python_multipart.multipart: Calling on_header_value with data[64243:64253]
2025-08-04 02:30:23 [DEBUG] python_multipart.multipart: Calling on_header_end with no data
2025-08-04 02:30:23 [DEBUG] python_multipart.multipart: Calling on_headers_finished with no data
2025-08-04 02:30:23 [DEBUG] python_multipart.multipart: Calling on_part_data with data[64257:65859]
2025-08-04 02:30:23 [DEBUG] python_multipart.multipart: Calling on_part_end with no data
2025-08-04 02:30:23 [DEBUG] python_multipart.multipart: Calling on_part_begin with no data
2025-08-04 02:30:23 [DEBUG] python_multipart.multipart: Calling on_header_field with data[65903:65922]
2025-08-04 02:30:23 [DEBUG] python_multipart.multipart: Calling on_header_value with data[65924:65971]
2025-08-04 02:30:23 [DEBUG] python_multipart.multipart: Calling on_header_end with no data
2025-08-04 02:30:23 [DEBUG] python_multipart.multipart: Calling on_header_field with data[65973:65985]
2025-08-04 02:30:23 [DEBUG] python_multipart.multipart: Calling on_header_value with data[65987:65997]
2025-08-04 02:30:23 [DEBUG] python_multipart.multipart: Calling on_header_end with no data
2025-08-04 02:30:23 [DEBUG] python_multipart.multipart: Calling on_headers_finished with no data
2025-08-04 02:30:23 [DEBUG] python_multipart.multipart: Calling on_part_data with data[66001:67599]
2025-08-04 02:30:23 [DEBUG] python_multipart.multipart: Calling on_part_end with no data
2025-08-04 02:30:23 [DEBUG] python_multipart.multipart: Calling on_part_begin with no data
2025-08-04 02:30:23 [DEBUG] python_multipart.multipart: Calling on_header_field with data[67643:67662]
2025-08-04 02:30:23 [DEBUG] python_multipart.multipart: Calling on_header_value with data[67664:67711]
2025-08-04 02:30:23 [DEBUG] python_multipart.multipart: Calling on_header_end with no data
2025-08-04 02:30:23 [DEBUG] python_multipart.multipart: Calling on_header_field with data[67713:67725]
2025-08-04 02:30:23 [DEBUG] python_multipart.multipart: Calling on_header_value with data[67727:67737]
2025-08-04 02:30:23 [DEBUG] python_multipart.multipart: Calling on_header_end with no data
2025-08-04 02:30:23 [DEBUG] python_multipart.multipart: Calling on_headers_finished with no data
2025-08-04 02:30:23 [DEBUG] python_multipart.multipart: Calling on_part_data with data[67741:69407]
2025-08-04 02:30:23 [DEBUG] python_multipart.multipart: Calling on_part_end with no data
2025-08-04 02:30:23 [DEBUG] python_multipart.multipart: Calling on_part_begin with no data
2025-08-04 02:30:23 [DEBUG] python_multipart.multipart: Calling on_header_field with data[69451:69470]
2025-08-04 02:30:23 [DEBUG] python_multipart.multipart: Calling on_header_value with data[69472:69519]
2025-08-04 02:30:23 [DEBUG] python_multipart.multipart: Calling on_header_end with no data
2025-08-04 02:30:23 [DEBUG] python_multipart.multipart: Calling on_header_field with data[69521:69533]
2025-08-04 02:30:23 [DEBUG] python_multipart.multipart: Calling on_header_value with data[69535:69545]
2025-08-04 02:30:23 [DEBUG] python_multipart.multipart: Calling on_header_end with no data
2025-08-04 02:30:23 [DEBUG] python_multipart.multipart: Calling on_headers_finished with no data
2025-08-04 02:30:23 [DEBUG] python_multipart.multipart: Calling on_part_data with data[69549:71189]
2025-08-04 02:30:23 [DEBUG] python_multipart.multipart: Calling on_part_end with no data
2025-08-04 02:30:23 [DEBUG] python_multipart.multipart: Calling on_part_begin with no data
2025-08-04 02:30:23 [DEBUG] python_multipart.multipart: Calling on_header_field with data[71233:71252]
2025-08-04 02:30:23 [DEBUG] python_multipart.multipart: Calling on_header_value with data[71254:71301]
2025-08-04 02:30:23 [DEBUG] python_multipart.multipart: Calling on_header_end with no data
2025-08-04 02:30:23 [DEBUG] python_multipart.multipart: Calling on_header_field with data[71303:71315]
2025-08-04 02:30:23 [DEBUG] python_multipart.multipart: Calling on_header_value with data[71317:71327]
2025-08-04 02:30:23 [DEBUG] python_multipart.multipart: Calling on_header_end with no data
2025-08-04 02:30:23 [DEBUG] python_multipart.multipart: Calling on_headers_finished with no data
2025-08-04 02:30:23 [DEBUG] python_multipart.multipart: Calling on_part_data with data[71331:73065]
2025-08-04 02:30:23 [DEBUG] python_multipart.multipart: Calling on_part_end with no data
2025-08-04 02:30:23 [DEBUG] python_multipart.multipart: Calling on_part_begin with no data
2025-08-04 02:30:23 [DEBUG] python_multipart.multipart: Calling on_header_field with data[73109:73128]
2025-08-04 02:30:23 [DEBUG] python_multipart.multipart: Calling on_header_value with data[73130:73177]
2025-08-04 02:30:23 [DEBUG] python_multipart.multipart: Calling on_header_end with no data
2025-08-04 02:30:23 [DEBUG] python_multipart.multipart: Calling on_header_field with data[73179:73191]
2025-08-04 02:30:23 [DEBUG] python_multipart.multipart: Calling on_header_value with data[73193:73203]
2025-08-04 02:30:23 [DEBUG] python_multipart.multipart: Calling on_header_end with no data
2025-08-04 02:30:23 [DEBUG] python_multipart.multipart: Calling on_headers_finished with no data
2025-08-04 02:30:23 [DEBUG] python_multipart.multipart: Calling on_part_data with data[73207:74905]
2025-08-04 02:30:23 [DEBUG] python_multipart.multipart: Calling on_part_end with no data
2025-08-04 02:30:23 [DEBUG] python_multipart.multipart: Calling on_part_begin with no data
2025-08-04 02:30:23 [DEBUG] python_multipart.multipart: Calling on_header_field with data[74949:74968]
2025-08-04 02:30:23 [DEBUG] python_multipart.multipart: Calling on_header_value with data[74970:75017]
2025-08-04 02:30:23 [DEBUG] python_multipart.multipart: Calling on_header_end with no data
2025-08-04 02:30:23 [DEBUG] python_multipart.multipart: Calling on_header_field with data[75019:75031]
2025-08-04 02:30:23 [DEBUG] python_multipart.multipart: Calling on_header_value with data[75033:75043]
2025-08-04 02:30:23 [DEBUG] python_multipart.multipart: Calling on_header_end with no data
2025-08-04 02:30:23 [DEBUG] python_multipart.multipart: Calling on_headers_finished with no data
2025-08-04 02:30:23 [DEBUG] python_multipart.multipart: Calling on_part_data with data[75047:76679]
2025-08-04 02:30:23 [DEBUG] python_multipart.multipart: Calling on_part_end with no data
2025-08-04 02:30:23 [DEBUG] python_multipart.multipart: Calling on_part_begin with no data
2025-08-04 02:30:23 [DEBUG] python_multipart.multipart: Calling on_header_field with data[76723:76742]
2025-08-04 02:30:23 [DEBUG] python_multipart.multipart: Calling on_header_value with data[76744:76791]
2025-08-04 02:30:23 [DEBUG] python_multipart.multipart: Calling on_header_end with no data
2025-08-04 02:30:23 [DEBUG] python_multipart.multipart: Calling on_header_field with data[76793:76805]
2025-08-04 02:30:23 [DEBUG] python_multipart.multipart: Calling on_header_value with data[76807:76817]
2025-08-04 02:30:23 [DEBUG] python_multipart.multipart: Calling on_header_end with no data
2025-08-04 02:30:23 [DEBUG] python_multipart.multipart: Calling on_headers_finished with no data
2025-08-04 02:30:23 [DEBUG] python_multipart.multipart: Calling on_part_data with data[76821:78495]
2025-08-04 02:30:23 [DEBUG] python_multipart.multipart: Calling on_part_end with no data
2025-08-04 02:30:23 [DEBUG] python_multipart.multipart: Calling on_part_begin with no data
2025-08-04 02:30:23 [DEBUG] python_multipart.multipart: Calling on_header_field with data[78539:78558]
2025-08-04 02:30:23 [DEBUG] python_multipart.multipart: Calling on_header_value with data[78560:78607]
2025-08-04 02:30:23 [DEBUG] python_multipart.multipart: Calling on_header_end with no data
2025-08-04 02:30:23 [DEBUG] python_multipart.multipart: Calling on_header_field with data[78609:78621]
2025-08-04 02:30:23 [DEBUG] python_multipart.multipart: Calling on_header_value with data[78623:78633]
2025-08-04 02:30:23 [DEBUG] python_multipart.multipart: Calling on_header_end with no data
2025-08-04 02:30:23 [DEBUG] python_multipart.multipart: Calling on_headers_finished with no data
2025-08-04 02:30:23 [DEBUG] python_multipart.multipart: Calling on_part_data with data[78637:80307]
2025-08-04 02:30:23 [DEBUG] python_multipart.multipart: Calling on_part_end with no data
2025-08-04 02:30:23 [DEBUG] python_multipart.multipart: Calling on_part_begin with no data
2025-08-04 02:30:23 [DEBUG] python_multipart.multipart: Calling on_header_field with data[80351:80370]
2025-08-04 02:30:23 [DEBUG] python_multipart.multipart: Calling on_header_value with data[80372:80419]
2025-08-04 02:30:23 [DEBUG] python_multipart.multipart: Calling on_header_end with no data
2025-08-04 02:30:23 [DEBUG] python_multipart.multipart: Calling on_header_field with data[80421:80433]
2025-08-04 02:30:23 [DEBUG] python_multipart.multipart: Calling on_header_value with data[80435:80445]
2025-08-04 02:30:23 [DEBUG] python_multipart.multipart: Calling on_header_end with no data
2025-08-04 02:30:23 [DEBUG] python_multipart.multipart: Calling on_headers_finished with no data
2025-08-04 02:30:23 [DEBUG] python_multipart.multipart: Calling on_part_data with data[80449:82149]
2025-08-04 02:30:23 [DEBUG] python_multipart.multipart: Calling on_part_end with no data
2025-08-04 02:30:23 [DEBUG] python_multipart.multipart: Calling on_part_begin with no data
2025-08-04 02:30:23 [DEBUG] python_multipart.multipart: Calling on_header_field with data[82193:82212]
2025-08-04 02:30:23 [DEBUG] python_multipart.multipart: Calling on_header_value with data[82214:82261]
2025-08-04 02:30:23 [DEBUG] python_multipart.multipart: Calling on_header_end with no data
2025-08-04 02:30:23 [DEBUG] python_multipart.multipart: Calling on_header_field with data[82263:82275]
2025-08-04 02:30:23 [DEBUG] python_multipart.multipart: Calling on_header_value with data[82277:82287]
2025-08-04 02:30:23 [DEBUG] python_multipart.multipart: Calling on_header_end with no data
2025-08-04 02:30:23 [DEBUG] python_multipart.multipart: Calling on_headers_finished with no data
2025-08-04 02:30:23 [DEBUG] python_multipart.multipart: Calling on_part_data with data[82291:83997]
2025-08-04 02:30:23 [DEBUG] python_multipart.multipart: Calling on_part_end with no data
2025-08-04 02:30:23 [DEBUG] python_multipart.multipart: Calling on_part_begin with no data
2025-08-04 02:30:23 [DEBUG] python_multipart.multipart: Calling on_header_field with data[84041:84060]
2025-08-04 02:30:23 [DEBUG] python_multipart.multipart: Calling on_header_value with data[84062:84109]
2025-08-04 02:30:23 [DEBUG] python_multipart.multipart: Calling on_header_end with no data
2025-08-04 02:30:23 [DEBUG] python_multipart.multipart: Calling on_header_field with data[84111:84123]
2025-08-04 02:30:23 [DEBUG] python_multipart.multipart: Calling on_header_value with data[84125:84135]
2025-08-04 02:30:23 [DEBUG] python_multipart.multipart: Calling on_header_end with no data
2025-08-04 02:30:23 [DEBUG] python_multipart.multipart: Calling on_headers_finished with no data
2025-08-04 02:30:23 [DEBUG] python_multipart.multipart: Calling on_part_data with data[84139:85847]
2025-08-04 02:30:23 [DEBUG] python_multipart.multipart: Calling on_part_end with no data
2025-08-04 02:30:23 [DEBUG] python_multipart.multipart: Calling on_part_begin with no data
2025-08-04 02:30:23 [DEBUG] python_multipart.multipart: Calling on_header_field with data[85891:85910]
2025-08-04 02:30:23 [DEBUG] python_multipart.multipart: Calling on_header_value with data[85912:85959]
2025-08-04 02:30:23 [DEBUG] python_multipart.multipart: Calling on_header_end with no data
2025-08-04 02:30:23 [DEBUG] python_multipart.multipart: Calling on_header_field with data[85961:85973]
2025-08-04 02:30:23 [DEBUG] python_multipart.multipart: Calling on_header_value with data[85975:85985]
2025-08-04 02:30:23 [DEBUG] python_multipart.multipart: Calling on_header_end with no data
2025-08-04 02:30:23 [DEBUG] python_multipart.multipart: Calling on_headers_finished with no data
2025-08-04 02:30:23 [DEBUG] python_multipart.multipart: Calling on_part_data with data[85989:87755]
2025-08-04 02:30:23 [DEBUG] python_multipart.multipart: Calling on_part_end with no data
2025-08-04 02:30:23 [DEBUG] python_multipart.multipart: Calling on_part_begin with no data
2025-08-04 02:30:23 [DEBUG] python_multipart.multipart: Calling on_header_field with data[87799:87818]
2025-08-04 02:30:23 [DEBUG] python_multipart.multipart: Calling on_header_value with data[87820:87867]
2025-08-04 02:30:23 [DEBUG] python_multipart.multipart: Calling on_header_end with no data
2025-08-04 02:30:23 [DEBUG] python_multipart.multipart: Calling on_header_field with data[87869:87881]
2025-08-04 02:30:23 [DEBUG] python_multipart.multipart: Calling on_header_value with data[87883:87893]
2025-08-04 02:30:23 [DEBUG] python_multipart.multipart: Calling on_header_end with no data
2025-08-04 02:30:23 [DEBUG] python_multipart.multipart: Calling on_headers_finished with no data
2025-08-04 02:30:23 [DEBUG] python_multipart.multipart: Calling on_part_data with data[87897:89663]
2025-08-04 02:30:23 [DEBUG] python_multipart.multipart: Calling on_part_end with no data
2025-08-04 02:30:23 [DEBUG] python_multipart.multipart: Calling on_part_begin with no data
2025-08-04 02:30:23 [DEBUG] python_multipart.multipart: Calling on_header_field with data[89707:89726]
2025-08-04 02:30:23 [DEBUG] python_multipart.multipart: Calling on_header_value with data[89728:89775]
2025-08-04 02:30:23 [DEBUG] python_multipart.multipart: Calling on_header_end with no data
2025-08-04 02:30:23 [DEBUG] python_multipart.multipart: Calling on_header_field with data[89777:89789]
2025-08-04 02:30:23 [DEBUG] python_multipart.multipart: Calling on_header_value with data[89791:89801]
2025-08-04 02:30:23 [DEBUG] python_multipart.multipart: Calling on_header_end with no data
2025-08-04 02:30:23 [DEBUG] python_multipart.multipart: Calling on_headers_finished with no data
2025-08-04 02:30:23 [DEBUG] python_multipart.multipart: Calling on_part_data with data[89805:91503]
2025-08-04 02:30:23 [DEBUG] python_multipart.multipart: Calling on_part_end with no data
2025-08-04 02:30:23 [DEBUG] python_multipart.multipart: Calling on_part_begin with no data
2025-08-04 02:30:23 [DEBUG] python_multipart.multipart: Calling on_header_field with data[91547:91566]
2025-08-04 02:30:23 [DEBUG] python_multipart.multipart: Calling on_header_value with data[91568:91615]
2025-08-04 02:30:23 [DEBUG] python_multipart.multipart: Calling on_header_end with no data
2025-08-04 02:30:23 [DEBUG] python_multipart.multipart: Calling on_header_field with data[91617:91629]
2025-08-04 02:30:23 [DEBUG] python_multipart.multipart: Calling on_header_value with data[91631:91641]
2025-08-04 02:30:23 [DEBUG] python_multipart.multipart: Calling on_header_end with no data
2025-08-04 02:30:23 [DEBUG] python_multipart.multipart: Calling on_headers_finished with no data
2025-08-04 02:30:23 [DEBUG] python_multipart.multipart: Calling on_part_data with data[91645:93355]
2025-08-04 02:30:23 [DEBUG] python_multipart.multipart: Calling on_part_end with no data
2025-08-04 02:30:23 [DEBUG] python_multipart.multipart: Calling on_part_begin with no data
2025-08-04 02:30:23 [DEBUG] python_multipart.multipart: Calling on_header_field with data[93399:93418]
2025-08-04 02:30:23 [DEBUG] python_multipart.multipart: Calling on_header_value with data[93420:93467]
2025-08-04 02:30:23 [DEBUG] python_multipart.multipart: Calling on_header_end with no data
2025-08-04 02:30:23 [DEBUG] python_multipart.multipart: Calling on_header_field with data[93469:93481]
2025-08-04 02:30:23 [DEBUG] python_multipart.multipart: Calling on_header_value with data[93483:93493]
2025-08-04 02:30:23 [DEBUG] python_multipart.multipart: Calling on_header_end with no data
2025-08-04 02:30:23 [DEBUG] python_multipart.multipart: Calling on_headers_finished with no data
2025-08-04 02:30:23 [DEBUG] python_multipart.multipart: Calling on_part_data with data[93497:95171]
2025-08-04 02:30:23 [DEBUG] python_multipart.multipart: Calling on_part_end with no data
2025-08-04 02:30:23 [DEBUG] python_multipart.multipart: Calling on_part_begin with no data
2025-08-04 02:30:23 [DEBUG] python_multipart.multipart: Calling on_header_field with data[95215:95234]
2025-08-04 02:30:23 [DEBUG] python_multipart.multipart: Calling on_header_value with data[95236:95283]
2025-08-04 02:30:23 [DEBUG] python_multipart.multipart: Calling on_header_end with no data
2025-08-04 02:30:23 [DEBUG] python_multipart.multipart: Calling on_header_field with data[95285:95297]
2025-08-04 02:30:23 [DEBUG] python_multipart.multipart: Calling on_header_value with data[95299:95309]
2025-08-04 02:30:23 [DEBUG] python_multipart.multipart: Calling on_header_end with no data
2025-08-04 02:30:23 [DEBUG] python_multipart.multipart: Calling on_headers_finished with no data
2025-08-04 02:30:23 [DEBUG] python_multipart.multipart: Calling on_part_data with data[95313:97009]
2025-08-04 02:30:23 [DEBUG] python_multipart.multipart: Calling on_part_end with no data
2025-08-04 02:30:23 [DEBUG] python_multipart.multipart: Calling on_part_begin with no data
2025-08-04 02:30:23 [DEBUG] python_multipart.multipart: Calling on_header_field with data[97053:97072]
2025-08-04 02:30:23 [DEBUG] python_multipart.multipart: Calling on_header_value with data[97074:97121]
2025-08-04 02:30:23 [DEBUG] python_multipart.multipart: Calling on_header_end with no data
2025-08-04 02:30:23 [DEBUG] python_multipart.multipart: Calling on_header_field with data[97123:97135]
2025-08-04 02:30:23 [DEBUG] python_multipart.multipart: Calling on_header_value with data[97137:97147]
2025-08-04 02:30:23 [DEBUG] python_multipart.multipart: Calling on_header_end with no data
2025-08-04 02:30:23 [DEBUG] python_multipart.multipart: Calling on_headers_finished with no data
2025-08-04 02:30:23 [DEBUG] python_multipart.multipart: Calling on_part_data with data[97151:98847]
2025-08-04 02:30:23 [DEBUG] python_multipart.multipart: Calling on_part_end with no data
2025-08-04 02:30:23 [DEBUG] python_multipart.multipart: Calling on_part_begin with no data
2025-08-04 02:30:23 [DEBUG] python_multipart.multipart: Calling on_header_field with data[98891:98910]
2025-08-04 02:30:23 [DEBUG] python_multipart.multipart: Calling on_header_value with data[98912:98959]
2025-08-04 02:30:23 [DEBUG] python_multipart.multipart: Calling on_header_end with no data
2025-08-04 02:30:23 [DEBUG] python_multipart.multipart: Calling on_header_field with data[98961:98973]
2025-08-04 02:30:23 [DEBUG] python_multipart.multipart: Calling on_header_value with data[98975:98985]
2025-08-04 02:30:23 [DEBUG] python_multipart.multipart: Calling on_header_end with no data
2025-08-04 02:30:23 [DEBUG] python_multipart.multipart: Calling on_headers_finished with no data
2025-08-04 02:30:23 [DEBUG] python_multipart.multipart: Calling on_part_data with data[98989:100677]
2025-08-04 02:30:23 [DEBUG] python_multipart.multipart: Calling on_part_end with no data
2025-08-04 02:30:23 [DEBUG] python_multipart.multipart: Calling on_part_begin with no data
2025-08-04 02:30:23 [DEBUG] python_multipart.multipart: Calling on_header_field with data[100721:100740]
2025-08-04 02:30:23 [DEBUG] python_multipart.multipart: Calling on_header_value with data[100742:100789]
2025-08-04 02:30:23 [DEBUG] python_multipart.multipart: Calling on_header_end with no data
2025-08-04 02:30:23 [DEBUG] python_multipart.multipart: Calling on_header_field with data[100791:100803]
2025-08-04 02:30:23 [DEBUG] python_multipart.multipart: Calling on_header_value with data[100805:100815]
2025-08-04 02:30:23 [DEBUG] python_multipart.multipart: Calling on_header_end with no data
2025-08-04 02:30:23 [DEBUG] python_multipart.multipart: Calling on_headers_finished with no data
2025-08-04 02:30:23 [DEBUG] python_multipart.multipart: Calling on_part_data with data[100819:102469]
2025-08-04 02:30:23 [DEBUG] python_multipart.multipart: Calling on_part_end with no data
2025-08-04 02:30:23 [DEBUG] python_multipart.multipart: Calling on_end with no data
2025-08-04 02:30:23 [INFO] face-presence-api: Registering user: 2209116038
2025-08-04 02:30:23 [INFO] watchfiles.main: 1 change detected
2025-08-04 02:30:23 [DEBUG] PIL.Image: Importing AvifImagePlugin
2025-08-04 02:30:23 [DEBUG] PIL.Image: Importing BlpImagePlugin
2025-08-04 02:30:23 [DEBUG] PIL.Image: Importing BmpImagePlugin
2025-08-04 02:30:23 [DEBUG] PIL.Image: Importing BufrStubImagePlugin
2025-08-04 02:30:23 [DEBUG] PIL.Image: Importing CurImagePlugin
2025-08-04 02:30:23 [DEBUG] PIL.Image: Importing DcxImagePlugin
2025-08-04 02:30:23 [DEBUG] PIL.Image: Importing DdsImagePlugin
2025-08-04 02:30:23 [DEBUG] PIL.Image: Importing EpsImagePlugin
2025-08-04 02:30:23 [DEBUG] PIL.Image: Importing FitsImagePlugin
2025-08-04 02:30:23 [DEBUG] PIL.Image: Importing FliImagePlugin
2025-08-04 02:30:23 [DEBUG] PIL.Image: Importing FpxImagePlugin
2025-08-04 02:30:23 [DEBUG] PIL.Image: Image: failed to import FpxImagePlugin: No module named 'olefile'
2025-08-04 02:30:23 [DEBUG] PIL.Image: Importing FtexImagePlugin
2025-08-04 02:30:23 [DEBUG] PIL.Image: Importing GbrImagePlugin
2025-08-04 02:30:23 [DEBUG] PIL.Image: Importing GifImagePlugin
2025-08-04 02:30:23 [DEBUG] PIL.Image: Importing GribStubImagePlugin
2025-08-04 02:30:24 [DEBUG] PIL.Image: Importing Hdf5StubImagePlugin
2025-08-04 02:30:24 [DEBUG] PIL.Image: Importing IcnsImagePlugin
2025-08-04 02:30:24 [DEBUG] PIL.Image: Importing IcoImagePlugin
2025-08-04 02:30:24 [DEBUG] PIL.Image: Importing ImImagePlugin
2025-08-04 02:30:24 [DEBUG] PIL.Image: Importing ImtImagePlugin
2025-08-04 02:30:24 [DEBUG] PIL.Image: Importing IptcImagePlugin
2025-08-04 02:30:24 [DEBUG] PIL.Image: Importing JpegImagePlugin
2025-08-04 02:30:24 [DEBUG] PIL.Image: Importing Jpeg2KImagePlugin
2025-08-04 02:30:24 [DEBUG] PIL.Image: Importing McIdasImagePlugin
2025-08-04 02:30:24 [DEBUG] PIL.Image: Importing MicImagePlugin
2025-08-04 02:30:24 [DEBUG] PIL.Image: Image: failed to import MicImagePlugin: No module named 'olefile'
2025-08-04 02:30:24 [DEBUG] PIL.Image: Importing MpegImagePlugin
2025-08-04 02:30:24 [DEBUG] PIL.Image: Importing MpoImagePlugin
2025-08-04 02:30:24 [DEBUG] PIL.Image: Importing MspImagePlugin
2025-08-04 02:30:24 [DEBUG] PIL.Image: Importing PalmImagePlugin
2025-08-04 02:30:24 [DEBUG] PIL.Image: Importing PcdImagePlugin
2025-08-04 02:30:24 [DEBUG] PIL.Image: Importing PcxImagePlugin
2025-08-04 02:30:24 [DEBUG] PIL.Image: Importing PdfImagePlugin
2025-08-04 02:30:24 [DEBUG] PIL.Image: Importing PixarImagePlugin
2025-08-04 02:30:24 [DEBUG] PIL.Image: Importing PngImagePlugin
2025-08-04 02:30:24 [DEBUG] PIL.Image: Importing PpmImagePlugin
2025-08-04 02:30:24 [DEBUG] PIL.Image: Importing PsdImagePlugin
2025-08-04 02:30:24 [DEBUG] PIL.Image: Importing QoiImagePlugin
2025-08-04 02:30:24 [DEBUG] PIL.Image: Importing SgiImagePlugin
2025-08-04 02:30:24 [DEBUG] PIL.Image: Importing SpiderImagePlugin
2025-08-04 02:30:24 [DEBUG] PIL.Image: Importing SunImagePlugin
2025-08-04 02:30:24 [DEBUG] PIL.Image: Importing TgaImagePlugin
2025-08-04 02:30:24 [DEBUG] PIL.Image: Importing TiffImagePlugin
2025-08-04 02:30:24 [DEBUG] PIL.Image: Importing WebPImagePlugin
2025-08-04 02:30:24 [DEBUG] PIL.Image: Importing WmfImagePlugin
2025-08-04 02:30:24 [DEBUG] PIL.Image: Importing XbmImagePlugin
2025-08-04 02:30:24 [DEBUG] PIL.Image: Importing XpmImagePlugin
2025-08-04 02:30:24 [DEBUG] PIL.Image: Importing XVThumbImagePlugin
2025-08-04 02:30:24 [INFO] watchfiles.main: 1 change detected
2025-08-04 02:30:24 [DEBUG] face-presence-api: 🧹 Memory cleared with garbage collector.
2025-08-04 02:30:25 [INFO] face-presence-api: 📁 10 test image berhasil disimpan untuk user 2209116038 di F:\Kuliah\Skripsi\praktisi-face-presence-api\src\storage\test_images\2209116038
2025-08-04 02:30:25 [INFO] watchfiles.main: 10 changes detected
2025-08-04 02:30:25 [DEBUG] face-presence-api: 🧹 Memory cleared with garbage collector.
2025-08-04 02:30:25 [INFO] face-presence-api: Processing batch 1/8
2025-08-04 02:30:25 [INFO] watchfiles.main: 1 change detected
2025-08-04 02:30:26 [INFO] face-presence-api: Processing batch 2/8
2025-08-04 02:30:26 [INFO] face-presence-api: Processing batch 3/8
2025-08-04 02:30:27 [INFO] face-presence-api: Processing batch 4/8
2025-08-04 02:30:27 [DEBUG] face-presence-api: [BatchLogger] No durations, skip flush
2025-08-04 02:30:27 [INFO] face-presence-api: Processing batch 5/8
2025-08-04 02:30:27 [INFO] face-presence-api: Processing batch 6/8
2025-08-04 02:30:28 [INFO] face-presence-api: Processing batch 7/8
2025-08-04 02:30:28 [INFO] face-presence-api: Processing batch 8/8
2025-08-04 02:30:28 [INFO] face-presence-api: Finished processing 40 valid embeddings from 40 images
2025-08-04 02:30:28 [INFO] face-presence-api: Validasi berhasil: 40 embeddings valid
2025-08-04 02:30:28 [INFO] face-presence-api: Validasi berhasil: 40 embeddings valid
2025-08-04 02:30:28 [INFO] face-presence-api: Embedding berhasil disimpan untuk user 2209116038 di F:\Kuliah\Skripsi\praktisi-face-presence-api\src\storage\embeddings\2209116038.pkl
2025-08-04 02:30:28 [INFO] face-presence-api: Embeddings saved successfully for user 2209116038, starting evaluation.
2025-08-04 02:30:28 [INFO] face-presence-api: Evaluating ...
2025-08-04 02:30:28 [INFO] watchfiles.main: 1 change detected
2025-08-04 02:30:29 [INFO] face-presence-api: Evaluating batch 1/4
2025-08-04 02:30:29 [INFO] watchfiles.main: 1 change detected
2025-08-04 02:30:29 [INFO] face-presence-api: Evaluating batch 2/4
2025-08-04 02:30:29 [INFO] face-presence-api: Evaluating batch 3/4
2025-08-04 02:30:30 [INFO] face-presence-api: Evaluating batch 4/4
2025-08-04 02:30:30 [INFO] face-presence-api: Face registration successful for user 2209116038.
2025-08-04 02:30:35 [DEBUG] python_multipart.multipart: Calling on_part_begin with no data
2025-08-04 02:30:35 [DEBUG] python_multipart.multipart: Calling on_header_field with data[42:61]
2025-08-04 02:30:35 [DEBUG] python_multipart.multipart: Calling on_header_value with data[63:88]
2025-08-04 02:30:35 [DEBUG] python_multipart.multipart: Calling on_header_end with no data
2025-08-04 02:30:35 [DEBUG] python_multipart.multipart: Calling on_headers_finished with no data
2025-08-04 02:30:35 [DEBUG] python_multipart.multipart: Calling on_part_data with data[92:102]
2025-08-04 02:30:35 [DEBUG] python_multipart.multipart: Calling on_part_end with no data
2025-08-04 02:30:35 [DEBUG] python_multipart.multipart: Calling on_end with no data
2025-08-04 02:30:35 [INFO] face-presence-api: Checking status for user: 2209116038
2025-08-04 02:30:35 [INFO] face-presence-api: User 2209116038 is already registered.
2025-08-04 02:30:37 [DEBUG] face-presence-api: [BatchLogger] No verifications, skip flush
2025-08-04 02:30:37 [INFO] face-presence-api: [BatchLogger] Flushing 1 registrations...
2025-08-04 02:30:37 [DEBUG] urllib3.connectionpool: https://sheets.googleapis.com:443 "GET /v4/spreadsheets/1hjXERVEURCeKXeCw8TUbrkjF25_GVmORN0JgjZuu058?includeGridData=false HTTP/1.1" 200 None
2025-08-04 02:30:37 [DEBUG] urllib3.connectionpool: https://sheets.googleapis.com:443 "GET /v4/spreadsheets/1hjXERVEURCeKXeCw8TUbrkjF25_GVmORN0JgjZuu058/values/%27Registration%27 HTTP/1.1" 200 None
2025-08-04 02:30:38 [DEBUG] urllib3.connectionpool: https://sheets.googleapis.com:443 "GET /v4/spreadsheets/1hjXERVEURCeKXeCw8TUbrkjF25_GVmORN0JgjZuu058/values/%27Registration%27 HTTP/1.1" 200 None
2025-08-04 02:30:38 [DEBUG] urllib3.connectionpool: https://sheets.googleapis.com:443 "POST /v4/spreadsheets/1hjXERVEURCeKXeCw8TUbrkjF25_GVmORN0JgjZuu058/values:batchUpdate HTTP/1.1" 200 None
2025-08-04 02:30:38 [INFO] face-presence-api: [BatchLogger] Updated 1 registration rows
2025-08-04 02:30:38 [DEBUG] face-presence-api: [BatchLogger] No durations, skip flush
2025-08-04 02:30:48 [DEBUG] face-presence-api: [BatchLogger] No durations, skip flush
2025-08-04 02:30:58 [DEBUG] face-presence-api: [BatchLogger] No durations, skip flush
2025-08-04 02:31:07 [DEBUG] face-presence-api: [BatchLogger] No verifications, skip flush
2025-08-04 02:31:08 [DEBUG] face-presence-api: [BatchLogger] No registrations, skip flush
2025-08-04 02:31:08 [DEBUG] face-presence-api: [BatchLogger] No durations, skip flush
2025-08-04 02:31:18 [DEBUG] face-presence-api: [BatchLogger] No durations, skip flush
2025-08-04 02:31:28 [DEBUG] face-presence-api: [BatchLogger] No durations, skip flush
2025-08-04 02:31:32 [DEBUG] python_multipart.multipart: Calling on_part_begin with no data
2025-08-04 02:31:32 [DEBUG] python_multipart.multipart: Calling on_header_field with data[42:61]
2025-08-04 02:31:32 [DEBUG] python_multipart.multipart: Calling on_header_value with data[63:88]
2025-08-04 02:31:32 [DEBUG] python_multipart.multipart: Calling on_header_end with no data
2025-08-04 02:31:32 [DEBUG] python_multipart.multipart: Calling on_headers_finished with no data
2025-08-04 02:31:32 [DEBUG] python_multipart.multipart: Calling on_part_data with data[92:102]
2025-08-04 02:31:32 [DEBUG] python_multipart.multipart: Calling on_part_end with no data
2025-08-04 02:31:32 [DEBUG] python_multipart.multipart: Calling on_end with no data
2025-08-04 02:31:32 [INFO] face-presence-api: Checking status for user: 2209116038
2025-08-04 02:31:32 [INFO] face-presence-api: User 2209116038 is already registered.
2025-08-04 02:31:37 [DEBUG] face-presence-api: [BatchLogger] No verifications, skip flush
2025-08-04 02:31:38 [DEBUG] face-presence-api: [BatchLogger] No registrations, skip flush
2025-08-04 02:31:38 [DEBUG] face-presence-api: [BatchLogger] No durations, skip flush
2025-08-04 02:31:48 [DEBUG] face-presence-api: [BatchLogger] No durations, skip flush
2025-08-04 02:31:58 [DEBUG] face-presence-api: [BatchLogger] No durations, skip flush
2025-08-04 02:32:07 [DEBUG] face-presence-api: [BatchLogger] No verifications, skip flush
2025-08-04 02:32:08 [DEBUG] face-presence-api: [BatchLogger] No registrations, skip flush
2025-08-04 02:32:08 [DEBUG] face-presence-api: [BatchLogger] No durations, skip flush
2025-08-04 02:32:18 [DEBUG] face-presence-api: [BatchLogger] No durations, skip flush
2025-08-04 02:32:28 [DEBUG] face-presence-api: [BatchLogger] No durations, skip flush
2025-08-04 02:32:37 [DEBUG] face-presence-api: [BatchLogger] No verifications, skip flush
2025-08-04 02:32:38 [DEBUG] face-presence-api: [BatchLogger] No registrations, skip flush
2025-08-04 02:32:38 [DEBUG] face-presence-api: [BatchLogger] No durations, skip flush
2025-08-04 02:32:40 [DEBUG] python_multipart.multipart: Calling on_part_begin with no data
2025-08-04 02:32:40 [DEBUG] python_multipart.multipart: Calling on_header_field with data[42:61]
2025-08-04 02:32:40 [DEBUG] python_multipart.multipart: Calling on_header_value with data[63:88]
2025-08-04 02:32:40 [DEBUG] python_multipart.multipart: Calling on_header_end with no data
2025-08-04 02:32:40 [DEBUG] python_multipart.multipart: Calling on_headers_finished with no data
2025-08-04 02:32:40 [DEBUG] python_multipart.multipart: Calling on_part_data with data[92:102]
2025-08-04 02:32:40 [DEBUG] python_multipart.multipart: Calling on_part_end with no data
2025-08-04 02:32:40 [DEBUG] python_multipart.multipart: Calling on_part_begin with no data
2025-08-04 02:32:40 [DEBUG] python_multipart.multipart: Calling on_header_field with data[146:165]
2025-08-04 02:32:40 [DEBUG] python_multipart.multipart: Calling on_header_value with data[167:213]
2025-08-04 02:32:40 [DEBUG] python_multipart.multipart: Calling on_header_end with no data
2025-08-04 02:32:40 [DEBUG] python_multipart.multipart: Calling on_header_field with data[215:227]
2025-08-04 02:32:40 [DEBUG] python_multipart.multipart: Calling on_header_value with data[229:239]
2025-08-04 02:32:40 [DEBUG] python_multipart.multipart: Calling on_header_end with no data
2025-08-04 02:32:40 [DEBUG] python_multipart.multipart: Calling on_headers_finished with no data
2025-08-04 02:32:40 [DEBUG] python_multipart.multipart: Calling on_part_data with data[243:2173]
2025-08-04 02:32:40 [DEBUG] python_multipart.multipart: Calling on_part_end with no data
2025-08-04 02:32:40 [DEBUG] python_multipart.multipart: Calling on_part_begin with no data
2025-08-04 02:32:40 [DEBUG] python_multipart.multipart: Calling on_header_field with data[2217:2236]
2025-08-04 02:32:40 [DEBUG] python_multipart.multipart: Calling on_header_value with data[2238:2284]
2025-08-04 02:32:40 [DEBUG] python_multipart.multipart: Calling on_header_end with no data
2025-08-04 02:32:40 [DEBUG] python_multipart.multipart: Calling on_header_field with data[2286:2298]
2025-08-04 02:32:40 [DEBUG] python_multipart.multipart: Calling on_header_value with data[2300:2310]
2025-08-04 02:32:40 [DEBUG] python_multipart.multipart: Calling on_header_end with no data
2025-08-04 02:32:40 [DEBUG] python_multipart.multipart: Calling on_headers_finished with no data
2025-08-04 02:32:40 [DEBUG] python_multipart.multipart: Calling on_part_data with data[2314:4250]
2025-08-04 02:32:40 [DEBUG] python_multipart.multipart: Calling on_part_end with no data
2025-08-04 02:32:40 [DEBUG] python_multipart.multipart: Calling on_part_begin with no data
2025-08-04 02:32:40 [DEBUG] python_multipart.multipart: Calling on_header_field with data[4294:4313]
2025-08-04 02:32:40 [DEBUG] python_multipart.multipart: Calling on_header_value with data[4315:4361]
2025-08-04 02:32:40 [DEBUG] python_multipart.multipart: Calling on_header_end with no data
2025-08-04 02:32:40 [DEBUG] python_multipart.multipart: Calling on_header_field with data[4363:4375]
2025-08-04 02:32:40 [DEBUG] python_multipart.multipart: Calling on_header_value with data[4377:4387]
2025-08-04 02:32:40 [DEBUG] python_multipart.multipart: Calling on_header_end with no data
2025-08-04 02:32:40 [DEBUG] python_multipart.multipart: Calling on_headers_finished with no data
2025-08-04 02:32:40 [DEBUG] python_multipart.multipart: Calling on_part_data with data[4391:6289]
2025-08-04 02:32:40 [DEBUG] python_multipart.multipart: Calling on_part_end with no data
2025-08-04 02:32:40 [DEBUG] python_multipart.multipart: Calling on_part_begin with no data
2025-08-04 02:32:40 [DEBUG] python_multipart.multipart: Calling on_header_field with data[6333:6352]
2025-08-04 02:32:40 [DEBUG] python_multipart.multipart: Calling on_header_value with data[6354:6400]
2025-08-04 02:32:40 [DEBUG] python_multipart.multipart: Calling on_header_end with no data
2025-08-04 02:32:40 [DEBUG] python_multipart.multipart: Calling on_header_field with data[6402:6414]
2025-08-04 02:32:40 [DEBUG] python_multipart.multipart: Calling on_header_value with data[6416:6426]
2025-08-04 02:32:40 [DEBUG] python_multipart.multipart: Calling on_header_end with no data
2025-08-04 02:32:40 [DEBUG] python_multipart.multipart: Calling on_headers_finished with no data
2025-08-04 02:32:40 [DEBUG] python_multipart.multipart: Calling on_part_data with data[6430:8368]
2025-08-04 02:32:40 [DEBUG] python_multipart.multipart: Calling on_part_end with no data
2025-08-04 02:32:40 [DEBUG] python_multipart.multipart: Calling on_part_begin with no data
2025-08-04 02:32:40 [DEBUG] python_multipart.multipart: Calling on_header_field with data[8412:8431]
2025-08-04 02:32:40 [DEBUG] python_multipart.multipart: Calling on_header_value with data[8433:8479]
2025-08-04 02:32:40 [DEBUG] python_multipart.multipart: Calling on_header_end with no data
2025-08-04 02:32:40 [DEBUG] python_multipart.multipart: Calling on_header_field with data[8481:8493]
2025-08-04 02:32:40 [DEBUG] python_multipart.multipart: Calling on_header_value with data[8495:8505]
2025-08-04 02:32:40 [DEBUG] python_multipart.multipart: Calling on_header_end with no data
2025-08-04 02:32:40 [DEBUG] python_multipart.multipart: Calling on_headers_finished with no data
2025-08-04 02:32:40 [DEBUG] python_multipart.multipart: Calling on_part_data with data[8509:10405]
2025-08-04 02:32:40 [DEBUG] python_multipart.multipart: Calling on_part_end with no data
2025-08-04 02:32:40 [DEBUG] python_multipart.multipart: Calling on_part_begin with no data
2025-08-04 02:32:40 [DEBUG] python_multipart.multipart: Calling on_header_field with data[10449:10468]
2025-08-04 02:32:40 [DEBUG] python_multipart.multipart: Calling on_header_value with data[10470:10516]
2025-08-04 02:32:40 [DEBUG] python_multipart.multipart: Calling on_header_end with no data
2025-08-04 02:32:40 [DEBUG] python_multipart.multipart: Calling on_header_field with data[10518:10530]
2025-08-04 02:32:40 [DEBUG] python_multipart.multipart: Calling on_header_value with data[10532:10542]
2025-08-04 02:32:40 [DEBUG] python_multipart.multipart: Calling on_header_end with no data
2025-08-04 02:32:40 [DEBUG] python_multipart.multipart: Calling on_headers_finished with no data
2025-08-04 02:32:40 [DEBUG] python_multipart.multipart: Calling on_part_data with data[10546:12468]
2025-08-04 02:32:40 [DEBUG] python_multipart.multipart: Calling on_part_end with no data
2025-08-04 02:32:40 [DEBUG] python_multipart.multipart: Calling on_part_begin with no data
2025-08-04 02:32:40 [DEBUG] python_multipart.multipart: Calling on_header_field with data[12512:12531]
2025-08-04 02:32:40 [DEBUG] python_multipart.multipart: Calling on_header_value with data[12533:12579]
2025-08-04 02:32:40 [DEBUG] python_multipart.multipart: Calling on_header_end with no data
2025-08-04 02:32:40 [DEBUG] python_multipart.multipart: Calling on_header_field with data[12581:12593]
2025-08-04 02:32:40 [DEBUG] python_multipart.multipart: Calling on_header_value with data[12595:12605]
2025-08-04 02:32:40 [DEBUG] python_multipart.multipart: Calling on_header_end with no data
2025-08-04 02:32:40 [DEBUG] python_multipart.multipart: Calling on_headers_finished with no data
2025-08-04 02:32:40 [DEBUG] python_multipart.multipart: Calling on_part_data with data[12609:14471]
2025-08-04 02:32:40 [DEBUG] python_multipart.multipart: Calling on_part_end with no data
2025-08-04 02:32:40 [DEBUG] python_multipart.multipart: Calling on_part_begin with no data
2025-08-04 02:32:40 [DEBUG] python_multipart.multipart: Calling on_header_field with data[14515:14534]
2025-08-04 02:32:40 [DEBUG] python_multipart.multipart: Calling on_header_value with data[14536:14582]
2025-08-04 02:32:40 [DEBUG] python_multipart.multipart: Calling on_header_end with no data
2025-08-04 02:32:40 [DEBUG] python_multipart.multipart: Calling on_header_field with data[14584:14596]
2025-08-04 02:32:40 [DEBUG] python_multipart.multipart: Calling on_header_value with data[14598:14608]
2025-08-04 02:32:40 [DEBUG] python_multipart.multipart: Calling on_header_end with no data
2025-08-04 02:32:40 [DEBUG] python_multipart.multipart: Calling on_headers_finished with no data
2025-08-04 02:32:40 [DEBUG] python_multipart.multipart: Calling on_part_data with data[14612:16556]
2025-08-04 02:32:40 [DEBUG] python_multipart.multipart: Calling on_part_end with no data
2025-08-04 02:32:40 [DEBUG] python_multipart.multipart: Calling on_part_begin with no data
2025-08-04 02:32:40 [DEBUG] python_multipart.multipart: Calling on_header_field with data[16600:16619]
2025-08-04 02:32:40 [DEBUG] python_multipart.multipart: Calling on_header_value with data[16621:16667]
2025-08-04 02:32:40 [DEBUG] python_multipart.multipart: Calling on_header_end with no data
2025-08-04 02:32:40 [DEBUG] python_multipart.multipart: Calling on_header_field with data[16669:16681]
2025-08-04 02:32:40 [DEBUG] python_multipart.multipart: Calling on_header_value with data[16683:16693]
2025-08-04 02:32:40 [DEBUG] python_multipart.multipart: Calling on_header_end with no data
2025-08-04 02:32:40 [DEBUG] python_multipart.multipart: Calling on_headers_finished with no data
2025-08-04 02:32:40 [DEBUG] python_multipart.multipart: Calling on_part_data with data[16697:18629]
2025-08-04 02:32:40 [DEBUG] python_multipart.multipart: Calling on_part_end with no data
2025-08-04 02:32:40 [DEBUG] python_multipart.multipart: Calling on_part_begin with no data
2025-08-04 02:32:40 [DEBUG] python_multipart.multipart: Calling on_header_field with data[18673:18692]
2025-08-04 02:32:40 [DEBUG] python_multipart.multipart: Calling on_header_value with data[18694:18741]
2025-08-04 02:32:40 [DEBUG] python_multipart.multipart: Calling on_header_end with no data
2025-08-04 02:32:40 [DEBUG] python_multipart.multipart: Calling on_header_field with data[18743:18755]
2025-08-04 02:32:40 [DEBUG] python_multipart.multipart: Calling on_header_value with data[18757:18767]
2025-08-04 02:32:40 [DEBUG] python_multipart.multipart: Calling on_header_end with no data
2025-08-04 02:32:40 [DEBUG] python_multipart.multipart: Calling on_headers_finished with no data
2025-08-04 02:32:40 [DEBUG] python_multipart.multipart: Calling on_part_data with data[18771:20713]
2025-08-04 02:32:40 [DEBUG] python_multipart.multipart: Calling on_part_end with no data
2025-08-04 02:32:40 [DEBUG] python_multipart.multipart: Calling on_part_begin with no data
2025-08-04 02:32:40 [DEBUG] python_multipart.multipart: Calling on_header_field with data[20757:20776]
2025-08-04 02:32:40 [DEBUG] python_multipart.multipart: Calling on_header_value with data[20778:20825]
2025-08-04 02:32:40 [DEBUG] python_multipart.multipart: Calling on_header_end with no data
2025-08-04 02:32:40 [DEBUG] python_multipart.multipart: Calling on_header_field with data[20827:20839]
2025-08-04 02:32:40 [DEBUG] python_multipart.multipart: Calling on_header_value with data[20841:20851]
2025-08-04 02:32:40 [DEBUG] python_multipart.multipart: Calling on_header_end with no data
2025-08-04 02:32:40 [DEBUG] python_multipart.multipart: Calling on_headers_finished with no data
2025-08-04 02:32:40 [DEBUG] python_multipart.multipart: Calling on_part_data with data[20855:22779]
2025-08-04 02:32:40 [DEBUG] python_multipart.multipart: Calling on_part_end with no data
2025-08-04 02:32:40 [DEBUG] python_multipart.multipart: Calling on_part_begin with no data
2025-08-04 02:32:40 [DEBUG] python_multipart.multipart: Calling on_header_field with data[22823:22842]
2025-08-04 02:32:40 [DEBUG] python_multipart.multipart: Calling on_header_value with data[22844:22891]
2025-08-04 02:32:40 [DEBUG] python_multipart.multipart: Calling on_header_end with no data
2025-08-04 02:32:40 [DEBUG] python_multipart.multipart: Calling on_header_field with data[22893:22905]
2025-08-04 02:32:40 [DEBUG] python_multipart.multipart: Calling on_header_value with data[22907:22917]
2025-08-04 02:32:40 [DEBUG] python_multipart.multipart: Calling on_header_end with no data
2025-08-04 02:32:40 [DEBUG] python_multipart.multipart: Calling on_headers_finished with no data
2025-08-04 02:32:40 [DEBUG] python_multipart.multipart: Calling on_part_data with data[22921:24927]
2025-08-04 02:32:40 [DEBUG] python_multipart.multipart: Calling on_part_end with no data
2025-08-04 02:32:40 [DEBUG] python_multipart.multipart: Calling on_part_begin with no data
2025-08-04 02:32:40 [DEBUG] python_multipart.multipart: Calling on_header_field with data[24971:24990]
2025-08-04 02:32:40 [DEBUG] python_multipart.multipart: Calling on_header_value with data[24992:25039]
2025-08-04 02:32:40 [DEBUG] python_multipart.multipart: Calling on_header_end with no data
2025-08-04 02:32:40 [DEBUG] python_multipart.multipart: Calling on_header_field with data[25041:25053]
2025-08-04 02:32:40 [DEBUG] python_multipart.multipart: Calling on_header_value with data[25055:25065]
2025-08-04 02:32:40 [DEBUG] python_multipart.multipart: Calling on_header_end with no data
2025-08-04 02:32:40 [DEBUG] python_multipart.multipart: Calling on_headers_finished with no data
2025-08-04 02:32:40 [DEBUG] python_multipart.multipart: Calling on_part_data with data[25069:27101]
2025-08-04 02:32:40 [DEBUG] python_multipart.multipart: Calling on_part_end with no data
2025-08-04 02:32:40 [DEBUG] python_multipart.multipart: Calling on_part_begin with no data
2025-08-04 02:32:40 [DEBUG] python_multipart.multipart: Calling on_header_field with data[27145:27164]
2025-08-04 02:32:40 [DEBUG] python_multipart.multipart: Calling on_header_value with data[27166:27213]
2025-08-04 02:32:40 [DEBUG] python_multipart.multipart: Calling on_header_end with no data
2025-08-04 02:32:40 [DEBUG] python_multipart.multipart: Calling on_header_field with data[27215:27227]
2025-08-04 02:32:40 [DEBUG] python_multipart.multipart: Calling on_header_value with data[27229:27239]
2025-08-04 02:32:40 [DEBUG] python_multipart.multipart: Calling on_header_end with no data
2025-08-04 02:32:40 [DEBUG] python_multipart.multipart: Calling on_headers_finished with no data
2025-08-04 02:32:40 [DEBUG] python_multipart.multipart: Calling on_part_data with data[27243:29227]
2025-08-04 02:32:40 [DEBUG] python_multipart.multipart: Calling on_part_end with no data
2025-08-04 02:32:40 [DEBUG] python_multipart.multipart: Calling on_part_begin with no data
2025-08-04 02:32:40 [DEBUG] python_multipart.multipart: Calling on_header_field with data[29271:29290]
2025-08-04 02:32:40 [DEBUG] python_multipart.multipart: Calling on_header_value with data[29292:29339]
2025-08-04 02:32:40 [DEBUG] python_multipart.multipart: Calling on_header_end with no data
2025-08-04 02:32:40 [DEBUG] python_multipart.multipart: Calling on_header_field with data[29341:29353]
2025-08-04 02:32:40 [DEBUG] python_multipart.multipart: Calling on_header_value with data[29355:29365]
2025-08-04 02:32:40 [DEBUG] python_multipart.multipart: Calling on_header_end with no data
2025-08-04 02:32:40 [DEBUG] python_multipart.multipart: Calling on_headers_finished with no data
2025-08-04 02:32:40 [DEBUG] python_multipart.multipart: Calling on_part_data with data[29369:31391]
2025-08-04 02:32:40 [DEBUG] python_multipart.multipart: Calling on_part_end with no data
2025-08-04 02:32:40 [DEBUG] python_multipart.multipart: Calling on_part_begin with no data
2025-08-04 02:32:40 [DEBUG] python_multipart.multipart: Calling on_header_field with data[31435:31454]
2025-08-04 02:32:40 [DEBUG] python_multipart.multipart: Calling on_header_value with data[31456:31503]
2025-08-04 02:32:40 [DEBUG] python_multipart.multipart: Calling on_header_end with no data
2025-08-04 02:32:40 [DEBUG] python_multipart.multipart: Calling on_header_field with data[31505:31517]
2025-08-04 02:32:40 [DEBUG] python_multipart.multipart: Calling on_header_value with data[31519:31529]
2025-08-04 02:32:40 [DEBUG] python_multipart.multipart: Calling on_header_end with no data
2025-08-04 02:32:40 [DEBUG] python_multipart.multipart: Calling on_headers_finished with no data
2025-08-04 02:32:40 [DEBUG] python_multipart.multipart: Calling on_part_data with data[31533:33549]
2025-08-04 02:32:40 [DEBUG] python_multipart.multipart: Calling on_part_end with no data
2025-08-04 02:32:40 [DEBUG] python_multipart.multipart: Calling on_part_begin with no data
2025-08-04 02:32:40 [DEBUG] python_multipart.multipart: Calling on_header_field with data[33593:33612]
2025-08-04 02:32:40 [DEBUG] python_multipart.multipart: Calling on_header_value with data[33614:33661]
2025-08-04 02:32:40 [DEBUG] python_multipart.multipart: Calling on_header_end with no data
2025-08-04 02:32:40 [DEBUG] python_multipart.multipart: Calling on_header_field with data[33663:33675]
2025-08-04 02:32:40 [DEBUG] python_multipart.multipart: Calling on_header_value with data[33677:33687]
2025-08-04 02:32:40 [DEBUG] python_multipart.multipart: Calling on_header_end with no data
2025-08-04 02:32:40 [DEBUG] python_multipart.multipart: Calling on_headers_finished with no data
2025-08-04 02:32:40 [DEBUG] python_multipart.multipart: Calling on_part_data with data[33691:35673]
2025-08-04 02:32:40 [DEBUG] python_multipart.multipart: Calling on_part_end with no data
2025-08-04 02:32:40 [DEBUG] python_multipart.multipart: Calling on_part_begin with no data
2025-08-04 02:32:40 [DEBUG] python_multipart.multipart: Calling on_header_field with data[35717:35736]
2025-08-04 02:32:40 [DEBUG] python_multipart.multipart: Calling on_header_value with data[35738:35785]
2025-08-04 02:32:40 [DEBUG] python_multipart.multipart: Calling on_header_end with no data
2025-08-04 02:32:40 [DEBUG] python_multipart.multipart: Calling on_header_field with data[35787:35799]
2025-08-04 02:32:40 [DEBUG] python_multipart.multipart: Calling on_header_value with data[35801:35811]
2025-08-04 02:32:40 [DEBUG] python_multipart.multipart: Calling on_header_end with no data
2025-08-04 02:32:40 [DEBUG] python_multipart.multipart: Calling on_headers_finished with no data
2025-08-04 02:32:40 [DEBUG] python_multipart.multipart: Calling on_part_data with data[35815:37831]
2025-08-04 02:32:40 [DEBUG] python_multipart.multipart: Calling on_part_end with no data
2025-08-04 02:32:40 [DEBUG] python_multipart.multipart: Calling on_part_begin with no data
2025-08-04 02:32:40 [DEBUG] python_multipart.multipart: Calling on_header_field with data[37875:37894]
2025-08-04 02:32:40 [DEBUG] python_multipart.multipart: Calling on_header_value with data[37896:37943]
2025-08-04 02:32:40 [DEBUG] python_multipart.multipart: Calling on_header_end with no data
2025-08-04 02:32:40 [DEBUG] python_multipart.multipart: Calling on_header_field with data[37945:37957]
2025-08-04 02:32:40 [DEBUG] python_multipart.multipart: Calling on_header_value with data[37959:37969]
2025-08-04 02:32:40 [DEBUG] python_multipart.multipart: Calling on_header_end with no data
2025-08-04 02:32:40 [DEBUG] python_multipart.multipart: Calling on_headers_finished with no data
2025-08-04 02:32:40 [DEBUG] python_multipart.multipart: Calling on_part_data with data[37973:39999]
2025-08-04 02:32:40 [DEBUG] python_multipart.multipart: Calling on_part_end with no data
2025-08-04 02:32:40 [DEBUG] python_multipart.multipart: Calling on_part_begin with no data
2025-08-04 02:32:40 [DEBUG] python_multipart.multipart: Calling on_header_field with data[40043:40062]
2025-08-04 02:32:40 [DEBUG] python_multipart.multipart: Calling on_header_value with data[40064:40111]
2025-08-04 02:32:40 [DEBUG] python_multipart.multipart: Calling on_header_end with no data
2025-08-04 02:32:40 [DEBUG] python_multipart.multipart: Calling on_header_field with data[40113:40125]
2025-08-04 02:32:40 [DEBUG] python_multipart.multipart: Calling on_header_value with data[40127:40137]
2025-08-04 02:32:40 [DEBUG] python_multipart.multipart: Calling on_header_end with no data
2025-08-04 02:32:40 [DEBUG] python_multipart.multipart: Calling on_headers_finished with no data
2025-08-04 02:32:40 [DEBUG] python_multipart.multipart: Calling on_part_data with data[40141:42163]
2025-08-04 02:32:40 [DEBUG] python_multipart.multipart: Calling on_part_end with no data
2025-08-04 02:32:40 [DEBUG] python_multipart.multipart: Calling on_part_begin with no data
2025-08-04 02:32:40 [DEBUG] python_multipart.multipart: Calling on_header_field with data[42207:42226]
2025-08-04 02:32:40 [DEBUG] python_multipart.multipart: Calling on_header_value with data[42228:42275]
2025-08-04 02:32:40 [DEBUG] python_multipart.multipart: Calling on_header_end with no data
2025-08-04 02:32:40 [DEBUG] python_multipart.multipart: Calling on_header_field with data[42277:42289]
2025-08-04 02:32:40 [DEBUG] python_multipart.multipart: Calling on_header_value with data[42291:42301]
2025-08-04 02:32:40 [DEBUG] python_multipart.multipart: Calling on_header_end with no data
2025-08-04 02:32:40 [DEBUG] python_multipart.multipart: Calling on_headers_finished with no data
2025-08-04 02:32:40 [DEBUG] python_multipart.multipart: Calling on_part_data with data[42305:44323]
2025-08-04 02:32:40 [DEBUG] python_multipart.multipart: Calling on_part_end with no data
2025-08-04 02:32:40 [DEBUG] python_multipart.multipart: Calling on_part_begin with no data
2025-08-04 02:32:40 [DEBUG] python_multipart.multipart: Calling on_header_field with data[44367:44386]
2025-08-04 02:32:40 [DEBUG] python_multipart.multipart: Calling on_header_value with data[44388:44435]
2025-08-04 02:32:40 [DEBUG] python_multipart.multipart: Calling on_header_end with no data
2025-08-04 02:32:40 [DEBUG] python_multipart.multipart: Calling on_header_field with data[44437:44449]
2025-08-04 02:32:40 [DEBUG] python_multipart.multipart: Calling on_header_value with data[44451:44461]
2025-08-04 02:32:40 [DEBUG] python_multipart.multipart: Calling on_header_end with no data
2025-08-04 02:32:40 [DEBUG] python_multipart.multipart: Calling on_headers_finished with no data
2025-08-04 02:32:40 [DEBUG] python_multipart.multipart: Calling on_part_data with data[44465:46529]
2025-08-04 02:32:40 [DEBUG] python_multipart.multipart: Calling on_part_end with no data
2025-08-04 02:32:40 [DEBUG] python_multipart.multipart: Calling on_part_begin with no data
2025-08-04 02:32:40 [DEBUG] python_multipart.multipart: Calling on_header_field with data[46573:46592]
2025-08-04 02:32:40 [DEBUG] python_multipart.multipart: Calling on_header_value with data[46594:46641]
2025-08-04 02:32:40 [DEBUG] python_multipart.multipart: Calling on_header_end with no data
2025-08-04 02:32:40 [DEBUG] python_multipart.multipart: Calling on_header_field with data[46643:46655]
2025-08-04 02:32:40 [DEBUG] python_multipart.multipart: Calling on_header_value with data[46657:46667]
2025-08-04 02:32:40 [DEBUG] python_multipart.multipart: Calling on_header_end with no data
2025-08-04 02:32:40 [DEBUG] python_multipart.multipart: Calling on_headers_finished with no data
2025-08-04 02:32:40 [DEBUG] python_multipart.multipart: Calling on_part_data with data[46671:48701]
2025-08-04 02:32:40 [DEBUG] python_multipart.multipart: Calling on_part_end with no data
2025-08-04 02:32:40 [DEBUG] python_multipart.multipart: Calling on_part_begin with no data
2025-08-04 02:32:40 [DEBUG] python_multipart.multipart: Calling on_header_field with data[48745:48764]
2025-08-04 02:32:40 [DEBUG] python_multipart.multipart: Calling on_header_value with data[48766:48813]
2025-08-04 02:32:40 [DEBUG] python_multipart.multipart: Calling on_header_end with no data
2025-08-04 02:32:40 [DEBUG] python_multipart.multipart: Calling on_header_field with data[48815:48827]
2025-08-04 02:32:40 [DEBUG] python_multipart.multipart: Calling on_header_value with data[48829:48839]
2025-08-04 02:32:40 [DEBUG] python_multipart.multipart: Calling on_header_end with no data
2025-08-04 02:32:40 [DEBUG] python_multipart.multipart: Calling on_headers_finished with no data
2025-08-04 02:32:40 [DEBUG] python_multipart.multipart: Calling on_part_data with data[48843:50879]
2025-08-04 02:32:40 [DEBUG] python_multipart.multipart: Calling on_part_end with no data
2025-08-04 02:32:40 [DEBUG] python_multipart.multipart: Calling on_part_begin with no data
2025-08-04 02:32:40 [DEBUG] python_multipart.multipart: Calling on_header_field with data[50923:50942]
2025-08-04 02:32:40 [DEBUG] python_multipart.multipart: Calling on_header_value with data[50944:50991]
2025-08-04 02:32:40 [DEBUG] python_multipart.multipart: Calling on_header_end with no data
2025-08-04 02:32:40 [DEBUG] python_multipart.multipart: Calling on_header_field with data[50993:51005]
2025-08-04 02:32:40 [DEBUG] python_multipart.multipart: Calling on_header_value with data[51007:51017]
2025-08-04 02:32:40 [DEBUG] python_multipart.multipart: Calling on_header_end with no data
2025-08-04 02:32:40 [DEBUG] python_multipart.multipart: Calling on_headers_finished with no data
2025-08-04 02:32:40 [DEBUG] python_multipart.multipart: Calling on_part_data with data[51021:53067]
2025-08-04 02:32:40 [DEBUG] python_multipart.multipart: Calling on_part_end with no data
2025-08-04 02:32:40 [DEBUG] python_multipart.multipart: Calling on_part_begin with no data
2025-08-04 02:32:40 [DEBUG] python_multipart.multipart: Calling on_header_field with data[53111:53130]
2025-08-04 02:32:40 [DEBUG] python_multipart.multipart: Calling on_header_value with data[53132:53179]
2025-08-04 02:32:40 [DEBUG] python_multipart.multipart: Calling on_header_end with no data
2025-08-04 02:32:40 [DEBUG] python_multipart.multipart: Calling on_header_field with data[53181:53193]
2025-08-04 02:32:40 [DEBUG] python_multipart.multipart: Calling on_header_value with data[53195:53205]
2025-08-04 02:32:40 [DEBUG] python_multipart.multipart: Calling on_header_end with no data
2025-08-04 02:32:40 [DEBUG] python_multipart.multipart: Calling on_headers_finished with no data
2025-08-04 02:32:40 [DEBUG] python_multipart.multipart: Calling on_part_data with data[53209:55219]
2025-08-04 02:32:40 [DEBUG] python_multipart.multipart: Calling on_part_end with no data
2025-08-04 02:32:40 [DEBUG] python_multipart.multipart: Calling on_part_begin with no data
2025-08-04 02:32:40 [DEBUG] python_multipart.multipart: Calling on_header_field with data[55263:55282]
2025-08-04 02:32:40 [DEBUG] python_multipart.multipart: Calling on_header_value with data[55284:55331]
2025-08-04 02:32:40 [DEBUG] python_multipart.multipart: Calling on_header_end with no data
2025-08-04 02:32:40 [DEBUG] python_multipart.multipart: Calling on_header_field with data[55333:55345]
2025-08-04 02:32:40 [DEBUG] python_multipart.multipart: Calling on_header_value with data[55347:55357]
2025-08-04 02:32:40 [DEBUG] python_multipart.multipart: Calling on_header_end with no data
2025-08-04 02:32:40 [DEBUG] python_multipart.multipart: Calling on_headers_finished with no data
2025-08-04 02:32:40 [DEBUG] python_multipart.multipart: Calling on_part_data with data[55361:57371]
2025-08-04 02:32:40 [DEBUG] python_multipart.multipart: Calling on_part_end with no data
2025-08-04 02:32:40 [DEBUG] python_multipart.multipart: Calling on_part_begin with no data
2025-08-04 02:32:40 [DEBUG] python_multipart.multipart: Calling on_header_field with data[57415:57434]
2025-08-04 02:32:40 [DEBUG] python_multipart.multipart: Calling on_header_value with data[57436:57483]
2025-08-04 02:32:40 [DEBUG] python_multipart.multipart: Calling on_header_end with no data
2025-08-04 02:32:40 [DEBUG] python_multipart.multipart: Calling on_header_field with data[57485:57497]
2025-08-04 02:32:40 [DEBUG] python_multipart.multipart: Calling on_header_value with data[57499:57509]
2025-08-04 02:32:40 [DEBUG] python_multipart.multipart: Calling on_header_end with no data
2025-08-04 02:32:40 [DEBUG] python_multipart.multipart: Calling on_headers_finished with no data
2025-08-04 02:32:40 [DEBUG] python_multipart.multipart: Calling on_part_data with data[57513:59519]
2025-08-04 02:32:40 [DEBUG] python_multipart.multipart: Calling on_part_end with no data
2025-08-04 02:32:40 [DEBUG] python_multipart.multipart: Calling on_part_begin with no data
2025-08-04 02:32:40 [DEBUG] python_multipart.multipart: Calling on_header_field with data[59563:59582]
2025-08-04 02:32:40 [DEBUG] python_multipart.multipart: Calling on_header_value with data[59584:59631]
2025-08-04 02:32:40 [DEBUG] python_multipart.multipart: Calling on_header_end with no data
2025-08-04 02:32:40 [DEBUG] python_multipart.multipart: Calling on_header_field with data[59633:59645]
2025-08-04 02:32:40 [DEBUG] python_multipart.multipart: Calling on_header_value with data[59647:59657]
2025-08-04 02:32:40 [DEBUG] python_multipart.multipart: Calling on_header_end with no data
2025-08-04 02:32:40 [DEBUG] python_multipart.multipart: Calling on_headers_finished with no data
2025-08-04 02:32:40 [DEBUG] python_multipart.multipart: Calling on_part_data with data[59661:61541]
2025-08-04 02:32:40 [DEBUG] python_multipart.multipart: Calling on_part_end with no data
2025-08-04 02:32:40 [DEBUG] python_multipart.multipart: Calling on_part_begin with no data
2025-08-04 02:32:40 [DEBUG] python_multipart.multipart: Calling on_header_field with data[61585:61604]
2025-08-04 02:32:40 [DEBUG] python_multipart.multipart: Calling on_header_value with data[61606:61653]
2025-08-04 02:32:40 [DEBUG] python_multipart.multipart: Calling on_header_end with no data
2025-08-04 02:32:40 [DEBUG] python_multipart.multipart: Calling on_header_field with data[61655:61667]
2025-08-04 02:32:40 [DEBUG] python_multipart.multipart: Calling on_header_value with data[61669:61679]
2025-08-04 02:32:40 [DEBUG] python_multipart.multipart: Calling on_header_end with no data
2025-08-04 02:32:40 [DEBUG] python_multipart.multipart: Calling on_headers_finished with no data
2025-08-04 02:32:40 [DEBUG] python_multipart.multipart: Calling on_part_data with data[61683:63563]
2025-08-04 02:32:40 [DEBUG] python_multipart.multipart: Calling on_part_end with no data
2025-08-04 02:32:40 [DEBUG] python_multipart.multipart: Calling on_part_begin with no data
2025-08-04 02:32:40 [DEBUG] python_multipart.multipart: Calling on_header_field with data[63607:63626]
2025-08-04 02:32:40 [DEBUG] python_multipart.multipart: Calling on_header_value with data[63628:63675]
2025-08-04 02:32:40 [DEBUG] python_multipart.multipart: Calling on_header_end with no data
2025-08-04 02:32:40 [DEBUG] python_multipart.multipart: Calling on_header_field with data[63677:63689]
2025-08-04 02:32:40 [DEBUG] python_multipart.multipart: Calling on_header_value with data[63691:63701]
2025-08-04 02:32:40 [DEBUG] python_multipart.multipart: Calling on_header_end with no data
2025-08-04 02:32:40 [DEBUG] python_multipart.multipart: Calling on_headers_finished with no data
2025-08-04 02:32:40 [DEBUG] python_multipart.multipart: Calling on_part_data with data[63705:65439]
2025-08-04 02:32:40 [DEBUG] python_multipart.multipart: Calling on_part_end with no data
2025-08-04 02:32:40 [DEBUG] python_multipart.multipart: Calling on_part_begin with no data
2025-08-04 02:32:40 [DEBUG] python_multipart.multipart: Calling on_header_field with data[65483:65502]
2025-08-04 02:32:40 [DEBUG] python_multipart.multipart: Calling on_header_value with data[65504:65551]
2025-08-04 02:32:40 [DEBUG] python_multipart.multipart: Calling on_header_end with no data
2025-08-04 02:32:40 [DEBUG] python_multipart.multipart: Calling on_header_field with data[65553:65565]
2025-08-04 02:32:40 [DEBUG] python_multipart.multipart: Calling on_header_value with data[65567:65577]
2025-08-04 02:32:40 [DEBUG] python_multipart.multipart: Calling on_header_end with no data
2025-08-04 02:32:40 [DEBUG] python_multipart.multipart: Calling on_headers_finished with no data
2025-08-04 02:32:40 [DEBUG] python_multipart.multipart: Calling on_part_data with data[65581:67249]
2025-08-04 02:32:40 [DEBUG] python_multipart.multipart: Calling on_part_end with no data
2025-08-04 02:32:40 [DEBUG] python_multipart.multipart: Calling on_part_begin with no data
2025-08-04 02:32:40 [DEBUG] python_multipart.multipart: Calling on_header_field with data[67293:67312]
2025-08-04 02:32:40 [DEBUG] python_multipart.multipart: Calling on_header_value with data[67314:67361]
2025-08-04 02:32:40 [DEBUG] python_multipart.multipart: Calling on_header_end with no data
2025-08-04 02:32:40 [DEBUG] python_multipart.multipart: Calling on_header_field with data[67363:67375]
2025-08-04 02:32:40 [DEBUG] python_multipart.multipart: Calling on_header_value with data[67377:67387]
2025-08-04 02:32:40 [DEBUG] python_multipart.multipart: Calling on_header_end with no data
2025-08-04 02:32:40 [DEBUG] python_multipart.multipart: Calling on_headers_finished with no data
2025-08-04 02:32:40 [DEBUG] python_multipart.multipart: Calling on_part_data with data[67391:69083]
2025-08-04 02:32:40 [DEBUG] python_multipart.multipart: Calling on_part_end with no data
2025-08-04 02:32:40 [DEBUG] python_multipart.multipart: Calling on_part_begin with no data
2025-08-04 02:32:40 [DEBUG] python_multipart.multipart: Calling on_header_field with data[69127:69146]
2025-08-04 02:32:40 [DEBUG] python_multipart.multipart: Calling on_header_value with data[69148:69195]
2025-08-04 02:32:40 [DEBUG] python_multipart.multipart: Calling on_header_end with no data
2025-08-04 02:32:40 [DEBUG] python_multipart.multipart: Calling on_header_field with data[69197:69209]
2025-08-04 02:32:40 [DEBUG] python_multipart.multipart: Calling on_header_value with data[69211:69221]
2025-08-04 02:32:40 [DEBUG] python_multipart.multipart: Calling on_header_end with no data
2025-08-04 02:32:40 [DEBUG] python_multipart.multipart: Calling on_headers_finished with no data
2025-08-04 02:32:40 [DEBUG] python_multipart.multipart: Calling on_part_data with data[69225:70897]
2025-08-04 02:32:40 [DEBUG] python_multipart.multipart: Calling on_part_end with no data
2025-08-04 02:32:40 [DEBUG] python_multipart.multipart: Calling on_part_begin with no data
2025-08-04 02:32:40 [DEBUG] python_multipart.multipart: Calling on_header_field with data[70941:70960]
2025-08-04 02:32:40 [DEBUG] python_multipart.multipart: Calling on_header_value with data[70962:71009]
2025-08-04 02:32:40 [DEBUG] python_multipart.multipart: Calling on_header_end with no data
2025-08-04 02:32:40 [DEBUG] python_multipart.multipart: Calling on_header_field with data[71011:71023]
2025-08-04 02:32:40 [DEBUG] python_multipart.multipart: Calling on_header_value with data[71025:71035]
2025-08-04 02:32:40 [DEBUG] python_multipart.multipart: Calling on_header_end with no data
2025-08-04 02:32:40 [DEBUG] python_multipart.multipart: Calling on_headers_finished with no data
2025-08-04 02:32:40 [DEBUG] python_multipart.multipart: Calling on_part_data with data[71039:72783]
2025-08-04 02:32:40 [DEBUG] python_multipart.multipart: Calling on_part_end with no data
2025-08-04 02:32:40 [DEBUG] python_multipart.multipart: Calling on_part_begin with no data
2025-08-04 02:32:40 [DEBUG] python_multipart.multipart: Calling on_header_field with data[72827:72846]
2025-08-04 02:32:40 [DEBUG] python_multipart.multipart: Calling on_header_value with data[72848:72895]
2025-08-04 02:32:40 [DEBUG] python_multipart.multipart: Calling on_header_end with no data
2025-08-04 02:32:40 [DEBUG] python_multipart.multipart: Calling on_header_field with data[72897:72909]
2025-08-04 02:32:40 [DEBUG] python_multipart.multipart: Calling on_header_value with data[72911:72921]
2025-08-04 02:32:40 [DEBUG] python_multipart.multipart: Calling on_header_end with no data
2025-08-04 02:32:40 [DEBUG] python_multipart.multipart: Calling on_headers_finished with no data
2025-08-04 02:32:40 [DEBUG] python_multipart.multipart: Calling on_part_data with data[72925:74677]
2025-08-04 02:32:40 [DEBUG] python_multipart.multipart: Calling on_part_end with no data
2025-08-04 02:32:40 [DEBUG] python_multipart.multipart: Calling on_part_begin with no data
2025-08-04 02:32:40 [DEBUG] python_multipart.multipart: Calling on_header_field with data[74721:74740]
2025-08-04 02:32:40 [DEBUG] python_multipart.multipart: Calling on_header_value with data[74742:74789]
2025-08-04 02:32:40 [DEBUG] python_multipart.multipart: Calling on_header_end with no data
2025-08-04 02:32:40 [DEBUG] python_multipart.multipart: Calling on_header_field with data[74791:74803]
2025-08-04 02:32:40 [DEBUG] python_multipart.multipart: Calling on_header_value with data[74805:74815]
2025-08-04 02:32:40 [DEBUG] python_multipart.multipart: Calling on_header_end with no data
2025-08-04 02:32:40 [DEBUG] python_multipart.multipart: Calling on_headers_finished with no data
2025-08-04 02:32:40 [DEBUG] python_multipart.multipart: Calling on_part_data with data[74819:76533]
2025-08-04 02:32:40 [DEBUG] python_multipart.multipart: Calling on_part_end with no data
2025-08-04 02:32:40 [DEBUG] python_multipart.multipart: Calling on_part_begin with no data
2025-08-04 02:32:40 [DEBUG] python_multipart.multipart: Calling on_header_field with data[76577:76596]
2025-08-04 02:32:40 [DEBUG] python_multipart.multipart: Calling on_header_value with data[76598:76645]
2025-08-04 02:32:40 [DEBUG] python_multipart.multipart: Calling on_header_end with no data
2025-08-04 02:32:40 [DEBUG] python_multipart.multipart: Calling on_header_field with data[76647:76659]
2025-08-04 02:32:40 [DEBUG] python_multipart.multipart: Calling on_header_value with data[76661:76671]
2025-08-04 02:32:40 [DEBUG] python_multipart.multipart: Calling on_header_end with no data
2025-08-04 02:32:40 [DEBUG] python_multipart.multipart: Calling on_headers_finished with no data
2025-08-04 02:32:40 [DEBUG] python_multipart.multipart: Calling on_part_data with data[76675:78533]
2025-08-04 02:32:40 [DEBUG] python_multipart.multipart: Calling on_part_end with no data
2025-08-04 02:32:40 [DEBUG] python_multipart.multipart: Calling on_part_begin with no data
2025-08-04 02:32:40 [DEBUG] python_multipart.multipart: Calling on_header_field with data[78577:78596]
2025-08-04 02:32:40 [DEBUG] python_multipart.multipart: Calling on_header_value with data[78598:78645]
2025-08-04 02:32:40 [DEBUG] python_multipart.multipart: Calling on_header_end with no data
2025-08-04 02:32:40 [DEBUG] python_multipart.multipart: Calling on_header_field with data[78647:78659]
2025-08-04 02:32:40 [DEBUG] python_multipart.multipart: Calling on_header_value with data[78661:78671]
2025-08-04 02:32:40 [DEBUG] python_multipart.multipart: Calling on_header_end with no data
2025-08-04 02:32:40 [DEBUG] python_multipart.multipart: Calling on_headers_finished with no data
2025-08-04 02:32:40 [DEBUG] python_multipart.multipart: Calling on_part_data with data[78675:80441]
2025-08-04 02:32:40 [DEBUG] python_multipart.multipart: Calling on_part_end with no data
2025-08-04 02:32:40 [DEBUG] python_multipart.multipart: Calling on_part_begin with no data
2025-08-04 02:32:40 [DEBUG] python_multipart.multipart: Calling on_header_field with data[80485:80504]
2025-08-04 02:32:40 [DEBUG] python_multipart.multipart: Calling on_header_value with data[80506:80553]
2025-08-04 02:32:40 [DEBUG] python_multipart.multipart: Calling on_header_end with no data
2025-08-04 02:32:40 [DEBUG] python_multipart.multipart: Calling on_header_field with data[80555:80567]
2025-08-04 02:32:40 [DEBUG] python_multipart.multipart: Calling on_header_value with data[80569:80579]
2025-08-04 02:32:40 [DEBUG] python_multipart.multipart: Calling on_header_end with no data
2025-08-04 02:32:40 [DEBUG] python_multipart.multipart: Calling on_headers_finished with no data
2025-08-04 02:32:40 [DEBUG] python_multipart.multipart: Calling on_part_data with data[80583:82349]
2025-08-04 02:32:40 [DEBUG] python_multipart.multipart: Calling on_part_end with no data
2025-08-04 02:32:40 [DEBUG] python_multipart.multipart: Calling on_part_begin with no data
2025-08-04 02:32:40 [DEBUG] python_multipart.multipart: Calling on_header_field with data[82393:82412]
2025-08-04 02:32:40 [DEBUG] python_multipart.multipart: Calling on_header_value with data[82414:82461]
2025-08-04 02:32:40 [DEBUG] python_multipart.multipart: Calling on_header_end with no data
2025-08-04 02:32:40 [DEBUG] python_multipart.multipart: Calling on_header_field with data[82463:82475]
2025-08-04 02:32:40 [DEBUG] python_multipart.multipart: Calling on_header_value with data[82477:82487]
2025-08-04 02:32:40 [DEBUG] python_multipart.multipart: Calling on_header_end with no data
2025-08-04 02:32:40 [DEBUG] python_multipart.multipart: Calling on_headers_finished with no data
2025-08-04 02:32:40 [DEBUG] python_multipart.multipart: Calling on_part_data with data[82491:84257]
2025-08-04 02:32:40 [DEBUG] python_multipart.multipart: Calling on_part_end with no data
2025-08-04 02:32:40 [DEBUG] python_multipart.multipart: Calling on_part_begin with no data
2025-08-04 02:32:40 [DEBUG] python_multipart.multipart: Calling on_header_field with data[84301:84320]
2025-08-04 02:32:40 [DEBUG] python_multipart.multipart: Calling on_header_value with data[84322:84369]
2025-08-04 02:32:40 [DEBUG] python_multipart.multipart: Calling on_header_end with no data
2025-08-04 02:32:40 [DEBUG] python_multipart.multipart: Calling on_header_field with data[84371:84383]
2025-08-04 02:32:40 [DEBUG] python_multipart.multipart: Calling on_header_value with data[84385:84395]
2025-08-04 02:32:40 [DEBUG] python_multipart.multipart: Calling on_header_end with no data
2025-08-04 02:32:40 [DEBUG] python_multipart.multipart: Calling on_headers_finished with no data
2025-08-04 02:32:40 [DEBUG] python_multipart.multipart: Calling on_part_data with data[84399:86165]
2025-08-04 02:32:40 [DEBUG] python_multipart.multipart: Calling on_part_end with no data
2025-08-04 02:32:40 [DEBUG] python_multipart.multipart: Calling on_part_begin with no data
2025-08-04 02:32:40 [DEBUG] python_multipart.multipart: Calling on_header_field with data[86209:86228]
2025-08-04 02:32:40 [DEBUG] python_multipart.multipart: Calling on_header_value with data[86230:86277]
2025-08-04 02:32:40 [DEBUG] python_multipart.multipart: Calling on_header_end with no data
2025-08-04 02:32:40 [DEBUG] python_multipart.multipart: Calling on_header_field with data[86279:86291]
2025-08-04 02:32:40 [DEBUG] python_multipart.multipart: Calling on_header_value with data[86293:86303]
2025-08-04 02:32:40 [DEBUG] python_multipart.multipart: Calling on_header_end with no data
2025-08-04 02:32:40 [DEBUG] python_multipart.multipart: Calling on_headers_finished with no data
2025-08-04 02:32:40 [DEBUG] python_multipart.multipart: Calling on_part_data with data[86307:88009]
2025-08-04 02:32:40 [DEBUG] python_multipart.multipart: Calling on_part_end with no data
2025-08-04 02:32:40 [DEBUG] python_multipart.multipart: Calling on_part_begin with no data
2025-08-04 02:32:40 [DEBUG] python_multipart.multipart: Calling on_header_field with data[88053:88072]
2025-08-04 02:32:40 [DEBUG] python_multipart.multipart: Calling on_header_value with data[88074:88121]
2025-08-04 02:32:40 [DEBUG] python_multipart.multipart: Calling on_header_end with no data
2025-08-04 02:32:40 [DEBUG] python_multipart.multipart: Calling on_header_field with data[88123:88135]
2025-08-04 02:32:40 [DEBUG] python_multipart.multipart: Calling on_header_value with data[88137:88147]
2025-08-04 02:32:40 [DEBUG] python_multipart.multipart: Calling on_header_end with no data
2025-08-04 02:32:40 [DEBUG] python_multipart.multipart: Calling on_headers_finished with no data
2025-08-04 02:32:40 [DEBUG] python_multipart.multipart: Calling on_part_data with data[88151:89979]
2025-08-04 02:32:40 [DEBUG] python_multipart.multipart: Calling on_part_end with no data
2025-08-04 02:32:40 [DEBUG] python_multipart.multipart: Calling on_part_begin with no data
2025-08-04 02:32:40 [DEBUG] python_multipart.multipart: Calling on_header_field with data[90023:90042]
2025-08-04 02:32:40 [DEBUG] python_multipart.multipart: Calling on_header_value with data[90044:90091]
2025-08-04 02:32:40 [DEBUG] python_multipart.multipart: Calling on_header_end with no data
2025-08-04 02:32:40 [DEBUG] python_multipart.multipart: Calling on_header_field with data[90093:90105]
2025-08-04 02:32:40 [DEBUG] python_multipart.multipart: Calling on_header_value with data[90107:90117]
2025-08-04 02:32:40 [DEBUG] python_multipart.multipart: Calling on_header_end with no data
2025-08-04 02:32:40 [DEBUG] python_multipart.multipart: Calling on_headers_finished with no data
2025-08-04 02:32:40 [DEBUG] python_multipart.multipart: Calling on_part_data with data[90121:92085]
2025-08-04 02:32:40 [DEBUG] python_multipart.multipart: Calling on_part_end with no data
2025-08-04 02:32:40 [DEBUG] python_multipart.multipart: Calling on_part_begin with no data
2025-08-04 02:32:40 [DEBUG] python_multipart.multipart: Calling on_header_field with data[92129:92148]
2025-08-04 02:32:40 [DEBUG] python_multipart.multipart: Calling on_header_value with data[92150:92197]
2025-08-04 02:32:40 [DEBUG] python_multipart.multipart: Calling on_header_end with no data
2025-08-04 02:32:40 [DEBUG] python_multipart.multipart: Calling on_header_field with data[92199:92211]
2025-08-04 02:32:40 [DEBUG] python_multipart.multipart: Calling on_header_value with data[92213:92223]
2025-08-04 02:32:40 [DEBUG] python_multipart.multipart: Calling on_header_end with no data
2025-08-04 02:32:40 [DEBUG] python_multipart.multipart: Calling on_headers_finished with no data
2025-08-04 02:32:40 [DEBUG] python_multipart.multipart: Calling on_part_data with data[92227:94207]
2025-08-04 02:32:40 [DEBUG] python_multipart.multipart: Calling on_part_end with no data
2025-08-04 02:32:40 [DEBUG] python_multipart.multipart: Calling on_part_begin with no data
2025-08-04 02:32:40 [DEBUG] python_multipart.multipart: Calling on_header_field with data[94251:94270]
2025-08-04 02:32:40 [DEBUG] python_multipart.multipart: Calling on_header_value with data[94272:94319]
2025-08-04 02:32:40 [DEBUG] python_multipart.multipart: Calling on_header_end with no data
2025-08-04 02:32:40 [DEBUG] python_multipart.multipart: Calling on_header_field with data[94321:94333]
2025-08-04 02:32:40 [DEBUG] python_multipart.multipart: Calling on_header_value with data[94335:94345]
2025-08-04 02:32:40 [DEBUG] python_multipart.multipart: Calling on_header_end with no data
2025-08-04 02:32:40 [DEBUG] python_multipart.multipart: Calling on_headers_finished with no data
2025-08-04 02:32:40 [DEBUG] python_multipart.multipart: Calling on_part_data with data[94349:96177]
2025-08-04 02:32:40 [DEBUG] python_multipart.multipart: Calling on_part_end with no data
2025-08-04 02:32:40 [DEBUG] python_multipart.multipart: Calling on_part_begin with no data
2025-08-04 02:32:40 [DEBUG] python_multipart.multipart: Calling on_header_field with data[96221:96240]
2025-08-04 02:32:40 [DEBUG] python_multipart.multipart: Calling on_header_value with data[96242:96289]
2025-08-04 02:32:40 [DEBUG] python_multipart.multipart: Calling on_header_end with no data
2025-08-04 02:32:40 [DEBUG] python_multipart.multipart: Calling on_header_field with data[96291:96303]
2025-08-04 02:32:40 [DEBUG] python_multipart.multipart: Calling on_header_value with data[96305:96315]
2025-08-04 02:32:40 [DEBUG] python_multipart.multipart: Calling on_header_end with no data
2025-08-04 02:32:40 [DEBUG] python_multipart.multipart: Calling on_headers_finished with no data
2025-08-04 02:32:40 [DEBUG] python_multipart.multipart: Calling on_part_data with data[96319:98179]
2025-08-04 02:32:40 [DEBUG] python_multipart.multipart: Calling on_part_end with no data
2025-08-04 02:32:40 [DEBUG] python_multipart.multipart: Calling on_part_begin with no data
2025-08-04 02:32:40 [DEBUG] python_multipart.multipart: Calling on_header_field with data[98223:98242]
2025-08-04 02:32:40 [DEBUG] python_multipart.multipart: Calling on_header_value with data[98244:98291]
2025-08-04 02:32:40 [DEBUG] python_multipart.multipart: Calling on_header_end with no data
2025-08-04 02:32:40 [DEBUG] python_multipart.multipart: Calling on_header_field with data[98293:98305]
2025-08-04 02:32:40 [DEBUG] python_multipart.multipart: Calling on_header_value with data[98307:98317]
2025-08-04 02:32:40 [DEBUG] python_multipart.multipart: Calling on_header_end with no data
2025-08-04 02:32:40 [DEBUG] python_multipart.multipart: Calling on_headers_finished with no data
2025-08-04 02:32:40 [DEBUG] python_multipart.multipart: Calling on_part_data with data[98321:100223]
2025-08-04 02:32:40 [DEBUG] python_multipart.multipart: Calling on_part_end with no data
2025-08-04 02:32:40 [DEBUG] python_multipart.multipart: Calling on_part_begin with no data
2025-08-04 02:32:40 [DEBUG] python_multipart.multipart: Calling on_header_field with data[100267:100286]
2025-08-04 02:32:40 [DEBUG] python_multipart.multipart: Calling on_header_value with data[100288:100335]
2025-08-04 02:32:40 [DEBUG] python_multipart.multipart: Calling on_header_end with no data
2025-08-04 02:32:40 [DEBUG] python_multipart.multipart: Calling on_header_field with data[100337:100349]
2025-08-04 02:32:40 [DEBUG] python_multipart.multipart: Calling on_header_value with data[100351:100361]
2025-08-04 02:32:40 [DEBUG] python_multipart.multipart: Calling on_header_end with no data
2025-08-04 02:32:40 [DEBUG] python_multipart.multipart: Calling on_headers_finished with no data
2025-08-04 02:32:40 [DEBUG] python_multipart.multipart: Calling on_part_data with data[100365:102267]
2025-08-04 02:32:40 [DEBUG] python_multipart.multipart: Calling on_part_end with no data
2025-08-04 02:32:40 [DEBUG] python_multipart.multipart: Calling on_end with no data
2025-08-04 02:32:40 [INFO] face-presence-api: Registering user: 2209116038
2025-08-04 02:32:40 [INFO] watchfiles.main: 1 change detected
2025-08-04 02:32:41 [DEBUG] face-presence-api: 🧹 Memory cleared with garbage collector.
2025-08-04 02:32:41 [INFO] face-presence-api: 📁 10 test image berhasil disimpan untuk user 2209116038 di F:\Kuliah\Skripsi\praktisi-face-presence-api\src\storage\test_images\2209116038
2025-08-04 02:32:41 [INFO] watchfiles.main: 9 changes detected
2025-08-04 02:32:41 [DEBUG] face-presence-api: 🧹 Memory cleared with garbage collector.
2025-08-04 02:32:41 [INFO] face-presence-api: Processing batch 1/8
2025-08-04 02:32:41 [INFO] face-presence-api: Processing batch 2/8
2025-08-04 02:32:42 [INFO] face-presence-api: Processing batch 3/8
2025-08-04 02:32:42 [INFO] face-presence-api: Processing batch 4/8
2025-08-04 02:32:43 [INFO] face-presence-api: Processing batch 5/8
2025-08-04 02:32:43 [INFO] face-presence-api: Processing batch 6/8
2025-08-04 02:32:44 [INFO] face-presence-api: Processing batch 7/8
2025-08-04 02:32:44 [INFO] face-presence-api: Processing batch 8/8
2025-08-04 02:32:45 [INFO] face-presence-api: Finished processing 40 valid embeddings from 40 images
2025-08-04 02:32:45 [INFO] face-presence-api: Validasi berhasil: 40 embeddings valid
2025-08-04 02:32:45 [INFO] face-presence-api: Validasi berhasil: 40 embeddings valid
2025-08-04 02:32:45 [INFO] face-presence-api: Embedding berhasil disimpan untuk user 2209116038 di F:\Kuliah\Skripsi\praktisi-face-presence-api\src\storage\embeddings\2209116038.pkl
2025-08-04 02:32:45 [INFO] face-presence-api: Embeddings saved successfully for user 2209116038, starting evaluation.
2025-08-04 02:32:45 [INFO] face-presence-api: Evaluating ...
2025-08-04 02:32:45 [INFO] watchfiles.main: 1 change detected
2025-08-04 02:32:45 [INFO] face-presence-api: Evaluating batch 1/4
2025-08-04 02:32:45 [INFO] face-presence-api: Evaluating batch 2/4
2025-08-04 02:32:45 [INFO] face-presence-api: Evaluating batch 3/4
2025-08-04 02:32:46 [INFO] face-presence-api: Evaluating batch 4/4
2025-08-04 02:32:46 [INFO] face-presence-api: Face registration successful for user 2209116038.
2025-08-04 02:32:48 [DEBUG] face-presence-api: [BatchLogger] No durations, skip flush
2025-08-04 02:32:51 [DEBUG] python_multipart.multipart: Calling on_part_begin with no data
2025-08-04 02:32:51 [DEBUG] python_multipart.multipart: Calling on_header_field with data[42:61]
2025-08-04 02:32:51 [DEBUG] python_multipart.multipart: Calling on_header_value with data[63:88]
2025-08-04 02:32:51 [DEBUG] python_multipart.multipart: Calling on_header_end with no data
2025-08-04 02:32:51 [DEBUG] python_multipart.multipart: Calling on_headers_finished with no data
2025-08-04 02:32:51 [DEBUG] python_multipart.multipart: Calling on_part_data with data[92:102]
2025-08-04 02:32:51 [DEBUG] python_multipart.multipart: Calling on_part_end with no data
2025-08-04 02:32:51 [DEBUG] python_multipart.multipart: Calling on_end with no data
2025-08-04 02:32:51 [INFO] face-presence-api: Checking status for user: 2209116038
2025-08-04 02:32:51 [INFO] face-presence-api: User 2209116038 is already registered.
2025-08-04 02:32:58 [DEBUG] face-presence-api: [BatchLogger] No durations, skip flush
2025-08-04 02:33:07 [DEBUG] face-presence-api: [BatchLogger] No verifications, skip flush
2025-08-04 02:33:08 [INFO] face-presence-api: [BatchLogger] Flushing 1 registrations...
2025-08-04 02:33:09 [DEBUG] urllib3.connectionpool: https://sheets.googleapis.com:443 "GET /v4/spreadsheets/1hjXERVEURCeKXeCw8TUbrkjF25_GVmORN0JgjZuu058?includeGridData=false HTTP/1.1" 200 None
2025-08-04 02:33:09 [DEBUG] urllib3.connectionpool: https://sheets.googleapis.com:443 "GET /v4/spreadsheets/1hjXERVEURCeKXeCw8TUbrkjF25_GVmORN0JgjZuu058/values/%27Registration%27 HTTP/1.1" 200 None
2025-08-04 02:33:09 [DEBUG] urllib3.connectionpool: https://sheets.googleapis.com:443 "GET /v4/spreadsheets/1hjXERVEURCeKXeCw8TUbrkjF25_GVmORN0JgjZuu058/values/%27Registration%27 HTTP/1.1" 200 None
2025-08-04 02:33:10 [DEBUG] urllib3.connectionpool: https://sheets.googleapis.com:443 "POST /v4/spreadsheets/1hjXERVEURCeKXeCw8TUbrkjF25_GVmORN0JgjZuu058/values:batchUpdate HTTP/1.1" 200 None
2025-08-04 02:33:10 [INFO] face-presence-api: [BatchLogger] Updated 1 registration rows
2025-08-04 02:33:10 [DEBUG] face-presence-api: [BatchLogger] No durations, skip flush
2025-08-04 02:33:20 [DEBUG] face-presence-api: [BatchLogger] No durations, skip flush
2025-08-04 02:33:30 [DEBUG] face-presence-api: [BatchLogger] No durations, skip flush
2025-08-04 02:33:36 [DEBUG] python_multipart.multipart: Calling on_part_begin with no data
2025-08-04 02:33:36 [DEBUG] python_multipart.multipart: Calling on_header_field with data[42:61]
2025-08-04 02:33:36 [DEBUG] python_multipart.multipart: Calling on_header_value with data[63:88]
2025-08-04 02:33:36 [DEBUG] python_multipart.multipart: Calling on_header_end with no data
2025-08-04 02:33:36 [DEBUG] python_multipart.multipart: Calling on_headers_finished with no data
2025-08-04 02:33:36 [DEBUG] python_multipart.multipart: Calling on_part_data with data[92:102]
2025-08-04 02:33:36 [DEBUG] python_multipart.multipart: Calling on_part_end with no data
2025-08-04 02:33:36 [DEBUG] python_multipart.multipart: Calling on_part_begin with no data
2025-08-04 02:33:36 [DEBUG] python_multipart.multipart: Calling on_header_field with data[146:165]
2025-08-04 02:33:36 [DEBUG] python_multipart.multipart: Calling on_header_value with data[167:213]
2025-08-04 02:33:36 [DEBUG] python_multipart.multipart: Calling on_header_end with no data
2025-08-04 02:33:36 [DEBUG] python_multipart.multipart: Calling on_header_field with data[215:227]
2025-08-04 02:33:36 [DEBUG] python_multipart.multipart: Calling on_header_value with data[229:239]
2025-08-04 02:33:36 [DEBUG] python_multipart.multipart: Calling on_header_end with no data
2025-08-04 02:33:36 [DEBUG] python_multipart.multipart: Calling on_headers_finished with no data
2025-08-04 02:33:36 [DEBUG] python_multipart.multipart: Calling on_part_data with data[243:2041]
2025-08-04 02:33:36 [DEBUG] python_multipart.multipart: Calling on_part_end with no data
2025-08-04 02:33:36 [DEBUG] python_multipart.multipart: Calling on_part_begin with no data
2025-08-04 02:33:36 [DEBUG] python_multipart.multipart: Calling on_header_field with data[2085:2104]
2025-08-04 02:33:36 [DEBUG] python_multipart.multipart: Calling on_header_value with data[2106:2152]
2025-08-04 02:33:36 [DEBUG] python_multipart.multipart: Calling on_header_end with no data
2025-08-04 02:33:36 [DEBUG] python_multipart.multipart: Calling on_header_field with data[2154:2166]
2025-08-04 02:33:36 [DEBUG] python_multipart.multipart: Calling on_header_value with data[2168:2178]
2025-08-04 02:33:36 [DEBUG] python_multipart.multipart: Calling on_header_end with no data
2025-08-04 02:33:36 [DEBUG] python_multipart.multipart: Calling on_headers_finished with no data
2025-08-04 02:33:36 [DEBUG] python_multipart.multipart: Calling on_part_data with data[2182:3936]
2025-08-04 02:33:36 [DEBUG] python_multipart.multipart: Calling on_part_end with no data
2025-08-04 02:33:36 [DEBUG] python_multipart.multipart: Calling on_part_begin with no data
2025-08-04 02:33:36 [DEBUG] python_multipart.multipart: Calling on_header_field with data[3980:3999]
2025-08-04 02:33:36 [DEBUG] python_multipart.multipart: Calling on_header_value with data[4001:4047]
2025-08-04 02:33:36 [DEBUG] python_multipart.multipart: Calling on_header_end with no data
2025-08-04 02:33:36 [DEBUG] python_multipart.multipart: Calling on_header_field with data[4049:4061]
2025-08-04 02:33:36 [DEBUG] python_multipart.multipart: Calling on_header_value with data[4063:4073]
2025-08-04 02:33:36 [DEBUG] python_multipart.multipart: Calling on_header_end with no data
2025-08-04 02:33:36 [DEBUG] python_multipart.multipart: Calling on_headers_finished with no data
2025-08-04 02:33:36 [DEBUG] python_multipart.multipart: Calling on_part_data with data[4077:5873]
2025-08-04 02:33:36 [DEBUG] python_multipart.multipart: Calling on_part_end with no data
2025-08-04 02:33:36 [DEBUG] python_multipart.multipart: Calling on_part_begin with no data
2025-08-04 02:33:36 [DEBUG] python_multipart.multipart: Calling on_header_field with data[5917:5936]
2025-08-04 02:33:36 [DEBUG] python_multipart.multipart: Calling on_header_value with data[5938:5984]
2025-08-04 02:33:36 [DEBUG] python_multipart.multipart: Calling on_header_end with no data
2025-08-04 02:33:36 [DEBUG] python_multipart.multipart: Calling on_header_field with data[5986:5998]
2025-08-04 02:33:36 [DEBUG] python_multipart.multipart: Calling on_header_value with data[6000:6010]
2025-08-04 02:33:36 [DEBUG] python_multipart.multipart: Calling on_header_end with no data
2025-08-04 02:33:36 [DEBUG] python_multipart.multipart: Calling on_headers_finished with no data
2025-08-04 02:33:36 [DEBUG] python_multipart.multipart: Calling on_part_data with data[6014:7766]
2025-08-04 02:33:36 [DEBUG] python_multipart.multipart: Calling on_part_end with no data
2025-08-04 02:33:36 [DEBUG] python_multipart.multipart: Calling on_part_begin with no data
2025-08-04 02:33:36 [DEBUG] python_multipart.multipart: Calling on_header_field with data[7810:7829]
2025-08-04 02:33:36 [DEBUG] python_multipart.multipart: Calling on_header_value with data[7831:7877]
2025-08-04 02:33:36 [DEBUG] python_multipart.multipart: Calling on_header_end with no data
2025-08-04 02:33:36 [DEBUG] python_multipart.multipart: Calling on_header_field with data[7879:7891]
2025-08-04 02:33:36 [DEBUG] python_multipart.multipart: Calling on_header_value with data[7893:7903]
2025-08-04 02:33:36 [DEBUG] python_multipart.multipart: Calling on_header_end with no data
2025-08-04 02:33:36 [DEBUG] python_multipart.multipart: Calling on_headers_finished with no data
2025-08-04 02:33:36 [DEBUG] python_multipart.multipart: Calling on_part_data with data[7907:9687]
2025-08-04 02:33:36 [DEBUG] python_multipart.multipart: Calling on_part_end with no data
2025-08-04 02:33:36 [DEBUG] python_multipart.multipart: Calling on_part_begin with no data
2025-08-04 02:33:36 [DEBUG] python_multipart.multipart: Calling on_header_field with data[9731:9750]
2025-08-04 02:33:36 [DEBUG] python_multipart.multipart: Calling on_header_value with data[9752:9798]
2025-08-04 02:33:36 [DEBUG] python_multipart.multipart: Calling on_header_end with no data
2025-08-04 02:33:36 [DEBUG] python_multipart.multipart: Calling on_header_field with data[9800:9812]
2025-08-04 02:33:36 [DEBUG] python_multipart.multipart: Calling on_header_value with data[9814:9824]
2025-08-04 02:33:36 [DEBUG] python_multipart.multipart: Calling on_header_end with no data
2025-08-04 02:33:36 [DEBUG] python_multipart.multipart: Calling on_headers_finished with no data
2025-08-04 02:33:36 [DEBUG] python_multipart.multipart: Calling on_part_data with data[9828:11630]
2025-08-04 02:33:36 [DEBUG] python_multipart.multipart: Calling on_part_end with no data
2025-08-04 02:33:36 [DEBUG] python_multipart.multipart: Calling on_part_begin with no data
2025-08-04 02:33:36 [DEBUG] python_multipart.multipart: Calling on_header_field with data[11674:11693]
2025-08-04 02:33:36 [DEBUG] python_multipart.multipart: Calling on_header_value with data[11695:11741]
2025-08-04 02:33:36 [DEBUG] python_multipart.multipart: Calling on_header_end with no data
2025-08-04 02:33:36 [DEBUG] python_multipart.multipart: Calling on_header_field with data[11743:11755]
2025-08-04 02:33:36 [DEBUG] python_multipart.multipart: Calling on_header_value with data[11757:11767]
2025-08-04 02:33:36 [DEBUG] python_multipart.multipart: Calling on_header_end with no data
2025-08-04 02:33:36 [DEBUG] python_multipart.multipart: Calling on_headers_finished with no data
2025-08-04 02:33:36 [DEBUG] python_multipart.multipart: Calling on_part_data with data[11771:13581]
2025-08-04 02:33:36 [DEBUG] python_multipart.multipart: Calling on_part_end with no data
2025-08-04 02:33:36 [DEBUG] python_multipart.multipart: Calling on_part_begin with no data
2025-08-04 02:33:36 [DEBUG] python_multipart.multipart: Calling on_header_field with data[13625:13644]
2025-08-04 02:33:36 [DEBUG] python_multipart.multipart: Calling on_header_value with data[13646:13692]
2025-08-04 02:33:36 [DEBUG] python_multipart.multipart: Calling on_header_end with no data
2025-08-04 02:33:36 [DEBUG] python_multipart.multipart: Calling on_header_field with data[13694:13706]
2025-08-04 02:33:36 [DEBUG] python_multipart.multipart: Calling on_header_value with data[13708:13718]
2025-08-04 02:33:36 [DEBUG] python_multipart.multipart: Calling on_header_end with no data
2025-08-04 02:33:36 [DEBUG] python_multipart.multipart: Calling on_headers_finished with no data
2025-08-04 02:33:36 [DEBUG] python_multipart.multipart: Calling on_part_data with data[13722:15444]
2025-08-04 02:33:36 [DEBUG] python_multipart.multipart: Calling on_part_end with no data
2025-08-04 02:33:36 [DEBUG] python_multipart.multipart: Calling on_part_begin with no data
2025-08-04 02:33:36 [DEBUG] python_multipart.multipart: Calling on_header_field with data[15488:15507]
2025-08-04 02:33:36 [DEBUG] python_multipart.multipart: Calling on_header_value with data[15509:15555]
2025-08-04 02:33:36 [DEBUG] python_multipart.multipart: Calling on_header_end with no data
2025-08-04 02:33:36 [DEBUG] python_multipart.multipart: Calling on_header_field with data[15557:15569]
2025-08-04 02:33:36 [DEBUG] python_multipart.multipart: Calling on_header_value with data[15571:15581]
2025-08-04 02:33:36 [DEBUG] python_multipart.multipart: Calling on_header_end with no data
2025-08-04 02:33:36 [DEBUG] python_multipart.multipart: Calling on_headers_finished with no data
2025-08-04 02:33:36 [DEBUG] python_multipart.multipart: Calling on_part_data with data[15585:17433]
2025-08-04 02:33:36 [DEBUG] python_multipart.multipart: Calling on_part_end with no data
2025-08-04 02:33:36 [DEBUG] python_multipart.multipart: Calling on_part_begin with no data
2025-08-04 02:33:36 [DEBUG] python_multipart.multipart: Calling on_header_field with data[17477:17496]
2025-08-04 02:33:36 [DEBUG] python_multipart.multipart: Calling on_header_value with data[17498:17545]
2025-08-04 02:33:36 [DEBUG] python_multipart.multipart: Calling on_header_end with no data
2025-08-04 02:33:36 [DEBUG] python_multipart.multipart: Calling on_header_field with data[17547:17559]
2025-08-04 02:33:36 [DEBUG] python_multipart.multipart: Calling on_header_value with data[17561:17571]
2025-08-04 02:33:36 [DEBUG] python_multipart.multipart: Calling on_header_end with no data
2025-08-04 02:33:36 [DEBUG] python_multipart.multipart: Calling on_headers_finished with no data
2025-08-04 02:33:36 [DEBUG] python_multipart.multipart: Calling on_part_data with data[17575:19245]
2025-08-04 02:33:36 [DEBUG] python_multipart.multipart: Calling on_part_end with no data
2025-08-04 02:33:36 [DEBUG] python_multipart.multipart: Calling on_part_begin with no data
2025-08-04 02:33:36 [DEBUG] python_multipart.multipart: Calling on_header_field with data[19289:19308]
2025-08-04 02:33:36 [DEBUG] python_multipart.multipart: Calling on_header_value with data[19310:19357]
2025-08-04 02:33:36 [DEBUG] python_multipart.multipart: Calling on_header_end with no data
2025-08-04 02:33:36 [DEBUG] python_multipart.multipart: Calling on_header_field with data[19359:19371]
2025-08-04 02:33:36 [DEBUG] python_multipart.multipart: Calling on_header_value with data[19373:19383]
2025-08-04 02:33:36 [DEBUG] python_multipart.multipart: Calling on_header_end with no data
2025-08-04 02:33:36 [DEBUG] python_multipart.multipart: Calling on_headers_finished with no data
2025-08-04 02:33:36 [DEBUG] python_multipart.multipart: Calling on_part_data with data[19387:21061]
2025-08-04 02:33:36 [DEBUG] python_multipart.multipart: Calling on_part_end with no data
2025-08-04 02:33:36 [DEBUG] python_multipart.multipart: Calling on_part_begin with no data
2025-08-04 02:33:36 [DEBUG] python_multipart.multipart: Calling on_header_field with data[21105:21124]
2025-08-04 02:33:36 [DEBUG] python_multipart.multipart: Calling on_header_value with data[21126:21173]
2025-08-04 02:33:36 [DEBUG] python_multipart.multipart: Calling on_header_end with no data
2025-08-04 02:33:36 [DEBUG] python_multipart.multipart: Calling on_header_field with data[21175:21187]
2025-08-04 02:33:36 [DEBUG] python_multipart.multipart: Calling on_header_value with data[21189:21199]
2025-08-04 02:33:36 [DEBUG] python_multipart.multipart: Calling on_header_end with no data
2025-08-04 02:33:36 [DEBUG] python_multipart.multipart: Calling on_headers_finished with no data
2025-08-04 02:33:36 [DEBUG] python_multipart.multipart: Calling on_part_data with data[21203:22929]
2025-08-04 02:33:36 [DEBUG] python_multipart.multipart: Calling on_part_end with no data
2025-08-04 02:33:36 [DEBUG] python_multipart.multipart: Calling on_part_begin with no data
2025-08-04 02:33:36 [DEBUG] python_multipart.multipart: Calling on_header_field with data[22973:22992]
2025-08-04 02:33:36 [DEBUG] python_multipart.multipart: Calling on_header_value with data[22994:23041]
2025-08-04 02:33:36 [DEBUG] python_multipart.multipart: Calling on_header_end with no data
2025-08-04 02:33:36 [DEBUG] python_multipart.multipart: Calling on_header_field with data[23043:23055]
2025-08-04 02:33:36 [DEBUG] python_multipart.multipart: Calling on_header_value with data[23057:23067]
2025-08-04 02:33:36 [DEBUG] python_multipart.multipart: Calling on_header_end with no data
2025-08-04 02:33:36 [DEBUG] python_multipart.multipart: Calling on_headers_finished with no data
2025-08-04 02:33:36 [DEBUG] python_multipart.multipart: Calling on_part_data with data[23071:24943]
2025-08-04 02:33:36 [DEBUG] python_multipart.multipart: Calling on_part_end with no data
2025-08-04 02:33:36 [DEBUG] python_multipart.multipart: Calling on_part_begin with no data
2025-08-04 02:33:36 [DEBUG] python_multipart.multipart: Calling on_header_field with data[24987:25006]
2025-08-04 02:33:36 [DEBUG] python_multipart.multipart: Calling on_header_value with data[25008:25055]
2025-08-04 02:33:36 [DEBUG] python_multipart.multipart: Calling on_header_end with no data
2025-08-04 02:33:36 [DEBUG] python_multipart.multipart: Calling on_header_field with data[25057:25069]
2025-08-04 02:33:36 [DEBUG] python_multipart.multipart: Calling on_header_value with data[25071:25081]
2025-08-04 02:33:36 [DEBUG] python_multipart.multipart: Calling on_header_end with no data
2025-08-04 02:33:36 [DEBUG] python_multipart.multipart: Calling on_headers_finished with no data
2025-08-04 02:33:36 [DEBUG] python_multipart.multipart: Calling on_part_data with data[25085:26895]
2025-08-04 02:33:36 [DEBUG] python_multipart.multipart: Calling on_part_end with no data
2025-08-04 02:33:36 [DEBUG] python_multipart.multipart: Calling on_part_begin with no data
2025-08-04 02:33:36 [DEBUG] python_multipart.multipart: Calling on_header_field with data[26939:26958]
2025-08-04 02:33:36 [DEBUG] python_multipart.multipart: Calling on_header_value with data[26960:27007]
2025-08-04 02:33:36 [DEBUG] python_multipart.multipart: Calling on_header_end with no data
2025-08-04 02:33:36 [DEBUG] python_multipart.multipart: Calling on_header_field with data[27009:27021]
2025-08-04 02:33:36 [DEBUG] python_multipart.multipart: Calling on_header_value with data[27023:27033]
2025-08-04 02:33:36 [DEBUG] python_multipart.multipart: Calling on_header_end with no data
2025-08-04 02:33:36 [DEBUG] python_multipart.multipart: Calling on_headers_finished with no data
2025-08-04 02:33:36 [DEBUG] python_multipart.multipart: Calling on_part_data with data[27037:28891]
2025-08-04 02:33:36 [DEBUG] python_multipart.multipart: Calling on_part_end with no data
2025-08-04 02:33:36 [DEBUG] python_multipart.multipart: Calling on_part_begin with no data
2025-08-04 02:33:36 [DEBUG] python_multipart.multipart: Calling on_header_field with data[28935:28954]
2025-08-04 02:33:36 [DEBUG] python_multipart.multipart: Calling on_header_value with data[28956:29003]
2025-08-04 02:33:36 [DEBUG] python_multipart.multipart: Calling on_header_end with no data
2025-08-04 02:33:36 [DEBUG] python_multipart.multipart: Calling on_header_field with data[29005:29017]
2025-08-04 02:33:36 [DEBUG] python_multipart.multipart: Calling on_header_value with data[29019:29029]
2025-08-04 02:33:36 [DEBUG] python_multipart.multipart: Calling on_header_end with no data
2025-08-04 02:33:36 [DEBUG] python_multipart.multipart: Calling on_headers_finished with no data
2025-08-04 02:33:36 [DEBUG] python_multipart.multipart: Calling on_part_data with data[29033:30843]
2025-08-04 02:33:36 [DEBUG] python_multipart.multipart: Calling on_part_end with no data
2025-08-04 02:33:36 [DEBUG] python_multipart.multipart: Calling on_part_begin with no data
2025-08-04 02:33:36 [DEBUG] python_multipart.multipart: Calling on_header_field with data[30887:30906]
2025-08-04 02:33:36 [DEBUG] python_multipart.multipart: Calling on_header_value with data[30908:30955]
2025-08-04 02:33:36 [DEBUG] python_multipart.multipart: Calling on_header_end with no data
2025-08-04 02:33:36 [DEBUG] python_multipart.multipart: Calling on_header_field with data[30957:30969]
2025-08-04 02:33:36 [DEBUG] python_multipart.multipart: Calling on_header_value with data[30971:30981]
2025-08-04 02:33:36 [DEBUG] python_multipart.multipart: Calling on_header_end with no data
2025-08-04 02:33:36 [DEBUG] python_multipart.multipart: Calling on_headers_finished with no data
2025-08-04 02:33:36 [DEBUG] python_multipart.multipart: Calling on_part_data with data[30985:32783]
2025-08-04 02:33:36 [DEBUG] python_multipart.multipart: Calling on_part_end with no data
2025-08-04 02:33:36 [DEBUG] python_multipart.multipart: Calling on_part_begin with no data
2025-08-04 02:33:36 [DEBUG] python_multipart.multipart: Calling on_header_field with data[32827:32846]
2025-08-04 02:33:36 [DEBUG] python_multipart.multipart: Calling on_header_value with data[32848:32895]
2025-08-04 02:33:36 [DEBUG] python_multipart.multipart: Calling on_header_end with no data
2025-08-04 02:33:36 [DEBUG] python_multipart.multipart: Calling on_header_field with data[32897:32909]
2025-08-04 02:33:36 [DEBUG] python_multipart.multipart: Calling on_header_value with data[32911:32921]
2025-08-04 02:33:36 [DEBUG] python_multipart.multipart: Calling on_header_end with no data
2025-08-04 02:33:36 [DEBUG] python_multipart.multipart: Calling on_headers_finished with no data
2025-08-04 02:33:36 [DEBUG] python_multipart.multipart: Calling on_part_data with data[32925:34683]
2025-08-04 02:33:36 [DEBUG] python_multipart.multipart: Calling on_part_end with no data
2025-08-04 02:33:36 [DEBUG] python_multipart.multipart: Calling on_part_begin with no data
2025-08-04 02:33:36 [DEBUG] python_multipart.multipart: Calling on_header_field with data[34727:34746]
2025-08-04 02:33:36 [DEBUG] python_multipart.multipart: Calling on_header_value with data[34748:34795]
2025-08-04 02:33:36 [DEBUG] python_multipart.multipart: Calling on_header_end with no data
2025-08-04 02:33:36 [DEBUG] python_multipart.multipart: Calling on_header_field with data[34797:34809]
2025-08-04 02:33:36 [DEBUG] python_multipart.multipart: Calling on_header_value with data[34811:34821]
2025-08-04 02:33:36 [DEBUG] python_multipart.multipart: Calling on_header_end with no data
2025-08-04 02:33:36 [DEBUG] python_multipart.multipart: Calling on_headers_finished with no data
2025-08-04 02:33:36 [DEBUG] python_multipart.multipart: Calling on_part_data with data[34825:36533]
2025-08-04 02:33:36 [DEBUG] python_multipart.multipart: Calling on_part_end with no data
2025-08-04 02:33:36 [DEBUG] python_multipart.multipart: Calling on_part_begin with no data
2025-08-04 02:33:36 [DEBUG] python_multipart.multipart: Calling on_header_field with data[36577:36596]
2025-08-04 02:33:36 [DEBUG] python_multipart.multipart: Calling on_header_value with data[36598:36645]
2025-08-04 02:33:36 [DEBUG] python_multipart.multipart: Calling on_header_end with no data
2025-08-04 02:33:36 [DEBUG] python_multipart.multipart: Calling on_header_field with data[36647:36659]
2025-08-04 02:33:36 [DEBUG] python_multipart.multipart: Calling on_header_value with data[36661:36671]
2025-08-04 02:33:36 [DEBUG] python_multipart.multipart: Calling on_header_end with no data
2025-08-04 02:33:36 [DEBUG] python_multipart.multipart: Calling on_headers_finished with no data
2025-08-04 02:33:36 [DEBUG] python_multipart.multipart: Calling on_part_data with data[36675:38459]
2025-08-04 02:33:36 [DEBUG] python_multipart.multipart: Calling on_part_end with no data
2025-08-04 02:33:36 [DEBUG] python_multipart.multipart: Calling on_part_begin with no data
2025-08-04 02:33:36 [DEBUG] python_multipart.multipart: Calling on_header_field with data[38503:38522]
2025-08-04 02:33:36 [DEBUG] python_multipart.multipart: Calling on_header_value with data[38524:38571]
2025-08-04 02:33:36 [DEBUG] python_multipart.multipart: Calling on_header_end with no data
2025-08-04 02:33:36 [DEBUG] python_multipart.multipart: Calling on_header_field with data[38573:38585]
2025-08-04 02:33:36 [DEBUG] python_multipart.multipart: Calling on_header_value with data[38587:38597]
2025-08-04 02:33:36 [DEBUG] python_multipart.multipart: Calling on_header_end with no data
2025-08-04 02:33:36 [DEBUG] python_multipart.multipart: Calling on_headers_finished with no data
2025-08-04 02:33:36 [DEBUG] python_multipart.multipart: Calling on_part_data with data[38601:40423]
2025-08-04 02:33:36 [DEBUG] python_multipart.multipart: Calling on_part_end with no data
2025-08-04 02:33:36 [DEBUG] python_multipart.multipart: Calling on_part_begin with no data
2025-08-04 02:33:36 [DEBUG] python_multipart.multipart: Calling on_header_field with data[40467:40486]
2025-08-04 02:33:36 [DEBUG] python_multipart.multipart: Calling on_header_value with data[40488:40535]
2025-08-04 02:33:36 [DEBUG] python_multipart.multipart: Calling on_header_end with no data
2025-08-04 02:33:36 [DEBUG] python_multipart.multipart: Calling on_header_field with data[40537:40549]
2025-08-04 02:33:36 [DEBUG] python_multipart.multipart: Calling on_header_value with data[40551:40561]
2025-08-04 02:33:36 [DEBUG] python_multipart.multipart: Calling on_header_end with no data
2025-08-04 02:33:36 [DEBUG] python_multipart.multipart: Calling on_headers_finished with no data
2025-08-04 02:33:36 [DEBUG] python_multipart.multipart: Calling on_part_data with data[40565:42313]
2025-08-04 02:33:36 [DEBUG] python_multipart.multipart: Calling on_part_end with no data
2025-08-04 02:33:36 [DEBUG] python_multipart.multipart: Calling on_part_begin with no data
2025-08-04 02:33:36 [DEBUG] python_multipart.multipart: Calling on_header_field with data[42357:42376]
2025-08-04 02:33:36 [DEBUG] python_multipart.multipart: Calling on_header_value with data[42378:42425]
2025-08-04 02:33:36 [DEBUG] python_multipart.multipart: Calling on_header_end with no data
2025-08-04 02:33:36 [DEBUG] python_multipart.multipart: Calling on_header_field with data[42427:42439]
2025-08-04 02:33:36 [DEBUG] python_multipart.multipart: Calling on_header_value with data[42441:42451]
2025-08-04 02:33:36 [DEBUG] python_multipart.multipart: Calling on_header_end with no data
2025-08-04 02:33:36 [DEBUG] python_multipart.multipart: Calling on_headers_finished with no data
2025-08-04 02:33:36 [DEBUG] python_multipart.multipart: Calling on_part_data with data[42455:44255]
2025-08-04 02:33:36 [DEBUG] python_multipart.multipart: Calling on_part_end with no data
2025-08-04 02:33:36 [DEBUG] python_multipart.multipart: Calling on_part_begin with no data
2025-08-04 02:33:36 [DEBUG] python_multipart.multipart: Calling on_header_field with data[44299:44318]
2025-08-04 02:33:36 [DEBUG] python_multipart.multipart: Calling on_header_value with data[44320:44367]
2025-08-04 02:33:36 [DEBUG] python_multipart.multipart: Calling on_header_end with no data
2025-08-04 02:33:36 [DEBUG] python_multipart.multipart: Calling on_header_field with data[44369:44381]
2025-08-04 02:33:36 [DEBUG] python_multipart.multipart: Calling on_header_value with data[44383:44393]
2025-08-04 02:33:36 [DEBUG] python_multipart.multipart: Calling on_header_end with no data
2025-08-04 02:33:36 [DEBUG] python_multipart.multipart: Calling on_headers_finished with no data
2025-08-04 02:33:36 [DEBUG] python_multipart.multipart: Calling on_part_data with data[44397:46173]
2025-08-04 02:33:36 [DEBUG] python_multipart.multipart: Calling on_part_end with no data
2025-08-04 02:33:36 [DEBUG] python_multipart.multipart: Calling on_part_begin with no data
2025-08-04 02:33:36 [DEBUG] python_multipart.multipart: Calling on_header_field with data[46217:46236]
2025-08-04 02:33:36 [DEBUG] python_multipart.multipart: Calling on_header_value with data[46238:46285]
2025-08-04 02:33:36 [DEBUG] python_multipart.multipart: Calling on_header_end with no data
2025-08-04 02:33:36 [DEBUG] python_multipart.multipart: Calling on_header_field with data[46287:46299]
2025-08-04 02:33:36 [DEBUG] python_multipart.multipart: Calling on_header_value with data[46301:46311]
2025-08-04 02:33:36 [DEBUG] python_multipart.multipart: Calling on_header_end with no data
2025-08-04 02:33:36 [DEBUG] python_multipart.multipart: Calling on_headers_finished with no data
2025-08-04 02:33:36 [DEBUG] python_multipart.multipart: Calling on_part_data with data[46315:48085]
2025-08-04 02:33:36 [DEBUG] python_multipart.multipart: Calling on_part_end with no data
2025-08-04 02:33:36 [DEBUG] python_multipart.multipart: Calling on_part_begin with no data
2025-08-04 02:33:36 [DEBUG] python_multipart.multipart: Calling on_header_field with data[48129:48148]
2025-08-04 02:33:36 [DEBUG] python_multipart.multipart: Calling on_header_value with data[48150:48197]
2025-08-04 02:33:36 [DEBUG] python_multipart.multipart: Calling on_header_end with no data
2025-08-04 02:33:36 [DEBUG] python_multipart.multipart: Calling on_header_field with data[48199:48211]
2025-08-04 02:33:36 [DEBUG] python_multipart.multipart: Calling on_header_value with data[48213:48223]
2025-08-04 02:33:36 [DEBUG] python_multipart.multipart: Calling on_header_end with no data
2025-08-04 02:33:36 [DEBUG] python_multipart.multipart: Calling on_headers_finished with no data
2025-08-04 02:33:36 [DEBUG] python_multipart.multipart: Calling on_part_data with data[48227:50055]
2025-08-04 02:33:36 [DEBUG] python_multipart.multipart: Calling on_part_end with no data
2025-08-04 02:33:36 [DEBUG] python_multipart.multipart: Calling on_part_begin with no data
2025-08-04 02:33:36 [DEBUG] python_multipart.multipart: Calling on_header_field with data[50099:50118]
2025-08-04 02:33:36 [DEBUG] python_multipart.multipart: Calling on_header_value with data[50120:50167]
2025-08-04 02:33:36 [DEBUG] python_multipart.multipart: Calling on_header_end with no data
2025-08-04 02:33:36 [DEBUG] python_multipart.multipart: Calling on_header_field with data[50169:50181]
2025-08-04 02:33:36 [DEBUG] python_multipart.multipart: Calling on_header_value with data[50183:50193]
2025-08-04 02:33:36 [DEBUG] python_multipart.multipart: Calling on_header_end with no data
2025-08-04 02:33:36 [DEBUG] python_multipart.multipart: Calling on_headers_finished with no data
2025-08-04 02:33:36 [DEBUG] python_multipart.multipart: Calling on_part_data with data[50197:52011]
2025-08-04 02:33:36 [DEBUG] python_multipart.multipart: Calling on_part_end with no data
2025-08-04 02:33:36 [DEBUG] python_multipart.multipart: Calling on_part_begin with no data
2025-08-04 02:33:36 [DEBUG] python_multipart.multipart: Calling on_header_field with data[52055:52074]
2025-08-04 02:33:36 [DEBUG] python_multipart.multipart: Calling on_header_value with data[52076:52123]
2025-08-04 02:33:36 [DEBUG] python_multipart.multipart: Calling on_header_end with no data
2025-08-04 02:33:36 [DEBUG] python_multipart.multipart: Calling on_header_field with data[52125:52137]
2025-08-04 02:33:36 [DEBUG] python_multipart.multipart: Calling on_header_value with data[52139:52149]
2025-08-04 02:33:36 [DEBUG] python_multipart.multipart: Calling on_header_end with no data
2025-08-04 02:33:36 [DEBUG] python_multipart.multipart: Calling on_headers_finished with no data
2025-08-04 02:33:36 [DEBUG] python_multipart.multipart: Calling on_part_data with data[52153:53931]
2025-08-04 02:33:36 [DEBUG] python_multipart.multipart: Calling on_part_end with no data
2025-08-04 02:33:36 [DEBUG] python_multipart.multipart: Calling on_part_begin with no data
2025-08-04 02:33:36 [DEBUG] python_multipart.multipart: Calling on_header_field with data[53975:53994]
2025-08-04 02:33:36 [DEBUG] python_multipart.multipart: Calling on_header_value with data[53996:54043]
2025-08-04 02:33:36 [DEBUG] python_multipart.multipart: Calling on_header_end with no data
2025-08-04 02:33:36 [DEBUG] python_multipart.multipart: Calling on_header_field with data[54045:54057]
2025-08-04 02:33:36 [DEBUG] python_multipart.multipart: Calling on_header_value with data[54059:54069]
2025-08-04 02:33:36 [DEBUG] python_multipart.multipart: Calling on_header_end with no data
2025-08-04 02:33:36 [DEBUG] python_multipart.multipart: Calling on_headers_finished with no data
2025-08-04 02:33:36 [DEBUG] python_multipart.multipart: Calling on_part_data with data[54073:55855]
2025-08-04 02:33:36 [DEBUG] python_multipart.multipart: Calling on_part_end with no data
2025-08-04 02:33:36 [DEBUG] python_multipart.multipart: Calling on_part_begin with no data
2025-08-04 02:33:36 [DEBUG] python_multipart.multipart: Calling on_header_field with data[55899:55918]
2025-08-04 02:33:36 [DEBUG] python_multipart.multipart: Calling on_header_value with data[55920:55967]
2025-08-04 02:33:36 [DEBUG] python_multipart.multipart: Calling on_header_end with no data
2025-08-04 02:33:36 [DEBUG] python_multipart.multipart: Calling on_header_field with data[55969:55981]
2025-08-04 02:33:36 [DEBUG] python_multipart.multipart: Calling on_header_value with data[55983:55993]
2025-08-04 02:33:36 [DEBUG] python_multipart.multipart: Calling on_header_end with no data
2025-08-04 02:33:36 [DEBUG] python_multipart.multipart: Calling on_headers_finished with no data
2025-08-04 02:33:36 [DEBUG] python_multipart.multipart: Calling on_part_data with data[55997:57771]
2025-08-04 02:33:36 [DEBUG] python_multipart.multipart: Calling on_part_end with no data
2025-08-04 02:33:36 [DEBUG] python_multipart.multipart: Calling on_part_begin with no data
2025-08-04 02:33:36 [DEBUG] python_multipart.multipart: Calling on_header_field with data[57815:57834]
2025-08-04 02:33:36 [DEBUG] python_multipart.multipart: Calling on_header_value with data[57836:57883]
2025-08-04 02:33:36 [DEBUG] python_multipart.multipart: Calling on_header_end with no data
2025-08-04 02:33:36 [DEBUG] python_multipart.multipart: Calling on_header_field with data[57885:57897]
2025-08-04 02:33:36 [DEBUG] python_multipart.multipart: Calling on_header_value with data[57899:57909]
2025-08-04 02:33:36 [DEBUG] python_multipart.multipart: Calling on_header_end with no data
2025-08-04 02:33:36 [DEBUG] python_multipart.multipart: Calling on_headers_finished with no data
2025-08-04 02:33:36 [DEBUG] python_multipart.multipart: Calling on_part_data with data[57913:59697]
2025-08-04 02:33:36 [DEBUG] python_multipart.multipart: Calling on_part_end with no data
2025-08-04 02:33:36 [DEBUG] python_multipart.multipart: Calling on_part_begin with no data
2025-08-04 02:33:36 [DEBUG] python_multipart.multipart: Calling on_header_field with data[59741:59760]
2025-08-04 02:33:36 [DEBUG] python_multipart.multipart: Calling on_header_value with data[59762:59809]
2025-08-04 02:33:36 [DEBUG] python_multipart.multipart: Calling on_header_end with no data
2025-08-04 02:33:36 [DEBUG] python_multipart.multipart: Calling on_header_field with data[59811:59823]
2025-08-04 02:33:36 [DEBUG] python_multipart.multipart: Calling on_header_value with data[59825:59835]
2025-08-04 02:33:36 [DEBUG] python_multipart.multipart: Calling on_header_end with no data
2025-08-04 02:33:36 [DEBUG] python_multipart.multipart: Calling on_headers_finished with no data
2025-08-04 02:33:36 [DEBUG] python_multipart.multipart: Calling on_part_data with data[59839:61637]
2025-08-04 02:33:36 [DEBUG] python_multipart.multipart: Calling on_part_end with no data
2025-08-04 02:33:36 [DEBUG] python_multipart.multipart: Calling on_part_begin with no data
2025-08-04 02:33:36 [DEBUG] python_multipart.multipart: Calling on_header_field with data[61681:61700]
2025-08-04 02:33:36 [DEBUG] python_multipart.multipart: Calling on_header_value with data[61702:61749]
2025-08-04 02:33:36 [DEBUG] python_multipart.multipart: Calling on_header_end with no data
2025-08-04 02:33:36 [DEBUG] python_multipart.multipart: Calling on_header_field with data[61751:61763]
2025-08-04 02:33:36 [DEBUG] python_multipart.multipart: Calling on_header_value with data[61765:61775]
2025-08-04 02:33:36 [DEBUG] python_multipart.multipart: Calling on_header_end with no data
2025-08-04 02:33:36 [DEBUG] python_multipart.multipart: Calling on_headers_finished with no data
2025-08-04 02:33:36 [DEBUG] python_multipart.multipart: Calling on_part_data with data[61779:63589]
2025-08-04 02:33:36 [DEBUG] python_multipart.multipart: Calling on_part_end with no data
2025-08-04 02:33:36 [DEBUG] python_multipart.multipart: Calling on_part_begin with no data
2025-08-04 02:33:36 [DEBUG] python_multipart.multipart: Calling on_header_field with data[63633:63652]
2025-08-04 02:33:36 [DEBUG] python_multipart.multipart: Calling on_header_value with data[63654:63701]
2025-08-04 02:33:36 [DEBUG] python_multipart.multipart: Calling on_header_end with no data
2025-08-04 02:33:36 [DEBUG] python_multipart.multipart: Calling on_header_field with data[63703:63715]
2025-08-04 02:33:36 [DEBUG] python_multipart.multipart: Calling on_header_value with data[63717:63727]
2025-08-04 02:33:36 [DEBUG] python_multipart.multipart: Calling on_header_end with no data
2025-08-04 02:33:36 [DEBUG] python_multipart.multipart: Calling on_headers_finished with no data
2025-08-04 02:33:36 [DEBUG] python_multipart.multipart: Calling on_part_data with data[63731:65541]
2025-08-04 02:33:36 [DEBUG] python_multipart.multipart: Calling on_part_end with no data
2025-08-04 02:33:36 [DEBUG] python_multipart.multipart: Calling on_part_begin with no data
2025-08-04 02:33:36 [DEBUG] python_multipart.multipart: Calling on_header_field with data[65585:65604]
2025-08-04 02:33:36 [DEBUG] python_multipart.multipart: Calling on_header_value with data[65606:65653]
2025-08-04 02:33:36 [DEBUG] python_multipart.multipart: Calling on_header_end with no data
2025-08-04 02:33:36 [DEBUG] python_multipart.multipart: Calling on_header_field with data[65655:65667]
2025-08-04 02:33:36 [DEBUG] python_multipart.multipart: Calling on_header_value with data[65669:65679]
2025-08-04 02:33:36 [DEBUG] python_multipart.multipart: Calling on_header_end with no data
2025-08-04 02:33:36 [DEBUG] python_multipart.multipart: Calling on_headers_finished with no data
2025-08-04 02:33:36 [DEBUG] python_multipart.multipart: Calling on_part_data with data[65683:67505]
2025-08-04 02:33:36 [DEBUG] python_multipart.multipart: Calling on_part_end with no data
2025-08-04 02:33:36 [DEBUG] python_multipart.multipart: Calling on_part_begin with no data
2025-08-04 02:33:36 [DEBUG] python_multipart.multipart: Calling on_header_field with data[67549:67568]
2025-08-04 02:33:36 [DEBUG] python_multipart.multipart: Calling on_header_value with data[67570:67617]
2025-08-04 02:33:36 [DEBUG] python_multipart.multipart: Calling on_header_end with no data
2025-08-04 02:33:36 [DEBUG] python_multipart.multipart: Calling on_header_field with data[67619:67631]
2025-08-04 02:33:36 [DEBUG] python_multipart.multipart: Calling on_header_value with data[67633:67643]
2025-08-04 02:33:36 [DEBUG] python_multipart.multipart: Calling on_header_end with no data
2025-08-04 02:33:36 [DEBUG] python_multipart.multipart: Calling on_headers_finished with no data
2025-08-04 02:33:36 [DEBUG] python_multipart.multipart: Calling on_part_data with data[67647:69417]
2025-08-04 02:33:36 [DEBUG] python_multipart.multipart: Calling on_part_end with no data
2025-08-04 02:33:36 [DEBUG] python_multipart.multipart: Calling on_part_begin with no data
2025-08-04 02:33:36 [DEBUG] python_multipart.multipart: Calling on_header_field with data[69461:69480]
2025-08-04 02:33:36 [DEBUG] python_multipart.multipart: Calling on_header_value with data[69482:69529]
2025-08-04 02:33:36 [DEBUG] python_multipart.multipart: Calling on_header_end with no data
2025-08-04 02:33:36 [DEBUG] python_multipart.multipart: Calling on_header_field with data[69531:69543]
2025-08-04 02:33:36 [DEBUG] python_multipart.multipart: Calling on_header_value with data[69545:69555]
2025-08-04 02:33:36 [DEBUG] python_multipart.multipart: Calling on_header_end with no data
2025-08-04 02:33:36 [DEBUG] python_multipart.multipart: Calling on_headers_finished with no data
2025-08-04 02:33:36 [DEBUG] python_multipart.multipart: Calling on_part_data with data[69559:71411]
2025-08-04 02:33:36 [DEBUG] python_multipart.multipart: Calling on_part_end with no data
2025-08-04 02:33:36 [DEBUG] python_multipart.multipart: Calling on_part_begin with no data
2025-08-04 02:33:36 [DEBUG] python_multipart.multipart: Calling on_header_field with data[71455:71474]
2025-08-04 02:33:36 [DEBUG] python_multipart.multipart: Calling on_header_value with data[71476:71523]
2025-08-04 02:33:36 [DEBUG] python_multipart.multipart: Calling on_header_end with no data
2025-08-04 02:33:36 [DEBUG] python_multipart.multipart: Calling on_header_field with data[71525:71537]
2025-08-04 02:33:36 [DEBUG] python_multipart.multipart: Calling on_header_value with data[71539:71549]
2025-08-04 02:33:36 [DEBUG] python_multipart.multipart: Calling on_header_end with no data
2025-08-04 02:33:36 [DEBUG] python_multipart.multipart: Calling on_headers_finished with no data
2025-08-04 02:33:36 [DEBUG] python_multipart.multipart: Calling on_part_data with data[71553:73359]
2025-08-04 02:33:36 [DEBUG] python_multipart.multipart: Calling on_part_end with no data
2025-08-04 02:33:36 [DEBUG] python_multipart.multipart: Calling on_part_begin with no data
2025-08-04 02:33:36 [DEBUG] python_multipart.multipart: Calling on_header_field with data[73403:73422]
2025-08-04 02:33:36 [DEBUG] python_multipart.multipart: Calling on_header_value with data[73424:73471]
2025-08-04 02:33:36 [DEBUG] python_multipart.multipart: Calling on_header_end with no data
2025-08-04 02:33:36 [DEBUG] python_multipart.multipart: Calling on_header_field with data[73473:73485]
2025-08-04 02:33:36 [DEBUG] python_multipart.multipart: Calling on_header_value with data[73487:73497]
2025-08-04 02:33:36 [DEBUG] python_multipart.multipart: Calling on_header_end with no data
2025-08-04 02:33:36 [DEBUG] python_multipart.multipart: Calling on_headers_finished with no data
2025-08-04 02:33:36 [DEBUG] python_multipart.multipart: Calling on_part_data with data[73501:75359]
2025-08-04 02:33:36 [DEBUG] python_multipart.multipart: Calling on_part_end with no data
2025-08-04 02:33:36 [DEBUG] python_multipart.multipart: Calling on_part_begin with no data
2025-08-04 02:33:36 [DEBUG] python_multipart.multipart: Calling on_header_field with data[75403:75422]
2025-08-04 02:33:36 [DEBUG] python_multipart.multipart: Calling on_header_value with data[75424:75471]
2025-08-04 02:33:36 [DEBUG] python_multipart.multipart: Calling on_header_end with no data
2025-08-04 02:33:36 [DEBUG] python_multipart.multipart: Calling on_header_field with data[75473:75485]
2025-08-04 02:33:36 [DEBUG] python_multipart.multipart: Calling on_header_value with data[75487:75497]
2025-08-04 02:33:36 [DEBUG] python_multipart.multipart: Calling on_header_end with no data
2025-08-04 02:33:36 [DEBUG] python_multipart.multipart: Calling on_headers_finished with no data
2025-08-04 02:33:36 [DEBUG] python_multipart.multipart: Calling on_part_data with data[75501:77323]
2025-08-04 02:33:36 [DEBUG] python_multipart.multipart: Calling on_part_end with no data
2025-08-04 02:33:36 [DEBUG] python_multipart.multipart: Calling on_part_begin with no data
2025-08-04 02:33:36 [DEBUG] python_multipart.multipart: Calling on_header_field with data[77367:77386]
2025-08-04 02:33:36 [DEBUG] python_multipart.multipart: Calling on_header_value with data[77388:77435]
2025-08-04 02:33:36 [DEBUG] python_multipart.multipart: Calling on_header_end with no data
2025-08-04 02:33:36 [DEBUG] python_multipart.multipart: Calling on_header_field with data[77437:77449]
2025-08-04 02:33:36 [DEBUG] python_multipart.multipart: Calling on_header_value with data[77451:77461]
2025-08-04 02:33:36 [DEBUG] python_multipart.multipart: Calling on_header_end with no data
2025-08-04 02:33:36 [DEBUG] python_multipart.multipart: Calling on_headers_finished with no data
2025-08-04 02:33:36 [DEBUG] python_multipart.multipart: Calling on_part_data with data[77465:79339]
2025-08-04 02:33:36 [DEBUG] python_multipart.multipart: Calling on_part_end with no data
2025-08-04 02:33:36 [DEBUG] python_multipart.multipart: Calling on_part_begin with no data
2025-08-04 02:33:36 [DEBUG] python_multipart.multipart: Calling on_header_field with data[79383:79402]
2025-08-04 02:33:36 [DEBUG] python_multipart.multipart: Calling on_header_value with data[79404:79451]
2025-08-04 02:33:36 [DEBUG] python_multipart.multipart: Calling on_header_end with no data
2025-08-04 02:33:36 [DEBUG] python_multipart.multipart: Calling on_header_field with data[79453:79465]
2025-08-04 02:33:36 [DEBUG] python_multipart.multipart: Calling on_header_value with data[79467:79477]
2025-08-04 02:33:36 [DEBUG] python_multipart.multipart: Calling on_header_end with no data
2025-08-04 02:33:36 [DEBUG] python_multipart.multipart: Calling on_headers_finished with no data
2025-08-04 02:33:36 [DEBUG] python_multipart.multipart: Calling on_part_data with data[79481:81399]
2025-08-04 02:33:36 [DEBUG] python_multipart.multipart: Calling on_part_end with no data
2025-08-04 02:33:36 [DEBUG] python_multipart.multipart: Calling on_part_begin with no data
2025-08-04 02:33:36 [DEBUG] python_multipart.multipart: Calling on_header_field with data[81443:81462]
2025-08-04 02:33:36 [DEBUG] python_multipart.multipart: Calling on_header_value with data[81464:81511]
2025-08-04 02:33:36 [DEBUG] python_multipart.multipart: Calling on_header_end with no data
2025-08-04 02:33:36 [DEBUG] python_multipart.multipart: Calling on_header_field with data[81513:81525]
2025-08-04 02:33:36 [DEBUG] python_multipart.multipart: Calling on_header_value with data[81527:81537]
2025-08-04 02:33:36 [DEBUG] python_multipart.multipart: Calling on_header_end with no data
2025-08-04 02:33:36 [DEBUG] python_multipart.multipart: Calling on_headers_finished with no data
2025-08-04 02:33:36 [DEBUG] python_multipart.multipart: Calling on_part_data with data[81541:83361]
2025-08-04 02:33:36 [DEBUG] python_multipart.multipart: Calling on_part_end with no data
2025-08-04 02:33:36 [DEBUG] python_multipart.multipart: Calling on_part_begin with no data
2025-08-04 02:33:36 [DEBUG] python_multipart.multipart: Calling on_header_field with data[83405:83424]
2025-08-04 02:33:36 [DEBUG] python_multipart.multipart: Calling on_header_value with data[83426:83473]
2025-08-04 02:33:36 [DEBUG] python_multipart.multipart: Calling on_header_end with no data
2025-08-04 02:33:36 [DEBUG] python_multipart.multipart: Calling on_header_field with data[83475:83487]
2025-08-04 02:33:36 [DEBUG] python_multipart.multipart: Calling on_header_value with data[83489:83499]
2025-08-04 02:33:36 [DEBUG] python_multipart.multipart: Calling on_header_end with no data
2025-08-04 02:33:36 [DEBUG] python_multipart.multipart: Calling on_headers_finished with no data
2025-08-04 02:33:36 [DEBUG] python_multipart.multipart: Calling on_part_data with data[83503:85217]
2025-08-04 02:33:36 [DEBUG] python_multipart.multipart: Calling on_part_end with no data
2025-08-04 02:33:36 [DEBUG] python_multipart.multipart: Calling on_part_begin with no data
2025-08-04 02:33:36 [DEBUG] python_multipart.multipart: Calling on_header_field with data[85261:85280]
2025-08-04 02:33:36 [DEBUG] python_multipart.multipart: Calling on_header_value with data[85282:85329]
2025-08-04 02:33:36 [DEBUG] python_multipart.multipart: Calling on_header_end with no data
2025-08-04 02:33:36 [DEBUG] python_multipart.multipart: Calling on_header_field with data[85331:85343]
2025-08-04 02:33:36 [DEBUG] python_multipart.multipart: Calling on_header_value with data[85345:85355]
2025-08-04 02:33:36 [DEBUG] python_multipart.multipart: Calling on_header_end with no data
2025-08-04 02:33:36 [DEBUG] python_multipart.multipart: Calling on_headers_finished with no data
2025-08-04 02:33:36 [DEBUG] python_multipart.multipart: Calling on_part_data with data[85359:87003]
2025-08-04 02:33:36 [DEBUG] python_multipart.multipart: Calling on_part_end with no data
2025-08-04 02:33:36 [DEBUG] python_multipart.multipart: Calling on_part_begin with no data
2025-08-04 02:33:36 [DEBUG] python_multipart.multipart: Calling on_header_field with data[87047:87066]
2025-08-04 02:33:36 [DEBUG] python_multipart.multipart: Calling on_header_value with data[87068:87115]
2025-08-04 02:33:36 [DEBUG] python_multipart.multipart: Calling on_header_end with no data
2025-08-04 02:33:36 [DEBUG] python_multipart.multipart: Calling on_header_field with data[87117:87129]
2025-08-04 02:33:36 [DEBUG] python_multipart.multipart: Calling on_header_value with data[87131:87141]
2025-08-04 02:33:36 [DEBUG] python_multipart.multipart: Calling on_header_end with no data
2025-08-04 02:33:36 [DEBUG] python_multipart.multipart: Calling on_headers_finished with no data
2025-08-04 02:33:36 [DEBUG] python_multipart.multipart: Calling on_part_data with data[87145:88843]
2025-08-04 02:33:36 [DEBUG] python_multipart.multipart: Calling on_part_end with no data
2025-08-04 02:33:36 [DEBUG] python_multipart.multipart: Calling on_part_begin with no data
2025-08-04 02:33:36 [DEBUG] python_multipart.multipart: Calling on_header_field with data[88887:88906]
2025-08-04 02:33:36 [DEBUG] python_multipart.multipart: Calling on_header_value with data[88908:88955]
2025-08-04 02:33:36 [DEBUG] python_multipart.multipart: Calling on_header_end with no data
2025-08-04 02:33:36 [DEBUG] python_multipart.multipart: Calling on_header_field with data[88957:88969]
2025-08-04 02:33:36 [DEBUG] python_multipart.multipart: Calling on_header_value with data[88971:88981]
2025-08-04 02:33:36 [DEBUG] python_multipart.multipart: Calling on_header_end with no data
2025-08-04 02:33:36 [DEBUG] python_multipart.multipart: Calling on_headers_finished with no data
2025-08-04 02:33:36 [DEBUG] python_multipart.multipart: Calling on_part_data with data[88985:90725]
2025-08-04 02:33:36 [DEBUG] python_multipart.multipart: Calling on_part_end with no data
2025-08-04 02:33:36 [DEBUG] python_multipart.multipart: Calling on_part_begin with no data
2025-08-04 02:33:36 [DEBUG] python_multipart.multipart: Calling on_header_field with data[90769:90788]
2025-08-04 02:33:36 [DEBUG] python_multipart.multipart: Calling on_header_value with data[90790:90837]
2025-08-04 02:33:36 [DEBUG] python_multipart.multipart: Calling on_header_end with no data
2025-08-04 02:33:36 [DEBUG] python_multipart.multipart: Calling on_header_field with data[90839:90851]
2025-08-04 02:33:36 [DEBUG] python_multipart.multipart: Calling on_header_value with data[90853:90863]
2025-08-04 02:33:36 [DEBUG] python_multipart.multipart: Calling on_header_end with no data
2025-08-04 02:33:36 [DEBUG] python_multipart.multipart: Calling on_headers_finished with no data
2025-08-04 02:33:36 [DEBUG] python_multipart.multipart: Calling on_part_data with data[90867:92739]
2025-08-04 02:33:36 [DEBUG] python_multipart.multipart: Calling on_part_end with no data
2025-08-04 02:33:36 [DEBUG] python_multipart.multipart: Calling on_part_begin with no data
2025-08-04 02:33:36 [DEBUG] python_multipart.multipart: Calling on_header_field with data[92783:92802]
2025-08-04 02:33:36 [DEBUG] python_multipart.multipart: Calling on_header_value with data[92804:92851]
2025-08-04 02:33:36 [DEBUG] python_multipart.multipart: Calling on_header_end with no data
2025-08-04 02:33:36 [DEBUG] python_multipart.multipart: Calling on_header_field with data[92853:92865]
2025-08-04 02:33:36 [DEBUG] python_multipart.multipart: Calling on_header_value with data[92867:92877]
2025-08-04 02:33:36 [DEBUG] python_multipart.multipart: Calling on_header_end with no data
2025-08-04 02:33:36 [DEBUG] python_multipart.multipart: Calling on_headers_finished with no data
2025-08-04 02:33:36 [DEBUG] python_multipart.multipart: Calling on_part_data with data[92881:94665]
2025-08-04 02:33:36 [DEBUG] python_multipart.multipart: Calling on_part_end with no data
2025-08-04 02:33:36 [DEBUG] python_multipart.multipart: Calling on_part_begin with no data
2025-08-04 02:33:36 [DEBUG] python_multipart.multipart: Calling on_header_field with data[94709:94728]
2025-08-04 02:33:36 [DEBUG] python_multipart.multipart: Calling on_header_value with data[94730:94777]
2025-08-04 02:33:36 [DEBUG] python_multipart.multipart: Calling on_header_end with no data
2025-08-04 02:33:36 [DEBUG] python_multipart.multipart: Calling on_header_field with data[94779:94791]
2025-08-04 02:33:36 [DEBUG] python_multipart.multipart: Calling on_header_value with data[94793:94803]
2025-08-04 02:33:36 [DEBUG] python_multipart.multipart: Calling on_header_end with no data
2025-08-04 02:33:36 [DEBUG] python_multipart.multipart: Calling on_headers_finished with no data
2025-08-04 02:33:36 [DEBUG] python_multipart.multipart: Calling on_part_data with data[94807:96507]
2025-08-04 02:33:36 [DEBUG] python_multipart.multipart: Calling on_part_end with no data
2025-08-04 02:33:36 [DEBUG] python_multipart.multipart: Calling on_end with no data
2025-08-04 02:33:36 [INFO] face-presence-api: Registering user: 2209116038
2025-08-04 02:33:36 [INFO] watchfiles.main: 1 change detected
2025-08-04 02:33:37 [DEBUG] face-presence-api: 🧹 Memory cleared with garbage collector.
2025-08-04 02:33:37 [DEBUG] face-presence-api: [BatchLogger] No verifications, skip flush
2025-08-04 02:33:37 [INFO] face-presence-api: 📁 10 test image berhasil disimpan untuk user 2209116038 di F:\Kuliah\Skripsi\praktisi-face-presence-api\src\storage\test_images\2209116038
2025-08-04 02:33:37 [INFO] watchfiles.main: 9 changes detected
2025-08-04 02:33:37 [DEBUG] face-presence-api: 🧹 Memory cleared with garbage collector.
2025-08-04 02:33:37 [INFO] face-presence-api: Processing batch 1/8
2025-08-04 02:33:37 [INFO] face-presence-api: Processing batch 2/8
2025-08-04 02:33:38 [INFO] face-presence-api: Processing batch 3/8
2025-08-04 02:33:38 [INFO] face-presence-api: Processing batch 4/8
2025-08-04 02:33:39 [INFO] face-presence-api: Processing batch 5/8
2025-08-04 02:33:39 [INFO] face-presence-api: Processing batch 6/8
2025-08-04 02:33:40 [INFO] face-presence-api: Processing batch 7/8
2025-08-04 02:33:40 [DEBUG] face-presence-api: [BatchLogger] No registrations, skip flush
2025-08-04 02:33:40 [DEBUG] face-presence-api: [BatchLogger] No durations, skip flush
2025-08-04 02:33:40 [INFO] face-presence-api: Processing batch 8/8
2025-08-04 02:33:40 [INFO] face-presence-api: Finished processing 40 valid embeddings from 40 images
2025-08-04 02:33:40 [INFO] face-presence-api: Validasi berhasil: 40 embeddings valid
2025-08-04 02:33:40 [INFO] face-presence-api: Validasi berhasil: 40 embeddings valid
2025-08-04 02:33:40 [INFO] face-presence-api: Embedding berhasil disimpan untuk user 2209116038 di F:\Kuliah\Skripsi\praktisi-face-presence-api\src\storage\embeddings\2209116038.pkl
2025-08-04 02:33:41 [INFO] face-presence-api: Embeddings saved successfully for user 2209116038, starting evaluation.
2025-08-04 02:33:41 [INFO] face-presence-api: Evaluating ...
2025-08-04 02:33:41 [INFO] watchfiles.main: 1 change detected
2025-08-04 02:33:41 [INFO] face-presence-api: Evaluating batch 1/4
2025-08-04 02:33:41 [INFO] face-presence-api: Evaluating batch 2/4
2025-08-04 02:33:41 [INFO] face-presence-api: Evaluating batch 3/4
2025-08-04 02:33:42 [INFO] face-presence-api: Evaluating batch 4/4
2025-08-04 02:33:42 [INFO] face-presence-api: Face registration successful for user 2209116038.
2025-08-04 02:33:48 [DEBUG] python_multipart.multipart: Calling on_part_begin with no data
2025-08-04 02:33:48 [DEBUG] python_multipart.multipart: Calling on_header_field with data[42:61]
2025-08-04 02:33:48 [DEBUG] python_multipart.multipart: Calling on_header_value with data[63:88]
2025-08-04 02:33:48 [DEBUG] python_multipart.multipart: Calling on_header_end with no data
2025-08-04 02:33:48 [DEBUG] python_multipart.multipart: Calling on_headers_finished with no data
2025-08-04 02:33:48 [DEBUG] python_multipart.multipart: Calling on_part_data with data[92:102]
2025-08-04 02:33:48 [DEBUG] python_multipart.multipart: Calling on_part_end with no data
2025-08-04 02:33:48 [DEBUG] python_multipart.multipart: Calling on_end with no data
2025-08-04 02:33:48 [INFO] face-presence-api: Checking status for user: 2209116038
2025-08-04 02:33:48 [INFO] face-presence-api: User 2209116038 is already registered.
2025-08-04 02:33:50 [DEBUG] face-presence-api: [BatchLogger] No durations, skip flush
2025-08-04 02:34:00 [DEBUG] face-presence-api: [BatchLogger] No durations, skip flush
2025-08-04 02:34:07 [DEBUG] face-presence-api: [BatchLogger] No verifications, skip flush
2025-08-04 02:34:10 [INFO] face-presence-api: [BatchLogger] Flushing 1 registrations...
2025-08-04 02:34:10 [DEBUG] urllib3.connectionpool: https://sheets.googleapis.com:443 "GET /v4/spreadsheets/1hjXERVEURCeKXeCw8TUbrkjF25_GVmORN0JgjZuu058?includeGridData=false HTTP/1.1" 200 None
2025-08-04 02:34:10 [DEBUG] urllib3.connectionpool: https://sheets.googleapis.com:443 "GET /v4/spreadsheets/1hjXERVEURCeKXeCw8TUbrkjF25_GVmORN0JgjZuu058/values/%27Registration%27 HTTP/1.1" 200 None
2025-08-04 02:34:11 [DEBUG] urllib3.connectionpool: https://sheets.googleapis.com:443 "GET /v4/spreadsheets/1hjXERVEURCeKXeCw8TUbrkjF25_GVmORN0JgjZuu058/values/%27Registration%27 HTTP/1.1" 200 None
2025-08-04 02:34:11 [DEBUG] urllib3.connectionpool: https://sheets.googleapis.com:443 "POST /v4/spreadsheets/1hjXERVEURCeKXeCw8TUbrkjF25_GVmORN0JgjZuu058/values:batchUpdate HTTP/1.1" 200 None
2025-08-04 02:34:11 [INFO] face-presence-api: [BatchLogger] Updated 1 registration rows
2025-08-04 02:34:11 [DEBUG] face-presence-api: [BatchLogger] No durations, skip flush
2025-08-04 02:34:21 [DEBUG] face-presence-api: [BatchLogger] No durations, skip flush
2025-08-04 02:34:31 [DEBUG] face-presence-api: [BatchLogger] No durations, skip flush
2025-08-04 02:34:37 [DEBUG] face-presence-api: [BatchLogger] No verifications, skip flush
2025-08-04 02:34:41 [DEBUG] face-presence-api: [BatchLogger] No registrations, skip flush
2025-08-04 02:34:41 [DEBUG] face-presence-api: [BatchLogger] No durations, skip flush
2025-08-04 02:34:51 [DEBUG] face-presence-api: [BatchLogger] No durations, skip flush
2025-08-04 02:35:01 [DEBUG] face-presence-api: [BatchLogger] No durations, skip flush
2025-08-04 02:35:07 [DEBUG] face-presence-api: [BatchLogger] No verifications, skip flush
2025-08-04 02:35:11 [DEBUG] face-presence-api: [BatchLogger] No registrations, skip flush
2025-08-04 02:35:11 [DEBUG] face-presence-api: [BatchLogger] No durations, skip flush
2025-08-04 02:35:21 [DEBUG] face-presence-api: [BatchLogger] No durations, skip flush
2025-08-04 02:35:31 [DEBUG] face-presence-api: [BatchLogger] No durations, skip flush
2025-08-04 02:35:37 [DEBUG] face-presence-api: [BatchLogger] No verifications, skip flush
2025-08-04 02:35:41 [DEBUG] face-presence-api: [BatchLogger] No registrations, skip flush
2025-08-04 02:35:41 [DEBUG] face-presence-api: [BatchLogger] No durations, skip flush
2025-08-04 02:35:51 [DEBUG] face-presence-api: [BatchLogger] No durations, skip flush
2025-08-04 02:36:01 [DEBUG] face-presence-api: [BatchLogger] No durations, skip flush
2025-08-04 02:36:07 [DEBUG] face-presence-api: [BatchLogger] No verifications, skip flush
2025-08-04 02:36:11 [DEBUG] face-presence-api: [BatchLogger] No registrations, skip flush
2025-08-04 02:36:11 [DEBUG] face-presence-api: [BatchLogger] No durations, skip flush
2025-08-04 02:36:21 [DEBUG] face-presence-api: [BatchLogger] No durations, skip flush
2025-08-04 02:36:31 [DEBUG] face-presence-api: [BatchLogger] No durations, skip flush
2025-08-04 02:36:37 [DEBUG] face-presence-api: [BatchLogger] No verifications, skip flush
2025-08-04 02:36:41 [DEBUG] face-presence-api: [BatchLogger] No registrations, skip flush
2025-08-04 02:36:41 [DEBUG] face-presence-api: [BatchLogger] No durations, skip flush
2025-08-04 02:36:51 [DEBUG] face-presence-api: [BatchLogger] No durations, skip flush
2025-08-04 02:37:01 [DEBUG] face-presence-api: [BatchLogger] No durations, skip flush
2025-08-04 02:37:07 [DEBUG] face-presence-api: [BatchLogger] No verifications, skip flush
2025-08-04 02:37:11 [DEBUG] face-presence-api: [BatchLogger] No registrations, skip flush
2025-08-04 02:37:11 [DEBUG] face-presence-api: [BatchLogger] No durations, skip flush
2025-08-04 02:37:21 [DEBUG] face-presence-api: [BatchLogger] No durations, skip flush
2025-08-04 02:37:31 [DEBUG] face-presence-api: [BatchLogger] No durations, skip flush
2025-08-04 02:37:37 [DEBUG] face-presence-api: [BatchLogger] No verifications, skip flush
2025-08-04 02:37:41 [DEBUG] face-presence-api: [BatchLogger] No registrations, skip flush
2025-08-04 02:37:41 [DEBUG] face-presence-api: [BatchLogger] No durations, skip flush
2025-08-04 02:37:51 [DEBUG] face-presence-api: [BatchLogger] No durations, skip flush
2025-08-04 02:38:01 [DEBUG] face-presence-api: [BatchLogger] No durations, skip flush
2025-08-04 02:38:07 [DEBUG] face-presence-api: [BatchLogger] No verifications, skip flush
2025-08-04 02:38:11 [DEBUG] face-presence-api: [BatchLogger] No registrations, skip flush
2025-08-04 02:38:11 [DEBUG] face-presence-api: [BatchLogger] No durations, skip flush
2025-08-04 02:38:21 [DEBUG] face-presence-api: [BatchLogger] No durations, skip flush
2025-08-04 02:38:31 [DEBUG] face-presence-api: [BatchLogger] No durations, skip flush
2025-08-04 02:38:37 [DEBUG] face-presence-api: [BatchLogger] No verifications, skip flush
2025-08-04 02:38:41 [DEBUG] face-presence-api: [BatchLogger] No registrations, skip flush
2025-08-04 02:38:41 [DEBUG] face-presence-api: [BatchLogger] No durations, skip flush
2025-08-04 02:38:51 [DEBUG] face-presence-api: [BatchLogger] No durations, skip flush
2025-08-04 02:39:01 [DEBUG] face-presence-api: [BatchLogger] No durations, skip flush
2025-08-04 02:39:07 [DEBUG] face-presence-api: [BatchLogger] No verifications, skip flush
2025-08-04 02:39:11 [DEBUG] face-presence-api: [BatchLogger] No registrations, skip flush
2025-08-04 02:39:11 [DEBUG] face-presence-api: [BatchLogger] No durations, skip flush
2025-08-04 02:39:21 [DEBUG] face-presence-api: [BatchLogger] No durations, skip flush
2025-08-04 02:39:31 [DEBUG] face-presence-api: [BatchLogger] No durations, skip flush
2025-08-04 02:39:37 [DEBUG] face-presence-api: [BatchLogger] No verifications, skip flush
2025-08-04 02:39:41 [DEBUG] face-presence-api: [BatchLogger] No registrations, skip flush
2025-08-04 02:39:41 [DEBUG] face-presence-api: [BatchLogger] No durations, skip flush
2025-08-04 02:39:51 [DEBUG] face-presence-api: [BatchLogger] No durations, skip flush
2025-08-04 02:40:02 [DEBUG] face-presence-api: [BatchLogger] No durations, skip flush
2025-08-04 02:40:07 [DEBUG] face-presence-api: [BatchLogger] No verifications, skip flush
2025-08-04 02:40:11 [DEBUG] face-presence-api: [BatchLogger] No registrations, skip flush
2025-08-04 02:40:12 [DEBUG] face-presence-api: [BatchLogger] No durations, skip flush
2025-08-04 02:40:22 [DEBUG] face-presence-api: [BatchLogger] No durations, skip flush
2025-08-04 02:40:32 [DEBUG] face-presence-api: [BatchLogger] No durations, skip flush
2025-08-04 02:40:37 [DEBUG] face-presence-api: [BatchLogger] No verifications, skip flush
2025-08-04 02:40:41 [DEBUG] face-presence-api: [BatchLogger] No registrations, skip flush
2025-08-04 02:40:42 [DEBUG] face-presence-api: [BatchLogger] No durations, skip flush
2025-08-04 02:40:52 [DEBUG] face-presence-api: [BatchLogger] No durations, skip flush
2025-08-04 02:40:56 [DEBUG] python_multipart.multipart: Calling on_part_begin with no data
2025-08-04 02:40:56 [DEBUG] python_multipart.multipart: Calling on_header_field with data[42:61]
2025-08-04 02:40:56 [DEBUG] python_multipart.multipart: Calling on_header_value with data[63:88]
2025-08-04 02:40:56 [DEBUG] python_multipart.multipart: Calling on_header_end with no data
2025-08-04 02:40:56 [DEBUG] python_multipart.multipart: Calling on_headers_finished with no data
2025-08-04 02:40:56 [DEBUG] python_multipart.multipart: Calling on_part_data with data[92:102]
2025-08-04 02:40:56 [DEBUG] python_multipart.multipart: Calling on_part_end with no data
2025-08-04 02:40:56 [DEBUG] python_multipart.multipart: Calling on_end with no data
2025-08-04 02:40:56 [INFO] face-presence-api: Checking status for user: 2209116038
2025-08-04 02:40:56 [INFO] face-presence-api: User 2209116038 is already registered.
2025-08-04 02:41:00 [DEBUG] python_multipart.multipart: Calling on_part_begin with no data
2025-08-04 02:41:00 [DEBUG] python_multipart.multipart: Calling on_header_field with data[42:61]
2025-08-04 02:41:00 [DEBUG] python_multipart.multipart: Calling on_header_value with data[63:88]
2025-08-04 02:41:00 [DEBUG] python_multipart.multipart: Calling on_header_end with no data
2025-08-04 02:41:00 [DEBUG] python_multipart.multipart: Calling on_headers_finished with no data
2025-08-04 02:41:00 [DEBUG] python_multipart.multipart: Calling on_part_data with data[92:102]
2025-08-04 02:41:00 [DEBUG] python_multipart.multipart: Calling on_part_end with no data
2025-08-04 02:41:00 [DEBUG] python_multipart.multipart: Calling on_end with no data
2025-08-04 02:41:00 [INFO] face-presence-api: Checking status for user: 2209116038
2025-08-04 02:41:00 [INFO] face-presence-api: User 2209116038 is already registered.
2025-08-04 02:41:02 [DEBUG] face-presence-api: [BatchLogger] No durations, skip flush
2025-08-04 02:41:06 [DEBUG] python_multipart.multipart: Calling on_part_begin with no data
2025-08-04 02:41:06 [DEBUG] python_multipart.multipart: Calling on_header_field with data[42:61]
2025-08-04 02:41:06 [DEBUG] python_multipart.multipart: Calling on_header_value with data[63:88]
2025-08-04 02:41:06 [DEBUG] python_multipart.multipart: Calling on_header_end with no data
2025-08-04 02:41:06 [DEBUG] python_multipart.multipart: Calling on_headers_finished with no data
2025-08-04 02:41:06 [DEBUG] python_multipart.multipart: Calling on_part_data with data[92:102]
2025-08-04 02:41:06 [DEBUG] python_multipart.multipart: Calling on_part_end with no data
2025-08-04 02:41:06 [DEBUG] python_multipart.multipart: Calling on_end with no data
2025-08-04 02:41:06 [INFO] face-presence-api: Checking status for user: 2209116038
2025-08-04 02:41:06 [INFO] face-presence-api: User 2209116038 is already registered.
2025-08-04 02:41:07 [DEBUG] face-presence-api: [BatchLogger] No verifications, skip flush
2025-08-04 02:41:11 [DEBUG] face-presence-api: [BatchLogger] No registrations, skip flush
2025-08-04 02:41:12 [DEBUG] face-presence-api: [BatchLogger] No durations, skip flush
2025-08-04 02:41:12 [DEBUG] python_multipart.multipart: Calling on_part_begin with no data
2025-08-04 02:41:12 [DEBUG] python_multipart.multipart: Calling on_header_field with data[42:61]
2025-08-04 02:41:12 [DEBUG] python_multipart.multipart: Calling on_header_value with data[63:88]
2025-08-04 02:41:12 [DEBUG] python_multipart.multipart: Calling on_header_end with no data
2025-08-04 02:41:12 [DEBUG] python_multipart.multipart: Calling on_headers_finished with no data
2025-08-04 02:41:12 [DEBUG] python_multipart.multipart: Calling on_part_data with data[92:102]
2025-08-04 02:41:12 [DEBUG] python_multipart.multipart: Calling on_part_end with no data
2025-08-04 02:41:12 [DEBUG] python_multipart.multipart: Calling on_end with no data
2025-08-04 02:41:12 [INFO] face-presence-api: Checking status for user: 2209116038
2025-08-04 02:41:12 [INFO] face-presence-api: User 2209116038 is already registered.
2025-08-04 02:41:16 [DEBUG] python_multipart.multipart: Calling on_part_begin with no data
2025-08-04 02:41:16 [DEBUG] python_multipart.multipart: Calling on_header_field with data[42:61]
2025-08-04 02:41:16 [DEBUG] python_multipart.multipart: Calling on_header_value with data[63:88]
2025-08-04 02:41:16 [DEBUG] python_multipart.multipart: Calling on_header_end with no data
2025-08-04 02:41:16 [DEBUG] python_multipart.multipart: Calling on_headers_finished with no data
2025-08-04 02:41:16 [DEBUG] python_multipart.multipart: Calling on_part_data with data[92:102]
2025-08-04 02:41:16 [DEBUG] python_multipart.multipart: Calling on_part_end with no data
2025-08-04 02:41:16 [DEBUG] python_multipart.multipart: Calling on_end with no data
2025-08-04 02:41:16 [INFO] face-presence-api: Checking status for user: 2209116038
2025-08-04 02:41:16 [INFO] face-presence-api: User 2209116038 is already registered.
2025-08-04 02:41:22 [DEBUG] face-presence-api: [BatchLogger] No durations, skip flush
2025-08-04 02:41:31 [DEBUG] python_multipart.multipart: Calling on_part_begin with no data
2025-08-04 02:41:31 [DEBUG] python_multipart.multipart: Calling on_header_field with data[42:61]
2025-08-04 02:41:31 [DEBUG] python_multipart.multipart: Calling on_header_value with data[63:88]
2025-08-04 02:41:31 [DEBUG] python_multipart.multipart: Calling on_header_end with no data
2025-08-04 02:41:31 [DEBUG] python_multipart.multipart: Calling on_headers_finished with no data
2025-08-04 02:41:31 [DEBUG] python_multipart.multipart: Calling on_part_data with data[92:102]
2025-08-04 02:41:31 [DEBUG] python_multipart.multipart: Calling on_part_end with no data
2025-08-04 02:41:31 [DEBUG] python_multipart.multipart: Calling on_part_begin with no data
2025-08-04 02:41:31 [DEBUG] python_multipart.multipart: Calling on_header_field with data[146:165]
2025-08-04 02:41:31 [DEBUG] python_multipart.multipart: Calling on_header_value with data[167:222]
2025-08-04 02:41:31 [DEBUG] python_multipart.multipart: Calling on_header_end with no data
2025-08-04 02:41:31 [DEBUG] python_multipart.multipart: Calling on_header_field with data[224:236]
2025-08-04 02:41:31 [DEBUG] python_multipart.multipart: Calling on_header_value with data[238:248]
2025-08-04 02:41:31 [DEBUG] python_multipart.multipart: Calling on_header_end with no data
2025-08-04 02:41:31 [DEBUG] python_multipart.multipart: Calling on_headers_finished with no data
2025-08-04 02:41:31 [DEBUG] python_multipart.multipart: Calling on_part_data with data[252:2090]
2025-08-04 02:41:31 [DEBUG] python_multipart.multipart: Calling on_part_end with no data
2025-08-04 02:41:31 [DEBUG] python_multipart.multipart: Calling on_end with no data
2025-08-04 02:41:31 [INFO] face-presence-api: Verifying user: 2209116038
2025-08-04 02:41:31 [INFO] face-presence-api: Starting verification for user: 2209116038
2025-08-04 02:41:31 [INFO] face-presence-api: Computed similarity for user 2209116038: 0.9549
2025-08-04 02:41:31 [INFO] face-presence-api: Comparison completed for user 2209116038 with result: {'error': False, 'similarity': 0.9549180269241333}
2025-08-04 02:41:31 [INFO] face-presence-api: Verification success for user 2209116038: Match (score=0.95492)
2025-08-04 02:41:31 [INFO] face-presence-api: Verification successful for user 2209116038
2025-08-04 02:41:32 [DEBUG] face-presence-api: [BatchLogger] No durations, skip flush
2025-08-04 02:41:37 [INFO] face-presence-api: [BatchLogger] Flushing 1 verifications...
2025-08-04 02:41:37 [DEBUG] urllib3.connectionpool: Resetting dropped connection: sheets.googleapis.com
2025-08-04 02:41:38 [DEBUG] urllib3.connectionpool: https://sheets.googleapis.com:443 "GET /v4/spreadsheets/1hjXERVEURCeKXeCw8TUbrkjF25_GVmORN0JgjZuu058?includeGridData=false HTTP/1.1" 200 None
2025-08-04 02:41:38 [DEBUG] urllib3.connectionpool: https://sheets.googleapis.com:443 "GET /v4/spreadsheets/1hjXERVEURCeKXeCw8TUbrkjF25_GVmORN0JgjZuu058/values/%27Verification%27 HTTP/1.1" 200 None
2025-08-04 02:41:38 [DEBUG] urllib3.connectionpool: https://sheets.googleapis.com:443 "GET /v4/spreadsheets/1hjXERVEURCeKXeCw8TUbrkjF25_GVmORN0JgjZuu058/values/%27Verification%27 HTTP/1.1" 200 None
2025-08-04 02:41:39 [DEBUG] urllib3.connectionpool: https://sheets.googleapis.com:443 "POST /v4/spreadsheets/1hjXERVEURCeKXeCw8TUbrkjF25_GVmORN0JgjZuu058/values:batchUpdate HTTP/1.1" 200 None
2025-08-04 02:41:39 [INFO] face-presence-api: [BatchLogger] Updated verification for 1 users
2025-08-04 02:41:41 [DEBUG] face-presence-api: [BatchLogger] No registrations, skip flush
2025-08-04 02:41:42 [DEBUG] face-presence-api: [BatchLogger] No durations, skip flush
2025-08-04 02:41:52 [DEBUG] face-presence-api: [BatchLogger] No durations, skip flush
2025-08-04 02:42:02 [DEBUG] face-presence-api: [BatchLogger] No durations, skip flush
2025-08-04 02:42:09 [DEBUG] face-presence-api: [BatchLogger] No verifications, skip flush
2025-08-04 02:42:11 [DEBUG] face-presence-api: [BatchLogger] No registrations, skip flush
2025-08-04 02:42:12 [DEBUG] face-presence-api: [BatchLogger] No durations, skip flush
2025-08-04 02:42:22 [DEBUG] face-presence-api: [BatchLogger] No durations, skip flush
2025-08-04 02:42:32 [DEBUG] face-presence-api: [BatchLogger] No durations, skip flush
2025-08-04 02:42:39 [DEBUG] face-presence-api: [BatchLogger] No verifications, skip flush
2025-08-04 02:42:41 [DEBUG] face-presence-api: [BatchLogger] No registrations, skip flush
2025-08-04 02:42:42 [DEBUG] face-presence-api: [BatchLogger] No durations, skip flush
2025-08-04 02:42:49 [DEBUG] python_multipart.multipart: Calling on_part_begin with no data
2025-08-04 02:42:49 [DEBUG] python_multipart.multipart: Calling on_header_field with data[42:61]
2025-08-04 02:42:49 [DEBUG] python_multipart.multipart: Calling on_header_value with data[63:88]
2025-08-04 02:42:49 [DEBUG] python_multipart.multipart: Calling on_header_end with no data
2025-08-04 02:42:49 [DEBUG] python_multipart.multipart: Calling on_headers_finished with no data
2025-08-04 02:42:49 [DEBUG] python_multipart.multipart: Calling on_part_data with data[92:102]
2025-08-04 02:42:49 [DEBUG] python_multipart.multipart: Calling on_part_end with no data
2025-08-04 02:42:49 [DEBUG] python_multipart.multipart: Calling on_part_begin with no data
2025-08-04 02:42:49 [DEBUG] python_multipart.multipart: Calling on_header_field with data[146:165]
2025-08-04 02:42:49 [DEBUG] python_multipart.multipart: Calling on_header_value with data[167:222]
2025-08-04 02:42:49 [DEBUG] python_multipart.multipart: Calling on_header_end with no data
2025-08-04 02:42:49 [DEBUG] python_multipart.multipart: Calling on_header_field with data[224:236]
2025-08-04 02:42:49 [DEBUG] python_multipart.multipart: Calling on_header_value with data[238:248]
2025-08-04 02:42:49 [DEBUG] python_multipart.multipart: Calling on_header_end with no data
2025-08-04 02:42:49 [DEBUG] python_multipart.multipart: Calling on_headers_finished with no data
2025-08-04 02:42:49 [DEBUG] python_multipart.multipart: Calling on_part_data with data[252:2452]
2025-08-04 02:42:49 [DEBUG] python_multipart.multipart: Calling on_part_end with no data
2025-08-04 02:42:49 [DEBUG] python_multipart.multipart: Calling on_end with no data
2025-08-04 02:42:49 [INFO] face-presence-api: Verifying user: 2209116038
2025-08-04 02:42:49 [INFO] face-presence-api: Starting verification for user: 2209116038
2025-08-04 02:42:49 [INFO] face-presence-api: Computed similarity for user 2209116038: 0.8711
2025-08-04 02:42:49 [INFO] face-presence-api: Comparison completed for user 2209116038 with result: {'error': False, 'similarity': 0.8711169362068176}
2025-08-04 02:42:49 [INFO] face-presence-api: Verification success for user 2209116038: Match (score=0.87112)
2025-08-04 02:42:49 [INFO] face-presence-api: Verification successful for user 2209116038
2025-08-04 02:42:52 [DEBUG] face-presence-api: [BatchLogger] No durations, skip flush
2025-08-04 02:42:58 [DEBUG] python_multipart.multipart: Calling on_part_begin with no data
2025-08-04 02:42:58 [DEBUG] python_multipart.multipart: Calling on_header_field with data[42:61]
2025-08-04 02:42:58 [DEBUG] python_multipart.multipart: Calling on_header_value with data[63:88]
2025-08-04 02:42:58 [DEBUG] python_multipart.multipart: Calling on_header_end with no data
2025-08-04 02:42:58 [DEBUG] python_multipart.multipart: Calling on_headers_finished with no data
2025-08-04 02:42:58 [DEBUG] python_multipart.multipart: Calling on_part_data with data[92:102]
2025-08-04 02:42:58 [DEBUG] python_multipart.multipart: Calling on_part_end with no data
2025-08-04 02:42:58 [DEBUG] python_multipart.multipart: Calling on_part_begin with no data
2025-08-04 02:42:58 [DEBUG] python_multipart.multipart: Calling on_header_field with data[146:165]
2025-08-04 02:42:58 [DEBUG] python_multipart.multipart: Calling on_header_value with data[167:222]
2025-08-04 02:42:58 [DEBUG] python_multipart.multipart: Calling on_header_end with no data
2025-08-04 02:42:58 [DEBUG] python_multipart.multipart: Calling on_header_field with data[224:236]
2025-08-04 02:42:58 [DEBUG] python_multipart.multipart: Calling on_header_value with data[238:248]
2025-08-04 02:42:58 [DEBUG] python_multipart.multipart: Calling on_header_end with no data
2025-08-04 02:42:58 [DEBUG] python_multipart.multipart: Calling on_headers_finished with no data
2025-08-04 02:42:58 [DEBUG] python_multipart.multipart: Calling on_part_data with data[252:1994]
2025-08-04 02:42:58 [DEBUG] python_multipart.multipart: Calling on_part_end with no data
2025-08-04 02:42:58 [DEBUG] python_multipart.multipart: Calling on_end with no data
2025-08-04 02:42:58 [INFO] face-presence-api: Verifying user: 2209116038
2025-08-04 02:42:58 [INFO] face-presence-api: Starting verification for user: 2209116038
2025-08-04 02:42:58 [INFO] face-presence-api: Computed similarity for user 2209116038: 0.9577
2025-08-04 02:42:58 [INFO] face-presence-api: Comparison completed for user 2209116038 with result: {'error': False, 'similarity': 0.957720935344696}
2025-08-04 02:42:58 [INFO] face-presence-api: Verification success for user 2209116038: Match (score=0.95772)
2025-08-04 02:42:58 [INFO] face-presence-api: Verification successful for user 2209116038
2025-08-04 02:43:02 [DEBUG] face-presence-api: [BatchLogger] No durations, skip flush
2025-08-04 02:43:09 [INFO] face-presence-api: [BatchLogger] Flushing 2 verifications...
2025-08-04 02:43:09 [DEBUG] urllib3.connectionpool: https://sheets.googleapis.com:443 "GET /v4/spreadsheets/1hjXERVEURCeKXeCw8TUbrkjF25_GVmORN0JgjZuu058?includeGridData=false HTTP/1.1" 200 None
2025-08-04 02:43:10 [DEBUG] urllib3.connectionpool: https://sheets.googleapis.com:443 "GET /v4/spreadsheets/1hjXERVEURCeKXeCw8TUbrkjF25_GVmORN0JgjZuu058/values/%27Verification%27 HTTP/1.1" 200 None
2025-08-04 02:43:10 [DEBUG] urllib3.connectionpool: https://sheets.googleapis.com:443 "GET /v4/spreadsheets/1hjXERVEURCeKXeCw8TUbrkjF25_GVmORN0JgjZuu058/values/%27Verification%27 HTTP/1.1" 200 None
2025-08-04 02:43:10 [DEBUG] urllib3.connectionpool: https://sheets.googleapis.com:443 "POST /v4/spreadsheets/1hjXERVEURCeKXeCw8TUbrkjF25_GVmORN0JgjZuu058/values:batchUpdate HTTP/1.1" 200 None
2025-08-04 02:43:10 [INFO] face-presence-api: [BatchLogger] Updated verification for 1 users
2025-08-04 02:43:11 [DEBUG] face-presence-api: [BatchLogger] No registrations, skip flush
2025-08-04 02:43:12 [DEBUG] face-presence-api: [BatchLogger] No durations, skip flush
2025-08-04 02:43:22 [DEBUG] face-presence-api: [BatchLogger] No durations, skip flush
2025-08-04 02:43:32 [DEBUG] face-presence-api: [BatchLogger] No durations, skip flush
2025-08-04 02:43:40 [DEBUG] face-presence-api: [BatchLogger] No verifications, skip flush
2025-08-04 02:43:41 [DEBUG] face-presence-api: [BatchLogger] No registrations, skip flush
2025-08-04 02:43:42 [DEBUG] face-presence-api: [BatchLogger] No durations, skip flush
2025-08-04 02:43:52 [DEBUG] face-presence-api: [BatchLogger] No durations, skip flush
2025-08-04 02:44:02 [DEBUG] face-presence-api: [BatchLogger] No durations, skip flush
2025-08-04 02:44:10 [DEBUG] face-presence-api: [BatchLogger] No verifications, skip flush
2025-08-04 02:44:11 [DEBUG] face-presence-api: [BatchLogger] No registrations, skip flush
2025-08-04 02:44:12 [DEBUG] face-presence-api: [BatchLogger] No durations, skip flush
2025-08-04 02:44:22 [DEBUG] face-presence-api: [BatchLogger] No durations, skip flush
2025-08-04 02:44:32 [DEBUG] face-presence-api: [BatchLogger] No durations, skip flush
2025-08-04 02:44:40 [DEBUG] face-presence-api: [BatchLogger] No verifications, skip flush
2025-08-04 02:44:41 [DEBUG] face-presence-api: [BatchLogger] No registrations, skip flush
2025-08-04 02:44:42 [DEBUG] face-presence-api: [BatchLogger] No durations, skip flush
2025-08-04 02:44:52 [DEBUG] face-presence-api: [BatchLogger] No durations, skip flush
2025-08-04 02:45:02 [DEBUG] face-presence-api: [BatchLogger] No durations, skip flush
2025-08-04 02:45:10 [DEBUG] face-presence-api: [BatchLogger] No verifications, skip flush
2025-08-04 02:45:11 [DEBUG] face-presence-api: [BatchLogger] No registrations, skip flush
2025-08-04 02:45:12 [DEBUG] face-presence-api: [BatchLogger] No durations, skip flush
2025-08-04 02:45:22 [DEBUG] face-presence-api: [BatchLogger] No durations, skip flush
2025-08-04 02:45:32 [DEBUG] face-presence-api: [BatchLogger] No durations, skip flush
2025-08-04 02:45:40 [DEBUG] face-presence-api: [BatchLogger] No verifications, skip flush
2025-08-04 02:45:41 [DEBUG] face-presence-api: [BatchLogger] No registrations, skip flush
2025-08-04 02:45:42 [DEBUG] face-presence-api: [BatchLogger] No durations, skip flush
2025-08-04 02:45:52 [DEBUG] face-presence-api: [BatchLogger] No durations, skip flush
2025-08-04 02:46:02 [DEBUG] face-presence-api: [BatchLogger] No durations, skip flush
2025-08-04 02:46:10 [DEBUG] face-presence-api: [BatchLogger] No verifications, skip flush
2025-08-04 02:46:11 [DEBUG] face-presence-api: [BatchLogger] No registrations, skip flush
2025-08-04 02:46:12 [DEBUG] face-presence-api: [BatchLogger] No durations, skip flush
2025-08-04 02:46:22 [DEBUG] face-presence-api: [BatchLogger] No durations, skip flush
2025-08-04 02:46:32 [DEBUG] face-presence-api: [BatchLogger] No durations, skip flush
2025-08-04 02:46:40 [DEBUG] face-presence-api: [BatchLogger] No verifications, skip flush
2025-08-04 02:46:41 [DEBUG] face-presence-api: [BatchLogger] No registrations, skip flush
2025-08-04 02:46:42 [DEBUG] face-presence-api: [BatchLogger] No durations, skip flush
2025-08-04 02:46:52 [DEBUG] face-presence-api: [BatchLogger] No durations, skip flush
2025-08-04 02:47:02 [DEBUG] face-presence-api: [BatchLogger] No durations, skip flush
2025-08-04 02:47:10 [DEBUG] face-presence-api: [BatchLogger] No verifications, skip flush
2025-08-04 02:47:11 [DEBUG] face-presence-api: [BatchLogger] No registrations, skip flush
2025-08-04 02:47:12 [DEBUG] face-presence-api: [BatchLogger] No durations, skip flush
2025-08-04 02:47:22 [DEBUG] face-presence-api: [BatchLogger] No durations, skip flush
2025-08-04 02:47:32 [DEBUG] face-presence-api: [BatchLogger] No durations, skip flush
2025-08-04 02:47:40 [DEBUG] face-presence-api: [BatchLogger] No verifications, skip flush
2025-08-04 02:47:41 [DEBUG] face-presence-api: [BatchLogger] No registrations, skip flush
2025-08-04 02:47:42 [DEBUG] face-presence-api: [BatchLogger] No durations, skip flush
2025-08-04 02:47:52 [DEBUG] face-presence-api: [BatchLogger] No durations, skip flush
2025-08-04 02:48:02 [DEBUG] face-presence-api: [BatchLogger] No durations, skip flush
2025-08-04 02:48:10 [DEBUG] face-presence-api: [BatchLogger] No verifications, skip flush
2025-08-04 02:48:11 [DEBUG] face-presence-api: [BatchLogger] No registrations, skip flush
2025-08-04 02:48:12 [DEBUG] face-presence-api: [BatchLogger] No durations, skip flush
2025-08-04 02:48:22 [DEBUG] face-presence-api: [BatchLogger] No durations, skip flush
2025-08-04 02:48:32 [DEBUG] face-presence-api: [BatchLogger] No durations, skip flush
2025-08-04 02:48:40 [DEBUG] face-presence-api: [BatchLogger] No verifications, skip flush
2025-08-04 02:48:41 [DEBUG] face-presence-api: [BatchLogger] No registrations, skip flush
2025-08-04 02:48:42 [DEBUG] face-presence-api: [BatchLogger] No durations, skip flush
2025-08-04 02:48:52 [DEBUG] face-presence-api: [BatchLogger] No durations, skip flush
2025-08-04 02:49:02 [DEBUG] face-presence-api: [BatchLogger] No durations, skip flush
2025-08-04 02:49:10 [DEBUG] face-presence-api: [BatchLogger] No verifications, skip flush
2025-08-04 02:49:11 [DEBUG] face-presence-api: [BatchLogger] No registrations, skip flush
2025-08-04 02:49:12 [DEBUG] face-presence-api: [BatchLogger] No durations, skip flush
2025-08-04 02:49:22 [DEBUG] face-presence-api: [BatchLogger] No durations, skip flush
2025-08-04 02:49:32 [DEBUG] face-presence-api: [BatchLogger] No durations, skip flush
2025-08-04 02:49:40 [DEBUG] face-presence-api: [BatchLogger] No verifications, skip flush
2025-08-04 02:49:42 [DEBUG] face-presence-api: [BatchLogger] No registrations, skip flush
2025-08-04 02:49:42 [DEBUG] face-presence-api: [BatchLogger] No durations, skip flush
2025-08-04 02:49:52 [DEBUG] face-presence-api: [BatchLogger] No durations, skip flush
2025-08-04 02:50:02 [DEBUG] face-presence-api: [BatchLogger] No durations, skip flush
2025-08-04 02:50:11 [DEBUG] face-presence-api: [BatchLogger] No verifications, skip flush
2025-08-04 02:50:12 [DEBUG] face-presence-api: [BatchLogger] No registrations, skip flush
2025-08-04 02:50:12 [DEBUG] face-presence-api: [BatchLogger] No durations, skip flush
2025-08-04 02:50:22 [DEBUG] face-presence-api: [BatchLogger] No durations, skip flush
2025-08-04 02:50:32 [DEBUG] face-presence-api: [BatchLogger] No durations, skip flush
2025-08-04 02:50:41 [DEBUG] face-presence-api: [BatchLogger] No verifications, skip flush
2025-08-04 02:50:42 [DEBUG] face-presence-api: [BatchLogger] No registrations, skip flush
2025-08-04 02:50:42 [DEBUG] face-presence-api: [BatchLogger] No durations, skip flush
2025-08-04 02:50:52 [DEBUG] face-presence-api: [BatchLogger] No durations, skip flush
2025-08-04 02:51:02 [DEBUG] face-presence-api: [BatchLogger] No durations, skip flush
2025-08-04 02:51:11 [DEBUG] face-presence-api: [BatchLogger] No verifications, skip flush
2025-08-04 02:51:12 [DEBUG] face-presence-api: [BatchLogger] No registrations, skip flush
2025-08-04 02:51:13 [DEBUG] face-presence-api: [BatchLogger] No durations, skip flush
2025-08-04 02:51:23 [DEBUG] face-presence-api: [BatchLogger] No durations, skip flush
2025-08-04 02:51:33 [DEBUG] face-presence-api: [BatchLogger] No durations, skip flush
2025-08-04 02:51:41 [DEBUG] face-presence-api: [BatchLogger] No verifications, skip flush
2025-08-04 02:51:42 [DEBUG] face-presence-api: [BatchLogger] No registrations, skip flush
2025-08-04 02:51:43 [DEBUG] face-presence-api: [BatchLogger] No durations, skip flush
2025-08-04 02:51:53 [DEBUG] face-presence-api: [BatchLogger] No durations, skip flush
2025-08-04 02:52:03 [DEBUG] face-presence-api: [BatchLogger] No durations, skip flush
2025-08-04 02:52:11 [DEBUG] face-presence-api: [BatchLogger] No verifications, skip flush
2025-08-04 02:52:12 [DEBUG] face-presence-api: [BatchLogger] No registrations, skip flush
2025-08-04 02:52:13 [DEBUG] face-presence-api: [BatchLogger] No durations, skip flush
2025-08-04 02:52:23 [DEBUG] face-presence-api: [BatchLogger] No durations, skip flush
2025-08-04 02:52:33 [DEBUG] face-presence-api: [BatchLogger] No durations, skip flush
2025-08-04 02:52:41 [DEBUG] face-presence-api: [BatchLogger] No verifications, skip flush
2025-08-04 02:52:42 [DEBUG] face-presence-api: [BatchLogger] No registrations, skip flush
2025-08-04 02:52:43 [DEBUG] face-presence-api: [BatchLogger] No durations, skip flush
2025-08-04 02:52:53 [DEBUG] face-presence-api: [BatchLogger] No durations, skip flush
2025-08-04 02:53:03 [DEBUG] face-presence-api: [BatchLogger] No durations, skip flush
2025-08-04 02:53:11 [DEBUG] face-presence-api: [BatchLogger] No verifications, skip flush
2025-08-04 02:53:12 [DEBUG] face-presence-api: [BatchLogger] No registrations, skip flush
2025-08-04 02:53:13 [DEBUG] face-presence-api: [BatchLogger] No durations, skip flush
2025-08-04 02:53:23 [DEBUG] face-presence-api: [BatchLogger] No durations, skip flush
2025-08-04 02:53:33 [DEBUG] face-presence-api: [BatchLogger] No durations, skip flush
2025-08-04 02:53:41 [DEBUG] face-presence-api: [BatchLogger] No verifications, skip flush
2025-08-04 02:53:42 [DEBUG] face-presence-api: [BatchLogger] No registrations, skip flush
2025-08-04 02:53:43 [DEBUG] face-presence-api: [BatchLogger] No durations, skip flush
2025-08-04 02:53:53 [DEBUG] face-presence-api: [BatchLogger] No durations, skip flush
2025-08-04 02:54:03 [DEBUG] face-presence-api: [BatchLogger] No durations, skip flush
2025-08-04 02:54:11 [DEBUG] face-presence-api: [BatchLogger] No verifications, skip flush
2025-08-04 02:54:12 [DEBUG] face-presence-api: [BatchLogger] No registrations, skip flush
2025-08-04 02:54:13 [DEBUG] face-presence-api: [BatchLogger] No durations, skip flush
2025-08-04 02:54:23 [DEBUG] face-presence-api: [BatchLogger] No durations, skip flush
2025-08-04 02:54:33 [DEBUG] face-presence-api: [BatchLogger] No durations, skip flush
2025-08-04 02:54:41 [DEBUG] face-presence-api: [BatchLogger] No verifications, skip flush
2025-08-04 02:54:42 [DEBUG] face-presence-api: [BatchLogger] No registrations, skip flush
2025-08-04 02:54:43 [DEBUG] face-presence-api: [BatchLogger] No durations, skip flush
2025-08-04 02:54:53 [DEBUG] face-presence-api: [BatchLogger] No durations, skip flush
2025-08-04 02:55:03 [DEBUG] face-presence-api: [BatchLogger] No durations, skip flush
2025-08-04 02:55:11 [DEBUG] face-presence-api: [BatchLogger] No verifications, skip flush
2025-08-04 02:55:12 [DEBUG] face-presence-api: [BatchLogger] No registrations, skip flush
2025-08-04 02:55:13 [DEBUG] face-presence-api: [BatchLogger] No durations, skip flush
2025-08-04 02:55:23 [DEBUG] face-presence-api: [BatchLogger] No durations, skip flush
2025-08-04 02:55:33 [DEBUG] face-presence-api: [BatchLogger] No durations, skip flush
2025-08-04 02:55:41 [DEBUG] face-presence-api: [BatchLogger] No verifications, skip flush
2025-08-04 02:55:42 [DEBUG] face-presence-api: [BatchLogger] No registrations, skip flush
2025-08-04 02:55:43 [DEBUG] face-presence-api: [BatchLogger] No durations, skip flush
2025-08-04 02:55:53 [DEBUG] face-presence-api: [BatchLogger] No durations, skip flush
2025-08-04 02:56:03 [DEBUG] face-presence-api: [BatchLogger] No durations, skip flush
2025-08-04 02:56:11 [DEBUG] face-presence-api: [BatchLogger] No verifications, skip flush
2025-08-04 02:56:12 [DEBUG] face-presence-api: [BatchLogger] No registrations, skip flush
2025-08-04 02:56:13 [DEBUG] face-presence-api: [BatchLogger] No durations, skip flush
2025-08-04 02:56:23 [DEBUG] face-presence-api: [BatchLogger] No durations, skip flush
2025-08-04 02:56:33 [DEBUG] face-presence-api: [BatchLogger] No durations, skip flush
2025-08-04 02:56:41 [DEBUG] face-presence-api: [BatchLogger] No verifications, skip flush
2025-08-04 02:56:42 [DEBUG] face-presence-api: [BatchLogger] No registrations, skip flush
2025-08-04 02:56:43 [DEBUG] face-presence-api: [BatchLogger] No durations, skip flush
2025-08-04 02:56:53 [DEBUG] face-presence-api: [BatchLogger] No durations, skip flush
2025-08-04 02:57:03 [DEBUG] face-presence-api: [BatchLogger] No durations, skip flush
2025-08-04 02:57:11 [DEBUG] face-presence-api: [BatchLogger] No verifications, skip flush
2025-08-04 02:57:12 [DEBUG] face-presence-api: [BatchLogger] No registrations, skip flush
2025-08-04 02:57:13 [DEBUG] face-presence-api: [BatchLogger] No durations, skip flush
2025-08-04 02:57:23 [DEBUG] face-presence-api: [BatchLogger] No durations, skip flush
2025-08-04 02:57:33 [DEBUG] face-presence-api: [BatchLogger] No durations, skip flush
2025-08-04 02:57:41 [DEBUG] face-presence-api: [BatchLogger] No verifications, skip flush
2025-08-04 02:57:42 [DEBUG] face-presence-api: [BatchLogger] No registrations, skip flush
2025-08-04 02:57:43 [DEBUG] face-presence-api: [BatchLogger] No durations, skip flush
2025-08-04 02:57:53 [DEBUG] face-presence-api: [BatchLogger] No durations, skip flush
2025-08-04 02:58:03 [DEBUG] face-presence-api: [BatchLogger] No durations, skip flush
2025-08-04 02:58:11 [DEBUG] face-presence-api: [BatchLogger] No verifications, skip flush
2025-08-04 02:58:12 [DEBUG] face-presence-api: [BatchLogger] No registrations, skip flush
2025-08-04 02:58:13 [DEBUG] face-presence-api: [BatchLogger] No durations, skip flush
2025-08-04 02:58:23 [DEBUG] face-presence-api: [BatchLogger] No durations, skip flush
2025-08-04 02:58:33 [DEBUG] face-presence-api: [BatchLogger] No durations, skip flush
2025-08-04 02:58:41 [DEBUG] face-presence-api: [BatchLogger] No verifications, skip flush
2025-08-04 02:58:42 [DEBUG] face-presence-api: [BatchLogger] No registrations, skip flush
2025-08-04 02:58:43 [DEBUG] face-presence-api: [BatchLogger] No durations, skip flush
2025-08-04 02:58:53 [DEBUG] face-presence-api: [BatchLogger] No durations, skip flush
2025-08-04 02:59:03 [DEBUG] face-presence-api: [BatchLogger] No durations, skip flush
2025-08-04 02:59:11 [DEBUG] face-presence-api: [BatchLogger] No verifications, skip flush
2025-08-04 02:59:12 [DEBUG] face-presence-api: [BatchLogger] No registrations, skip flush
2025-08-04 02:59:13 [DEBUG] face-presence-api: [BatchLogger] No durations, skip flush
2025-08-04 02:59:23 [DEBUG] face-presence-api: [BatchLogger] No durations, skip flush
2025-08-04 02:59:33 [DEBUG] face-presence-api: [BatchLogger] No durations, skip flush
2025-08-04 02:59:41 [DEBUG] face-presence-api: [BatchLogger] No verifications, skip flush
2025-08-04 02:59:42 [DEBUG] face-presence-api: [BatchLogger] No registrations, skip flush
2025-08-04 02:59:43 [DEBUG] face-presence-api: [BatchLogger] No durations, skip flush
2025-08-04 02:59:53 [DEBUG] face-presence-api: [BatchLogger] No durations, skip flush
2025-08-04 03:00:03 [DEBUG] face-presence-api: [BatchLogger] No durations, skip flush
2025-08-04 03:00:11 [DEBUG] face-presence-api: [BatchLogger] No verifications, skip flush
2025-08-04 03:00:12 [DEBUG] face-presence-api: [BatchLogger] No registrations, skip flush
2025-08-04 03:00:13 [DEBUG] face-presence-api: [BatchLogger] No durations, skip flush
2025-08-04 03:00:23 [DEBUG] face-presence-api: [BatchLogger] No durations, skip flush
2025-08-04 03:00:33 [DEBUG] face-presence-api: [BatchLogger] No durations, skip flush
2025-08-04 03:00:41 [DEBUG] face-presence-api: [BatchLogger] No verifications, skip flush
2025-08-04 03:00:42 [DEBUG] face-presence-api: [BatchLogger] No registrations, skip flush
2025-08-04 03:00:43 [DEBUG] face-presence-api: [BatchLogger] No durations, skip flush
2025-08-04 03:00:53 [DEBUG] face-presence-api: [BatchLogger] No durations, skip flush
2025-08-04 03:01:03 [DEBUG] face-presence-api: [BatchLogger] No durations, skip flush
2025-08-04 03:01:11 [DEBUG] face-presence-api: [BatchLogger] No verifications, skip flush
2025-08-04 03:01:12 [DEBUG] face-presence-api: [BatchLogger] No registrations, skip flush
2025-08-04 03:01:13 [DEBUG] face-presence-api: [BatchLogger] No durations, skip flush
2025-08-04 03:01:23 [DEBUG] face-presence-api: [BatchLogger] No durations, skip flush
2025-08-04 03:01:33 [DEBUG] face-presence-api: [BatchLogger] No durations, skip flush
2025-08-04 03:01:41 [DEBUG] face-presence-api: [BatchLogger] No verifications, skip flush
2025-08-04 03:01:42 [DEBUG] face-presence-api: [BatchLogger] No registrations, skip flush
2025-08-04 03:01:43 [DEBUG] face-presence-api: [BatchLogger] No durations, skip flush
2025-08-04 03:01:53 [DEBUG] face-presence-api: [BatchLogger] No durations, skip flush
2025-08-04 03:02:03 [DEBUG] face-presence-api: [BatchLogger] No durations, skip flush
2025-08-04 03:02:11 [DEBUG] face-presence-api: [BatchLogger] No verifications, skip flush
2025-08-04 03:02:12 [DEBUG] face-presence-api: [BatchLogger] No registrations, skip flush
2025-08-04 03:02:13 [DEBUG] face-presence-api: [BatchLogger] No durations, skip flush
2025-08-04 03:02:23 [DEBUG] face-presence-api: [BatchLogger] No durations, skip flush
2025-08-04 03:02:33 [DEBUG] face-presence-api: [BatchLogger] No durations, skip flush
2025-08-04 03:02:41 [DEBUG] face-presence-api: [BatchLogger] No verifications, skip flush
2025-08-04 03:02:42 [DEBUG] face-presence-api: [BatchLogger] No registrations, skip flush
2025-08-04 03:02:43 [DEBUG] face-presence-api: [BatchLogger] No durations, skip flush
2025-08-04 03:02:53 [DEBUG] face-presence-api: [BatchLogger] No durations, skip flush
2025-08-04 03:03:03 [DEBUG] face-presence-api: [BatchLogger] No durations, skip flush
2025-08-04 03:03:11 [DEBUG] face-presence-api: [BatchLogger] No verifications, skip flush
2025-08-04 03:03:12 [DEBUG] face-presence-api: [BatchLogger] No registrations, skip flush
2025-08-04 03:03:13 [DEBUG] face-presence-api: [BatchLogger] No durations, skip flush
2025-08-04 03:03:24 [DEBUG] face-presence-api: [BatchLogger] No durations, skip flush
2025-08-04 03:03:34 [DEBUG] face-presence-api: [BatchLogger] No durations, skip flush
2025-08-04 03:03:41 [DEBUG] face-presence-api: [BatchLogger] No verifications, skip flush
2025-08-04 03:03:42 [DEBUG] face-presence-api: [BatchLogger] No registrations, skip flush
2025-08-04 03:03:44 [DEBUG] face-presence-api: [BatchLogger] No durations, skip flush
2025-08-04 03:03:54 [DEBUG] face-presence-api: [BatchLogger] No durations, skip flush
2025-08-04 03:04:04 [DEBUG] face-presence-api: [BatchLogger] No durations, skip flush
2025-08-04 03:04:11 [DEBUG] face-presence-api: [BatchLogger] No verifications, skip flush
2025-08-04 03:04:12 [DEBUG] face-presence-api: [BatchLogger] No registrations, skip flush
2025-08-04 03:04:14 [DEBUG] face-presence-api: [BatchLogger] No durations, skip flush
2025-08-04 03:04:24 [DEBUG] face-presence-api: [BatchLogger] No durations, skip flush
2025-08-04 03:04:34 [DEBUG] face-presence-api: [BatchLogger] No durations, skip flush
2025-08-04 03:04:41 [DEBUG] face-presence-api: [BatchLogger] No verifications, skip flush
2025-08-04 03:04:42 [DEBUG] face-presence-api: [BatchLogger] No registrations, skip flush
2025-08-04 03:04:44 [DEBUG] face-presence-api: [BatchLogger] No durations, skip flush
2025-08-04 03:04:54 [DEBUG] face-presence-api: [BatchLogger] No durations, skip flush
2025-08-04 03:05:04 [DEBUG] face-presence-api: [BatchLogger] No durations, skip flush
2025-08-04 03:05:11 [DEBUG] face-presence-api: [BatchLogger] No verifications, skip flush
2025-08-04 03:05:12 [DEBUG] face-presence-api: [BatchLogger] No registrations, skip flush
2025-08-04 03:05:14 [DEBUG] face-presence-api: [BatchLogger] No durations, skip flush
2025-08-04 03:05:24 [DEBUG] face-presence-api: [BatchLogger] No durations, skip flush
2025-08-04 03:05:34 [DEBUG] face-presence-api: [BatchLogger] No durations, skip flush
2025-08-04 03:05:41 [DEBUG] face-presence-api: [BatchLogger] No verifications, skip flush
2025-08-04 03:05:42 [DEBUG] face-presence-api: [BatchLogger] No registrations, skip flush
2025-08-04 03:05:44 [DEBUG] face-presence-api: [BatchLogger] No durations, skip flush
2025-08-04 03:05:54 [DEBUG] face-presence-api: [BatchLogger] No durations, skip flush
2025-08-04 03:06:04 [DEBUG] face-presence-api: [BatchLogger] No durations, skip flush
2025-08-04 03:06:11 [DEBUG] face-presence-api: [BatchLogger] No verifications, skip flush
2025-08-04 03:06:12 [DEBUG] face-presence-api: [BatchLogger] No registrations, skip flush
2025-08-04 03:06:14 [DEBUG] face-presence-api: [BatchLogger] No durations, skip flush
2025-08-04 03:06:24 [DEBUG] face-presence-api: [BatchLogger] No durations, skip flush
2025-08-04 03:06:34 [DEBUG] face-presence-api: [BatchLogger] No durations, skip flush
2025-08-04 03:06:41 [DEBUG] face-presence-api: [BatchLogger] No verifications, skip flush
2025-08-04 03:06:42 [DEBUG] face-presence-api: [BatchLogger] No registrations, skip flush
2025-08-04 03:06:44 [DEBUG] face-presence-api: [BatchLogger] No durations, skip flush
2025-08-04 03:06:54 [DEBUG] face-presence-api: [BatchLogger] No durations, skip flush
2025-08-04 03:07:04 [DEBUG] face-presence-api: [BatchLogger] No durations, skip flush
2025-08-04 03:07:11 [DEBUG] face-presence-api: [BatchLogger] No verifications, skip flush
2025-08-04 03:07:12 [DEBUG] face-presence-api: [BatchLogger] No registrations, skip flush
2025-08-04 03:07:14 [DEBUG] face-presence-api: [BatchLogger] No durations, skip flush
2025-08-04 03:07:24 [DEBUG] face-presence-api: [BatchLogger] No durations, skip flush
2025-08-04 03:07:34 [DEBUG] face-presence-api: [BatchLogger] No durations, skip flush
2025-08-04 03:07:41 [DEBUG] face-presence-api: [BatchLogger] No verifications, skip flush
2025-08-04 03:07:42 [DEBUG] face-presence-api: [BatchLogger] No registrations, skip flush
2025-08-04 03:07:44 [DEBUG] face-presence-api: [BatchLogger] No durations, skip flush
2025-08-04 03:07:54 [DEBUG] face-presence-api: [BatchLogger] No durations, skip flush
2025-08-04 03:08:04 [DEBUG] face-presence-api: [BatchLogger] No durations, skip flush
2025-08-04 03:08:11 [DEBUG] face-presence-api: [BatchLogger] No verifications, skip flush
2025-08-04 03:08:12 [DEBUG] face-presence-api: [BatchLogger] No registrations, skip flush
2025-08-04 03:08:14 [DEBUG] face-presence-api: [BatchLogger] No durations, skip flush
2025-08-04 03:08:24 [DEBUG] face-presence-api: [BatchLogger] No durations, skip flush
2025-08-04 03:08:34 [DEBUG] face-presence-api: [BatchLogger] No durations, skip flush
2025-08-04 03:08:41 [DEBUG] face-presence-api: [BatchLogger] No verifications, skip flush
2025-08-04 03:08:42 [DEBUG] face-presence-api: [BatchLogger] No registrations, skip flush
2025-08-04 03:08:44 [DEBUG] face-presence-api: [BatchLogger] No durations, skip flush
2025-08-04 03:08:54 [DEBUG] face-presence-api: [BatchLogger] No durations, skip flush
2025-08-04 03:09:04 [DEBUG] face-presence-api: [BatchLogger] No durations, skip flush
2025-08-04 03:09:11 [DEBUG] face-presence-api: [BatchLogger] No verifications, skip flush
2025-08-04 03:09:12 [DEBUG] face-presence-api: [BatchLogger] No registrations, skip flush
2025-08-04 03:09:14 [DEBUG] face-presence-api: [BatchLogger] No durations, skip flush
2025-08-04 03:09:24 [DEBUG] face-presence-api: [BatchLogger] No durations, skip flush
2025-08-04 03:09:34 [DEBUG] face-presence-api: [BatchLogger] No durations, skip flush
2025-08-04 03:09:41 [DEBUG] face-presence-api: [BatchLogger] No verifications, skip flush
2025-08-04 03:09:42 [DEBUG] face-presence-api: [BatchLogger] No registrations, skip flush
2025-08-04 03:09:44 [DEBUG] face-presence-api: [BatchLogger] No durations, skip flush
2025-08-04 03:09:54 [DEBUG] face-presence-api: [BatchLogger] No durations, skip flush
2025-08-04 03:10:04 [DEBUG] face-presence-api: [BatchLogger] No durations, skip flush
2025-08-04 03:10:11 [DEBUG] face-presence-api: [BatchLogger] No verifications, skip flush
2025-08-04 03:10:12 [DEBUG] face-presence-api: [BatchLogger] No registrations, skip flush
2025-08-04 03:10:14 [DEBUG] face-presence-api: [BatchLogger] No durations, skip flush
2025-08-04 03:10:24 [DEBUG] face-presence-api: [BatchLogger] No durations, skip flush
2025-08-04 03:10:34 [DEBUG] face-presence-api: [BatchLogger] No durations, skip flush
2025-08-04 03:10:41 [DEBUG] face-presence-api: [BatchLogger] No verifications, skip flush
2025-08-04 03:10:42 [DEBUG] face-presence-api: [BatchLogger] No registrations, skip flush
2025-08-04 03:10:44 [DEBUG] face-presence-api: [BatchLogger] No durations, skip flush
2025-08-04 03:10:54 [DEBUG] face-presence-api: [BatchLogger] No durations, skip flush
2025-08-04 03:11:04 [DEBUG] face-presence-api: [BatchLogger] No durations, skip flush
2025-08-04 03:11:11 [DEBUG] face-presence-api: [BatchLogger] No verifications, skip flush
2025-08-04 03:11:12 [DEBUG] face-presence-api: [BatchLogger] No registrations, skip flush
2025-08-04 03:11:14 [DEBUG] face-presence-api: [BatchLogger] No durations, skip flush
2025-08-04 03:11:24 [DEBUG] face-presence-api: [BatchLogger] No durations, skip flush
2025-08-04 03:11:34 [DEBUG] face-presence-api: [BatchLogger] No durations, skip flush
2025-08-04 03:11:41 [DEBUG] face-presence-api: [BatchLogger] No verifications, skip flush
2025-08-04 03:11:42 [DEBUG] face-presence-api: [BatchLogger] No registrations, skip flush
2025-08-04 03:11:44 [DEBUG] face-presence-api: [BatchLogger] No durations, skip flush
2025-08-04 03:11:54 [DEBUG] face-presence-api: [BatchLogger] No durations, skip flush
2025-08-04 03:12:04 [DEBUG] face-presence-api: [BatchLogger] No durations, skip flush
2025-08-04 03:12:11 [DEBUG] face-presence-api: [BatchLogger] No verifications, skip flush
2025-08-04 03:12:12 [DEBUG] face-presence-api: [BatchLogger] No registrations, skip flush
2025-08-04 03:12:14 [DEBUG] face-presence-api: [BatchLogger] No durations, skip flush
2025-08-04 03:12:24 [DEBUG] face-presence-api: [BatchLogger] No durations, skip flush
2025-08-04 03:12:34 [DEBUG] face-presence-api: [BatchLogger] No durations, skip flush
2025-08-04 03:12:41 [DEBUG] face-presence-api: [BatchLogger] No verifications, skip flush
2025-08-04 03:12:42 [DEBUG] face-presence-api: [BatchLogger] No registrations, skip flush
2025-08-04 03:12:44 [DEBUG] face-presence-api: [BatchLogger] No durations, skip flush
2025-08-04 03:12:54 [DEBUG] face-presence-api: [BatchLogger] No durations, skip flush
2025-08-04 03:13:04 [DEBUG] face-presence-api: [BatchLogger] No durations, skip flush
2025-08-04 03:13:11 [DEBUG] face-presence-api: [BatchLogger] No verifications, skip flush
2025-08-04 03:13:12 [DEBUG] face-presence-api: [BatchLogger] No registrations, skip flush
2025-08-04 03:13:14 [DEBUG] face-presence-api: [BatchLogger] No durations, skip flush
2025-08-04 03:13:24 [DEBUG] face-presence-api: [BatchLogger] No durations, skip flush
2025-08-04 03:13:34 [DEBUG] face-presence-api: [BatchLogger] No durations, skip flush
2025-08-04 03:13:41 [DEBUG] face-presence-api: [BatchLogger] No verifications, skip flush
2025-08-04 03:13:42 [DEBUG] face-presence-api: [BatchLogger] No registrations, skip flush
2025-08-04 03:13:44 [DEBUG] face-presence-api: [BatchLogger] No durations, skip flush
2025-08-04 03:13:54 [DEBUG] face-presence-api: [BatchLogger] No durations, skip flush
2025-08-04 03:14:04 [DEBUG] face-presence-api: [BatchLogger] No durations, skip flush
2025-08-04 03:14:11 [DEBUG] face-presence-api: [BatchLogger] No verifications, skip flush
2025-08-04 03:14:12 [DEBUG] face-presence-api: [BatchLogger] No registrations, skip flush
2025-08-04 03:14:14 [DEBUG] face-presence-api: [BatchLogger] No durations, skip flush
2025-08-04 03:14:25 [DEBUG] face-presence-api: [BatchLogger] No durations, skip flush
2025-08-04 03:14:35 [DEBUG] face-presence-api: [BatchLogger] No durations, skip flush
2025-08-04 03:14:41 [DEBUG] face-presence-api: [BatchLogger] No verifications, skip flush
2025-08-04 03:14:42 [DEBUG] face-presence-api: [BatchLogger] No registrations, skip flush
2025-08-04 03:14:45 [DEBUG] face-presence-api: [BatchLogger] No durations, skip flush
2025-08-04 03:14:55 [DEBUG] face-presence-api: [BatchLogger] No durations, skip flush
2025-08-04 03:15:05 [DEBUG] face-presence-api: [BatchLogger] No durations, skip flush
2025-08-04 03:15:11 [DEBUG] face-presence-api: [BatchLogger] No verifications, skip flush
2025-08-04 03:15:12 [DEBUG] face-presence-api: [BatchLogger] No registrations, skip flush
2025-08-04 03:15:15 [DEBUG] face-presence-api: [BatchLogger] No durations, skip flush
2025-08-04 03:15:25 [DEBUG] face-presence-api: [BatchLogger] No durations, skip flush
2025-08-04 03:15:35 [DEBUG] face-presence-api: [BatchLogger] No durations, skip flush
2025-08-04 03:15:41 [DEBUG] face-presence-api: [BatchLogger] No verifications, skip flush
2025-08-04 03:15:42 [DEBUG] face-presence-api: [BatchLogger] No registrations, skip flush
2025-08-04 03:15:45 [DEBUG] face-presence-api: [BatchLogger] No durations, skip flush
2025-08-04 03:15:55 [DEBUG] face-presence-api: [BatchLogger] No durations, skip flush
2025-08-04 03:16:05 [DEBUG] face-presence-api: [BatchLogger] No durations, skip flush
2025-08-04 03:16:11 [DEBUG] face-presence-api: [BatchLogger] No verifications, skip flush
2025-08-04 03:16:12 [DEBUG] face-presence-api: [BatchLogger] No registrations, skip flush
2025-08-04 03:16:15 [DEBUG] face-presence-api: [BatchLogger] No durations, skip flush
2025-08-04 03:16:25 [DEBUG] face-presence-api: [BatchLogger] No durations, skip flush
2025-08-04 03:16:35 [DEBUG] face-presence-api: [BatchLogger] No durations, skip flush
2025-08-04 03:16:41 [DEBUG] face-presence-api: [BatchLogger] No verifications, skip flush
2025-08-04 03:16:42 [DEBUG] face-presence-api: [BatchLogger] No registrations, skip flush
2025-08-04 03:16:45 [DEBUG] face-presence-api: [BatchLogger] No durations, skip flush
2025-08-04 03:16:55 [DEBUG] face-presence-api: [BatchLogger] No durations, skip flush
2025-08-04 03:17:05 [DEBUG] face-presence-api: [BatchLogger] No durations, skip flush
2025-08-04 03:17:11 [DEBUG] face-presence-api: [BatchLogger] No verifications, skip flush
2025-08-04 03:17:12 [DEBUG] face-presence-api: [BatchLogger] No registrations, skip flush
2025-08-04 03:17:15 [DEBUG] face-presence-api: [BatchLogger] No durations, skip flush
2025-08-04 03:17:25 [DEBUG] face-presence-api: [BatchLogger] No durations, skip flush
2025-08-04 03:17:35 [DEBUG] face-presence-api: [BatchLogger] No durations, skip flush
2025-08-04 03:17:41 [DEBUG] face-presence-api: [BatchLogger] No verifications, skip flush
2025-08-04 03:17:42 [DEBUG] face-presence-api: [BatchLogger] No registrations, skip flush
2025-08-04 03:17:45 [DEBUG] face-presence-api: [BatchLogger] No durations, skip flush
2025-08-04 03:17:55 [DEBUG] face-presence-api: [BatchLogger] No durations, skip flush
2025-08-04 03:18:05 [DEBUG] face-presence-api: [BatchLogger] No durations, skip flush
2025-08-04 03:18:11 [DEBUG] face-presence-api: [BatchLogger] No verifications, skip flush
2025-08-04 03:18:12 [DEBUG] face-presence-api: [BatchLogger] No registrations, skip flush
2025-08-04 03:18:15 [DEBUG] face-presence-api: [BatchLogger] No durations, skip flush
2025-08-04 03:18:25 [DEBUG] face-presence-api: [BatchLogger] No durations, skip flush
2025-08-04 03:18:35 [DEBUG] face-presence-api: [BatchLogger] No durations, skip flush
2025-08-04 03:18:41 [DEBUG] face-presence-api: [BatchLogger] No verifications, skip flush
2025-08-04 03:18:42 [DEBUG] face-presence-api: [BatchLogger] No registrations, skip flush
2025-08-04 03:18:45 [DEBUG] face-presence-api: [BatchLogger] No durations, skip flush
2025-08-04 03:18:55 [DEBUG] face-presence-api: [BatchLogger] No durations, skip flush
2025-08-04 03:19:05 [DEBUG] face-presence-api: [BatchLogger] No durations, skip flush
2025-08-04 03:19:11 [DEBUG] face-presence-api: [BatchLogger] No verifications, skip flush
2025-08-04 03:19:12 [DEBUG] face-presence-api: [BatchLogger] No registrations, skip flush
2025-08-04 03:19:15 [DEBUG] face-presence-api: [BatchLogger] No durations, skip flush
2025-08-04 03:19:25 [DEBUG] face-presence-api: [BatchLogger] No durations, skip flush
2025-08-04 03:19:35 [DEBUG] face-presence-api: [BatchLogger] No durations, skip flush
2025-08-04 03:19:41 [DEBUG] face-presence-api: [BatchLogger] No verifications, skip flush
2025-08-04 03:19:42 [DEBUG] face-presence-api: [BatchLogger] No registrations, skip flush
2025-08-04 03:19:45 [DEBUG] face-presence-api: [BatchLogger] No durations, skip flush
2025-08-04 03:19:55 [DEBUG] face-presence-api: [BatchLogger] No durations, skip flush
2025-08-04 03:20:05 [DEBUG] face-presence-api: [BatchLogger] No durations, skip flush
2025-08-04 03:20:11 [DEBUG] face-presence-api: [BatchLogger] No verifications, skip flush
2025-08-04 03:20:12 [DEBUG] face-presence-api: [BatchLogger] No registrations, skip flush
2025-08-04 03:20:15 [DEBUG] face-presence-api: [BatchLogger] No durations, skip flush
2025-08-04 03:20:25 [DEBUG] face-presence-api: [BatchLogger] No durations, skip flush
2025-08-04 03:20:35 [DEBUG] face-presence-api: [BatchLogger] No durations, skip flush
2025-08-04 03:20:41 [DEBUG] face-presence-api: [BatchLogger] No verifications, skip flush
2025-08-04 03:20:42 [DEBUG] face-presence-api: [BatchLogger] No registrations, skip flush
2025-08-04 03:20:45 [DEBUG] face-presence-api: [BatchLogger] No durations, skip flush
2025-08-04 03:20:55 [DEBUG] face-presence-api: [BatchLogger] No durations, skip flush
2025-08-04 03:21:05 [DEBUG] face-presence-api: [BatchLogger] No durations, skip flush
2025-08-04 03:21:11 [DEBUG] face-presence-api: [BatchLogger] No verifications, skip flush
2025-08-04 03:21:12 [DEBUG] face-presence-api: [BatchLogger] No registrations, skip flush
2025-08-04 03:21:15 [DEBUG] face-presence-api: [BatchLogger] No durations, skip flush
2025-08-04 03:21:25 [DEBUG] face-presence-api: [BatchLogger] No durations, skip flush
2025-08-04 03:21:35 [DEBUG] face-presence-api: [BatchLogger] No durations, skip flush
2025-08-04 03:21:42 [DEBUG] face-presence-api: [BatchLogger] No verifications, skip flush
2025-08-04 03:21:42 [DEBUG] face-presence-api: [BatchLogger] No registrations, skip flush
2025-08-04 03:21:45 [DEBUG] face-presence-api: [BatchLogger] No durations, skip flush
2025-08-04 03:21:55 [DEBUG] face-presence-api: [BatchLogger] No durations, skip flush
2025-08-04 03:22:05 [DEBUG] face-presence-api: [BatchLogger] No durations, skip flush
2025-08-04 03:22:12 [DEBUG] face-presence-api: [BatchLogger] No verifications, skip flush
2025-08-04 03:22:13 [DEBUG] face-presence-api: [BatchLogger] No registrations, skip flush
2025-08-04 03:22:15 [DEBUG] face-presence-api: [BatchLogger] No durations, skip flush
2025-08-04 03:22:25 [DEBUG] face-presence-api: [BatchLogger] No durations, skip flush
2025-08-04 03:22:35 [DEBUG] face-presence-api: [BatchLogger] No durations, skip flush
2025-08-04 03:22:42 [DEBUG] face-presence-api: [BatchLogger] No verifications, skip flush
2025-08-04 03:22:43 [DEBUG] face-presence-api: [BatchLogger] No registrations, skip flush
2025-08-04 03:22:45 [DEBUG] face-presence-api: [BatchLogger] No durations, skip flush
2025-08-04 03:22:55 [DEBUG] face-presence-api: [BatchLogger] No durations, skip flush
2025-08-04 03:23:05 [DEBUG] face-presence-api: [BatchLogger] No durations, skip flush
2025-08-04 03:23:12 [DEBUG] face-presence-api: [BatchLogger] No verifications, skip flush
2025-08-04 03:23:13 [DEBUG] face-presence-api: [BatchLogger] No registrations, skip flush
2025-08-04 03:23:15 [DEBUG] face-presence-api: [BatchLogger] No durations, skip flush
2025-08-04 03:23:25 [DEBUG] face-presence-api: [BatchLogger] No durations, skip flush
2025-08-04 03:23:35 [DEBUG] face-presence-api: [BatchLogger] No durations, skip flush
2025-08-04 03:23:42 [DEBUG] face-presence-api: [BatchLogger] No verifications, skip flush
2025-08-04 03:23:43 [DEBUG] face-presence-api: [BatchLogger] No registrations, skip flush
2025-08-04 03:23:45 [DEBUG] face-presence-api: [BatchLogger] No durations, skip flush
2025-08-04 03:23:55 [DEBUG] face-presence-api: [BatchLogger] No durations, skip flush
2025-08-04 03:24:05 [DEBUG] face-presence-api: [BatchLogger] No durations, skip flush
2025-08-04 03:24:12 [DEBUG] face-presence-api: [BatchLogger] No verifications, skip flush
2025-08-04 03:24:13 [DEBUG] face-presence-api: [BatchLogger] No registrations, skip flush
2025-08-04 03:24:15 [DEBUG] face-presence-api: [BatchLogger] No durations, skip flush
2025-08-04 03:24:25 [DEBUG] face-presence-api: [BatchLogger] No durations, skip flush
2025-08-04 03:24:35 [DEBUG] face-presence-api: [BatchLogger] No durations, skip flush
2025-08-04 03:24:42 [DEBUG] face-presence-api: [BatchLogger] No verifications, skip flush
2025-08-04 03:24:43 [DEBUG] face-presence-api: [BatchLogger] No registrations, skip flush
2025-08-04 03:24:45 [DEBUG] face-presence-api: [BatchLogger] No durations, skip flush
2025-08-04 03:24:55 [DEBUG] face-presence-api: [BatchLogger] No durations, skip flush
2025-08-04 03:25:05 [DEBUG] face-presence-api: [BatchLogger] No durations, skip flush
2025-08-04 03:25:12 [DEBUG] face-presence-api: [BatchLogger] No verifications, skip flush
2025-08-04 03:25:13 [DEBUG] face-presence-api: [BatchLogger] No registrations, skip flush
2025-08-04 03:25:16 [DEBUG] face-presence-api: [BatchLogger] No durations, skip flush
2025-08-04 03:25:26 [DEBUG] face-presence-api: [BatchLogger] No durations, skip flush
2025-08-04 03:25:36 [DEBUG] face-presence-api: [BatchLogger] No durations, skip flush
2025-08-04 03:25:42 [DEBUG] face-presence-api: [BatchLogger] No verifications, skip flush
2025-08-04 03:25:43 [DEBUG] face-presence-api: [BatchLogger] No registrations, skip flush
2025-08-04 03:25:46 [DEBUG] face-presence-api: [BatchLogger] No durations, skip flush
2025-08-04 03:25:56 [DEBUG] face-presence-api: [BatchLogger] No durations, skip flush
2025-08-04 03:26:06 [DEBUG] face-presence-api: [BatchLogger] No durations, skip flush
2025-08-04 03:26:12 [DEBUG] face-presence-api: [BatchLogger] No verifications, skip flush
2025-08-04 03:26:13 [DEBUG] face-presence-api: [BatchLogger] No registrations, skip flush
2025-08-04 03:26:16 [DEBUG] face-presence-api: [BatchLogger] No durations, skip flush
2025-08-04 03:26:26 [DEBUG] face-presence-api: [BatchLogger] No durations, skip flush
2025-08-04 03:26:36 [DEBUG] face-presence-api: [BatchLogger] No durations, skip flush
2025-08-04 03:26:42 [DEBUG] face-presence-api: [BatchLogger] No verifications, skip flush
2025-08-04 03:26:43 [DEBUG] face-presence-api: [BatchLogger] No registrations, skip flush
2025-08-04 03:26:46 [DEBUG] face-presence-api: [BatchLogger] No durations, skip flush
2025-08-04 03:26:56 [DEBUG] face-presence-api: [BatchLogger] No durations, skip flush
2025-08-04 03:27:06 [DEBUG] face-presence-api: [BatchLogger] No durations, skip flush
2025-08-04 03:27:12 [DEBUG] face-presence-api: [BatchLogger] No verifications, skip flush
2025-08-04 03:27:13 [DEBUG] face-presence-api: [BatchLogger] No registrations, skip flush
2025-08-04 03:27:16 [DEBUG] face-presence-api: [BatchLogger] No durations, skip flush
2025-08-04 03:27:26 [DEBUG] face-presence-api: [BatchLogger] No durations, skip flush
2025-08-04 03:27:36 [DEBUG] face-presence-api: [BatchLogger] No durations, skip flush
2025-08-04 03:27:42 [DEBUG] face-presence-api: [BatchLogger] No verifications, skip flush
2025-08-04 03:27:43 [DEBUG] face-presence-api: [BatchLogger] No registrations, skip flush
2025-08-04 03:27:46 [DEBUG] face-presence-api: [BatchLogger] No durations, skip flush
2025-08-04 03:27:56 [DEBUG] face-presence-api: [BatchLogger] No durations, skip flush
2025-08-04 03:28:06 [DEBUG] face-presence-api: [BatchLogger] No durations, skip flush
2025-08-04 03:28:12 [DEBUG] face-presence-api: [BatchLogger] No verifications, skip flush
2025-08-04 03:28:13 [DEBUG] face-presence-api: [BatchLogger] No registrations, skip flush
2025-08-04 03:28:16 [DEBUG] face-presence-api: [BatchLogger] No durations, skip flush
2025-08-04 03:28:26 [DEBUG] face-presence-api: [BatchLogger] No durations, skip flush
2025-08-04 03:28:36 [DEBUG] face-presence-api: [BatchLogger] No durations, skip flush
2025-08-04 03:28:42 [DEBUG] face-presence-api: [BatchLogger] No verifications, skip flush
2025-08-04 03:28:43 [DEBUG] face-presence-api: [BatchLogger] No registrations, skip flush
2025-08-04 03:28:46 [DEBUG] face-presence-api: [BatchLogger] No durations, skip flush
2025-08-04 03:28:56 [DEBUG] face-presence-api: [BatchLogger] No durations, skip flush
2025-08-04 03:29:06 [DEBUG] face-presence-api: [BatchLogger] No durations, skip flush
2025-08-04 03:29:12 [DEBUG] face-presence-api: [BatchLogger] No verifications, skip flush
2025-08-04 03:29:13 [DEBUG] face-presence-api: [BatchLogger] No registrations, skip flush
2025-08-04 03:29:16 [DEBUG] face-presence-api: [BatchLogger] No durations, skip flush
2025-08-04 03:29:26 [DEBUG] face-presence-api: [BatchLogger] No durations, skip flush
2025-08-04 03:29:36 [DEBUG] face-presence-api: [BatchLogger] No durations, skip flush
2025-08-04 03:29:42 [DEBUG] face-presence-api: [BatchLogger] No verifications, skip flush
2025-08-04 03:29:43 [DEBUG] face-presence-api: [BatchLogger] No registrations, skip flush
2025-08-04 03:29:46 [DEBUG] face-presence-api: [BatchLogger] No durations, skip flush
2025-08-04 03:29:56 [DEBUG] face-presence-api: [BatchLogger] No durations, skip flush
2025-08-04 03:30:06 [DEBUG] face-presence-api: [BatchLogger] No durations, skip flush
2025-08-04 03:30:12 [DEBUG] face-presence-api: [BatchLogger] No verifications, skip flush
2025-08-04 03:30:13 [DEBUG] face-presence-api: [BatchLogger] No registrations, skip flush
2025-08-04 03:30:16 [DEBUG] face-presence-api: [BatchLogger] No durations, skip flush
2025-08-04 03:30:26 [DEBUG] face-presence-api: [BatchLogger] No durations, skip flush
2025-08-04 03:30:36 [DEBUG] face-presence-api: [BatchLogger] No durations, skip flush
2025-08-04 03:30:42 [DEBUG] face-presence-api: [BatchLogger] No verifications, skip flush
2025-08-04 03:30:43 [DEBUG] face-presence-api: [BatchLogger] No registrations, skip flush
2025-08-04 03:30:46 [DEBUG] face-presence-api: [BatchLogger] No durations, skip flush
2025-08-04 03:30:56 [DEBUG] face-presence-api: [BatchLogger] No durations, skip flush
2025-08-04 03:31:06 [DEBUG] face-presence-api: [BatchLogger] No durations, skip flush
2025-08-04 03:31:12 [DEBUG] face-presence-api: [BatchLogger] No verifications, skip flush
2025-08-04 03:31:13 [DEBUG] face-presence-api: [BatchLogger] No registrations, skip flush
2025-08-04 03:31:16 [DEBUG] face-presence-api: [BatchLogger] No durations, skip flush
2025-08-04 03:31:26 [DEBUG] face-presence-api: [BatchLogger] No durations, skip flush
2025-08-04 03:31:36 [DEBUG] face-presence-api: [BatchLogger] No durations, skip flush
2025-08-04 03:31:42 [DEBUG] face-presence-api: [BatchLogger] No verifications, skip flush
2025-08-04 03:31:43 [DEBUG] face-presence-api: [BatchLogger] No registrations, skip flush
2025-08-04 03:31:46 [DEBUG] face-presence-api: [BatchLogger] No durations, skip flush
2025-08-04 03:31:56 [DEBUG] face-presence-api: [BatchLogger] No durations, skip flush
2025-08-04 03:32:06 [DEBUG] face-presence-api: [BatchLogger] No durations, skip flush
2025-08-04 03:32:12 [DEBUG] face-presence-api: [BatchLogger] No verifications, skip flush
2025-08-04 03:32:13 [DEBUG] face-presence-api: [BatchLogger] No registrations, skip flush
2025-08-04 03:32:16 [DEBUG] face-presence-api: [BatchLogger] No durations, skip flush
2025-08-04 03:32:26 [DEBUG] face-presence-api: [BatchLogger] No durations, skip flush
2025-08-04 03:32:36 [DEBUG] face-presence-api: [BatchLogger] No durations, skip flush
2025-08-04 03:32:42 [DEBUG] face-presence-api: [BatchLogger] No verifications, skip flush
2025-08-04 03:32:43 [DEBUG] face-presence-api: [BatchLogger] No registrations, skip flush
2025-08-04 03:32:46 [DEBUG] face-presence-api: [BatchLogger] No durations, skip flush
2025-08-04 03:32:56 [DEBUG] face-presence-api: [BatchLogger] No durations, skip flush
2025-08-04 03:33:06 [DEBUG] face-presence-api: [BatchLogger] No durations, skip flush
2025-08-04 03:33:12 [DEBUG] face-presence-api: [BatchLogger] No verifications, skip flush
2025-08-04 03:33:13 [DEBUG] face-presence-api: [BatchLogger] No registrations, skip flush
2025-08-04 03:33:16 [DEBUG] face-presence-api: [BatchLogger] No durations, skip flush
2025-08-04 03:33:26 [DEBUG] face-presence-api: [BatchLogger] No durations, skip flush
2025-08-04 03:33:36 [DEBUG] face-presence-api: [BatchLogger] No durations, skip flush
2025-08-04 03:33:42 [DEBUG] face-presence-api: [BatchLogger] No verifications, skip flush
2025-08-04 03:33:43 [DEBUG] face-presence-api: [BatchLogger] No registrations, skip flush
2025-08-04 03:33:46 [DEBUG] face-presence-api: [BatchLogger] No durations, skip flush
2025-08-04 03:33:56 [DEBUG] face-presence-api: [BatchLogger] No durations, skip flush
2025-08-04 03:34:06 [DEBUG] face-presence-api: [BatchLogger] No durations, skip flush
2025-08-04 03:34:12 [DEBUG] face-presence-api: [BatchLogger] No verifications, skip flush
2025-08-04 03:34:13 [DEBUG] face-presence-api: [BatchLogger] No registrations, skip flush
2025-08-04 03:34:16 [DEBUG] face-presence-api: [BatchLogger] No durations, skip flush
2025-08-04 03:34:26 [DEBUG] face-presence-api: [BatchLogger] No durations, skip flush
2025-08-04 03:34:36 [DEBUG] face-presence-api: [BatchLogger] No durations, skip flush
2025-08-04 03:34:42 [DEBUG] face-presence-api: [BatchLogger] No verifications, skip flush
2025-08-04 03:34:43 [DEBUG] face-presence-api: [BatchLogger] No registrations, skip flush
2025-08-04 03:34:46 [DEBUG] face-presence-api: [BatchLogger] No durations, skip flush
2025-08-04 03:34:56 [DEBUG] face-presence-api: [BatchLogger] No durations, skip flush
2025-08-04 03:35:06 [DEBUG] face-presence-api: [BatchLogger] No durations, skip flush
2025-08-04 03:35:12 [DEBUG] face-presence-api: [BatchLogger] No verifications, skip flush
2025-08-04 03:35:13 [DEBUG] face-presence-api: [BatchLogger] No registrations, skip flush
2025-08-04 03:35:16 [DEBUG] face-presence-api: [BatchLogger] No durations, skip flush
2025-08-04 03:35:26 [DEBUG] face-presence-api: [BatchLogger] No durations, skip flush
2025-08-04 03:35:36 [DEBUG] face-presence-api: [BatchLogger] No durations, skip flush
2025-08-04 03:35:42 [DEBUG] face-presence-api: [BatchLogger] No verifications, skip flush
2025-08-04 03:35:43 [DEBUG] face-presence-api: [BatchLogger] No registrations, skip flush
2025-08-04 03:35:46 [DEBUG] face-presence-api: [BatchLogger] No durations, skip flush
2025-08-04 03:35:56 [DEBUG] face-presence-api: [BatchLogger] No durations, skip flush
2025-08-04 03:36:06 [DEBUG] face-presence-api: [BatchLogger] No durations, skip flush
2025-08-04 03:36:12 [DEBUG] face-presence-api: [BatchLogger] No verifications, skip flush
2025-08-04 03:36:13 [DEBUG] face-presence-api: [BatchLogger] No registrations, skip flush
2025-08-04 03:36:16 [DEBUG] face-presence-api: [BatchLogger] No durations, skip flush
2025-08-04 03:36:26 [DEBUG] face-presence-api: [BatchLogger] No durations, skip flush
2025-08-04 03:36:36 [DEBUG] face-presence-api: [BatchLogger] No durations, skip flush
2025-08-04 03:36:42 [DEBUG] face-presence-api: [BatchLogger] No verifications, skip flush
2025-08-04 03:36:43 [DEBUG] face-presence-api: [BatchLogger] No registrations, skip flush
2025-08-04 03:36:46 [DEBUG] face-presence-api: [BatchLogger] No durations, skip flush
2025-08-04 03:36:51 [INFO] face-presence-api: [App] Shutting down application...
2025-08-04 03:36:51 [INFO] face-presence-api: Shutting down thread pool executor...
2025-08-04 03:36:51 [INFO] face-presence-api: Thread pool executor successfully shut down.
2025-08-04 03:36:51 [INFO] face-presence-api: [App] Executor resources cleaned up.
