2025-07-28 01:55:05 [INFO] face-presence-api: Settings loaded and directories ensured.
2025-07-28 01:55:06 [INFO] face-presence-api: Settings loaded and directories ensured.
2025-07-28 01:55:06 [DEBUG] asyncio: Using selector: SelectSelector
2025-07-28 01:55:06 [INFO] watchfiles.main: 1 change detected
2025-07-28 01:55:24 [DEBUG] tensorflow: Falling back to TensorFlow client; we recommended you install the Cloud TPU client directly with pip install cloud-tpu-client.
2025-07-28 01:55:28 [DEBUG] h5py._conv: Creating converter from 7 to 5
2025-07-28 01:55:28 [DEBUG] h5py._conv: Creating converter from 5 to 7
2025-07-28 01:55:28 [DEBUG] h5py._conv: Creating converter from 7 to 5
2025-07-28 01:55:28 [DEBUG] h5py._conv: Creating converter from 5 to 7
2025-07-28 01:55:53 [DEBUG] urllib3.util.retry: Converted retries value: 3 -> Retry(total=3, connect=None, read=None, redirect=None, status=None)
2025-07-28 01:55:53 [DEBUG] urllib3.connectionpool: Starting new HTTPS connection (1): oauth2.googleapis.com:443
2025-07-28 01:56:14 [DEBUG] urllib3.connectionpool: https://oauth2.googleapis.com:443 "POST /token HTTP/1.1" 200 None
2025-07-28 01:56:14 [DEBUG] urllib3.connectionpool: Starting new HTTPS connection (1): sheets.googleapis.com:443
2025-07-28 01:57:39 [DEBUG] urllib3.connectionpool: https://sheets.googleapis.com:443 "GET /v4/spreadsheets/1hjXERVEURCeKXeCw8TUbrkjF25_GVmORN0JgjZuu058?includeGridData=false HTTP/1.1" 200 None
2025-07-28 01:57:39 [INFO] face-presence-api: [FastAPI] Application initialized and ready.
2025-07-28 01:57:40 [INFO] face-presence-api: TFLite interpreter initialized on startup.
2025-07-28 01:57:40 [INFO] face-presence-api: [BatchLogger] Background loggers started
2025-07-28 01:57:40 [INFO] face-presence-api: [BatchLogger] Spreadsheet integration activated successfully.
2025-07-28 01:57:50 [DEBUG] face-presence-api: [BatchLogger] No durations, skip flush
2025-07-28 01:57:51 [DEBUG] python_multipart.multipart: Calling on_part_begin with no data
2025-07-28 01:57:51 [DEBUG] python_multipart.multipart: Calling on_header_field with data[42:61]
2025-07-28 01:57:51 [DEBUG] python_multipart.multipart: Calling on_header_value with data[63:88]
2025-07-28 01:57:51 [DEBUG] python_multipart.multipart: Calling on_header_end with no data
2025-07-28 01:57:51 [DEBUG] python_multipart.multipart: Calling on_headers_finished with no data
2025-07-28 01:57:51 [DEBUG] python_multipart.multipart: Calling on_part_data with data[92:94]
2025-07-28 01:57:51 [DEBUG] python_multipart.multipart: Calling on_part_end with no data
2025-07-28 01:57:51 [DEBUG] python_multipart.multipart: Calling on_end with no data
2025-07-28 01:57:51 [INFO] face-presence-api: Checking status for user: 44
2025-07-28 01:57:51 [INFO] face-presence-api: User 44 is already registered.
2025-07-28 01:58:00 [DEBUG] face-presence-api: [BatchLogger] No durations, skip flush
2025-07-28 01:58:03 [DEBUG] python_multipart.multipart: Calling on_part_begin with no data
2025-07-28 01:58:03 [DEBUG] python_multipart.multipart: Calling on_header_field with data[42:61]
2025-07-28 01:58:03 [DEBUG] python_multipart.multipart: Calling on_header_value with data[63:88]
2025-07-28 01:58:03 [DEBUG] python_multipart.multipart: Calling on_header_end with no data
2025-07-28 01:58:03 [DEBUG] python_multipart.multipart: Calling on_headers_finished with no data
2025-07-28 01:58:03 [DEBUG] python_multipart.multipart: Calling on_part_data with data[92:94]
2025-07-28 01:58:03 [DEBUG] python_multipart.multipart: Calling on_part_end with no data
2025-07-28 01:58:03 [DEBUG] python_multipart.multipart: Calling on_end with no data
2025-07-28 01:58:03 [INFO] face-presence-api: Checking status for user: 44
2025-07-28 01:58:03 [INFO] face-presence-api: User 44 is already registered.
2025-07-28 01:58:10 [DEBUG] face-presence-api: [BatchLogger] No verifications, skip flush
2025-07-28 01:58:10 [DEBUG] face-presence-api: [BatchLogger] No registrations, skip flush
2025-07-28 01:58:10 [DEBUG] face-presence-api: [BatchLogger] No durations, skip flush
2025-07-28 01:58:20 [DEBUG] face-presence-api: [BatchLogger] No durations, skip flush
2025-07-28 01:58:30 [DEBUG] face-presence-api: [BatchLogger] No durations, skip flush
2025-07-28 01:58:40 [DEBUG] face-presence-api: [BatchLogger] No registrations, skip flush
2025-07-28 01:58:40 [DEBUG] face-presence-api: [BatchLogger] No verifications, skip flush
2025-07-28 01:58:40 [DEBUG] face-presence-api: [BatchLogger] No durations, skip flush
2025-07-28 01:58:50 [DEBUG] face-presence-api: [BatchLogger] No durations, skip flush
2025-07-28 01:59:00 [DEBUG] face-presence-api: [BatchLogger] No durations, skip flush
2025-07-28 01:59:09 [DEBUG] python_multipart.multipart: Calling on_part_begin with no data
2025-07-28 01:59:09 [DEBUG] python_multipart.multipart: Calling on_header_field with data[42:61]
2025-07-28 01:59:09 [DEBUG] python_multipart.multipart: Calling on_header_value with data[63:88]
2025-07-28 01:59:09 [DEBUG] python_multipart.multipart: Calling on_header_end with no data
2025-07-28 01:59:09 [DEBUG] python_multipart.multipart: Calling on_headers_finished with no data
2025-07-28 01:59:09 [DEBUG] python_multipart.multipart: Calling on_part_data with data[92:94]
2025-07-28 01:59:09 [DEBUG] python_multipart.multipart: Calling on_part_end with no data
2025-07-28 01:59:09 [DEBUG] python_multipart.multipart: Calling on_end with no data
2025-07-28 01:59:09 [INFO] face-presence-api: Checking status for user: 44
2025-07-28 01:59:09 [INFO] face-presence-api: User 44 is already registered.
2025-07-28 01:59:10 [DEBUG] face-presence-api: [BatchLogger] No verifications, skip flush
2025-07-28 01:59:10 [DEBUG] face-presence-api: [BatchLogger] No registrations, skip flush
2025-07-28 01:59:10 [DEBUG] face-presence-api: [BatchLogger] No durations, skip flush
2025-07-28 01:59:20 [DEBUG] face-presence-api: [BatchLogger] No durations, skip flush
2025-07-28 01:59:30 [DEBUG] face-presence-api: [BatchLogger] No durations, skip flush
2025-07-28 01:59:40 [DEBUG] face-presence-api: [BatchLogger] No verifications, skip flush
2025-07-28 01:59:40 [DEBUG] face-presence-api: [BatchLogger] No registrations, skip flush
2025-07-28 01:59:40 [DEBUG] face-presence-api: [BatchLogger] No durations, skip flush
2025-07-28 01:59:50 [DEBUG] face-presence-api: [BatchLogger] No durations, skip flush
2025-07-28 02:00:00 [DEBUG] face-presence-api: [BatchLogger] No durations, skip flush
2025-07-28 02:00:10 [DEBUG] face-presence-api: [BatchLogger] No verifications, skip flush
2025-07-28 02:00:10 [DEBUG] face-presence-api: [BatchLogger] No registrations, skip flush
2025-07-28 02:00:10 [DEBUG] face-presence-api: [BatchLogger] No durations, skip flush
2025-07-28 02:00:20 [DEBUG] face-presence-api: [BatchLogger] No durations, skip flush
2025-07-28 02:00:30 [DEBUG] face-presence-api: [BatchLogger] No durations, skip flush
2025-07-28 02:00:40 [DEBUG] face-presence-api: [BatchLogger] No verifications, skip flush
2025-07-28 02:00:40 [DEBUG] face-presence-api: [BatchLogger] No registrations, skip flush
2025-07-28 02:00:40 [DEBUG] face-presence-api: [BatchLogger] No durations, skip flush
2025-07-28 02:00:50 [DEBUG] face-presence-api: [BatchLogger] No durations, skip flush
2025-07-28 02:01:00 [DEBUG] face-presence-api: [BatchLogger] No durations, skip flush
2025-07-28 02:01:10 [DEBUG] face-presence-api: [BatchLogger] No verifications, skip flush
2025-07-28 02:01:10 [DEBUG] face-presence-api: [BatchLogger] No registrations, skip flush
2025-07-28 02:01:10 [DEBUG] face-presence-api: [BatchLogger] No durations, skip flush
2025-07-28 02:01:20 [DEBUG] face-presence-api: [BatchLogger] No durations, skip flush
2025-07-28 02:01:30 [DEBUG] face-presence-api: [BatchLogger] No durations, skip flush
2025-07-28 02:01:40 [DEBUG] face-presence-api: [BatchLogger] No verifications, skip flush
2025-07-28 02:01:40 [DEBUG] face-presence-api: [BatchLogger] No registrations, skip flush
2025-07-28 02:01:40 [DEBUG] face-presence-api: [BatchLogger] No durations, skip flush
2025-07-28 02:01:50 [DEBUG] face-presence-api: [BatchLogger] No durations, skip flush
2025-07-28 02:01:57 [DEBUG] python_multipart.multipart: Calling on_part_begin with no data
2025-07-28 02:01:57 [DEBUG] python_multipart.multipart: Calling on_header_field with data[42:61]
2025-07-28 02:01:57 [DEBUG] python_multipart.multipart: Calling on_header_value with data[63:88]
2025-07-28 02:01:57 [DEBUG] python_multipart.multipart: Calling on_header_end with no data
2025-07-28 02:01:57 [DEBUG] python_multipart.multipart: Calling on_headers_finished with no data
2025-07-28 02:01:57 [DEBUG] python_multipart.multipart: Calling on_part_data with data[92:94]
2025-07-28 02:01:57 [DEBUG] python_multipart.multipart: Calling on_part_end with no data
2025-07-28 02:01:57 [DEBUG] python_multipart.multipart: Calling on_end with no data
2025-07-28 02:01:57 [INFO] face-presence-api: Checking status for user: 44
2025-07-28 02:01:57 [INFO] face-presence-api: User 44 is already registered.
2025-07-28 02:02:00 [DEBUG] face-presence-api: [BatchLogger] No durations, skip flush
2025-07-28 02:02:10 [DEBUG] face-presence-api: [BatchLogger] No verifications, skip flush
2025-07-28 02:02:10 [DEBUG] face-presence-api: [BatchLogger] No registrations, skip flush
2025-07-28 02:02:10 [DEBUG] face-presence-api: [BatchLogger] No durations, skip flush
2025-07-28 02:02:20 [DEBUG] face-presence-api: [BatchLogger] No durations, skip flush
2025-07-28 02:02:22 [DEBUG] python_multipart.multipart: Calling on_part_begin with no data
2025-07-28 02:02:22 [DEBUG] python_multipart.multipart: Calling on_header_field with data[42:61]
2025-07-28 02:02:22 [DEBUG] python_multipart.multipart: Calling on_header_value with data[63:88]
2025-07-28 02:02:22 [DEBUG] python_multipart.multipart: Calling on_header_end with no data
2025-07-28 02:02:22 [DEBUG] python_multipart.multipart: Calling on_headers_finished with no data
2025-07-28 02:02:22 [DEBUG] python_multipart.multipart: Calling on_part_data with data[92:94]
2025-07-28 02:02:22 [DEBUG] python_multipart.multipart: Calling on_part_end with no data
2025-07-28 02:02:22 [DEBUG] python_multipart.multipart: Calling on_end with no data
2025-07-28 02:02:22 [INFO] face-presence-api: Checking status for user: 44
2025-07-28 02:02:22 [INFO] face-presence-api: User 44 is already registered.
2025-07-28 02:02:30 [DEBUG] face-presence-api: [BatchLogger] No durations, skip flush
2025-07-28 02:02:40 [DEBUG] face-presence-api: [BatchLogger] No verifications, skip flush
2025-07-28 02:02:40 [DEBUG] face-presence-api: [BatchLogger] No registrations, skip flush
2025-07-28 02:02:40 [DEBUG] face-presence-api: [BatchLogger] No durations, skip flush
2025-07-28 02:02:50 [DEBUG] face-presence-api: [BatchLogger] No durations, skip flush
2025-07-28 02:02:56 [DEBUG] python_multipart.multipart: Calling on_part_begin with no data
2025-07-28 02:02:56 [DEBUG] python_multipart.multipart: Calling on_header_field with data[42:61]
2025-07-28 02:02:56 [DEBUG] python_multipart.multipart: Calling on_header_value with data[63:88]
2025-07-28 02:02:56 [DEBUG] python_multipart.multipart: Calling on_header_end with no data
2025-07-28 02:02:56 [DEBUG] python_multipart.multipart: Calling on_headers_finished with no data
2025-07-28 02:02:56 [DEBUG] python_multipart.multipart: Calling on_part_data with data[92:94]
2025-07-28 02:02:56 [DEBUG] python_multipart.multipart: Calling on_part_end with no data
2025-07-28 02:02:56 [DEBUG] python_multipart.multipart: Calling on_end with no data
2025-07-28 02:02:56 [INFO] face-presence-api: Checking status for user: 44
2025-07-28 02:02:56 [INFO] face-presence-api: User 44 is already registered.
2025-07-28 02:03:00 [DEBUG] face-presence-api: [BatchLogger] No durations, skip flush
2025-07-28 02:03:10 [DEBUG] face-presence-api: [BatchLogger] No verifications, skip flush
2025-07-28 02:03:10 [DEBUG] face-presence-api: [BatchLogger] No registrations, skip flush
2025-07-28 02:03:10 [DEBUG] face-presence-api: [BatchLogger] No durations, skip flush
2025-07-28 02:03:20 [DEBUG] face-presence-api: [BatchLogger] No durations, skip flush
2025-07-28 02:03:25 [DEBUG] python_multipart.multipart: Calling on_part_begin with no data
2025-07-28 02:03:25 [DEBUG] python_multipart.multipart: Calling on_header_field with data[42:61]
2025-07-28 02:03:25 [DEBUG] python_multipart.multipart: Calling on_header_value with data[63:88]
2025-07-28 02:03:25 [DEBUG] python_multipart.multipart: Calling on_header_end with no data
2025-07-28 02:03:25 [DEBUG] python_multipart.multipart: Calling on_headers_finished with no data
2025-07-28 02:03:25 [DEBUG] python_multipart.multipart: Calling on_part_data with data[92:94]
2025-07-28 02:03:25 [DEBUG] python_multipart.multipart: Calling on_part_end with no data
2025-07-28 02:03:25 [DEBUG] python_multipart.multipart: Calling on_end with no data
2025-07-28 02:03:25 [INFO] face-presence-api: Checking status for user: 44
2025-07-28 02:03:25 [INFO] face-presence-api: User 44 is already registered.
2025-07-28 02:03:30 [DEBUG] face-presence-api: [BatchLogger] No durations, skip flush
2025-07-28 02:03:40 [DEBUG] face-presence-api: [BatchLogger] No verifications, skip flush
2025-07-28 02:03:40 [DEBUG] face-presence-api: [BatchLogger] No registrations, skip flush
2025-07-28 02:03:40 [DEBUG] face-presence-api: [BatchLogger] No durations, skip flush
2025-07-28 02:03:50 [DEBUG] face-presence-api: [BatchLogger] No durations, skip flush
2025-07-28 02:04:00 [DEBUG] face-presence-api: [BatchLogger] No durations, skip flush
2025-07-28 02:04:10 [DEBUG] face-presence-api: [BatchLogger] No verifications, skip flush
2025-07-28 02:04:10 [DEBUG] face-presence-api: [BatchLogger] No registrations, skip flush
2025-07-28 02:04:10 [DEBUG] face-presence-api: [BatchLogger] No durations, skip flush
2025-07-28 02:04:20 [DEBUG] face-presence-api: [BatchLogger] No durations, skip flush
2025-07-28 02:04:30 [DEBUG] face-presence-api: [BatchLogger] No durations, skip flush
2025-07-28 02:04:40 [DEBUG] face-presence-api: [BatchLogger] No verifications, skip flush
2025-07-28 02:04:40 [DEBUG] face-presence-api: [BatchLogger] No registrations, skip flush
2025-07-28 02:04:40 [DEBUG] face-presence-api: [BatchLogger] No durations, skip flush
2025-07-28 02:04:50 [DEBUG] face-presence-api: [BatchLogger] No durations, skip flush
2025-07-28 02:04:52 [DEBUG] python_multipart.multipart: Calling on_part_begin with no data
2025-07-28 02:04:52 [DEBUG] python_multipart.multipart: Calling on_header_field with data[42:61]
2025-07-28 02:04:52 [DEBUG] python_multipart.multipart: Calling on_header_value with data[63:88]
2025-07-28 02:04:52 [DEBUG] python_multipart.multipart: Calling on_header_end with no data
2025-07-28 02:04:52 [DEBUG] python_multipart.multipart: Calling on_headers_finished with no data
2025-07-28 02:04:52 [DEBUG] python_multipart.multipart: Calling on_part_data with data[92:94]
2025-07-28 02:04:52 [DEBUG] python_multipart.multipart: Calling on_part_end with no data
2025-07-28 02:04:52 [DEBUG] python_multipart.multipart: Calling on_end with no data
2025-07-28 02:04:52 [INFO] face-presence-api: Checking status for user: 44
2025-07-28 02:04:52 [INFO] face-presence-api: User 44 is already registered.
2025-07-28 02:05:00 [DEBUG] face-presence-api: [BatchLogger] No durations, skip flush
2025-07-28 02:05:10 [DEBUG] face-presence-api: [BatchLogger] No verifications, skip flush
2025-07-28 02:05:10 [DEBUG] face-presence-api: [BatchLogger] No registrations, skip flush
2025-07-28 02:05:10 [DEBUG] face-presence-api: [BatchLogger] No durations, skip flush
2025-07-28 02:05:20 [DEBUG] face-presence-api: [BatchLogger] No durations, skip flush
2025-07-28 02:05:30 [DEBUG] face-presence-api: [BatchLogger] No durations, skip flush
2025-07-28 02:05:40 [DEBUG] face-presence-api: [BatchLogger] No verifications, skip flush
2025-07-28 02:05:40 [DEBUG] face-presence-api: [BatchLogger] No registrations, skip flush
2025-07-28 02:05:40 [DEBUG] face-presence-api: [BatchLogger] No durations, skip flush
2025-07-28 02:05:50 [DEBUG] face-presence-api: [BatchLogger] No durations, skip flush
2025-07-28 02:05:56 [DEBUG] python_multipart.multipart: Calling on_part_begin with no data
2025-07-28 02:05:57 [DEBUG] python_multipart.multipart: Calling on_header_field with data[42:61]
2025-07-28 02:05:57 [DEBUG] python_multipart.multipart: Calling on_header_value with data[63:88]
2025-07-28 02:05:57 [DEBUG] python_multipart.multipart: Calling on_header_end with no data
2025-07-28 02:05:57 [DEBUG] python_multipart.multipart: Calling on_headers_finished with no data
2025-07-28 02:05:57 [DEBUG] python_multipart.multipart: Calling on_part_data with data[92:94]
2025-07-28 02:05:57 [DEBUG] python_multipart.multipart: Calling on_part_end with no data
2025-07-28 02:05:57 [DEBUG] python_multipart.multipart: Calling on_end with no data
2025-07-28 02:05:57 [INFO] face-presence-api: Checking status for user: 44
2025-07-28 02:05:57 [INFO] face-presence-api: User 44 is already registered.
2025-07-28 02:06:00 [DEBUG] face-presence-api: [BatchLogger] No durations, skip flush
2025-07-28 02:06:10 [DEBUG] face-presence-api: [BatchLogger] No verifications, skip flush
2025-07-28 02:06:10 [DEBUG] face-presence-api: [BatchLogger] No registrations, skip flush
2025-07-28 02:06:10 [DEBUG] face-presence-api: [BatchLogger] No durations, skip flush
2025-07-28 02:06:17 [DEBUG] python_multipart.multipart: Calling on_part_begin with no data
2025-07-28 02:06:17 [DEBUG] python_multipart.multipart: Calling on_header_field with data[42:61]
2025-07-28 02:06:17 [DEBUG] python_multipart.multipart: Calling on_header_value with data[63:88]
2025-07-28 02:06:17 [DEBUG] python_multipart.multipart: Calling on_header_end with no data
2025-07-28 02:06:17 [DEBUG] python_multipart.multipart: Calling on_headers_finished with no data
2025-07-28 02:06:17 [DEBUG] python_multipart.multipart: Calling on_part_data with data[92:94]
2025-07-28 02:06:17 [DEBUG] python_multipart.multipart: Calling on_part_end with no data
2025-07-28 02:06:17 [DEBUG] python_multipart.multipart: Calling on_part_begin with no data
2025-07-28 02:06:17 [DEBUG] python_multipart.multipart: Calling on_header_field with data[138:157]
2025-07-28 02:06:17 [DEBUG] python_multipart.multipart: Calling on_header_value with data[159:214]
2025-07-28 02:06:17 [DEBUG] python_multipart.multipart: Calling on_header_end with no data
2025-07-28 02:06:17 [DEBUG] python_multipart.multipart: Calling on_header_field with data[216:228]
2025-07-28 02:06:17 [DEBUG] python_multipart.multipart: Calling on_header_value with data[230:240]
2025-07-28 02:06:17 [DEBUG] python_multipart.multipart: Calling on_header_end with no data
2025-07-28 02:06:17 [DEBUG] python_multipart.multipart: Calling on_headers_finished with no data
2025-07-28 02:06:17 [DEBUG] python_multipart.multipart: Calling on_part_data with data[244:2268]
2025-07-28 02:06:17 [DEBUG] python_multipart.multipart: Calling on_part_end with no data
2025-07-28 02:06:17 [DEBUG] python_multipart.multipart: Calling on_end with no data
2025-07-28 02:06:17 [INFO] face-presence-api: Verifying user: 44
2025-07-28 02:06:17 [INFO] face-presence-api: Starting verification for user: 44
2025-07-28 02:06:17 [DEBUG] PIL.Image: Importing AvifImagePlugin
2025-07-28 02:06:17 [DEBUG] PIL.Image: Importing BlpImagePlugin
2025-07-28 02:06:17 [DEBUG] PIL.Image: Importing BmpImagePlugin
2025-07-28 02:06:17 [DEBUG] PIL.Image: Importing BufrStubImagePlugin
2025-07-28 02:06:17 [DEBUG] PIL.Image: Importing CurImagePlugin
2025-07-28 02:06:17 [DEBUG] PIL.Image: Importing DcxImagePlugin
2025-07-28 02:06:17 [DEBUG] PIL.Image: Importing DdsImagePlugin
2025-07-28 02:06:17 [DEBUG] PIL.Image: Importing EpsImagePlugin
2025-07-28 02:06:17 [DEBUG] PIL.Image: Importing FitsImagePlugin
2025-07-28 02:06:17 [DEBUG] PIL.Image: Importing FliImagePlugin
2025-07-28 02:06:17 [DEBUG] PIL.Image: Importing FpxImagePlugin
2025-07-28 02:06:17 [DEBUG] PIL.Image: Image: failed to import FpxImagePlugin: No module named 'olefile'
2025-07-28 02:06:17 [DEBUG] PIL.Image: Importing FtexImagePlugin
2025-07-28 02:06:17 [DEBUG] PIL.Image: Importing GbrImagePlugin
2025-07-28 02:06:17 [DEBUG] PIL.Image: Importing GifImagePlugin
2025-07-28 02:06:17 [DEBUG] PIL.Image: Importing GribStubImagePlugin
2025-07-28 02:06:17 [DEBUG] PIL.Image: Importing Hdf5StubImagePlugin
2025-07-28 02:06:17 [DEBUG] PIL.Image: Importing IcnsImagePlugin
2025-07-28 02:06:17 [DEBUG] PIL.Image: Importing IcoImagePlugin
2025-07-28 02:06:17 [DEBUG] PIL.Image: Importing ImImagePlugin
2025-07-28 02:06:17 [DEBUG] PIL.Image: Importing ImtImagePlugin
2025-07-28 02:06:17 [DEBUG] PIL.Image: Importing IptcImagePlugin
2025-07-28 02:06:17 [DEBUG] PIL.Image: Importing JpegImagePlugin
2025-07-28 02:06:17 [DEBUG] PIL.Image: Importing Jpeg2KImagePlugin
2025-07-28 02:06:17 [DEBUG] PIL.Image: Importing McIdasImagePlugin
2025-07-28 02:06:17 [DEBUG] PIL.Image: Importing MicImagePlugin
2025-07-28 02:06:17 [DEBUG] PIL.Image: Image: failed to import MicImagePlugin: No module named 'olefile'
2025-07-28 02:06:17 [DEBUG] PIL.Image: Importing MpegImagePlugin
2025-07-28 02:06:17 [DEBUG] PIL.Image: Importing MpoImagePlugin
2025-07-28 02:06:17 [DEBUG] PIL.Image: Importing MspImagePlugin
2025-07-28 02:06:17 [DEBUG] PIL.Image: Importing PalmImagePlugin
2025-07-28 02:06:17 [DEBUG] PIL.Image: Importing PcdImagePlugin
2025-07-28 02:06:17 [DEBUG] PIL.Image: Importing PcxImagePlugin
2025-07-28 02:06:17 [DEBUG] PIL.Image: Importing PdfImagePlugin
2025-07-28 02:06:17 [DEBUG] PIL.Image: Importing PixarImagePlugin
2025-07-28 02:06:17 [DEBUG] PIL.Image: Importing PngImagePlugin
2025-07-28 02:06:17 [DEBUG] PIL.Image: Importing PpmImagePlugin
2025-07-28 02:06:17 [DEBUG] PIL.Image: Importing PsdImagePlugin
2025-07-28 02:06:17 [DEBUG] PIL.Image: Importing QoiImagePlugin
2025-07-28 02:06:17 [DEBUG] PIL.Image: Importing SgiImagePlugin
2025-07-28 02:06:17 [DEBUG] PIL.Image: Importing SpiderImagePlugin
2025-07-28 02:06:17 [DEBUG] PIL.Image: Importing SunImagePlugin
2025-07-28 02:06:17 [DEBUG] PIL.Image: Importing TgaImagePlugin
2025-07-28 02:06:17 [DEBUG] PIL.Image: Importing TiffImagePlugin
2025-07-28 02:06:17 [DEBUG] PIL.Image: Importing WebPImagePlugin
2025-07-28 02:06:17 [DEBUG] PIL.Image: Importing WmfImagePlugin
2025-07-28 02:06:17 [DEBUG] PIL.Image: Importing XbmImagePlugin
2025-07-28 02:06:17 [DEBUG] PIL.Image: Importing XpmImagePlugin
2025-07-28 02:06:17 [DEBUG] PIL.Image: Importing XVThumbImagePlugin
2025-07-28 02:06:18 [INFO] face-presence-api: Computed similarity for user 44: 0.5021
2025-07-28 02:06:18 [INFO] face-presence-api: Comparison completed for user 44 with result: {'error': False, 'similarity': 0.502114474773407}
2025-07-28 02:06:18 [INFO] face-presence-api: Verification success for user 44: Not Match (score=0.50211)
2025-07-28 02:06:18 [INFO] face-presence-api: Verification successful for user 44
2025-07-28 02:06:18 [DEBUG] python_multipart.multipart: Calling on_part_begin with no data
2025-07-28 02:06:18 [DEBUG] python_multipart.multipart: Calling on_header_field with data[42:61]
2025-07-28 02:06:18 [DEBUG] python_multipart.multipart: Calling on_header_value with data[63:88]
2025-07-28 02:06:18 [DEBUG] python_multipart.multipart: Calling on_header_end with no data
2025-07-28 02:06:18 [DEBUG] python_multipart.multipart: Calling on_headers_finished with no data
2025-07-28 02:06:18 [DEBUG] python_multipart.multipart: Calling on_part_data with data[92:94]
2025-07-28 02:06:18 [DEBUG] python_multipart.multipart: Calling on_part_end with no data
2025-07-28 02:06:18 [DEBUG] python_multipart.multipart: Calling on_part_begin with no data
2025-07-28 02:06:18 [DEBUG] python_multipart.multipart: Calling on_header_field with data[138:157]
2025-07-28 02:06:18 [DEBUG] python_multipart.multipart: Calling on_header_value with data[159:183]
2025-07-28 02:06:18 [DEBUG] python_multipart.multipart: Calling on_header_end with no data
2025-07-28 02:06:18 [DEBUG] python_multipart.multipart: Calling on_headers_finished with no data
2025-07-28 02:06:18 [DEBUG] python_multipart.multipart: Calling on_part_data with data[187:190]
2025-07-28 02:06:18 [DEBUG] python_multipart.multipart: Calling on_part_end with no data
2025-07-28 02:06:18 [DEBUG] python_multipart.multipart: Calling on_end with no data
2025-07-28 02:06:18 [INFO] face-presence-api: Logging duration for user: 44, duration: 758.0
2025-07-28 02:06:18 [INFO] face-presence-api: Duration 758.0s successfully enqueued for user 44.
2025-07-28 02:06:20 [INFO] face-presence-api: [BatchLogger] Flushing durations: 1
2025-07-28 02:06:20 [DEBUG] urllib3.connectionpool: Resetting dropped connection: sheets.googleapis.com
2025-07-28 02:06:24 [DEBUG] python_multipart.multipart: Calling on_part_begin with no data
2025-07-28 02:06:24 [DEBUG] python_multipart.multipart: Calling on_header_field with data[42:61]
2025-07-28 02:06:24 [DEBUG] python_multipart.multipart: Calling on_header_value with data[63:88]
2025-07-28 02:06:24 [DEBUG] python_multipart.multipart: Calling on_header_end with no data
2025-07-28 02:06:24 [DEBUG] python_multipart.multipart: Calling on_headers_finished with no data
2025-07-28 02:06:24 [DEBUG] python_multipart.multipart: Calling on_part_data with data[92:94]
2025-07-28 02:06:24 [DEBUG] python_multipart.multipart: Calling on_part_end with no data
2025-07-28 02:06:24 [DEBUG] python_multipart.multipart: Calling on_part_begin with no data
2025-07-28 02:06:24 [DEBUG] python_multipart.multipart: Calling on_header_field with data[138:157]
2025-07-28 02:06:24 [DEBUG] python_multipart.multipart: Calling on_header_value with data[159:214]
2025-07-28 02:06:24 [DEBUG] python_multipart.multipart: Calling on_header_end with no data
2025-07-28 02:06:24 [DEBUG] python_multipart.multipart: Calling on_header_field with data[216:228]
2025-07-28 02:06:24 [DEBUG] python_multipart.multipart: Calling on_header_value with data[230:240]
2025-07-28 02:06:24 [DEBUG] python_multipart.multipart: Calling on_header_end with no data
2025-07-28 02:06:24 [DEBUG] python_multipart.multipart: Calling on_headers_finished with no data
2025-07-28 02:06:24 [DEBUG] python_multipart.multipart: Calling on_part_data with data[244:2834]
2025-07-28 02:06:24 [DEBUG] python_multipart.multipart: Calling on_part_end with no data
2025-07-28 02:06:24 [DEBUG] python_multipart.multipart: Calling on_end with no data
2025-07-28 02:06:24 [INFO] face-presence-api: Verifying user: 44
2025-07-28 02:06:24 [INFO] face-presence-api: Starting verification for user: 44
2025-07-28 02:06:24 [INFO] face-presence-api: Computed similarity for user 44: 0.5887
2025-07-28 02:06:24 [INFO] face-presence-api: Comparison completed for user 44 with result: {'error': False, 'similarity': 0.588653564453125}
2025-07-28 02:08:02 [INFO] face-presence-api: Settings loaded and directories ensured.
2025-07-28 02:08:03 [INFO] face-presence-api: Settings loaded and directories ensured.
2025-07-28 02:08:03 [DEBUG] asyncio: Using selector: SelectSelector
2025-07-28 02:08:03 [INFO] watchfiles.main: 1 change detected
2025-07-28 02:08:08 [DEBUG] tensorflow: Falling back to TensorFlow client; we recommended you install the Cloud TPU client directly with pip install cloud-tpu-client.
2025-07-28 02:08:10 [DEBUG] h5py._conv: Creating converter from 7 to 5
2025-07-28 02:08:10 [DEBUG] h5py._conv: Creating converter from 5 to 7
2025-07-28 02:08:10 [DEBUG] h5py._conv: Creating converter from 7 to 5
2025-07-28 02:08:10 [DEBUG] h5py._conv: Creating converter from 5 to 7
2025-07-28 02:08:18 [DEBUG] urllib3.util.retry: Converted retries value: 3 -> Retry(total=3, connect=None, read=None, redirect=None, status=None)
2025-07-28 02:08:18 [DEBUG] urllib3.connectionpool: Starting new HTTPS connection (1): oauth2.googleapis.com:443
2025-07-28 02:08:40 [DEBUG] urllib3.connectionpool: https://oauth2.googleapis.com:443 "POST /token HTTP/1.1" 200 None
2025-07-28 02:08:40 [DEBUG] urllib3.connectionpool: Starting new HTTPS connection (1): sheets.googleapis.com:443
2025-07-28 02:10:04 [DEBUG] urllib3.connectionpool: https://sheets.googleapis.com:443 "GET /v4/spreadsheets/1hjXERVEURCeKXeCw8TUbrkjF25_GVmORN0JgjZuu058?includeGridData=false HTTP/1.1" 200 None
2025-07-28 02:10:04 [INFO] face-presence-api: [FastAPI] Application initialized and ready.
2025-07-28 02:10:05 [INFO] face-presence-api: TFLite interpreter initialized on startup.
2025-07-28 02:10:05 [INFO] face-presence-api: [BatchLogger] Background loggers started
2025-07-28 02:10:05 [INFO] face-presence-api: [BatchLogger] Spreadsheet integration activated successfully.
2025-07-28 02:10:15 [DEBUG] face-presence-api: [BatchLogger] No durations, skip flush
2025-07-28 02:10:25 [DEBUG] face-presence-api: [BatchLogger] No durations, skip flush
2025-07-28 02:10:35 [DEBUG] face-presence-api: [BatchLogger] No verifications, skip flush
2025-07-28 02:10:35 [DEBUG] face-presence-api: [BatchLogger] No registrations, skip flush
2025-07-28 02:10:35 [DEBUG] face-presence-api: [BatchLogger] No durations, skip flush
2025-07-28 02:10:45 [DEBUG] face-presence-api: [BatchLogger] No durations, skip flush
2025-07-28 02:10:55 [DEBUG] face-presence-api: [BatchLogger] No durations, skip flush
2025-07-28 02:11:05 [DEBUG] face-presence-api: [BatchLogger] No registrations, skip flush
2025-07-28 02:11:05 [DEBUG] face-presence-api: [BatchLogger] No verifications, skip flush
2025-07-28 02:11:05 [DEBUG] face-presence-api: [BatchLogger] No durations, skip flush
2025-07-28 02:11:15 [DEBUG] face-presence-api: [BatchLogger] No durations, skip flush
2025-07-28 02:11:25 [DEBUG] face-presence-api: [BatchLogger] No durations, skip flush
2025-07-28 02:11:35 [DEBUG] face-presence-api: [BatchLogger] No verifications, skip flush
2025-07-28 02:11:35 [DEBUG] face-presence-api: [BatchLogger] No registrations, skip flush
2025-07-28 02:11:35 [DEBUG] face-presence-api: [BatchLogger] No durations, skip flush
2025-07-28 02:11:45 [DEBUG] face-presence-api: [BatchLogger] No durations, skip flush
2025-07-28 02:11:55 [DEBUG] face-presence-api: [BatchLogger] No durations, skip flush
2025-07-28 02:12:05 [DEBUG] face-presence-api: [BatchLogger] No registrations, skip flush
2025-07-28 02:12:05 [DEBUG] face-presence-api: [BatchLogger] No verifications, skip flush
2025-07-28 02:12:05 [DEBUG] face-presence-api: [BatchLogger] No durations, skip flush
2025-07-28 02:12:05 [DEBUG] python_multipart.multipart: Calling on_part_begin with no data
2025-07-28 02:12:06 [DEBUG] python_multipart.multipart: Calling on_header_field with data[42:61]
2025-07-28 02:12:06 [DEBUG] python_multipart.multipart: Calling on_header_value with data[63:88]
2025-07-28 02:12:06 [DEBUG] python_multipart.multipart: Calling on_header_end with no data
2025-07-28 02:12:06 [DEBUG] python_multipart.multipart: Calling on_headers_finished with no data
2025-07-28 02:12:06 [DEBUG] python_multipart.multipart: Calling on_part_data with data[92:94]
2025-07-28 02:12:06 [DEBUG] python_multipart.multipart: Calling on_part_end with no data
2025-07-28 02:12:06 [DEBUG] python_multipart.multipart: Calling on_end with no data
2025-07-28 02:12:06 [INFO] face-presence-api: Checking status for user: 44
2025-07-28 02:12:06 [INFO] face-presence-api: User 44 is already registered.
2025-07-28 02:12:15 [DEBUG] face-presence-api: [BatchLogger] No durations, skip flush
2025-07-28 02:12:18 [DEBUG] python_multipart.multipart: Calling on_part_begin with no data
2025-07-28 02:12:18 [DEBUG] python_multipart.multipart: Calling on_header_field with data[42:61]
2025-07-28 02:12:18 [DEBUG] python_multipart.multipart: Calling on_header_value with data[63:88]
2025-07-28 02:12:18 [DEBUG] python_multipart.multipart: Calling on_header_end with no data
2025-07-28 02:12:18 [DEBUG] python_multipart.multipart: Calling on_headers_finished with no data
2025-07-28 02:12:18 [DEBUG] python_multipart.multipart: Calling on_part_data with data[92:94]
2025-07-28 02:12:18 [DEBUG] python_multipart.multipart: Calling on_part_end with no data
2025-07-28 02:12:18 [DEBUG] python_multipart.multipart: Calling on_end with no data
2025-07-28 02:12:18 [INFO] face-presence-api: Checking status for user: 44
2025-07-28 02:12:18 [INFO] face-presence-api: User 44 is already registered.
2025-07-28 02:12:25 [DEBUG] face-presence-api: [BatchLogger] No durations, skip flush
2025-07-28 02:12:35 [DEBUG] face-presence-api: [BatchLogger] No registrations, skip flush
2025-07-28 02:12:35 [DEBUG] face-presence-api: [BatchLogger] No verifications, skip flush
2025-07-28 02:12:35 [DEBUG] face-presence-api: [BatchLogger] No durations, skip flush
2025-07-28 02:12:45 [DEBUG] face-presence-api: [BatchLogger] No durations, skip flush
2025-07-28 02:12:55 [DEBUG] face-presence-api: [BatchLogger] No durations, skip flush
2025-07-28 02:13:00 [DEBUG] python_multipart.multipart: Calling on_part_begin with no data
2025-07-28 02:13:00 [DEBUG] python_multipart.multipart: Calling on_header_field with data[42:61]
2025-07-28 02:13:00 [DEBUG] python_multipart.multipart: Calling on_header_value with data[63:88]
2025-07-28 02:13:00 [DEBUG] python_multipart.multipart: Calling on_header_end with no data
2025-07-28 02:13:00 [DEBUG] python_multipart.multipart: Calling on_headers_finished with no data
2025-07-28 02:13:00 [DEBUG] python_multipart.multipart: Calling on_part_data with data[92:94]
2025-07-28 02:13:00 [DEBUG] python_multipart.multipart: Calling on_part_end with no data
2025-07-28 02:13:00 [DEBUG] python_multipart.multipart: Calling on_part_begin with no data
2025-07-28 02:13:00 [DEBUG] python_multipart.multipart: Calling on_header_field with data[138:157]
2025-07-28 02:13:00 [DEBUG] python_multipart.multipart: Calling on_header_value with data[159:214]
2025-07-28 02:13:00 [DEBUG] python_multipart.multipart: Calling on_header_end with no data
2025-07-28 02:13:00 [DEBUG] python_multipart.multipart: Calling on_header_field with data[216:228]
2025-07-28 02:13:00 [DEBUG] python_multipart.multipart: Calling on_header_value with data[230:240]
2025-07-28 02:13:00 [DEBUG] python_multipart.multipart: Calling on_header_end with no data
2025-07-28 02:13:00 [DEBUG] python_multipart.multipart: Calling on_headers_finished with no data
2025-07-28 02:13:00 [DEBUG] python_multipart.multipart: Calling on_part_data with data[244:2768]
2025-07-28 02:13:00 [DEBUG] python_multipart.multipart: Calling on_part_end with no data
2025-07-28 02:13:00 [DEBUG] python_multipart.multipart: Calling on_end with no data
2025-07-28 02:13:00 [INFO] face-presence-api: Verifying user: 44
2025-07-28 02:13:00 [INFO] face-presence-api: Starting verification for user: 44
2025-07-28 02:13:00 [DEBUG] PIL.Image: Importing AvifImagePlugin
2025-07-28 02:13:00 [DEBUG] PIL.Image: Importing BlpImagePlugin
2025-07-28 02:13:00 [DEBUG] PIL.Image: Importing BmpImagePlugin
2025-07-28 02:13:00 [DEBUG] PIL.Image: Importing BufrStubImagePlugin
2025-07-28 02:13:00 [DEBUG] PIL.Image: Importing CurImagePlugin
2025-07-28 02:13:00 [DEBUG] PIL.Image: Importing DcxImagePlugin
2025-07-28 02:13:00 [DEBUG] PIL.Image: Importing DdsImagePlugin
2025-07-28 02:13:00 [DEBUG] PIL.Image: Importing EpsImagePlugin
2025-07-28 02:13:00 [DEBUG] PIL.Image: Importing FitsImagePlugin
2025-07-28 02:13:00 [DEBUG] PIL.Image: Importing FliImagePlugin
2025-07-28 02:13:00 [DEBUG] PIL.Image: Importing FpxImagePlugin
2025-07-28 02:13:00 [DEBUG] PIL.Image: Image: failed to import FpxImagePlugin: No module named 'olefile'
2025-07-28 02:13:00 [DEBUG] PIL.Image: Importing FtexImagePlugin
2025-07-28 02:13:00 [DEBUG] PIL.Image: Importing GbrImagePlugin
2025-07-28 02:13:00 [DEBUG] PIL.Image: Importing GifImagePlugin
2025-07-28 02:13:00 [DEBUG] PIL.Image: Importing GribStubImagePlugin
2025-07-28 02:13:00 [DEBUG] PIL.Image: Importing Hdf5StubImagePlugin
2025-07-28 02:13:00 [DEBUG] PIL.Image: Importing IcnsImagePlugin
2025-07-28 02:13:00 [DEBUG] PIL.Image: Importing IcoImagePlugin
2025-07-28 02:13:00 [DEBUG] PIL.Image: Importing ImImagePlugin
2025-07-28 02:13:00 [DEBUG] PIL.Image: Importing ImtImagePlugin
2025-07-28 02:13:00 [DEBUG] PIL.Image: Importing IptcImagePlugin
2025-07-28 02:13:00 [DEBUG] PIL.Image: Importing JpegImagePlugin
2025-07-28 02:13:00 [DEBUG] PIL.Image: Importing Jpeg2KImagePlugin
2025-07-28 02:13:00 [DEBUG] PIL.Image: Importing McIdasImagePlugin
2025-07-28 02:13:00 [DEBUG] PIL.Image: Importing MicImagePlugin
2025-07-28 02:13:00 [DEBUG] PIL.Image: Image: failed to import MicImagePlugin: No module named 'olefile'
2025-07-28 02:13:00 [DEBUG] PIL.Image: Importing MpegImagePlugin
2025-07-28 02:13:00 [DEBUG] PIL.Image: Importing MpoImagePlugin
2025-07-28 02:13:00 [DEBUG] PIL.Image: Importing MspImagePlugin
2025-07-28 02:13:00 [DEBUG] PIL.Image: Importing PalmImagePlugin
2025-07-28 02:13:00 [DEBUG] PIL.Image: Importing PcdImagePlugin
2025-07-28 02:13:00 [DEBUG] PIL.Image: Importing PcxImagePlugin
2025-07-28 02:13:00 [DEBUG] PIL.Image: Importing PdfImagePlugin
2025-07-28 02:13:00 [DEBUG] PIL.Image: Importing PixarImagePlugin
2025-07-28 02:13:00 [DEBUG] PIL.Image: Importing PngImagePlugin
2025-07-28 02:13:00 [DEBUG] PIL.Image: Importing PpmImagePlugin
2025-07-28 02:13:00 [DEBUG] PIL.Image: Importing PsdImagePlugin
2025-07-28 02:13:00 [DEBUG] PIL.Image: Importing QoiImagePlugin
2025-07-28 02:13:00 [DEBUG] PIL.Image: Importing SgiImagePlugin
2025-07-28 02:13:00 [DEBUG] PIL.Image: Importing SpiderImagePlugin
2025-07-28 02:13:00 [DEBUG] PIL.Image: Importing SunImagePlugin
2025-07-28 02:13:00 [DEBUG] PIL.Image: Importing TgaImagePlugin
2025-07-28 02:13:00 [DEBUG] PIL.Image: Importing TiffImagePlugin
2025-07-28 02:13:00 [DEBUG] PIL.Image: Importing WebPImagePlugin
2025-07-28 02:13:00 [DEBUG] PIL.Image: Importing WmfImagePlugin
2025-07-28 02:13:00 [DEBUG] PIL.Image: Importing XbmImagePlugin
2025-07-28 02:13:00 [DEBUG] PIL.Image: Importing XpmImagePlugin
2025-07-28 02:13:00 [DEBUG] PIL.Image: Importing XVThumbImagePlugin
2025-07-28 02:13:01 [INFO] face-presence-api: Computed similarity for user 44: 0.4977
2025-07-28 02:13:01 [INFO] face-presence-api: Comparison completed for user 44 with result: {'error': False, 'similarity': 0.49773699045181274}
2025-07-28 02:13:01 [INFO] face-presence-api: Verification success for user 44: Not Match (score=0.49774)
2025-07-28 02:13:01 [INFO] face-presence-api: Verification successful for user 44
2025-07-28 02:13:01 [DEBUG] python_multipart.multipart: Calling on_part_begin with no data
2025-07-28 02:13:01 [DEBUG] python_multipart.multipart: Calling on_header_field with data[42:61]
2025-07-28 02:13:01 [DEBUG] python_multipart.multipart: Calling on_header_value with data[63:88]
2025-07-28 02:13:01 [DEBUG] python_multipart.multipart: Calling on_header_end with no data
2025-07-28 02:13:01 [DEBUG] python_multipart.multipart: Calling on_headers_finished with no data
2025-07-28 02:13:01 [DEBUG] python_multipart.multipart: Calling on_part_data with data[92:94]
2025-07-28 02:13:01 [DEBUG] python_multipart.multipart: Calling on_part_end with no data
2025-07-28 02:13:01 [DEBUG] python_multipart.multipart: Calling on_part_begin with no data
2025-07-28 02:13:01 [DEBUG] python_multipart.multipart: Calling on_header_field with data[138:157]
2025-07-28 02:13:01 [DEBUG] python_multipart.multipart: Calling on_header_value with data[159:183]
2025-07-28 02:13:01 [DEBUG] python_multipart.multipart: Calling on_header_end with no data
2025-07-28 02:13:01 [DEBUG] python_multipart.multipart: Calling on_headers_finished with no data
2025-07-28 02:13:01 [DEBUG] python_multipart.multipart: Calling on_part_data with data[187:191]
2025-07-28 02:13:01 [DEBUG] python_multipart.multipart: Calling on_part_end with no data
2025-07-28 02:13:01 [DEBUG] python_multipart.multipart: Calling on_end with no data
2025-07-28 02:13:01 [INFO] face-presence-api: Logging duration for user: 44, duration: 1020.0
2025-07-28 02:13:01 [INFO] face-presence-api: Duration 1020.0s successfully enqueued for user 44.
2025-07-28 02:13:05 [DEBUG] face-presence-api: [BatchLogger] No registrations, skip flush
2025-07-28 02:13:05 [INFO] face-presence-api: [BatchLogger] Flushing 1 verifications...
2025-07-28 02:13:05 [DEBUG] urllib3.connectionpool: https://sheets.googleapis.com:443 "GET /v4/spreadsheets/1hjXERVEURCeKXeCw8TUbrkjF25_GVmORN0JgjZuu058?includeGridData=false HTTP/1.1" 200 None
2025-07-28 02:13:05 [DEBUG] python_multipart.multipart: Calling on_part_begin with no data
2025-07-28 02:13:05 [DEBUG] python_multipart.multipart: Calling on_header_field with data[42:61]
2025-07-28 02:13:05 [DEBUG] python_multipart.multipart: Calling on_header_value with data[63:88]
2025-07-28 02:13:05 [DEBUG] python_multipart.multipart: Calling on_header_end with no data
2025-07-28 02:13:05 [DEBUG] python_multipart.multipart: Calling on_headers_finished with no data
2025-07-28 02:13:05 [DEBUG] python_multipart.multipart: Calling on_part_data with data[92:94]
2025-07-28 02:13:05 [DEBUG] python_multipart.multipart: Calling on_part_end with no data
2025-07-28 02:13:05 [DEBUG] python_multipart.multipart: Calling on_part_begin with no data
2025-07-28 02:13:05 [DEBUG] python_multipart.multipart: Calling on_header_field with data[138:157]
2025-07-28 02:13:05 [DEBUG] python_multipart.multipart: Calling on_header_value with data[159:214]
2025-07-28 02:13:05 [DEBUG] python_multipart.multipart: Calling on_header_end with no data
2025-07-28 02:13:05 [DEBUG] python_multipart.multipart: Calling on_header_field with data[216:228]
2025-07-28 02:13:05 [DEBUG] python_multipart.multipart: Calling on_header_value with data[230:240]
2025-07-28 02:13:05 [DEBUG] python_multipart.multipart: Calling on_header_end with no data
2025-07-28 02:13:05 [DEBUG] python_multipart.multipart: Calling on_headers_finished with no data
2025-07-28 02:13:05 [DEBUG] python_multipart.multipart: Calling on_part_data with data[244:2512]
2025-07-28 02:13:05 [DEBUG] python_multipart.multipart: Calling on_part_end with no data
2025-07-28 02:13:05 [DEBUG] python_multipart.multipart: Calling on_end with no data
2025-07-28 02:13:05 [INFO] face-presence-api: Verifying user: 44
2025-07-28 02:13:05 [INFO] face-presence-api: Starting verification for user: 44
2025-07-28 02:13:05 [DEBUG] urllib3.connectionpool: https://sheets.googleapis.com:443 "GET /v4/spreadsheets/1hjXERVEURCeKXeCw8TUbrkjF25_GVmORN0JgjZuu058/values/%27Verification%27 HTTP/1.1" 200 None
2025-07-28 02:13:05 [INFO] face-presence-api: Computed similarity for user 44: 0.3902
2025-07-28 02:13:05 [INFO] face-presence-api: Comparison completed for user 44 with result: {'error': False, 'similarity': 0.39018017053604126}
2025-07-28 02:13:06 [DEBUG] urllib3.connectionpool: https://sheets.googleapis.com:443 "GET /v4/spreadsheets/1hjXERVEURCeKXeCw8TUbrkjF25_GVmORN0JgjZuu058/values/%27Verification%27 HTTP/1.1" 200 None
2025-07-28 02:13:06 [DEBUG] urllib3.connectionpool: https://sheets.googleapis.com:443 "POST /v4/spreadsheets/1hjXERVEURCeKXeCw8TUbrkjF25_GVmORN0JgjZuu058/values:batchUpdate HTTP/1.1" 200 None
2025-07-28 02:13:06 [INFO] face-presence-api: [BatchLogger] Updated verification for 1 users
2025-07-28 02:13:06 [INFO] face-presence-api: [BatchLogger] Flushing durations: 1
2025-07-28 02:13:06 [DEBUG] urllib3.connectionpool: https://sheets.googleapis.com:443 "GET /v4/spreadsheets/1hjXERVEURCeKXeCw8TUbrkjF25_GVmORN0JgjZuu058?includeGridData=false HTTP/1.1" 200 None
2025-07-28 02:13:07 [DEBUG] urllib3.connectionpool: https://sheets.googleapis.com:443 "GET /v4/spreadsheets/1hjXERVEURCeKXeCw8TUbrkjF25_GVmORN0JgjZuu058/values/%27Verification%27 HTTP/1.1" 200 None
2025-07-28 02:13:07 [DEBUG] urllib3.connectionpool: https://sheets.googleapis.com:443 "GET /v4/spreadsheets/1hjXERVEURCeKXeCw8TUbrkjF25_GVmORN0JgjZuu058/values/%27Verification%27 HTTP/1.1" 200 None
2025-07-28 02:13:07 [DEBUG] urllib3.connectionpool: https://sheets.googleapis.com:443 "POST /v4/spreadsheets/1hjXERVEURCeKXeCw8TUbrkjF25_GVmORN0JgjZuu058/values:batchUpdate HTTP/1.1" 200 None
2025-07-28 02:13:07 [INFO] face-presence-api: [BatchLogger] Added 1 new duration headers
2025-07-28 02:13:08 [DEBUG] urllib3.connectionpool: https://sheets.googleapis.com:443 "POST /v4/spreadsheets/1hjXERVEURCeKXeCw8TUbrkjF25_GVmORN0JgjZuu058/values:batchUpdate HTTP/1.1" 200 None
2025-07-28 02:13:08 [INFO] face-presence-api: [BatchLogger] Updated durations for 1 cells
2025-07-28 02:13:08 [INFO] face-presence-api: Verification success for user 44: Not Match (score=0.39018)
2025-07-28 02:13:08 [INFO] face-presence-api: Verification successful for user 44
2025-07-28 02:13:08 [DEBUG] python_multipart.multipart: Calling on_part_begin with no data
2025-07-28 02:13:08 [DEBUG] python_multipart.multipart: Calling on_header_field with data[42:61]
2025-07-28 02:13:08 [DEBUG] python_multipart.multipart: Calling on_header_value with data[63:88]
2025-07-28 02:13:08 [DEBUG] python_multipart.multipart: Calling on_header_end with no data
2025-07-28 02:13:08 [DEBUG] python_multipart.multipart: Calling on_headers_finished with no data
2025-07-28 02:13:08 [DEBUG] python_multipart.multipart: Calling on_part_data with data[92:94]
2025-07-28 02:13:08 [DEBUG] python_multipart.multipart: Calling on_part_end with no data
2025-07-28 02:13:08 [DEBUG] python_multipart.multipart: Calling on_part_begin with no data
2025-07-28 02:13:08 [DEBUG] python_multipart.multipart: Calling on_header_field with data[138:157]
2025-07-28 02:13:08 [DEBUG] python_multipart.multipart: Calling on_header_value with data[159:183]
2025-07-28 02:13:08 [DEBUG] python_multipart.multipart: Calling on_header_end with no data
2025-07-28 02:13:08 [DEBUG] python_multipart.multipart: Calling on_headers_finished with no data
2025-07-28 02:13:08 [DEBUG] python_multipart.multipart: Calling on_part_data with data[187:191]
2025-07-28 02:13:08 [DEBUG] python_multipart.multipart: Calling on_part_end with no data
2025-07-28 02:13:08 [DEBUG] python_multipart.multipart: Calling on_end with no data
2025-07-28 02:13:08 [INFO] face-presence-api: Logging duration for user: 44, duration: 2830.0
2025-07-28 02:13:08 [INFO] face-presence-api: Duration 2830.0s successfully enqueued for user 44.
2025-07-28 02:13:10 [DEBUG] python_multipart.multipart: Calling on_part_begin with no data
2025-07-28 02:13:10 [DEBUG] python_multipart.multipart: Calling on_header_field with data[42:61]
2025-07-28 02:13:10 [DEBUG] python_multipart.multipart: Calling on_header_value with data[63:88]
2025-07-28 02:13:10 [DEBUG] python_multipart.multipart: Calling on_header_end with no data
2025-07-28 02:13:10 [DEBUG] python_multipart.multipart: Calling on_headers_finished with no data
2025-07-28 02:13:10 [DEBUG] python_multipart.multipart: Calling on_part_data with data[92:94]
2025-07-28 02:13:10 [DEBUG] python_multipart.multipart: Calling on_part_end with no data
2025-07-28 02:13:10 [DEBUG] python_multipart.multipart: Calling on_part_begin with no data
2025-07-28 02:13:10 [DEBUG] python_multipart.multipart: Calling on_header_field with data[138:157]
2025-07-28 02:13:10 [DEBUG] python_multipart.multipart: Calling on_header_value with data[159:214]
2025-07-28 02:13:10 [DEBUG] python_multipart.multipart: Calling on_header_end with no data
2025-07-28 02:13:10 [DEBUG] python_multipart.multipart: Calling on_header_field with data[216:228]
2025-07-28 02:13:10 [DEBUG] python_multipart.multipart: Calling on_header_value with data[230:240]
2025-07-28 02:13:10 [DEBUG] python_multipart.multipart: Calling on_header_end with no data
2025-07-28 02:13:10 [DEBUG] python_multipart.multipart: Calling on_headers_finished with no data
2025-07-28 02:13:10 [DEBUG] python_multipart.multipart: Calling on_part_data with data[244:2596]
2025-07-28 02:13:10 [DEBUG] python_multipart.multipart: Calling on_part_end with no data
2025-07-28 02:13:10 [DEBUG] python_multipart.multipart: Calling on_end with no data
2025-07-28 02:13:10 [INFO] face-presence-api: Verifying user: 44
2025-07-28 02:13:10 [INFO] face-presence-api: Starting verification for user: 44
2025-07-28 02:13:10 [INFO] face-presence-api: Computed similarity for user 44: 0.4467
2025-07-28 02:13:10 [INFO] face-presence-api: Comparison completed for user 44 with result: {'error': False, 'similarity': 0.4466899037361145}
2025-07-28 02:13:10 [INFO] face-presence-api: Verification success for user 44: Not Match (score=0.44669)
2025-07-28 02:13:10 [INFO] face-presence-api: Verification successful for user 44
2025-07-28 02:13:10 [DEBUG] python_multipart.multipart: Calling on_part_begin with no data
2025-07-28 02:13:10 [DEBUG] python_multipart.multipart: Calling on_header_field with data[42:61]
2025-07-28 02:13:10 [DEBUG] python_multipart.multipart: Calling on_header_value with data[63:88]
2025-07-28 02:13:10 [DEBUG] python_multipart.multipart: Calling on_header_end with no data
2025-07-28 02:13:10 [DEBUG] python_multipart.multipart: Calling on_headers_finished with no data
2025-07-28 02:13:10 [DEBUG] python_multipart.multipart: Calling on_part_data with data[92:94]
2025-07-28 02:13:10 [DEBUG] python_multipart.multipart: Calling on_part_end with no data
2025-07-28 02:13:10 [DEBUG] python_multipart.multipart: Calling on_part_begin with no data
2025-07-28 02:13:10 [DEBUG] python_multipart.multipart: Calling on_header_field with data[138:157]
2025-07-28 02:13:10 [DEBUG] python_multipart.multipart: Calling on_header_value with data[159:183]
2025-07-28 02:13:10 [DEBUG] python_multipart.multipart: Calling on_header_end with no data
2025-07-28 02:13:10 [DEBUG] python_multipart.multipart: Calling on_headers_finished with no data
2025-07-28 02:13:10 [DEBUG] python_multipart.multipart: Calling on_part_data with data[187:190]
2025-07-28 02:13:10 [DEBUG] python_multipart.multipart: Calling on_part_end with no data
2025-07-28 02:13:10 [DEBUG] python_multipart.multipart: Calling on_end with no data
2025-07-28 02:13:10 [INFO] face-presence-api: Logging duration for user: 44, duration: 281.0
2025-07-28 02:13:10 [INFO] face-presence-api: Duration 281.0s successfully enqueued for user 44.
2025-07-28 02:13:11 [DEBUG] python_multipart.multipart: Calling on_part_begin with no data
2025-07-28 02:13:11 [DEBUG] python_multipart.multipart: Calling on_header_field with data[42:61]
2025-07-28 02:13:11 [DEBUG] python_multipart.multipart: Calling on_header_value with data[63:88]
2025-07-28 02:13:11 [DEBUG] python_multipart.multipart: Calling on_header_end with no data
2025-07-28 02:13:11 [DEBUG] python_multipart.multipart: Calling on_headers_finished with no data
2025-07-28 02:13:11 [DEBUG] python_multipart.multipart: Calling on_part_data with data[92:94]
2025-07-28 02:13:11 [DEBUG] python_multipart.multipart: Calling on_part_end with no data
2025-07-28 02:13:11 [DEBUG] python_multipart.multipart: Calling on_part_begin with no data
2025-07-28 02:13:11 [DEBUG] python_multipart.multipart: Calling on_header_field with data[138:157]
2025-07-28 02:13:11 [DEBUG] python_multipart.multipart: Calling on_header_value with data[159:214]
2025-07-28 02:13:11 [DEBUG] python_multipart.multipart: Calling on_header_end with no data
2025-07-28 02:13:11 [DEBUG] python_multipart.multipart: Calling on_header_field with data[216:228]
2025-07-28 02:13:11 [DEBUG] python_multipart.multipart: Calling on_header_value with data[230:240]
2025-07-28 02:13:11 [DEBUG] python_multipart.multipart: Calling on_header_end with no data
2025-07-28 02:13:11 [DEBUG] python_multipart.multipart: Calling on_headers_finished with no data
2025-07-28 02:13:11 [DEBUG] python_multipart.multipart: Calling on_part_data with data[244:2536]
2025-07-28 02:13:11 [DEBUG] python_multipart.multipart: Calling on_part_end with no data
2025-07-28 02:13:11 [DEBUG] python_multipart.multipart: Calling on_end with no data
2025-07-28 02:13:11 [INFO] face-presence-api: Verifying user: 44
2025-07-28 02:13:11 [INFO] face-presence-api: Starting verification for user: 44
2025-07-28 02:13:11 [INFO] face-presence-api: Computed similarity for user 44: 0.4583
2025-07-28 02:13:11 [INFO] face-presence-api: Comparison completed for user 44 with result: {'error': False, 'similarity': 0.4582964777946472}
2025-07-28 02:13:11 [INFO] face-presence-api: Verification success for user 44: Not Match (score=0.45830)
2025-07-28 02:13:11 [INFO] face-presence-api: Verification successful for user 44
2025-07-28 02:13:11 [DEBUG] python_multipart.multipart: Calling on_part_begin with no data
2025-07-28 02:13:11 [DEBUG] python_multipart.multipart: Calling on_header_field with data[42:61]
2025-07-28 02:13:11 [DEBUG] python_multipart.multipart: Calling on_header_value with data[63:88]
2025-07-28 02:13:11 [DEBUG] python_multipart.multipart: Calling on_header_end with no data
2025-07-28 02:13:11 [DEBUG] python_multipart.multipart: Calling on_headers_finished with no data
2025-07-28 02:13:11 [DEBUG] python_multipart.multipart: Calling on_part_data with data[92:94]
2025-07-28 02:13:11 [DEBUG] python_multipart.multipart: Calling on_part_end with no data
2025-07-28 02:13:11 [DEBUG] python_multipart.multipart: Calling on_part_begin with no data
2025-07-28 02:13:11 [DEBUG] python_multipart.multipart: Calling on_header_field with data[138:157]
2025-07-28 02:13:11 [DEBUG] python_multipart.multipart: Calling on_header_value with data[159:183]
2025-07-28 02:13:11 [DEBUG] python_multipart.multipart: Calling on_header_end with no data
2025-07-28 02:13:11 [DEBUG] python_multipart.multipart: Calling on_headers_finished with no data
2025-07-28 02:13:11 [DEBUG] python_multipart.multipart: Calling on_part_data with data[187:190]
2025-07-28 02:13:11 [DEBUG] python_multipart.multipart: Calling on_part_end with no data
2025-07-28 02:13:11 [DEBUG] python_multipart.multipart: Calling on_end with no data
2025-07-28 02:13:11 [INFO] face-presence-api: Logging duration for user: 44, duration: 216.0
2025-07-28 02:13:11 [INFO] face-presence-api: Duration 216.0s successfully enqueued for user 44.
2025-07-28 02:13:12 [DEBUG] python_multipart.multipart: Calling on_part_begin with no data
2025-07-28 02:13:12 [DEBUG] python_multipart.multipart: Calling on_header_field with data[42:61]
2025-07-28 02:13:12 [DEBUG] python_multipart.multipart: Calling on_header_value with data[63:88]
2025-07-28 02:13:12 [DEBUG] python_multipart.multipart: Calling on_header_end with no data
2025-07-28 02:13:12 [DEBUG] python_multipart.multipart: Calling on_headers_finished with no data
2025-07-28 02:13:12 [DEBUG] python_multipart.multipart: Calling on_part_data with data[92:94]
2025-07-28 02:13:12 [DEBUG] python_multipart.multipart: Calling on_part_end with no data
2025-07-28 02:13:12 [DEBUG] python_multipart.multipart: Calling on_part_begin with no data
2025-07-28 02:13:12 [DEBUG] python_multipart.multipart: Calling on_header_field with data[138:157]
2025-07-28 02:13:12 [DEBUG] python_multipart.multipart: Calling on_header_value with data[159:214]
2025-07-28 02:13:12 [DEBUG] python_multipart.multipart: Calling on_header_end with no data
2025-07-28 02:13:12 [DEBUG] python_multipart.multipart: Calling on_header_field with data[216:228]
2025-07-28 02:13:12 [DEBUG] python_multipart.multipart: Calling on_header_value with data[230:240]
2025-07-28 02:13:12 [DEBUG] python_multipart.multipart: Calling on_header_end with no data
2025-07-28 02:13:12 [DEBUG] python_multipart.multipart: Calling on_headers_finished with no data
2025-07-28 02:13:12 [DEBUG] python_multipart.multipart: Calling on_part_data with data[244:2758]
2025-07-28 02:13:12 [DEBUG] python_multipart.multipart: Calling on_part_end with no data
2025-07-28 02:13:12 [DEBUG] python_multipart.multipart: Calling on_end with no data
2025-07-28 02:13:12 [INFO] face-presence-api: Verifying user: 44
2025-07-28 02:13:12 [INFO] face-presence-api: Starting verification for user: 44
2025-07-28 02:13:13 [INFO] face-presence-api: Computed similarity for user 44: 0.4744
2025-07-28 02:13:13 [INFO] face-presence-api: Comparison completed for user 44 with result: {'error': False, 'similarity': 0.4744347929954529}
2025-07-28 02:13:13 [INFO] face-presence-api: Verification success for user 44: Not Match (score=0.47443)
2025-07-28 02:13:13 [INFO] face-presence-api: Verification successful for user 44
2025-07-28 02:13:13 [DEBUG] python_multipart.multipart: Calling on_part_begin with no data
2025-07-28 02:13:13 [DEBUG] python_multipart.multipart: Calling on_header_field with data[42:61]
2025-07-28 02:13:13 [DEBUG] python_multipart.multipart: Calling on_header_value with data[63:88]
2025-07-28 02:13:13 [DEBUG] python_multipart.multipart: Calling on_header_end with no data
2025-07-28 02:13:13 [DEBUG] python_multipart.multipart: Calling on_headers_finished with no data
2025-07-28 02:13:13 [DEBUG] python_multipart.multipart: Calling on_part_data with data[92:94]
2025-07-28 02:13:13 [DEBUG] python_multipart.multipart: Calling on_part_end with no data
2025-07-28 02:13:13 [DEBUG] python_multipart.multipart: Calling on_part_begin with no data
2025-07-28 02:13:13 [DEBUG] python_multipart.multipart: Calling on_header_field with data[138:157]
2025-07-28 02:13:13 [DEBUG] python_multipart.multipart: Calling on_header_value with data[159:183]
2025-07-28 02:13:13 [DEBUG] python_multipart.multipart: Calling on_header_end with no data
2025-07-28 02:13:13 [DEBUG] python_multipart.multipart: Calling on_headers_finished with no data
2025-07-28 02:13:13 [DEBUG] python_multipart.multipart: Calling on_part_data with data[187:190]
2025-07-28 02:13:13 [DEBUG] python_multipart.multipart: Calling on_part_end with no data
2025-07-28 02:13:13 [DEBUG] python_multipart.multipart: Calling on_end with no data
2025-07-28 02:13:13 [INFO] face-presence-api: Logging duration for user: 44, duration: 234.0
2025-07-28 02:13:13 [INFO] face-presence-api: Duration 234.0s successfully enqueued for user 44.
2025-07-28 02:13:14 [DEBUG] python_multipart.multipart: Calling on_part_begin with no data
2025-07-28 02:13:14 [DEBUG] python_multipart.multipart: Calling on_header_field with data[42:61]
2025-07-28 02:13:14 [DEBUG] python_multipart.multipart: Calling on_header_value with data[63:88]
2025-07-28 02:13:14 [DEBUG] python_multipart.multipart: Calling on_header_end with no data
2025-07-28 02:13:14 [DEBUG] python_multipart.multipart: Calling on_headers_finished with no data
2025-07-28 02:13:14 [DEBUG] python_multipart.multipart: Calling on_part_data with data[92:94]
2025-07-28 02:13:14 [DEBUG] python_multipart.multipart: Calling on_part_end with no data
2025-07-28 02:13:14 [DEBUG] python_multipart.multipart: Calling on_part_begin with no data
2025-07-28 02:13:14 [DEBUG] python_multipart.multipart: Calling on_header_field with data[138:157]
2025-07-28 02:13:14 [DEBUG] python_multipart.multipart: Calling on_header_value with data[159:214]
2025-07-28 02:13:14 [DEBUG] python_multipart.multipart: Calling on_header_end with no data
2025-07-28 02:13:14 [DEBUG] python_multipart.multipart: Calling on_header_field with data[216:228]
2025-07-28 02:13:14 [DEBUG] python_multipart.multipart: Calling on_header_value with data[230:240]
2025-07-28 02:13:14 [DEBUG] python_multipart.multipart: Calling on_header_end with no data
2025-07-28 02:13:14 [DEBUG] python_multipart.multipart: Calling on_headers_finished with no data
2025-07-28 02:13:14 [DEBUG] python_multipart.multipart: Calling on_part_data with data[244:2692]
2025-07-28 02:13:14 [DEBUG] python_multipart.multipart: Calling on_part_end with no data
2025-07-28 02:13:14 [DEBUG] python_multipart.multipart: Calling on_end with no data
2025-07-28 02:13:14 [INFO] face-presence-api: Verifying user: 44
2025-07-28 02:13:14 [INFO] face-presence-api: Starting verification for user: 44
2025-07-28 02:13:14 [INFO] face-presence-api: Computed similarity for user 44: 0.4711
2025-07-28 02:13:14 [INFO] face-presence-api: Comparison completed for user 44 with result: {'error': False, 'similarity': 0.47114068269729614}
2025-07-28 02:13:14 [INFO] face-presence-api: Verification success for user 44: Not Match (score=0.47114)
2025-07-28 02:13:14 [INFO] face-presence-api: Verification successful for user 44
2025-07-28 02:13:14 [DEBUG] python_multipart.multipart: Calling on_part_begin with no data
2025-07-28 02:13:14 [DEBUG] python_multipart.multipart: Calling on_header_field with data[42:61]
2025-07-28 02:13:14 [DEBUG] python_multipart.multipart: Calling on_header_value with data[63:88]
2025-07-28 02:13:14 [DEBUG] python_multipart.multipart: Calling on_header_end with no data
2025-07-28 02:13:14 [DEBUG] python_multipart.multipart: Calling on_headers_finished with no data
2025-07-28 02:13:14 [DEBUG] python_multipart.multipart: Calling on_part_data with data[92:94]
2025-07-28 02:13:14 [DEBUG] python_multipart.multipart: Calling on_part_end with no data
2025-07-28 02:13:14 [DEBUG] python_multipart.multipart: Calling on_part_begin with no data
2025-07-28 02:13:14 [DEBUG] python_multipart.multipart: Calling on_header_field with data[138:157]
2025-07-28 02:13:14 [DEBUG] python_multipart.multipart: Calling on_header_value with data[159:183]
2025-07-28 02:13:14 [DEBUG] python_multipart.multipart: Calling on_header_end with no data
2025-07-28 02:13:14 [DEBUG] python_multipart.multipart: Calling on_headers_finished with no data
2025-07-28 02:13:14 [DEBUG] python_multipart.multipart: Calling on_part_data with data[187:190]
2025-07-28 02:13:14 [DEBUG] python_multipart.multipart: Calling on_part_end with no data
2025-07-28 02:13:14 [DEBUG] python_multipart.multipart: Calling on_end with no data
2025-07-28 02:13:14 [INFO] face-presence-api: Logging duration for user: 44, duration: 391.0
2025-07-28 02:13:14 [INFO] face-presence-api: Duration 391.0s successfully enqueued for user 44.
2025-07-28 02:13:15 [DEBUG] python_multipart.multipart: Calling on_part_begin with no data
2025-07-28 02:13:15 [DEBUG] python_multipart.multipart: Calling on_header_field with data[42:61]
2025-07-28 02:13:15 [DEBUG] python_multipart.multipart: Calling on_header_value with data[63:88]
2025-07-28 02:13:15 [DEBUG] python_multipart.multipart: Calling on_header_end with no data
2025-07-28 02:13:15 [DEBUG] python_multipart.multipart: Calling on_headers_finished with no data
2025-07-28 02:13:15 [DEBUG] python_multipart.multipart: Calling on_part_data with data[92:94]
2025-07-28 02:13:15 [DEBUG] python_multipart.multipart: Calling on_part_end with no data
2025-07-28 02:13:15 [DEBUG] python_multipart.multipart: Calling on_part_begin with no data
2025-07-28 02:13:15 [DEBUG] python_multipart.multipart: Calling on_header_field with data[138:157]
2025-07-28 02:13:15 [DEBUG] python_multipart.multipart: Calling on_header_value with data[159:214]
2025-07-28 02:13:15 [DEBUG] python_multipart.multipart: Calling on_header_end with no data
2025-07-28 02:13:15 [DEBUG] python_multipart.multipart: Calling on_header_field with data[216:228]
2025-07-28 02:13:15 [DEBUG] python_multipart.multipart: Calling on_header_value with data[230:240]
2025-07-28 02:13:15 [DEBUG] python_multipart.multipart: Calling on_header_end with no data
2025-07-28 02:13:15 [DEBUG] python_multipart.multipart: Calling on_headers_finished with no data
2025-07-28 02:13:15 [DEBUG] python_multipart.multipart: Calling on_part_data with data[244:2524]
2025-07-28 02:13:15 [DEBUG] python_multipart.multipart: Calling on_part_end with no data
2025-07-28 02:13:15 [DEBUG] python_multipart.multipart: Calling on_end with no data
2025-07-28 02:13:15 [INFO] face-presence-api: Verifying user: 44
2025-07-28 02:13:15 [INFO] face-presence-api: Starting verification for user: 44
2025-07-28 02:13:15 [INFO] face-presence-api: Computed similarity for user 44: 0.4610
2025-07-28 02:13:15 [INFO] face-presence-api: Comparison completed for user 44 with result: {'error': False, 'similarity': 0.4609736502170563}
2025-07-28 02:13:15 [INFO] face-presence-api: Verification success for user 44: Not Match (score=0.46097)
2025-07-28 02:13:15 [INFO] face-presence-api: Verification successful for user 44
2025-07-28 02:13:15 [DEBUG] python_multipart.multipart: Calling on_part_begin with no data
2025-07-28 02:13:15 [DEBUG] python_multipart.multipart: Calling on_header_field with data[42:61]
2025-07-28 02:13:15 [DEBUG] python_multipart.multipart: Calling on_header_value with data[63:88]
2025-07-28 02:13:15 [DEBUG] python_multipart.multipart: Calling on_header_end with no data
2025-07-28 02:13:15 [DEBUG] python_multipart.multipart: Calling on_headers_finished with no data
2025-07-28 02:13:15 [DEBUG] python_multipart.multipart: Calling on_part_data with data[92:94]
2025-07-28 02:13:15 [DEBUG] python_multipart.multipart: Calling on_part_end with no data
2025-07-28 02:13:15 [DEBUG] python_multipart.multipart: Calling on_part_begin with no data
2025-07-28 02:13:15 [DEBUG] python_multipart.multipart: Calling on_header_field with data[138:157]
2025-07-28 02:13:15 [DEBUG] python_multipart.multipart: Calling on_header_value with data[159:183]
2025-07-28 02:13:15 [DEBUG] python_multipart.multipart: Calling on_header_end with no data
2025-07-28 02:13:15 [DEBUG] python_multipart.multipart: Calling on_headers_finished with no data
2025-07-28 02:13:15 [DEBUG] python_multipart.multipart: Calling on_part_data with data[187:190]
2025-07-28 02:13:15 [DEBUG] python_multipart.multipart: Calling on_part_end with no data
2025-07-28 02:13:15 [DEBUG] python_multipart.multipart: Calling on_end with no data
2025-07-28 02:13:15 [INFO] face-presence-api: Logging duration for user: 44, duration: 223.0
2025-07-28 02:13:15 [INFO] face-presence-api: Duration 223.0s successfully enqueued for user 44.
2025-07-28 02:13:16 [DEBUG] python_multipart.multipart: Calling on_part_begin with no data
2025-07-28 02:13:16 [DEBUG] python_multipart.multipart: Calling on_header_field with data[42:61]
2025-07-28 02:13:16 [DEBUG] python_multipart.multipart: Calling on_header_value with data[63:88]
2025-07-28 02:13:16 [DEBUG] python_multipart.multipart: Calling on_header_end with no data
2025-07-28 02:13:16 [DEBUG] python_multipart.multipart: Calling on_headers_finished with no data
2025-07-28 02:13:16 [DEBUG] python_multipart.multipart: Calling on_part_data with data[92:94]
2025-07-28 02:13:16 [DEBUG] python_multipart.multipart: Calling on_part_end with no data
2025-07-28 02:13:16 [DEBUG] python_multipart.multipart: Calling on_part_begin with no data
2025-07-28 02:13:16 [DEBUG] python_multipart.multipart: Calling on_header_field with data[138:157]
2025-07-28 02:13:16 [DEBUG] python_multipart.multipart: Calling on_header_value with data[159:214]
2025-07-28 02:13:16 [DEBUG] python_multipart.multipart: Calling on_header_end with no data
2025-07-28 02:13:16 [DEBUG] python_multipart.multipart: Calling on_header_field with data[216:228]
2025-07-28 02:13:16 [DEBUG] python_multipart.multipart: Calling on_header_value with data[230:240]
2025-07-28 02:13:16 [DEBUG] python_multipart.multipart: Calling on_header_end with no data
2025-07-28 02:13:16 [DEBUG] python_multipart.multipart: Calling on_headers_finished with no data
2025-07-28 02:13:16 [DEBUG] python_multipart.multipart: Calling on_part_data with data[244:2618]
2025-07-28 02:13:16 [DEBUG] python_multipart.multipart: Calling on_part_end with no data
2025-07-28 02:13:16 [DEBUG] python_multipart.multipart: Calling on_end with no data
2025-07-28 02:13:16 [INFO] face-presence-api: Verifying user: 44
2025-07-28 02:13:16 [INFO] face-presence-api: Starting verification for user: 44
2025-07-28 02:13:16 [INFO] face-presence-api: Computed similarity for user 44: 0.5835
2025-07-28 02:13:16 [INFO] face-presence-api: Comparison completed for user 44 with result: {'error': False, 'similarity': 0.583547830581665}
2025-07-28 02:13:16 [INFO] face-presence-api: Verification success for user 44: Not Match (score=0.58355)
2025-07-28 02:13:16 [INFO] face-presence-api: Verification successful for user 44
2025-07-28 02:13:16 [DEBUG] python_multipart.multipart: Calling on_part_begin with no data
2025-07-28 02:13:16 [DEBUG] python_multipart.multipart: Calling on_header_field with data[42:61]
2025-07-28 02:13:16 [DEBUG] python_multipart.multipart: Calling on_header_value with data[63:88]
2025-07-28 02:13:16 [DEBUG] python_multipart.multipart: Calling on_header_end with no data
2025-07-28 02:13:16 [DEBUG] python_multipart.multipart: Calling on_headers_finished with no data
2025-07-28 02:13:16 [DEBUG] python_multipart.multipart: Calling on_part_data with data[92:94]
2025-07-28 02:13:16 [DEBUG] python_multipart.multipart: Calling on_part_end with no data
2025-07-28 02:13:16 [DEBUG] python_multipart.multipart: Calling on_part_begin with no data
2025-07-28 02:13:16 [DEBUG] python_multipart.multipart: Calling on_header_field with data[138:157]
2025-07-28 02:13:16 [DEBUG] python_multipart.multipart: Calling on_header_value with data[159:183]
2025-07-28 02:13:16 [DEBUG] python_multipart.multipart: Calling on_header_end with no data
2025-07-28 02:13:16 [DEBUG] python_multipart.multipart: Calling on_headers_finished with no data
2025-07-28 02:13:16 [DEBUG] python_multipart.multipart: Calling on_part_data with data[187:190]
2025-07-28 02:13:16 [DEBUG] python_multipart.multipart: Calling on_part_end with no data
2025-07-28 02:13:16 [DEBUG] python_multipart.multipart: Calling on_end with no data
2025-07-28 02:13:16 [INFO] face-presence-api: Logging duration for user: 44, duration: 216.0
2025-07-28 02:13:16 [INFO] face-presence-api: Duration 216.0s successfully enqueued for user 44.
2025-07-28 02:13:17 [DEBUG] python_multipart.multipart: Calling on_part_begin with no data
2025-07-28 02:13:17 [DEBUG] python_multipart.multipart: Calling on_header_field with data[42:61]
2025-07-28 02:13:17 [DEBUG] python_multipart.multipart: Calling on_header_value with data[63:88]
2025-07-28 02:13:17 [DEBUG] python_multipart.multipart: Calling on_header_end with no data
2025-07-28 02:13:17 [DEBUG] python_multipart.multipart: Calling on_headers_finished with no data
2025-07-28 02:13:17 [DEBUG] python_multipart.multipart: Calling on_part_data with data[92:94]
2025-07-28 02:13:17 [DEBUG] python_multipart.multipart: Calling on_part_end with no data
2025-07-28 02:13:17 [DEBUG] python_multipart.multipart: Calling on_part_begin with no data
2025-07-28 02:13:17 [DEBUG] python_multipart.multipart: Calling on_header_field with data[138:157]
2025-07-28 02:13:17 [DEBUG] python_multipart.multipart: Calling on_header_value with data[159:214]
2025-07-28 02:13:17 [DEBUG] python_multipart.multipart: Calling on_header_end with no data
2025-07-28 02:13:17 [DEBUG] python_multipart.multipart: Calling on_header_field with data[216:228]
2025-07-28 02:13:17 [DEBUG] python_multipart.multipart: Calling on_header_value with data[230:240]
2025-07-28 02:13:17 [DEBUG] python_multipart.multipart: Calling on_header_end with no data
2025-07-28 02:13:17 [DEBUG] python_multipart.multipart: Calling on_headers_finished with no data
2025-07-28 02:13:17 [DEBUG] python_multipart.multipart: Calling on_part_data with data[244:2704]
2025-07-28 02:13:17 [DEBUG] python_multipart.multipart: Calling on_part_end with no data
2025-07-28 02:13:17 [DEBUG] python_multipart.multipart: Calling on_end with no data
2025-07-28 02:13:17 [INFO] face-presence-api: Verifying user: 44
2025-07-28 02:13:17 [INFO] face-presence-api: Starting verification for user: 44
2025-07-28 02:13:18 [INFO] face-presence-api: Computed similarity for user 44: 0.4634
2025-07-28 02:13:18 [INFO] face-presence-api: Comparison completed for user 44 with result: {'error': False, 'similarity': 0.4633743166923523}
2025-07-28 02:13:18 [INFO] face-presence-api: Verification success for user 44: Not Match (score=0.46337)
2025-07-28 02:13:18 [INFO] face-presence-api: Verification successful for user 44
2025-07-28 02:13:18 [DEBUG] python_multipart.multipart: Calling on_part_begin with no data
2025-07-28 02:13:18 [DEBUG] python_multipart.multipart: Calling on_header_field with data[42:61]
2025-07-28 02:13:18 [DEBUG] python_multipart.multipart: Calling on_header_value with data[63:88]
2025-07-28 02:13:18 [DEBUG] python_multipart.multipart: Calling on_header_end with no data
2025-07-28 02:13:18 [DEBUG] python_multipart.multipart: Calling on_headers_finished with no data
2025-07-28 02:13:18 [DEBUG] python_multipart.multipart: Calling on_part_data with data[92:94]
2025-07-28 02:13:18 [DEBUG] python_multipart.multipart: Calling on_part_end with no data
2025-07-28 02:13:18 [DEBUG] python_multipart.multipart: Calling on_part_begin with no data
2025-07-28 02:13:18 [DEBUG] python_multipart.multipart: Calling on_header_field with data[138:157]
2025-07-28 02:13:18 [DEBUG] python_multipart.multipart: Calling on_header_value with data[159:183]
2025-07-28 02:13:18 [DEBUG] python_multipart.multipart: Calling on_header_end with no data
2025-07-28 02:13:18 [DEBUG] python_multipart.multipart: Calling on_headers_finished with no data
2025-07-28 02:13:18 [DEBUG] python_multipart.multipart: Calling on_part_data with data[187:190]
2025-07-28 02:13:18 [DEBUG] python_multipart.multipart: Calling on_part_end with no data
2025-07-28 02:13:18 [DEBUG] python_multipart.multipart: Calling on_end with no data
2025-07-28 02:13:18 [INFO] face-presence-api: Logging duration for user: 44, duration: 262.0
2025-07-28 02:13:18 [INFO] face-presence-api: Duration 262.0s successfully enqueued for user 44.
2025-07-28 02:13:18 [INFO] face-presence-api: [BatchLogger] Flushing durations: 8
2025-07-28 02:13:18 [DEBUG] urllib3.connectionpool: https://sheets.googleapis.com:443 "GET /v4/spreadsheets/1hjXERVEURCeKXeCw8TUbrkjF25_GVmORN0JgjZuu058?includeGridData=false HTTP/1.1" 200 None
2025-07-28 02:13:19 [DEBUG] urllib3.connectionpool: https://sheets.googleapis.com:443 "GET /v4/spreadsheets/1hjXERVEURCeKXeCw8TUbrkjF25_GVmORN0JgjZuu058/values/%27Verification%27 HTTP/1.1" 200 None
2025-07-28 02:13:19 [DEBUG] urllib3.connectionpool: https://sheets.googleapis.com:443 "GET /v4/spreadsheets/1hjXERVEURCeKXeCw8TUbrkjF25_GVmORN0JgjZuu058/values/%27Verification%27 HTTP/1.1" 200 None
2025-07-28 02:13:19 [DEBUG] urllib3.connectionpool: https://sheets.googleapis.com:443 "POST /v4/spreadsheets/1hjXERVEURCeKXeCw8TUbrkjF25_GVmORN0JgjZuu058/values:batchUpdate HTTP/1.1" 200 None
2025-07-28 02:13:19 [INFO] face-presence-api: [BatchLogger] Added 8 new duration headers
2025-07-28 02:13:20 [DEBUG] urllib3.connectionpool: https://sheets.googleapis.com:443 "POST /v4/spreadsheets/1hjXERVEURCeKXeCw8TUbrkjF25_GVmORN0JgjZuu058/values:batchUpdate HTTP/1.1" 200 None
2025-07-28 02:13:20 [INFO] face-presence-api: [BatchLogger] Updated durations for 8 cells
2025-07-28 02:13:20 [DEBUG] python_multipart.multipart: Calling on_part_begin with no data
2025-07-28 02:13:20 [DEBUG] python_multipart.multipart: Calling on_header_field with data[42:61]
2025-07-28 02:13:20 [DEBUG] python_multipart.multipart: Calling on_header_value with data[63:88]
2025-07-28 02:13:20 [DEBUG] python_multipart.multipart: Calling on_header_end with no data
2025-07-28 02:13:20 [DEBUG] python_multipart.multipart: Calling on_headers_finished with no data
2025-07-28 02:13:20 [DEBUG] python_multipart.multipart: Calling on_part_data with data[92:94]
2025-07-28 02:13:20 [DEBUG] python_multipart.multipart: Calling on_part_end with no data
2025-07-28 02:13:20 [DEBUG] python_multipart.multipart: Calling on_part_begin with no data
2025-07-28 02:13:20 [DEBUG] python_multipart.multipart: Calling on_header_field with data[138:157]
2025-07-28 02:13:20 [DEBUG] python_multipart.multipart: Calling on_header_value with data[159:214]
2025-07-28 02:13:20 [DEBUG] python_multipart.multipart: Calling on_header_end with no data
2025-07-28 02:13:20 [DEBUG] python_multipart.multipart: Calling on_header_field with data[216:228]
2025-07-28 02:13:20 [DEBUG] python_multipart.multipart: Calling on_header_value with data[230:240]
2025-07-28 02:13:20 [DEBUG] python_multipart.multipart: Calling on_header_end with no data
2025-07-28 02:13:20 [DEBUG] python_multipart.multipart: Calling on_headers_finished with no data
2025-07-28 02:13:20 [DEBUG] python_multipart.multipart: Calling on_part_data with data[244:2426]
2025-07-28 02:13:20 [DEBUG] python_multipart.multipart: Calling on_part_end with no data
2025-07-28 02:13:20 [DEBUG] python_multipart.multipart: Calling on_end with no data
2025-07-28 02:13:20 [INFO] face-presence-api: Verifying user: 44
2025-07-28 02:13:20 [INFO] face-presence-api: Starting verification for user: 44
2025-07-28 02:13:20 [INFO] face-presence-api: Computed similarity for user 44: 0.3853
2025-07-28 02:13:20 [INFO] face-presence-api: Comparison completed for user 44 with result: {'error': False, 'similarity': 0.3853239417076111}
2025-07-28 02:13:20 [INFO] face-presence-api: Verification success for user 44: Not Match (score=0.38532)
2025-07-28 02:13:20 [INFO] face-presence-api: Verification successful for user 44
2025-07-28 02:13:20 [DEBUG] python_multipart.multipart: Calling on_part_begin with no data
2025-07-28 02:13:20 [DEBUG] python_multipart.multipart: Calling on_header_field with data[42:61]
2025-07-28 02:13:20 [DEBUG] python_multipart.multipart: Calling on_header_value with data[63:88]
2025-07-28 02:13:20 [DEBUG] python_multipart.multipart: Calling on_header_end with no data
2025-07-28 02:13:20 [DEBUG] python_multipart.multipart: Calling on_headers_finished with no data
2025-07-28 02:13:20 [DEBUG] python_multipart.multipart: Calling on_part_data with data[92:94]
2025-07-28 02:13:20 [DEBUG] python_multipart.multipart: Calling on_part_end with no data
2025-07-28 02:13:20 [DEBUG] python_multipart.multipart: Calling on_part_begin with no data
2025-07-28 02:13:20 [DEBUG] python_multipart.multipart: Calling on_header_field with data[138:157]
2025-07-28 02:13:20 [DEBUG] python_multipart.multipart: Calling on_header_value with data[159:183]
2025-07-28 02:13:20 [DEBUG] python_multipart.multipart: Calling on_header_end with no data
2025-07-28 02:13:20 [DEBUG] python_multipart.multipart: Calling on_headers_finished with no data
2025-07-28 02:13:20 [DEBUG] python_multipart.multipart: Calling on_part_data with data[187:190]
2025-07-28 02:13:20 [DEBUG] python_multipart.multipart: Calling on_part_end with no data
2025-07-28 02:13:20 [DEBUG] python_multipart.multipart: Calling on_end with no data
2025-07-28 02:13:20 [INFO] face-presence-api: Logging duration for user: 44, duration: 273.0
2025-07-28 02:13:20 [INFO] face-presence-api: Duration 273.0s successfully enqueued for user 44.
2025-07-28 02:13:29 [DEBUG] python_multipart.multipart: Calling on_part_begin with no data
2025-07-28 02:13:29 [DEBUG] python_multipart.multipart: Calling on_header_field with data[42:61]
2025-07-28 02:13:29 [DEBUG] python_multipart.multipart: Calling on_header_value with data[63:88]
2025-07-28 02:13:29 [DEBUG] python_multipart.multipart: Calling on_header_end with no data
2025-07-28 02:13:29 [DEBUG] python_multipart.multipart: Calling on_headers_finished with no data
2025-07-28 02:13:29 [DEBUG] python_multipart.multipart: Calling on_part_data with data[92:94]
2025-07-28 02:13:29 [DEBUG] python_multipart.multipart: Calling on_part_end with no data
2025-07-28 02:13:29 [DEBUG] python_multipart.multipart: Calling on_end with no data
2025-07-28 02:13:29 [INFO] face-presence-api: Checking status for user: 44
2025-07-28 02:13:29 [INFO] face-presence-api: User 44 is already registered.
2025-07-28 02:13:30 [INFO] face-presence-api: [BatchLogger] Flushing durations: 1
2025-07-28 02:13:30 [DEBUG] urllib3.connectionpool: https://sheets.googleapis.com:443 "GET /v4/spreadsheets/1hjXERVEURCeKXeCw8TUbrkjF25_GVmORN0JgjZuu058?includeGridData=false HTTP/1.1" 200 None
2025-07-28 02:13:30 [DEBUG] urllib3.connectionpool: https://sheets.googleapis.com:443 "GET /v4/spreadsheets/1hjXERVEURCeKXeCw8TUbrkjF25_GVmORN0JgjZuu058/values/%27Verification%27 HTTP/1.1" 200 None
2025-07-28 02:13:31 [DEBUG] urllib3.connectionpool: https://sheets.googleapis.com:443 "GET /v4/spreadsheets/1hjXERVEURCeKXeCw8TUbrkjF25_GVmORN0JgjZuu058/values/%27Verification%27 HTTP/1.1" 200 None
2025-07-28 02:13:31 [DEBUG] urllib3.connectionpool: https://sheets.googleapis.com:443 "POST /v4/spreadsheets/1hjXERVEURCeKXeCw8TUbrkjF25_GVmORN0JgjZuu058/values:batchUpdate HTTP/1.1" 200 None
2025-07-28 02:13:31 [INFO] face-presence-api: [BatchLogger] Added 1 new duration headers
2025-07-28 02:13:32 [DEBUG] urllib3.connectionpool: https://sheets.googleapis.com:443 "POST /v4/spreadsheets/1hjXERVEURCeKXeCw8TUbrkjF25_GVmORN0JgjZuu058/values:batchUpdate HTTP/1.1" 200 None
2025-07-28 02:13:32 [INFO] face-presence-api: [BatchLogger] Updated durations for 1 cells
2025-07-28 02:13:35 [DEBUG] face-presence-api: [BatchLogger] No registrations, skip flush
2025-07-28 02:13:36 [INFO] face-presence-api: [BatchLogger] Flushing 9 verifications...
2025-07-28 02:13:36 [DEBUG] urllib3.connectionpool: https://sheets.googleapis.com:443 "GET /v4/spreadsheets/1hjXERVEURCeKXeCw8TUbrkjF25_GVmORN0JgjZuu058?includeGridData=false HTTP/1.1" 200 None
2025-07-28 02:13:37 [DEBUG] urllib3.connectionpool: https://sheets.googleapis.com:443 "GET /v4/spreadsheets/1hjXERVEURCeKXeCw8TUbrkjF25_GVmORN0JgjZuu058/values/%27Verification%27 HTTP/1.1" 200 None
2025-07-28 02:13:37 [DEBUG] urllib3.connectionpool: https://sheets.googleapis.com:443 "GET /v4/spreadsheets/1hjXERVEURCeKXeCw8TUbrkjF25_GVmORN0JgjZuu058/values/%27Verification%27 HTTP/1.1" 200 None
2025-07-28 02:13:37 [DEBUG] urllib3.connectionpool: https://sheets.googleapis.com:443 "POST /v4/spreadsheets/1hjXERVEURCeKXeCw8TUbrkjF25_GVmORN0JgjZuu058/values:batchUpdate HTTP/1.1" 200 None
2025-07-28 02:13:37 [INFO] face-presence-api: [BatchLogger] Updated verification for 1 users
2025-07-28 02:13:42 [DEBUG] face-presence-api: [BatchLogger] No durations, skip flush
2025-07-28 02:13:52 [DEBUG] face-presence-api: [BatchLogger] No durations, skip flush
2025-07-28 02:13:53 [DEBUG] python_multipart.multipart: Calling on_part_begin with no data
2025-07-28 02:13:53 [DEBUG] python_multipart.multipart: Calling on_header_field with data[42:61]
2025-07-28 02:13:53 [DEBUG] python_multipart.multipart: Calling on_header_value with data[63:88]
2025-07-28 02:13:53 [DEBUG] python_multipart.multipart: Calling on_header_end with no data
2025-07-28 02:13:53 [DEBUG] python_multipart.multipart: Calling on_headers_finished with no data
2025-07-28 02:13:53 [DEBUG] python_multipart.multipart: Calling on_part_data with data[92:94]
2025-07-28 02:13:53 [DEBUG] python_multipart.multipart: Calling on_part_end with no data
2025-07-28 02:13:53 [DEBUG] python_multipart.multipart: Calling on_end with no data
2025-07-28 02:13:53 [INFO] face-presence-api: Checking status for user: 44
2025-07-28 02:13:53 [INFO] face-presence-api: User 44 is already registered.
2025-07-28 02:14:02 [DEBUG] face-presence-api: [BatchLogger] No durations, skip flush
2025-07-28 02:14:05 [DEBUG] face-presence-api: [BatchLogger] No registrations, skip flush
2025-07-28 02:14:07 [DEBUG] face-presence-api: [BatchLogger] No verifications, skip flush
2025-07-28 02:14:08 [DEBUG] python_multipart.multipart: Calling on_part_begin with no data
2025-07-28 02:14:08 [DEBUG] python_multipart.multipart: Calling on_header_field with data[42:61]
2025-07-28 02:14:08 [DEBUG] python_multipart.multipart: Calling on_header_value with data[63:88]
2025-07-28 02:14:08 [DEBUG] python_multipart.multipart: Calling on_header_end with no data
2025-07-28 02:14:08 [DEBUG] python_multipart.multipart: Calling on_headers_finished with no data
2025-07-28 02:14:08 [DEBUG] python_multipart.multipart: Calling on_part_data with data[92:94]
2025-07-28 02:14:08 [DEBUG] python_multipart.multipart: Calling on_part_end with no data
2025-07-28 02:14:08 [DEBUG] python_multipart.multipart: Calling on_part_begin with no data
2025-07-28 02:14:08 [DEBUG] python_multipart.multipart: Calling on_header_field with data[138:157]
2025-07-28 02:14:08 [DEBUG] python_multipart.multipart: Calling on_header_value with data[159:205]
2025-07-28 02:14:08 [DEBUG] python_multipart.multipart: Calling on_header_end with no data
2025-07-28 02:14:08 [DEBUG] python_multipart.multipart: Calling on_header_field with data[207:219]
2025-07-28 02:14:08 [DEBUG] python_multipart.multipart: Calling on_header_value with data[221:231]
2025-07-28 02:14:08 [DEBUG] python_multipart.multipart: Calling on_header_end with no data
2025-07-28 02:14:08 [DEBUG] python_multipart.multipart: Calling on_headers_finished with no data
2025-07-28 02:14:08 [DEBUG] python_multipart.multipart: Calling on_part_data with data[235:2671]
2025-07-28 02:14:08 [DEBUG] python_multipart.multipart: Calling on_part_end with no data
2025-07-28 02:14:08 [DEBUG] python_multipart.multipart: Calling on_part_begin with no data
2025-07-28 02:14:08 [DEBUG] python_multipart.multipart: Calling on_header_field with data[2715:2734]
2025-07-28 02:14:08 [DEBUG] python_multipart.multipart: Calling on_header_value with data[2736:2782]
2025-07-28 02:14:08 [DEBUG] python_multipart.multipart: Calling on_header_end with no data
2025-07-28 02:14:08 [DEBUG] python_multipart.multipart: Calling on_header_field with data[2784:2796]
2025-07-28 02:14:08 [DEBUG] python_multipart.multipart: Calling on_header_value with data[2798:2808]
2025-07-28 02:14:08 [DEBUG] python_multipart.multipart: Calling on_header_end with no data
2025-07-28 02:14:08 [DEBUG] python_multipart.multipart: Calling on_headers_finished with no data
2025-07-28 02:14:08 [DEBUG] python_multipart.multipart: Calling on_part_data with data[2812:5220]
2025-07-28 02:14:08 [DEBUG] python_multipart.multipart: Calling on_part_end with no data
2025-07-28 02:14:08 [DEBUG] python_multipart.multipart: Calling on_part_begin with no data
2025-07-28 02:14:08 [DEBUG] python_multipart.multipart: Calling on_header_field with data[5264:5283]
2025-07-28 02:14:08 [DEBUG] python_multipart.multipart: Calling on_header_value with data[5285:5331]
2025-07-28 02:14:08 [DEBUG] python_multipart.multipart: Calling on_header_end with no data
2025-07-28 02:14:08 [DEBUG] python_multipart.multipart: Calling on_header_field with data[5333:5345]
2025-07-28 02:14:08 [DEBUG] python_multipart.multipart: Calling on_header_value with data[5347:5357]
2025-07-28 02:14:08 [DEBUG] python_multipart.multipart: Calling on_header_end with no data
2025-07-28 02:14:08 [DEBUG] python_multipart.multipart: Calling on_headers_finished with no data
2025-07-28 02:14:08 [DEBUG] python_multipart.multipart: Calling on_part_data with data[5361:7769]
2025-07-28 02:14:08 [DEBUG] python_multipart.multipart: Calling on_part_end with no data
2025-07-28 02:14:08 [DEBUG] python_multipart.multipart: Calling on_part_begin with no data
2025-07-28 02:14:08 [DEBUG] python_multipart.multipart: Calling on_header_field with data[7813:7832]
2025-07-28 02:14:08 [DEBUG] python_multipart.multipart: Calling on_header_value with data[7834:7880]
2025-07-28 02:14:08 [DEBUG] python_multipart.multipart: Calling on_header_end with no data
2025-07-28 02:14:08 [DEBUG] python_multipart.multipart: Calling on_header_field with data[7882:7894]
2025-07-28 02:14:08 [DEBUG] python_multipart.multipart: Calling on_header_value with data[7896:7906]
2025-07-28 02:14:08 [DEBUG] python_multipart.multipart: Calling on_header_end with no data
2025-07-28 02:14:08 [DEBUG] python_multipart.multipart: Calling on_headers_finished with no data
2025-07-28 02:14:08 [DEBUG] python_multipart.multipart: Calling on_part_data with data[7910:10318]
2025-07-28 02:14:08 [DEBUG] python_multipart.multipart: Calling on_part_end with no data
2025-07-28 02:14:08 [DEBUG] python_multipart.multipart: Calling on_part_begin with no data
2025-07-28 02:14:08 [DEBUG] python_multipart.multipart: Calling on_header_field with data[10362:10381]
2025-07-28 02:14:08 [DEBUG] python_multipart.multipart: Calling on_header_value with data[10383:10429]
2025-07-28 02:14:08 [DEBUG] python_multipart.multipart: Calling on_header_end with no data
2025-07-28 02:14:08 [DEBUG] python_multipart.multipart: Calling on_header_field with data[10431:10443]
2025-07-28 02:14:08 [DEBUG] python_multipart.multipart: Calling on_header_value with data[10445:10455]
2025-07-28 02:14:08 [DEBUG] python_multipart.multipart: Calling on_header_end with no data
2025-07-28 02:14:08 [DEBUG] python_multipart.multipart: Calling on_headers_finished with no data
2025-07-28 02:14:08 [DEBUG] python_multipart.multipart: Calling on_part_data with data[10459:12867]
2025-07-28 02:14:08 [DEBUG] python_multipart.multipart: Calling on_part_end with no data
2025-07-28 02:14:08 [DEBUG] python_multipart.multipart: Calling on_part_begin with no data
2025-07-28 02:14:08 [DEBUG] python_multipart.multipart: Calling on_header_field with data[12911:12930]
2025-07-28 02:14:08 [DEBUG] python_multipart.multipart: Calling on_header_value with data[12932:12978]
2025-07-28 02:14:08 [DEBUG] python_multipart.multipart: Calling on_header_end with no data
2025-07-28 02:14:08 [DEBUG] python_multipart.multipart: Calling on_header_field with data[12980:12992]
2025-07-28 02:14:08 [DEBUG] python_multipart.multipart: Calling on_header_value with data[12994:13004]
2025-07-28 02:14:08 [DEBUG] python_multipart.multipart: Calling on_header_end with no data
2025-07-28 02:14:08 [DEBUG] python_multipart.multipart: Calling on_headers_finished with no data
2025-07-28 02:14:08 [DEBUG] python_multipart.multipart: Calling on_part_data with data[13008:15390]
2025-07-28 02:14:08 [DEBUG] python_multipart.multipart: Calling on_part_end with no data
2025-07-28 02:14:08 [DEBUG] python_multipart.multipart: Calling on_part_begin with no data
2025-07-28 02:14:08 [DEBUG] python_multipart.multipart: Calling on_header_field with data[15434:15453]
2025-07-28 02:14:08 [DEBUG] python_multipart.multipart: Calling on_header_value with data[15455:15501]
2025-07-28 02:14:08 [DEBUG] python_multipart.multipart: Calling on_header_end with no data
2025-07-28 02:14:08 [DEBUG] python_multipart.multipart: Calling on_header_field with data[15503:15515]
2025-07-28 02:14:08 [DEBUG] python_multipart.multipart: Calling on_header_value with data[15517:15527]
2025-07-28 02:14:08 [DEBUG] python_multipart.multipart: Calling on_header_end with no data
2025-07-28 02:14:08 [DEBUG] python_multipart.multipart: Calling on_headers_finished with no data
2025-07-28 02:14:08 [DEBUG] python_multipart.multipart: Calling on_part_data with data[15531:17999]
2025-07-28 02:14:08 [DEBUG] python_multipart.multipart: Calling on_part_end with no data
2025-07-28 02:14:08 [DEBUG] python_multipart.multipart: Calling on_part_begin with no data
2025-07-28 02:14:08 [DEBUG] python_multipart.multipart: Calling on_header_field with data[18043:18062]
2025-07-28 02:14:08 [DEBUG] python_multipart.multipart: Calling on_header_value with data[18064:18110]
2025-07-28 02:14:08 [DEBUG] python_multipart.multipart: Calling on_header_end with no data
2025-07-28 02:14:08 [DEBUG] python_multipart.multipart: Calling on_header_field with data[18112:18124]
2025-07-28 02:14:08 [DEBUG] python_multipart.multipart: Calling on_header_value with data[18126:18136]
2025-07-28 02:14:08 [DEBUG] python_multipart.multipart: Calling on_header_end with no data
2025-07-28 02:14:08 [DEBUG] python_multipart.multipart: Calling on_headers_finished with no data
2025-07-28 02:14:08 [DEBUG] python_multipart.multipart: Calling on_part_data with data[18140:20586]
2025-07-28 02:14:08 [DEBUG] python_multipart.multipart: Calling on_part_end with no data
2025-07-28 02:14:08 [DEBUG] python_multipart.multipart: Calling on_part_begin with no data
2025-07-28 02:14:08 [DEBUG] python_multipart.multipart: Calling on_header_field with data[20630:20649]
2025-07-28 02:14:08 [DEBUG] python_multipart.multipart: Calling on_header_value with data[20651:20697]
2025-07-28 02:14:08 [DEBUG] python_multipart.multipart: Calling on_header_end with no data
2025-07-28 02:14:08 [DEBUG] python_multipart.multipart: Calling on_header_field with data[20699:20711]
2025-07-28 02:14:08 [DEBUG] python_multipart.multipart: Calling on_header_value with data[20713:20723]
2025-07-28 02:14:08 [DEBUG] python_multipart.multipart: Calling on_header_end with no data
2025-07-28 02:14:08 [DEBUG] python_multipart.multipart: Calling on_headers_finished with no data
2025-07-28 02:14:08 [DEBUG] python_multipart.multipart: Calling on_part_data with data[20727:23209]
2025-07-28 02:14:08 [DEBUG] python_multipart.multipart: Calling on_part_end with no data
2025-07-28 02:14:08 [DEBUG] python_multipart.multipart: Calling on_part_begin with no data
2025-07-28 02:14:08 [DEBUG] python_multipart.multipart: Calling on_header_field with data[23253:23272]
2025-07-28 02:14:08 [DEBUG] python_multipart.multipart: Calling on_header_value with data[23274:23321]
2025-07-28 02:14:08 [DEBUG] python_multipart.multipart: Calling on_header_end with no data
2025-07-28 02:14:08 [DEBUG] python_multipart.multipart: Calling on_header_field with data[23323:23335]
2025-07-28 02:14:08 [DEBUG] python_multipart.multipart: Calling on_header_value with data[23337:23347]
2025-07-28 02:14:08 [DEBUG] python_multipart.multipart: Calling on_header_end with no data
2025-07-28 02:14:08 [DEBUG] python_multipart.multipart: Calling on_headers_finished with no data
2025-07-28 02:14:08 [DEBUG] python_multipart.multipart: Calling on_part_data with data[23351:25805]
2025-07-28 02:14:08 [DEBUG] python_multipart.multipart: Calling on_part_end with no data
2025-07-28 02:14:08 [DEBUG] python_multipart.multipart: Calling on_part_begin with no data
2025-07-28 02:14:08 [DEBUG] python_multipart.multipart: Calling on_header_field with data[25849:25868]
2025-07-28 02:14:08 [DEBUG] python_multipart.multipart: Calling on_header_value with data[25870:25917]
2025-07-28 02:14:08 [DEBUG] python_multipart.multipart: Calling on_header_end with no data
2025-07-28 02:14:08 [DEBUG] python_multipart.multipart: Calling on_header_field with data[25919:25931]
2025-07-28 02:14:08 [DEBUG] python_multipart.multipart: Calling on_header_value with data[25933:25943]
2025-07-28 02:14:08 [DEBUG] python_multipart.multipart: Calling on_header_end with no data
2025-07-28 02:14:08 [DEBUG] python_multipart.multipart: Calling on_headers_finished with no data
2025-07-28 02:14:08 [DEBUG] python_multipart.multipart: Calling on_part_data with data[25947:28399]
2025-07-28 02:14:08 [DEBUG] python_multipart.multipart: Calling on_part_end with no data
2025-07-28 02:14:08 [DEBUG] python_multipart.multipart: Calling on_part_begin with no data
2025-07-28 02:14:08 [DEBUG] python_multipart.multipart: Calling on_header_field with data[28443:28462]
2025-07-28 02:14:08 [DEBUG] python_multipart.multipart: Calling on_header_value with data[28464:28511]
2025-07-28 02:14:08 [DEBUG] python_multipart.multipart: Calling on_header_end with no data
2025-07-28 02:14:08 [DEBUG] python_multipart.multipart: Calling on_header_field with data[28513:28525]
2025-07-28 02:14:08 [DEBUG] python_multipart.multipart: Calling on_header_value with data[28527:28537]
2025-07-28 02:14:08 [DEBUG] python_multipart.multipart: Calling on_header_end with no data
2025-07-28 02:14:08 [DEBUG] python_multipart.multipart: Calling on_headers_finished with no data
2025-07-28 02:14:08 [DEBUG] python_multipart.multipart: Calling on_part_data with data[28541:30989]
2025-07-28 02:14:08 [DEBUG] python_multipart.multipart: Calling on_part_end with no data
2025-07-28 02:14:08 [DEBUG] python_multipart.multipart: Calling on_part_begin with no data
2025-07-28 02:14:08 [DEBUG] python_multipart.multipart: Calling on_header_field with data[31033:31052]
2025-07-28 02:14:08 [DEBUG] python_multipart.multipart: Calling on_header_value with data[31054:31101]
2025-07-28 02:14:08 [DEBUG] python_multipart.multipart: Calling on_header_end with no data
2025-07-28 02:14:08 [DEBUG] python_multipart.multipart: Calling on_header_field with data[31103:31115]
2025-07-28 02:14:08 [DEBUG] python_multipart.multipart: Calling on_header_value with data[31117:31127]
2025-07-28 02:14:08 [DEBUG] python_multipart.multipart: Calling on_header_end with no data
2025-07-28 02:14:08 [DEBUG] python_multipart.multipart: Calling on_headers_finished with no data
2025-07-28 02:14:08 [DEBUG] python_multipart.multipart: Calling on_part_data with data[31131:33543]
2025-07-28 02:14:08 [DEBUG] python_multipart.multipart: Calling on_part_end with no data
2025-07-28 02:14:08 [DEBUG] python_multipart.multipart: Calling on_part_begin with no data
2025-07-28 02:14:08 [DEBUG] python_multipart.multipart: Calling on_header_field with data[33587:33606]
2025-07-28 02:14:08 [DEBUG] python_multipart.multipart: Calling on_header_value with data[33608:33655]
2025-07-28 02:14:08 [DEBUG] python_multipart.multipart: Calling on_header_end with no data
2025-07-28 02:14:08 [DEBUG] python_multipart.multipart: Calling on_header_field with data[33657:33669]
2025-07-28 02:14:08 [DEBUG] python_multipart.multipart: Calling on_header_value with data[33671:33681]
2025-07-28 02:14:08 [DEBUG] python_multipart.multipart: Calling on_header_end with no data
2025-07-28 02:14:08 [DEBUG] python_multipart.multipart: Calling on_headers_finished with no data
2025-07-28 02:14:08 [DEBUG] python_multipart.multipart: Calling on_part_data with data[33685:36081]
2025-07-28 02:14:08 [DEBUG] python_multipart.multipart: Calling on_part_end with no data
2025-07-28 02:14:08 [DEBUG] python_multipart.multipart: Calling on_part_begin with no data
2025-07-28 02:14:08 [DEBUG] python_multipart.multipart: Calling on_header_field with data[36125:36144]
2025-07-28 02:14:08 [DEBUG] python_multipart.multipart: Calling on_header_value with data[36146:36193]
2025-07-28 02:14:08 [DEBUG] python_multipart.multipart: Calling on_header_end with no data
2025-07-28 02:14:08 [DEBUG] python_multipart.multipart: Calling on_header_field with data[36195:36207]
2025-07-28 02:14:08 [DEBUG] python_multipart.multipart: Calling on_header_value with data[36209:36219]
2025-07-28 02:14:08 [DEBUG] python_multipart.multipart: Calling on_header_end with no data
2025-07-28 02:14:08 [DEBUG] python_multipart.multipart: Calling on_headers_finished with no data
2025-07-28 02:14:08 [DEBUG] python_multipart.multipart: Calling on_part_data with data[36223:38611]
2025-07-28 02:14:08 [DEBUG] python_multipart.multipart: Calling on_part_end with no data
2025-07-28 02:14:08 [DEBUG] python_multipart.multipart: Calling on_part_begin with no data
2025-07-28 02:14:08 [DEBUG] python_multipart.multipart: Calling on_header_field with data[38655:38674]
2025-07-28 02:14:08 [DEBUG] python_multipart.multipart: Calling on_header_value with data[38676:38723]
2025-07-28 02:14:08 [DEBUG] python_multipart.multipart: Calling on_header_end with no data
2025-07-28 02:14:08 [DEBUG] python_multipart.multipart: Calling on_header_field with data[38725:38737]
2025-07-28 02:14:08 [DEBUG] python_multipart.multipart: Calling on_header_value with data[38739:38749]
2025-07-28 02:14:08 [DEBUG] python_multipart.multipart: Calling on_header_end with no data
2025-07-28 02:14:08 [DEBUG] python_multipart.multipart: Calling on_headers_finished with no data
2025-07-28 02:14:08 [DEBUG] python_multipart.multipart: Calling on_part_data with data[38753:41203]
2025-07-28 02:14:08 [DEBUG] python_multipart.multipart: Calling on_part_end with no data
2025-07-28 02:14:08 [DEBUG] python_multipart.multipart: Calling on_part_begin with no data
2025-07-28 02:14:08 [DEBUG] python_multipart.multipart: Calling on_header_field with data[41247:41266]
2025-07-28 02:14:08 [DEBUG] python_multipart.multipart: Calling on_header_value with data[41268:41315]
2025-07-28 02:14:08 [DEBUG] python_multipart.multipart: Calling on_header_end with no data
2025-07-28 02:14:08 [DEBUG] python_multipart.multipart: Calling on_header_field with data[41317:41329]
2025-07-28 02:14:08 [DEBUG] python_multipart.multipart: Calling on_header_value with data[41331:41341]
2025-07-28 02:14:08 [DEBUG] python_multipart.multipart: Calling on_header_end with no data
2025-07-28 02:14:08 [DEBUG] python_multipart.multipart: Calling on_headers_finished with no data
2025-07-28 02:14:08 [DEBUG] python_multipart.multipart: Calling on_part_data with data[41345:43811]
2025-07-28 02:14:08 [DEBUG] python_multipart.multipart: Calling on_part_end with no data
2025-07-28 02:14:08 [DEBUG] python_multipart.multipart: Calling on_part_begin with no data
2025-07-28 02:14:08 [DEBUG] python_multipart.multipart: Calling on_header_field with data[43855:43874]
2025-07-28 02:14:08 [DEBUG] python_multipart.multipart: Calling on_header_value with data[43876:43923]
2025-07-28 02:14:08 [DEBUG] python_multipart.multipart: Calling on_header_end with no data
2025-07-28 02:14:08 [DEBUG] python_multipart.multipart: Calling on_header_field with data[43925:43937]
2025-07-28 02:14:08 [DEBUG] python_multipart.multipart: Calling on_header_value with data[43939:43949]
2025-07-28 02:14:08 [DEBUG] python_multipart.multipart: Calling on_header_end with no data
2025-07-28 02:14:08 [DEBUG] python_multipart.multipart: Calling on_headers_finished with no data
2025-07-28 02:14:08 [DEBUG] python_multipart.multipart: Calling on_part_data with data[43953:46387]
2025-07-28 02:14:08 [DEBUG] python_multipart.multipart: Calling on_part_end with no data
2025-07-28 02:14:08 [DEBUG] python_multipart.multipart: Calling on_part_begin with no data
2025-07-28 02:14:08 [DEBUG] python_multipart.multipart: Calling on_header_field with data[46431:46450]
2025-07-28 02:14:08 [DEBUG] python_multipart.multipart: Calling on_header_value with data[46452:46499]
2025-07-28 02:14:08 [DEBUG] python_multipart.multipart: Calling on_header_end with no data
2025-07-28 02:14:08 [DEBUG] python_multipart.multipart: Calling on_header_field with data[46501:46513]
2025-07-28 02:14:08 [DEBUG] python_multipart.multipart: Calling on_header_value with data[46515:46525]
2025-07-28 02:14:08 [DEBUG] python_multipart.multipart: Calling on_header_end with no data
2025-07-28 02:14:08 [DEBUG] python_multipart.multipart: Calling on_headers_finished with no data
2025-07-28 02:14:08 [DEBUG] python_multipart.multipart: Calling on_part_data with data[46529:48985]
2025-07-28 02:14:08 [DEBUG] python_multipart.multipart: Calling on_part_end with no data
2025-07-28 02:14:08 [DEBUG] python_multipart.multipart: Calling on_part_begin with no data
2025-07-28 02:14:08 [DEBUG] python_multipart.multipart: Calling on_header_field with data[49029:49048]
2025-07-28 02:14:08 [DEBUG] python_multipart.multipart: Calling on_header_value with data[49050:49097]
2025-07-28 02:14:08 [DEBUG] python_multipart.multipart: Calling on_header_end with no data
2025-07-28 02:14:08 [DEBUG] python_multipart.multipart: Calling on_header_field with data[49099:49111]
2025-07-28 02:14:08 [DEBUG] python_multipart.multipart: Calling on_header_value with data[49113:49123]
2025-07-28 02:14:08 [DEBUG] python_multipart.multipart: Calling on_header_end with no data
2025-07-28 02:14:08 [DEBUG] python_multipart.multipart: Calling on_headers_finished with no data
2025-07-28 02:14:08 [DEBUG] python_multipart.multipart: Calling on_part_data with data[49127:51559]
2025-07-28 02:14:08 [DEBUG] python_multipart.multipart: Calling on_part_end with no data
2025-07-28 02:14:08 [DEBUG] python_multipart.multipart: Calling on_part_begin with no data
2025-07-28 02:14:08 [DEBUG] python_multipart.multipart: Calling on_header_field with data[51603:51622]
2025-07-28 02:14:08 [DEBUG] python_multipart.multipart: Calling on_header_value with data[51624:51671]
2025-07-28 02:14:08 [DEBUG] python_multipart.multipart: Calling on_header_end with no data
2025-07-28 02:14:08 [DEBUG] python_multipart.multipart: Calling on_header_field with data[51673:51685]
2025-07-28 02:14:08 [DEBUG] python_multipart.multipart: Calling on_header_value with data[51687:51697]
2025-07-28 02:14:08 [DEBUG] python_multipart.multipart: Calling on_header_end with no data
2025-07-28 02:14:08 [DEBUG] python_multipart.multipart: Calling on_headers_finished with no data
2025-07-28 02:14:08 [DEBUG] python_multipart.multipart: Calling on_part_data with data[51701:54167]
2025-07-28 02:14:08 [DEBUG] python_multipart.multipart: Calling on_part_end with no data
2025-07-28 02:14:08 [DEBUG] python_multipart.multipart: Calling on_part_begin with no data
2025-07-28 02:14:08 [DEBUG] python_multipart.multipart: Calling on_header_field with data[54211:54230]
2025-07-28 02:14:08 [DEBUG] python_multipart.multipart: Calling on_header_value with data[54232:54279]
2025-07-28 02:14:08 [DEBUG] python_multipart.multipart: Calling on_header_end with no data
2025-07-28 02:14:08 [DEBUG] python_multipart.multipart: Calling on_header_field with data[54281:54293]
2025-07-28 02:14:08 [DEBUG] python_multipart.multipart: Calling on_header_value with data[54295:54305]
2025-07-28 02:14:08 [DEBUG] python_multipart.multipart: Calling on_header_end with no data
2025-07-28 02:14:08 [DEBUG] python_multipart.multipart: Calling on_headers_finished with no data
2025-07-28 02:14:08 [DEBUG] python_multipart.multipart: Calling on_part_data with data[54309:56773]
2025-07-28 02:14:08 [DEBUG] python_multipart.multipart: Calling on_part_end with no data
2025-07-28 02:14:08 [DEBUG] python_multipart.multipart: Calling on_part_begin with no data
2025-07-28 02:14:08 [DEBUG] python_multipart.multipart: Calling on_header_field with data[56817:56836]
2025-07-28 02:14:08 [DEBUG] python_multipart.multipart: Calling on_header_value with data[56838:56885]
2025-07-28 02:14:08 [DEBUG] python_multipart.multipart: Calling on_header_end with no data
2025-07-28 02:14:08 [DEBUG] python_multipart.multipart: Calling on_header_field with data[56887:56899]
2025-07-28 02:14:08 [DEBUG] python_multipart.multipart: Calling on_header_value with data[56901:56911]
2025-07-28 02:14:08 [DEBUG] python_multipart.multipart: Calling on_header_end with no data
2025-07-28 02:14:08 [DEBUG] python_multipart.multipart: Calling on_headers_finished with no data
2025-07-28 02:14:08 [DEBUG] python_multipart.multipart: Calling on_part_data with data[56915:59391]
2025-07-28 02:14:08 [DEBUG] python_multipart.multipart: Calling on_part_end with no data
2025-07-28 02:14:08 [DEBUG] python_multipart.multipart: Calling on_part_begin with no data
2025-07-28 02:14:08 [DEBUG] python_multipart.multipart: Calling on_header_field with data[59435:59454]
2025-07-28 02:14:08 [DEBUG] python_multipart.multipart: Calling on_header_value with data[59456:59503]
2025-07-28 02:14:08 [DEBUG] python_multipart.multipart: Calling on_header_end with no data
2025-07-28 02:14:08 [DEBUG] python_multipart.multipart: Calling on_header_field with data[59505:59517]
2025-07-28 02:14:08 [DEBUG] python_multipart.multipart: Calling on_header_value with data[59519:59529]
2025-07-28 02:14:08 [DEBUG] python_multipart.multipart: Calling on_header_end with no data
2025-07-28 02:14:08 [DEBUG] python_multipart.multipart: Calling on_headers_finished with no data
2025-07-28 02:14:08 [DEBUG] python_multipart.multipart: Calling on_part_data with data[59533:61959]
2025-07-28 02:14:08 [DEBUG] python_multipart.multipart: Calling on_part_end with no data
2025-07-28 02:14:08 [DEBUG] python_multipart.multipart: Calling on_part_begin with no data
2025-07-28 02:14:08 [DEBUG] python_multipart.multipart: Calling on_header_field with data[62003:62022]
2025-07-28 02:14:08 [DEBUG] python_multipart.multipart: Calling on_header_value with data[62024:62071]
2025-07-28 02:14:08 [DEBUG] python_multipart.multipart: Calling on_header_end with no data
2025-07-28 02:14:08 [DEBUG] python_multipart.multipart: Calling on_header_field with data[62073:62085]
2025-07-28 02:14:08 [DEBUG] python_multipart.multipart: Calling on_header_value with data[62087:62097]
2025-07-28 02:14:08 [DEBUG] python_multipart.multipart: Calling on_header_end with no data
2025-07-28 02:14:08 [DEBUG] python_multipart.multipart: Calling on_headers_finished with no data
2025-07-28 02:14:08 [DEBUG] python_multipart.multipart: Calling on_part_data with data[62101:64545]
2025-07-28 02:14:08 [DEBUG] python_multipart.multipart: Calling on_part_end with no data
2025-07-28 02:14:08 [DEBUG] python_multipart.multipart: Calling on_part_begin with no data
2025-07-28 02:14:08 [DEBUG] python_multipart.multipart: Calling on_header_field with data[64589:64608]
2025-07-28 02:14:08 [DEBUG] python_multipart.multipart: Calling on_header_value with data[64610:64657]
2025-07-28 02:14:08 [DEBUG] python_multipart.multipart: Calling on_header_end with no data
2025-07-28 02:14:08 [DEBUG] python_multipart.multipart: Calling on_header_field with data[64659:64671]
2025-07-28 02:14:08 [DEBUG] python_multipart.multipart: Calling on_header_value with data[64673:64683]
2025-07-28 02:14:08 [DEBUG] python_multipart.multipart: Calling on_header_end with no data
2025-07-28 02:14:08 [DEBUG] python_multipart.multipart: Calling on_headers_finished with no data
2025-07-28 02:14:08 [DEBUG] python_multipart.multipart: Calling on_part_data with data[64687:67097]
2025-07-28 02:14:08 [DEBUG] python_multipart.multipart: Calling on_part_end with no data
2025-07-28 02:14:08 [DEBUG] python_multipart.multipart: Calling on_part_begin with no data
2025-07-28 02:14:08 [DEBUG] python_multipart.multipart: Calling on_header_field with data[67141:67160]
2025-07-28 02:14:08 [DEBUG] python_multipart.multipart: Calling on_header_value with data[67162:67209]
2025-07-28 02:14:08 [DEBUG] python_multipart.multipart: Calling on_header_end with no data
2025-07-28 02:14:08 [DEBUG] python_multipart.multipart: Calling on_header_field with data[67211:67223]
2025-07-28 02:14:08 [DEBUG] python_multipart.multipart: Calling on_header_value with data[67225:67235]
2025-07-28 02:14:08 [DEBUG] python_multipart.multipart: Calling on_header_end with no data
2025-07-28 02:14:08 [DEBUG] python_multipart.multipart: Calling on_headers_finished with no data
2025-07-28 02:14:08 [DEBUG] python_multipart.multipart: Calling on_part_data with data[67239:69661]
2025-07-28 02:14:08 [DEBUG] python_multipart.multipart: Calling on_part_end with no data
2025-07-28 02:14:08 [DEBUG] python_multipart.multipart: Calling on_part_begin with no data
2025-07-28 02:14:08 [DEBUG] python_multipart.multipart: Calling on_header_field with data[69705:69724]
2025-07-28 02:14:08 [DEBUG] python_multipart.multipart: Calling on_header_value with data[69726:69773]
2025-07-28 02:14:08 [DEBUG] python_multipart.multipart: Calling on_header_end with no data
2025-07-28 02:14:08 [DEBUG] python_multipart.multipart: Calling on_header_field with data[69775:69787]
2025-07-28 02:14:08 [DEBUG] python_multipart.multipart: Calling on_header_value with data[69789:69799]
2025-07-28 02:14:08 [DEBUG] python_multipart.multipart: Calling on_header_end with no data
2025-07-28 02:14:08 [DEBUG] python_multipart.multipart: Calling on_headers_finished with no data
2025-07-28 02:14:08 [DEBUG] python_multipart.multipart: Calling on_part_data with data[69803:72219]
2025-07-28 02:14:08 [DEBUG] python_multipart.multipart: Calling on_part_end with no data
2025-07-28 02:14:08 [DEBUG] python_multipart.multipart: Calling on_part_begin with no data
2025-07-28 02:14:08 [DEBUG] python_multipart.multipart: Calling on_header_field with data[72263:72282]
2025-07-28 02:14:08 [DEBUG] python_multipart.multipart: Calling on_header_value with data[72284:72331]
2025-07-28 02:14:08 [DEBUG] python_multipart.multipart: Calling on_header_end with no data
2025-07-28 02:14:08 [DEBUG] python_multipart.multipart: Calling on_header_field with data[72333:72345]
2025-07-28 02:14:08 [DEBUG] python_multipart.multipart: Calling on_header_value with data[72347:72357]
2025-07-28 02:14:08 [DEBUG] python_multipart.multipart: Calling on_header_end with no data
2025-07-28 02:14:08 [DEBUG] python_multipart.multipart: Calling on_headers_finished with no data
2025-07-28 02:14:08 [DEBUG] python_multipart.multipart: Calling on_part_data with data[72361:74759]
2025-07-28 02:14:08 [DEBUG] python_multipart.multipart: Calling on_part_end with no data
2025-07-28 02:14:08 [DEBUG] python_multipart.multipart: Calling on_part_begin with no data
2025-07-28 02:14:08 [DEBUG] python_multipart.multipart: Calling on_header_field with data[74803:74822]
2025-07-28 02:14:08 [DEBUG] python_multipart.multipart: Calling on_header_value with data[74824:74871]
2025-07-28 02:14:08 [DEBUG] python_multipart.multipart: Calling on_header_end with no data
2025-07-28 02:14:08 [DEBUG] python_multipart.multipart: Calling on_header_field with data[74873:74885]
2025-07-28 02:14:08 [DEBUG] python_multipart.multipart: Calling on_header_value with data[74887:74897]
2025-07-28 02:14:08 [DEBUG] python_multipart.multipart: Calling on_header_end with no data
2025-07-28 02:14:08 [DEBUG] python_multipart.multipart: Calling on_headers_finished with no data
2025-07-28 02:14:08 [DEBUG] python_multipart.multipart: Calling on_part_data with data[74901:77301]
2025-07-28 02:14:08 [DEBUG] python_multipart.multipart: Calling on_part_end with no data
2025-07-28 02:14:08 [DEBUG] python_multipart.multipart: Calling on_part_begin with no data
2025-07-28 02:14:08 [DEBUG] python_multipart.multipart: Calling on_header_field with data[77345:77364]
2025-07-28 02:14:08 [DEBUG] python_multipart.multipart: Calling on_header_value with data[77366:77413]
2025-07-28 02:14:08 [DEBUG] python_multipart.multipart: Calling on_header_end with no data
2025-07-28 02:14:08 [DEBUG] python_multipart.multipart: Calling on_header_field with data[77415:77427]
2025-07-28 02:14:08 [DEBUG] python_multipart.multipart: Calling on_header_value with data[77429:77439]
2025-07-28 02:14:08 [DEBUG] python_multipart.multipart: Calling on_header_end with no data
2025-07-28 02:14:08 [DEBUG] python_multipart.multipart: Calling on_headers_finished with no data
2025-07-28 02:14:08 [DEBUG] python_multipart.multipart: Calling on_part_data with data[77443:79819]
2025-07-28 02:14:08 [DEBUG] python_multipart.multipart: Calling on_part_end with no data
2025-07-28 02:14:08 [DEBUG] python_multipart.multipart: Calling on_part_begin with no data
2025-07-28 02:14:08 [DEBUG] python_multipart.multipart: Calling on_header_field with data[79863:79882]
2025-07-28 02:14:08 [DEBUG] python_multipart.multipart: Calling on_header_value with data[79884:79931]
2025-07-28 02:14:08 [DEBUG] python_multipart.multipart: Calling on_header_end with no data
2025-07-28 02:14:08 [DEBUG] python_multipart.multipart: Calling on_header_field with data[79933:79945]
2025-07-28 02:14:08 [DEBUG] python_multipart.multipart: Calling on_header_value with data[79947:79957]
2025-07-28 02:14:08 [DEBUG] python_multipart.multipart: Calling on_header_end with no data
2025-07-28 02:14:08 [DEBUG] python_multipart.multipart: Calling on_headers_finished with no data
2025-07-28 02:14:08 [DEBUG] python_multipart.multipart: Calling on_part_data with data[79961:81920]
2025-07-28 02:14:08 [DEBUG] python_multipart.multipart: Calling on_part_data with data[0:417]
2025-07-28 02:14:08 [DEBUG] python_multipart.multipart: Calling on_part_end with no data
2025-07-28 02:14:08 [DEBUG] python_multipart.multipart: Calling on_part_begin with no data
2025-07-28 02:14:08 [DEBUG] python_multipart.multipart: Calling on_header_field with data[461:480]
2025-07-28 02:14:08 [DEBUG] python_multipart.multipart: Calling on_header_value with data[482:529]
2025-07-28 02:14:08 [DEBUG] python_multipart.multipart: Calling on_header_end with no data
2025-07-28 02:14:08 [DEBUG] python_multipart.multipart: Calling on_header_field with data[531:543]
2025-07-28 02:14:08 [DEBUG] python_multipart.multipart: Calling on_header_value with data[545:555]
2025-07-28 02:14:08 [DEBUG] python_multipart.multipart: Calling on_header_end with no data
2025-07-28 02:14:08 [DEBUG] python_multipart.multipart: Calling on_headers_finished with no data
2025-07-28 02:14:08 [DEBUG] python_multipart.multipart: Calling on_part_data with data[559:2987]
2025-07-28 02:14:08 [DEBUG] python_multipart.multipart: Calling on_part_end with no data
2025-07-28 02:14:08 [DEBUG] python_multipart.multipart: Calling on_part_begin with no data
2025-07-28 02:14:08 [DEBUG] python_multipart.multipart: Calling on_header_field with data[3031:3050]
2025-07-28 02:14:08 [DEBUG] python_multipart.multipart: Calling on_header_value with data[3052:3099]
2025-07-28 02:14:08 [DEBUG] python_multipart.multipart: Calling on_header_end with no data
2025-07-28 02:14:08 [DEBUG] python_multipart.multipart: Calling on_header_field with data[3101:3113]
2025-07-28 02:14:08 [DEBUG] python_multipart.multipart: Calling on_header_value with data[3115:3125]
2025-07-28 02:14:08 [DEBUG] python_multipart.multipart: Calling on_header_end with no data
2025-07-28 02:14:08 [DEBUG] python_multipart.multipart: Calling on_headers_finished with no data
2025-07-28 02:14:08 [DEBUG] python_multipart.multipart: Calling on_part_data with data[3129:5531]
2025-07-28 02:14:08 [DEBUG] python_multipart.multipart: Calling on_part_end with no data
2025-07-28 02:14:08 [DEBUG] python_multipart.multipart: Calling on_part_begin with no data
2025-07-28 02:14:08 [DEBUG] python_multipart.multipart: Calling on_header_field with data[5575:5594]
2025-07-28 02:14:08 [DEBUG] python_multipart.multipart: Calling on_header_value with data[5596:5643]
2025-07-28 02:14:08 [DEBUG] python_multipart.multipart: Calling on_header_end with no data
2025-07-28 02:14:08 [DEBUG] python_multipart.multipart: Calling on_header_field with data[5645:5657]
2025-07-28 02:14:08 [DEBUG] python_multipart.multipart: Calling on_header_value with data[5659:5669]
2025-07-28 02:14:08 [DEBUG] python_multipart.multipart: Calling on_header_end with no data
2025-07-28 02:14:08 [DEBUG] python_multipart.multipart: Calling on_headers_finished with no data
2025-07-28 02:14:08 [DEBUG] python_multipart.multipart: Calling on_part_data with data[5673:8067]
2025-07-28 02:14:08 [DEBUG] python_multipart.multipart: Calling on_part_end with no data
2025-07-28 02:14:08 [DEBUG] python_multipart.multipart: Calling on_part_begin with no data
2025-07-28 02:14:08 [DEBUG] python_multipart.multipart: Calling on_header_field with data[8111:8130]
2025-07-28 02:14:08 [DEBUG] python_multipart.multipart: Calling on_header_value with data[8132:8179]
2025-07-28 02:14:08 [DEBUG] python_multipart.multipart: Calling on_header_end with no data
2025-07-28 02:14:08 [DEBUG] python_multipart.multipart: Calling on_header_field with data[8181:8193]
2025-07-28 02:14:08 [DEBUG] python_multipart.multipart: Calling on_header_value with data[8195:8205]
2025-07-28 02:14:08 [DEBUG] python_multipart.multipart: Calling on_header_end with no data
2025-07-28 02:14:08 [DEBUG] python_multipart.multipart: Calling on_headers_finished with no data
2025-07-28 02:14:08 [DEBUG] python_multipart.multipart: Calling on_part_data with data[8209:10603]
2025-07-28 02:14:08 [DEBUG] python_multipart.multipart: Calling on_part_end with no data
2025-07-28 02:14:08 [DEBUG] python_multipart.multipart: Calling on_part_begin with no data
2025-07-28 02:14:08 [DEBUG] python_multipart.multipart: Calling on_header_field with data[10647:10666]
2025-07-28 02:14:08 [DEBUG] python_multipart.multipart: Calling on_header_value with data[10668:10715]
2025-07-28 02:14:08 [DEBUG] python_multipart.multipart: Calling on_header_end with no data
2025-07-28 02:14:08 [DEBUG] python_multipart.multipart: Calling on_header_field with data[10717:10729]
2025-07-28 02:14:08 [DEBUG] python_multipart.multipart: Calling on_header_value with data[10731:10741]
2025-07-28 02:14:08 [DEBUG] python_multipart.multipart: Calling on_header_end with no data
2025-07-28 02:14:08 [DEBUG] python_multipart.multipart: Calling on_headers_finished with no data
2025-07-28 02:14:08 [DEBUG] python_multipart.multipart: Calling on_part_data with data[10745:13181]
2025-07-28 02:14:08 [DEBUG] python_multipart.multipart: Calling on_part_end with no data
2025-07-28 02:14:08 [DEBUG] python_multipart.multipart: Calling on_part_begin with no data
2025-07-28 02:14:08 [DEBUG] python_multipart.multipart: Calling on_header_field with data[13225:13244]
2025-07-28 02:14:08 [DEBUG] python_multipart.multipart: Calling on_header_value with data[13246:13293]
2025-07-28 02:14:08 [DEBUG] python_multipart.multipart: Calling on_header_end with no data
2025-07-28 02:14:08 [DEBUG] python_multipart.multipart: Calling on_header_field with data[13295:13307]
2025-07-28 02:14:08 [DEBUG] python_multipart.multipart: Calling on_header_value with data[13309:13319]
2025-07-28 02:14:08 [DEBUG] python_multipart.multipart: Calling on_header_end with no data
2025-07-28 02:14:08 [DEBUG] python_multipart.multipart: Calling on_headers_finished with no data
2025-07-28 02:14:08 [DEBUG] python_multipart.multipart: Calling on_part_data with data[13323:15751]
2025-07-28 02:14:08 [DEBUG] python_multipart.multipart: Calling on_part_end with no data
2025-07-28 02:14:08 [DEBUG] python_multipart.multipart: Calling on_part_begin with no data
2025-07-28 02:14:08 [DEBUG] python_multipart.multipart: Calling on_header_field with data[15795:15814]
2025-07-28 02:14:08 [DEBUG] python_multipart.multipart: Calling on_header_value with data[15816:15863]
2025-07-28 02:14:08 [DEBUG] python_multipart.multipart: Calling on_header_end with no data
2025-07-28 02:14:08 [DEBUG] python_multipart.multipart: Calling on_header_field with data[15865:15877]
2025-07-28 02:14:08 [DEBUG] python_multipart.multipart: Calling on_header_value with data[15879:15889]
2025-07-28 02:14:08 [DEBUG] python_multipart.multipart: Calling on_header_end with no data
2025-07-28 02:14:08 [DEBUG] python_multipart.multipart: Calling on_headers_finished with no data
2025-07-28 02:14:08 [DEBUG] python_multipart.multipart: Calling on_part_data with data[15893:18369]
2025-07-28 02:14:08 [DEBUG] python_multipart.multipart: Calling on_part_end with no data
2025-07-28 02:14:08 [DEBUG] python_multipart.multipart: Calling on_part_begin with no data
2025-07-28 02:14:08 [DEBUG] python_multipart.multipart: Calling on_header_field with data[18413:18432]
2025-07-28 02:14:08 [DEBUG] python_multipart.multipart: Calling on_header_value with data[18434:18481]
2025-07-28 02:14:08 [DEBUG] python_multipart.multipart: Calling on_header_end with no data
2025-07-28 02:14:08 [DEBUG] python_multipart.multipart: Calling on_header_field with data[18483:18495]
2025-07-28 02:14:08 [DEBUG] python_multipart.multipart: Calling on_header_value with data[18497:18507]
2025-07-28 02:14:08 [DEBUG] python_multipart.multipart: Calling on_header_end with no data
2025-07-28 02:14:08 [DEBUG] python_multipart.multipart: Calling on_headers_finished with no data
2025-07-28 02:14:08 [DEBUG] python_multipart.multipart: Calling on_part_data with data[18511:21029]
2025-07-28 02:14:08 [DEBUG] python_multipart.multipart: Calling on_part_end with no data
2025-07-28 02:14:08 [DEBUG] python_multipart.multipart: Calling on_part_begin with no data
2025-07-28 02:14:08 [DEBUG] python_multipart.multipart: Calling on_header_field with data[21073:21092]
2025-07-28 02:14:08 [DEBUG] python_multipart.multipart: Calling on_header_value with data[21094:21141]
2025-07-28 02:14:08 [DEBUG] python_multipart.multipart: Calling on_header_end with no data
2025-07-28 02:14:08 [DEBUG] python_multipart.multipart: Calling on_header_field with data[21143:21155]
2025-07-28 02:14:08 [DEBUG] python_multipart.multipart: Calling on_header_value with data[21157:21167]
2025-07-28 02:14:08 [DEBUG] python_multipart.multipart: Calling on_header_end with no data
2025-07-28 02:14:08 [DEBUG] python_multipart.multipart: Calling on_headers_finished with no data
2025-07-28 02:14:08 [DEBUG] python_multipart.multipart: Calling on_part_data with data[21171:23629]
2025-07-28 02:14:08 [DEBUG] python_multipart.multipart: Calling on_part_end with no data
2025-07-28 02:14:08 [DEBUG] python_multipart.multipart: Calling on_part_begin with no data
2025-07-28 02:14:08 [DEBUG] python_multipart.multipart: Calling on_header_field with data[23673:23692]
2025-07-28 02:14:08 [DEBUG] python_multipart.multipart: Calling on_header_value with data[23694:23741]
2025-07-28 02:14:08 [DEBUG] python_multipart.multipart: Calling on_header_end with no data
2025-07-28 02:14:08 [DEBUG] python_multipart.multipart: Calling on_header_field with data[23743:23755]
2025-07-28 02:14:08 [DEBUG] python_multipart.multipart: Calling on_header_value with data[23757:23767]
2025-07-28 02:14:08 [DEBUG] python_multipart.multipart: Calling on_header_end with no data
2025-07-28 02:14:08 [DEBUG] python_multipart.multipart: Calling on_headers_finished with no data
2025-07-28 02:14:08 [DEBUG] python_multipart.multipart: Calling on_part_data with data[23771:26307]
2025-07-28 02:14:08 [DEBUG] python_multipart.multipart: Calling on_part_end with no data
2025-07-28 02:14:08 [DEBUG] python_multipart.multipart: Calling on_part_begin with no data
2025-07-28 02:14:08 [DEBUG] python_multipart.multipart: Calling on_header_field with data[26351:26370]
2025-07-28 02:14:08 [DEBUG] python_multipart.multipart: Calling on_header_value with data[26372:26419]
2025-07-28 02:14:08 [DEBUG] python_multipart.multipart: Calling on_header_end with no data
2025-07-28 02:14:08 [DEBUG] python_multipart.multipart: Calling on_header_field with data[26421:26433]
2025-07-28 02:14:08 [DEBUG] python_multipart.multipart: Calling on_header_value with data[26435:26445]
2025-07-28 02:14:08 [DEBUG] python_multipart.multipart: Calling on_header_end with no data
2025-07-28 02:14:08 [DEBUG] python_multipart.multipart: Calling on_headers_finished with no data
2025-07-28 02:14:08 [DEBUG] python_multipart.multipart: Calling on_part_data with data[26449:28891]
2025-07-28 02:14:08 [DEBUG] python_multipart.multipart: Calling on_part_end with no data
2025-07-28 02:14:08 [DEBUG] python_multipart.multipart: Calling on_part_begin with no data
2025-07-28 02:14:08 [DEBUG] python_multipart.multipart: Calling on_header_field with data[28935:28954]
2025-07-28 02:14:08 [DEBUG] python_multipart.multipart: Calling on_header_value with data[28956:29003]
2025-07-28 02:14:08 [DEBUG] python_multipart.multipart: Calling on_header_end with no data
2025-07-28 02:14:08 [DEBUG] python_multipart.multipart: Calling on_header_field with data[29005:29017]
2025-07-28 02:14:08 [DEBUG] python_multipart.multipart: Calling on_header_value with data[29019:29029]
2025-07-28 02:14:08 [DEBUG] python_multipart.multipart: Calling on_header_end with no data
2025-07-28 02:14:08 [DEBUG] python_multipart.multipart: Calling on_headers_finished with no data
2025-07-28 02:14:08 [DEBUG] python_multipart.multipart: Calling on_part_data with data[29033:31431]
2025-07-28 02:14:08 [DEBUG] python_multipart.multipart: Calling on_part_end with no data
2025-07-28 02:14:08 [DEBUG] python_multipart.multipart: Calling on_part_begin with no data
2025-07-28 02:14:08 [DEBUG] python_multipart.multipart: Calling on_header_field with data[31475:31494]
2025-07-28 02:14:08 [DEBUG] python_multipart.multipart: Calling on_header_value with data[31496:31543]
2025-07-28 02:14:08 [DEBUG] python_multipart.multipart: Calling on_header_end with no data
2025-07-28 02:14:08 [DEBUG] python_multipart.multipart: Calling on_header_field with data[31545:31557]
2025-07-28 02:14:08 [DEBUG] python_multipart.multipart: Calling on_header_value with data[31559:31569]
2025-07-28 02:14:08 [DEBUG] python_multipart.multipart: Calling on_header_end with no data
2025-07-28 02:14:08 [DEBUG] python_multipart.multipart: Calling on_headers_finished with no data
2025-07-28 02:14:08 [DEBUG] python_multipart.multipart: Calling on_part_data with data[31573:33893]
2025-07-28 02:14:08 [DEBUG] python_multipart.multipart: Calling on_part_end with no data
2025-07-28 02:14:08 [DEBUG] python_multipart.multipart: Calling on_part_begin with no data
2025-07-28 02:14:08 [DEBUG] python_multipart.multipart: Calling on_header_field with data[33937:33956]
2025-07-28 02:14:08 [DEBUG] python_multipart.multipart: Calling on_header_value with data[33958:34005]
2025-07-28 02:14:08 [DEBUG] python_multipart.multipart: Calling on_header_end with no data
2025-07-28 02:14:08 [DEBUG] python_multipart.multipart: Calling on_header_field with data[34007:34019]
2025-07-28 02:14:08 [DEBUG] python_multipart.multipart: Calling on_header_value with data[34021:34031]
2025-07-28 02:14:08 [DEBUG] python_multipart.multipart: Calling on_header_end with no data
2025-07-28 02:14:08 [DEBUG] python_multipart.multipart: Calling on_headers_finished with no data
2025-07-28 02:14:08 [DEBUG] python_multipart.multipart: Calling on_part_data with data[34035:36349]
2025-07-28 02:14:08 [DEBUG] python_multipart.multipart: Calling on_part_end with no data
2025-07-28 02:14:08 [DEBUG] python_multipart.multipart: Calling on_part_begin with no data
2025-07-28 02:14:08 [DEBUG] python_multipart.multipart: Calling on_header_field with data[36393:36412]
2025-07-28 02:14:08 [DEBUG] python_multipart.multipart: Calling on_header_value with data[36414:36461]
2025-07-28 02:14:08 [DEBUG] python_multipart.multipart: Calling on_header_end with no data
2025-07-28 02:14:08 [DEBUG] python_multipart.multipart: Calling on_header_field with data[36463:36475]
2025-07-28 02:14:08 [DEBUG] python_multipart.multipart: Calling on_header_value with data[36477:36487]
2025-07-28 02:14:08 [DEBUG] python_multipart.multipart: Calling on_header_end with no data
2025-07-28 02:14:08 [DEBUG] python_multipart.multipart: Calling on_headers_finished with no data
2025-07-28 02:14:08 [DEBUG] python_multipart.multipart: Calling on_part_data with data[36491:38797]
2025-07-28 02:14:08 [DEBUG] python_multipart.multipart: Calling on_part_end with no data
2025-07-28 02:14:08 [DEBUG] python_multipart.multipart: Calling on_part_begin with no data
2025-07-28 02:14:08 [DEBUG] python_multipart.multipart: Calling on_header_field with data[38841:38860]
2025-07-28 02:14:08 [DEBUG] python_multipart.multipart: Calling on_header_value with data[38862:38909]
2025-07-28 02:14:08 [DEBUG] python_multipart.multipart: Calling on_header_end with no data
2025-07-28 02:14:08 [DEBUG] python_multipart.multipart: Calling on_header_field with data[38911:38923]
2025-07-28 02:14:08 [DEBUG] python_multipart.multipart: Calling on_header_value with data[38925:38935]
2025-07-28 02:14:08 [DEBUG] python_multipart.multipart: Calling on_header_end with no data
2025-07-28 02:14:08 [DEBUG] python_multipart.multipart: Calling on_headers_finished with no data
2025-07-28 02:14:08 [DEBUG] python_multipart.multipart: Calling on_part_data with data[38939:41267]
2025-07-28 02:14:08 [DEBUG] python_multipart.multipart: Calling on_part_end with no data
2025-07-28 02:14:08 [DEBUG] python_multipart.multipart: Calling on_part_begin with no data
2025-07-28 02:14:08 [DEBUG] python_multipart.multipart: Calling on_header_field with data[41311:41330]
2025-07-28 02:14:08 [DEBUG] python_multipart.multipart: Calling on_header_value with data[41332:41379]
2025-07-28 02:14:08 [DEBUG] python_multipart.multipart: Calling on_header_end with no data
2025-07-28 02:14:08 [DEBUG] python_multipart.multipart: Calling on_header_field with data[41381:41393]
2025-07-28 02:14:08 [DEBUG] python_multipart.multipart: Calling on_header_value with data[41395:41405]
2025-07-28 02:14:08 [DEBUG] python_multipart.multipart: Calling on_header_end with no data
2025-07-28 02:14:08 [DEBUG] python_multipart.multipart: Calling on_headers_finished with no data
2025-07-28 02:14:08 [DEBUG] python_multipart.multipart: Calling on_part_data with data[41409:43707]
2025-07-28 02:14:08 [DEBUG] python_multipart.multipart: Calling on_part_end with no data
2025-07-28 02:14:08 [DEBUG] python_multipart.multipart: Calling on_part_begin with no data
2025-07-28 02:14:08 [DEBUG] python_multipart.multipart: Calling on_header_field with data[43751:43770]
2025-07-28 02:14:08 [DEBUG] python_multipart.multipart: Calling on_header_value with data[43772:43819]
2025-07-28 02:14:08 [DEBUG] python_multipart.multipart: Calling on_header_end with no data
2025-07-28 02:14:08 [DEBUG] python_multipart.multipart: Calling on_header_field with data[43821:43833]
2025-07-28 02:14:08 [DEBUG] python_multipart.multipart: Calling on_header_value with data[43835:43845]
2025-07-28 02:14:08 [DEBUG] python_multipart.multipart: Calling on_header_end with no data
2025-07-28 02:14:08 [DEBUG] python_multipart.multipart: Calling on_headers_finished with no data
2025-07-28 02:14:08 [DEBUG] python_multipart.multipart: Calling on_part_data with data[43849:46171]
2025-07-28 02:14:08 [DEBUG] python_multipart.multipart: Calling on_part_end with no data
2025-07-28 02:14:08 [DEBUG] python_multipart.multipart: Calling on_end with no data
2025-07-28 02:14:08 [INFO] face-presence-api: Registering user: 44
2025-07-28 02:14:08 [INFO] watchfiles.main: 1 change detected
2025-07-28 02:14:08 [DEBUG] face-presence-api: 🧹 Memory cleared with garbage collector.
2025-07-28 02:14:08 [INFO] face-presence-api: 📁 10 test image berhasil disimpan untuk user 44 di F:\Kuliah\Skripsi\praktisi-face-presence-api\src\storage\test_images\44
2025-07-28 02:14:09 [INFO] watchfiles.main: 9 changes detected
2025-07-28 02:14:09 [DEBUG] face-presence-api: 🧹 Memory cleared with garbage collector.
2025-07-28 02:14:09 [INFO] face-presence-api: Processing batch 1/8
2025-07-28 02:14:09 [INFO] face-presence-api: Processing batch 2/8
2025-07-28 02:14:10 [INFO] face-presence-api: Processing batch 3/8
2025-07-28 02:14:10 [INFO] face-presence-api: Processing batch 4/8
2025-07-28 02:14:10 [INFO] face-presence-api: Processing batch 5/8
2025-07-28 02:14:11 [INFO] face-presence-api: Processing batch 6/8
2025-07-28 02:14:11 [INFO] face-presence-api: Processing batch 7/8
2025-07-28 02:14:12 [INFO] face-presence-api: Processing batch 8/8
2025-07-28 02:14:12 [DEBUG] face-presence-api: [BatchLogger] No durations, skip flush
2025-07-28 02:14:12 [INFO] face-presence-api: Finished processing 40 valid embeddings from 40 images
2025-07-28 02:14:12 [INFO] face-presence-api: Validasi berhasil: 40 embeddings valid
2025-07-28 02:14:12 [INFO] face-presence-api: Validasi berhasil: 40 embeddings valid
2025-07-28 02:14:12 [INFO] face-presence-api: Embedding berhasil disimpan untuk user 44 di F:\Kuliah\Skripsi\praktisi-face-presence-api\src\storage\embeddings\44.pkl
2025-07-28 02:14:12 [INFO] face-presence-api: Embeddings saved successfully for user 44, starting evaluation.
2025-07-28 02:14:12 [INFO] face-presence-api: Evaluating ...
2025-07-28 02:14:12 [INFO] watchfiles.main: 1 change detected
2025-07-28 02:14:13 [INFO] face-presence-api: Evaluating batch 1/4
2025-07-28 02:14:13 [INFO] face-presence-api: Evaluating batch 2/4
2025-07-28 02:14:13 [INFO] face-presence-api: Evaluating batch 3/4
2025-07-28 02:14:14 [INFO] face-presence-api: Evaluating batch 4/4
2025-07-28 02:14:14 [INFO] face-presence-api: Face registration successful for user 44.
2025-07-28 02:14:22 [DEBUG] face-presence-api: [BatchLogger] No durations, skip flush
2025-07-28 02:14:23 [DEBUG] python_multipart.multipart: Calling on_part_begin with no data
2025-07-28 02:14:23 [DEBUG] python_multipart.multipart: Calling on_header_field with data[42:61]
2025-07-28 02:14:23 [DEBUG] python_multipart.multipart: Calling on_header_value with data[63:88]
2025-07-28 02:14:23 [DEBUG] python_multipart.multipart: Calling on_header_end with no data
2025-07-28 02:14:23 [DEBUG] python_multipart.multipart: Calling on_headers_finished with no data
2025-07-28 02:14:23 [DEBUG] python_multipart.multipart: Calling on_part_data with data[92:94]
2025-07-28 02:14:23 [DEBUG] python_multipart.multipart: Calling on_part_end with no data
2025-07-28 02:14:23 [DEBUG] python_multipart.multipart: Calling on_end with no data
2025-07-28 02:14:23 [INFO] face-presence-api: Checking status for user: 44
2025-07-28 02:14:23 [INFO] face-presence-api: User 44 is already registered.
2025-07-28 02:14:32 [DEBUG] face-presence-api: [BatchLogger] No durations, skip flush
2025-07-28 02:14:35 [INFO] face-presence-api: [BatchLogger] Flushing 1 registrations...
2025-07-28 02:14:35 [DEBUG] urllib3.connectionpool: https://sheets.googleapis.com:443 "GET /v4/spreadsheets/1hjXERVEURCeKXeCw8TUbrkjF25_GVmORN0JgjZuu058?includeGridData=false HTTP/1.1" 200 None
2025-07-28 02:14:36 [DEBUG] urllib3.connectionpool: https://sheets.googleapis.com:443 "GET /v4/spreadsheets/1hjXERVEURCeKXeCw8TUbrkjF25_GVmORN0JgjZuu058/values/%27Registration%27 HTTP/1.1" 200 None
2025-07-28 02:14:36 [DEBUG] urllib3.connectionpool: https://sheets.googleapis.com:443 "GET /v4/spreadsheets/1hjXERVEURCeKXeCw8TUbrkjF25_GVmORN0JgjZuu058/values/%27Registration%27 HTTP/1.1" 200 None
2025-07-28 02:14:36 [DEBUG] urllib3.connectionpool: https://sheets.googleapis.com:443 "POST /v4/spreadsheets/1hjXERVEURCeKXeCw8TUbrkjF25_GVmORN0JgjZuu058/values:batchUpdate HTTP/1.1" 200 None
2025-07-28 02:14:36 [INFO] face-presence-api: [BatchLogger] Updated 1 registration rows
2025-07-28 02:14:38 [DEBUG] face-presence-api: [BatchLogger] No verifications, skip flush
2025-07-28 02:14:42 [DEBUG] face-presence-api: [BatchLogger] No durations, skip flush
2025-07-28 02:14:42 [DEBUG] python_multipart.multipart: Calling on_part_begin with no data
2025-07-28 02:14:42 [DEBUG] python_multipart.multipart: Calling on_header_field with data[42:61]
2025-07-28 02:14:42 [DEBUG] python_multipart.multipart: Calling on_header_value with data[63:88]
2025-07-28 02:14:42 [DEBUG] python_multipart.multipart: Calling on_header_end with no data
2025-07-28 02:14:42 [DEBUG] python_multipart.multipart: Calling on_headers_finished with no data
2025-07-28 02:14:42 [DEBUG] python_multipart.multipart: Calling on_part_data with data[92:94]
2025-07-28 02:14:42 [DEBUG] python_multipart.multipart: Calling on_part_end with no data
2025-07-28 02:14:42 [DEBUG] python_multipart.multipart: Calling on_end with no data
2025-07-28 02:14:42 [INFO] face-presence-api: Checking status for user: 44
2025-07-28 02:14:42 [INFO] face-presence-api: User 44 is already registered.
2025-07-28 02:14:52 [DEBUG] face-presence-api: [BatchLogger] No durations, skip flush
2025-07-28 02:14:53 [DEBUG] python_multipart.multipart: Calling on_part_begin with no data
2025-07-28 02:14:53 [DEBUG] python_multipart.multipart: Calling on_header_field with data[42:61]
2025-07-28 02:14:53 [DEBUG] python_multipart.multipart: Calling on_header_value with data[63:88]
2025-07-28 02:14:53 [DEBUG] python_multipart.multipart: Calling on_header_end with no data
2025-07-28 02:14:53 [DEBUG] python_multipart.multipart: Calling on_headers_finished with no data
2025-07-28 02:14:53 [DEBUG] python_multipart.multipart: Calling on_part_data with data[92:94]
2025-07-28 02:14:53 [DEBUG] python_multipart.multipart: Calling on_part_end with no data
2025-07-28 02:14:53 [DEBUG] python_multipart.multipart: Calling on_part_begin with no data
2025-07-28 02:14:53 [DEBUG] python_multipart.multipart: Calling on_header_field with data[138:157]
2025-07-28 02:14:53 [DEBUG] python_multipart.multipart: Calling on_header_value with data[159:214]
2025-07-28 02:14:53 [DEBUG] python_multipart.multipart: Calling on_header_end with no data
2025-07-28 02:14:53 [DEBUG] python_multipart.multipart: Calling on_header_field with data[216:228]
2025-07-28 02:14:53 [DEBUG] python_multipart.multipart: Calling on_header_value with data[230:240]
2025-07-28 02:14:53 [DEBUG] python_multipart.multipart: Calling on_header_end with no data
2025-07-28 02:14:53 [DEBUG] python_multipart.multipart: Calling on_headers_finished with no data
2025-07-28 02:14:53 [DEBUG] python_multipart.multipart: Calling on_part_data with data[244:2580]
2025-07-28 02:14:53 [DEBUG] python_multipart.multipart: Calling on_part_end with no data
2025-07-28 02:14:53 [DEBUG] python_multipart.multipart: Calling on_end with no data
2025-07-28 02:14:53 [INFO] face-presence-api: Verifying user: 44
2025-07-28 02:14:53 [INFO] face-presence-api: Starting verification for user: 44
2025-07-28 02:14:53 [INFO] face-presence-api: Computed similarity for user 44: 0.8385
2025-07-28 02:14:53 [INFO] face-presence-api: Comparison completed for user 44 with result: {'error': False, 'similarity': 0.8385282754898071}
2025-07-28 02:14:53 [INFO] face-presence-api: Verification success for user 44: Match (score=0.83853)
2025-07-28 02:14:53 [INFO] face-presence-api: Verification successful for user 44
2025-07-28 02:14:53 [DEBUG] python_multipart.multipart: Calling on_part_begin with no data
2025-07-28 02:14:53 [DEBUG] python_multipart.multipart: Calling on_header_field with data[42:61]
2025-07-28 02:14:53 [DEBUG] python_multipart.multipart: Calling on_header_value with data[63:88]
2025-07-28 02:14:53 [DEBUG] python_multipart.multipart: Calling on_header_end with no data
2025-07-28 02:14:53 [DEBUG] python_multipart.multipart: Calling on_headers_finished with no data
2025-07-28 02:14:53 [DEBUG] python_multipart.multipart: Calling on_part_data with data[92:94]
2025-07-28 02:14:53 [DEBUG] python_multipart.multipart: Calling on_part_end with no data
2025-07-28 02:14:53 [DEBUG] python_multipart.multipart: Calling on_part_begin with no data
2025-07-28 02:14:53 [DEBUG] python_multipart.multipart: Calling on_header_field with data[138:157]
2025-07-28 02:14:53 [DEBUG] python_multipart.multipart: Calling on_header_value with data[159:183]
2025-07-28 02:14:53 [DEBUG] python_multipart.multipart: Calling on_header_end with no data
2025-07-28 02:14:53 [DEBUG] python_multipart.multipart: Calling on_headers_finished with no data
2025-07-28 02:14:53 [DEBUG] python_multipart.multipart: Calling on_part_data with data[187:190]
2025-07-28 02:14:53 [DEBUG] python_multipart.multipart: Calling on_part_end with no data
2025-07-28 02:14:53 [DEBUG] python_multipart.multipart: Calling on_end with no data
2025-07-28 02:14:53 [INFO] face-presence-api: Logging duration for user: 44, duration: 736.0
2025-07-28 02:14:53 [INFO] face-presence-api: Duration 736.0s successfully enqueued for user 44.
2025-07-28 02:14:55 [DEBUG] python_multipart.multipart: Calling on_part_begin with no data
2025-07-28 02:14:55 [DEBUG] python_multipart.multipart: Calling on_header_field with data[42:61]
2025-07-28 02:14:55 [DEBUG] python_multipart.multipart: Calling on_header_value with data[63:88]
2025-07-28 02:14:55 [DEBUG] python_multipart.multipart: Calling on_header_end with no data
2025-07-28 02:14:55 [DEBUG] python_multipart.multipart: Calling on_headers_finished with no data
2025-07-28 02:14:55 [DEBUG] python_multipart.multipart: Calling on_part_data with data[92:94]
2025-07-28 02:14:55 [DEBUG] python_multipart.multipart: Calling on_part_end with no data
2025-07-28 02:14:55 [DEBUG] python_multipart.multipart: Calling on_part_begin with no data
2025-07-28 02:14:55 [DEBUG] python_multipart.multipart: Calling on_header_field with data[138:157]
2025-07-28 02:14:55 [DEBUG] python_multipart.multipart: Calling on_header_value with data[159:214]
2025-07-28 02:14:55 [DEBUG] python_multipart.multipart: Calling on_header_end with no data
2025-07-28 02:14:55 [DEBUG] python_multipart.multipart: Calling on_header_field with data[216:228]
2025-07-28 02:14:55 [DEBUG] python_multipart.multipart: Calling on_header_value with data[230:240]
2025-07-28 02:14:55 [DEBUG] python_multipart.multipart: Calling on_header_end with no data
2025-07-28 02:14:55 [DEBUG] python_multipart.multipart: Calling on_headers_finished with no data
2025-07-28 02:14:55 [DEBUG] python_multipart.multipart: Calling on_part_data with data[244:2602]
2025-07-28 02:14:55 [DEBUG] python_multipart.multipart: Calling on_part_end with no data
2025-07-28 02:14:55 [DEBUG] python_multipart.multipart: Calling on_end with no data
2025-07-28 02:14:55 [INFO] face-presence-api: Verifying user: 44
2025-07-28 02:14:55 [INFO] face-presence-api: Starting verification for user: 44
2025-07-28 02:14:55 [INFO] face-presence-api: Computed similarity for user 44: 0.8028
2025-07-28 02:14:55 [INFO] face-presence-api: Comparison completed for user 44 with result: {'error': False, 'similarity': 0.8027811050415039}
2025-07-28 02:14:55 [INFO] face-presence-api: Verification success for user 44: Match (score=0.80278)
2025-07-28 02:14:55 [INFO] face-presence-api: Verification successful for user 44
2025-07-28 02:14:55 [DEBUG] python_multipart.multipart: Calling on_part_begin with no data
2025-07-28 02:14:55 [DEBUG] python_multipart.multipart: Calling on_header_field with data[42:61]
2025-07-28 02:14:55 [DEBUG] python_multipart.multipart: Calling on_header_value with data[63:88]
2025-07-28 02:14:55 [DEBUG] python_multipart.multipart: Calling on_header_end with no data
2025-07-28 02:14:55 [DEBUG] python_multipart.multipart: Calling on_headers_finished with no data
2025-07-28 02:14:55 [DEBUG] python_multipart.multipart: Calling on_part_data with data[92:94]
2025-07-28 02:14:55 [DEBUG] python_multipart.multipart: Calling on_part_end with no data
2025-07-28 02:14:55 [DEBUG] python_multipart.multipart: Calling on_part_begin with no data
2025-07-28 02:14:55 [DEBUG] python_multipart.multipart: Calling on_header_field with data[138:157]
2025-07-28 02:14:55 [DEBUG] python_multipart.multipart: Calling on_header_value with data[159:183]
2025-07-28 02:14:55 [DEBUG] python_multipart.multipart: Calling on_header_end with no data
2025-07-28 02:14:55 [DEBUG] python_multipart.multipart: Calling on_headers_finished with no data
2025-07-28 02:14:55 [DEBUG] python_multipart.multipart: Calling on_part_data with data[187:190]
2025-07-28 02:14:55 [DEBUG] python_multipart.multipart: Calling on_part_end with no data
2025-07-28 02:14:55 [DEBUG] python_multipart.multipart: Calling on_end with no data
2025-07-28 02:14:55 [INFO] face-presence-api: Logging duration for user: 44, duration: 287.0
2025-07-28 02:14:55 [INFO] face-presence-api: Duration 287.0s successfully enqueued for user 44.
2025-07-28 02:14:56 [DEBUG] python_multipart.multipart: Calling on_part_begin with no data
2025-07-28 02:14:56 [DEBUG] python_multipart.multipart: Calling on_header_field with data[42:61]
2025-07-28 02:14:56 [DEBUG] python_multipart.multipart: Calling on_header_value with data[63:88]
2025-07-28 02:14:56 [DEBUG] python_multipart.multipart: Calling on_header_end with no data
2025-07-28 02:14:56 [DEBUG] python_multipart.multipart: Calling on_headers_finished with no data
2025-07-28 02:14:56 [DEBUG] python_multipart.multipart: Calling on_part_data with data[92:94]
2025-07-28 02:14:56 [DEBUG] python_multipart.multipart: Calling on_part_end with no data
2025-07-28 02:14:56 [DEBUG] python_multipart.multipart: Calling on_part_begin with no data
2025-07-28 02:14:56 [DEBUG] python_multipart.multipart: Calling on_header_field with data[138:157]
2025-07-28 02:14:56 [DEBUG] python_multipart.multipart: Calling on_header_value with data[159:214]
2025-07-28 02:14:56 [DEBUG] python_multipart.multipart: Calling on_header_end with no data
2025-07-28 02:14:56 [DEBUG] python_multipart.multipart: Calling on_header_field with data[216:228]
2025-07-28 02:14:56 [DEBUG] python_multipart.multipart: Calling on_header_value with data[230:240]
2025-07-28 02:14:56 [DEBUG] python_multipart.multipart: Calling on_header_end with no data
2025-07-28 02:14:56 [DEBUG] python_multipart.multipart: Calling on_headers_finished with no data
2025-07-28 02:14:56 [DEBUG] python_multipart.multipart: Calling on_part_data with data[244:2366]
2025-07-28 02:14:56 [DEBUG] python_multipart.multipart: Calling on_part_end with no data
2025-07-28 02:14:56 [DEBUG] python_multipart.multipart: Calling on_end with no data
2025-07-28 02:14:56 [INFO] face-presence-api: Verifying user: 44
2025-07-28 02:14:56 [INFO] face-presence-api: Starting verification for user: 44
2025-07-28 02:14:56 [INFO] face-presence-api: Computed similarity for user 44: 0.5842
2025-07-28 02:14:56 [INFO] face-presence-api: Comparison completed for user 44 with result: {'error': False, 'similarity': 0.5842269062995911}
2025-07-28 02:14:56 [INFO] face-presence-api: Verification success for user 44: Not Match (score=0.58423)
2025-07-28 02:14:56 [INFO] face-presence-api: Verification successful for user 44
2025-07-28 02:14:56 [DEBUG] python_multipart.multipart: Calling on_part_begin with no data
2025-07-28 02:14:56 [DEBUG] python_multipart.multipart: Calling on_header_field with data[42:61]
2025-07-28 02:14:56 [DEBUG] python_multipart.multipart: Calling on_header_value with data[63:88]
2025-07-28 02:14:56 [DEBUG] python_multipart.multipart: Calling on_header_end with no data
2025-07-28 02:14:56 [DEBUG] python_multipart.multipart: Calling on_headers_finished with no data
2025-07-28 02:14:56 [DEBUG] python_multipart.multipart: Calling on_part_data with data[92:94]
2025-07-28 02:14:56 [DEBUG] python_multipart.multipart: Calling on_part_end with no data
2025-07-28 02:14:56 [DEBUG] python_multipart.multipart: Calling on_part_begin with no data
2025-07-28 02:14:56 [DEBUG] python_multipart.multipart: Calling on_header_field with data[138:157]
2025-07-28 02:14:56 [DEBUG] python_multipart.multipart: Calling on_header_value with data[159:183]
2025-07-28 02:14:56 [DEBUG] python_multipart.multipart: Calling on_header_end with no data
2025-07-28 02:14:56 [DEBUG] python_multipart.multipart: Calling on_headers_finished with no data
2025-07-28 02:14:56 [DEBUG] python_multipart.multipart: Calling on_part_data with data[187:190]
2025-07-28 02:14:56 [DEBUG] python_multipart.multipart: Calling on_part_end with no data
2025-07-28 02:14:56 [DEBUG] python_multipart.multipart: Calling on_end with no data
2025-07-28 02:14:56 [INFO] face-presence-api: Logging duration for user: 44, duration: 238.0
2025-07-28 02:14:56 [INFO] face-presence-api: Duration 238.0s successfully enqueued for user 44.
2025-07-28 02:14:57 [DEBUG] python_multipart.multipart: Calling on_part_begin with no data
2025-07-28 02:14:57 [DEBUG] python_multipart.multipart: Calling on_header_field with data[42:61]
2025-07-28 02:14:57 [DEBUG] python_multipart.multipart: Calling on_header_value with data[63:88]
2025-07-28 02:14:57 [DEBUG] python_multipart.multipart: Calling on_header_end with no data
2025-07-28 02:14:57 [DEBUG] python_multipart.multipart: Calling on_headers_finished with no data
2025-07-28 02:14:57 [DEBUG] python_multipart.multipart: Calling on_part_data with data[92:94]
2025-07-28 02:14:58 [DEBUG] python_multipart.multipart: Calling on_part_end with no data
2025-07-28 02:14:58 [DEBUG] python_multipart.multipart: Calling on_part_begin with no data
2025-07-28 02:14:58 [DEBUG] python_multipart.multipart: Calling on_header_field with data[138:157]
2025-07-28 02:14:58 [DEBUG] python_multipart.multipart: Calling on_header_value with data[159:214]
2025-07-28 02:14:58 [DEBUG] python_multipart.multipart: Calling on_header_end with no data
2025-07-28 02:14:58 [DEBUG] python_multipart.multipart: Calling on_header_field with data[216:228]
2025-07-28 02:14:58 [DEBUG] python_multipart.multipart: Calling on_header_value with data[230:240]
2025-07-28 02:14:58 [DEBUG] python_multipart.multipart: Calling on_header_end with no data
2025-07-28 02:14:58 [DEBUG] python_multipart.multipart: Calling on_headers_finished with no data
2025-07-28 02:14:58 [DEBUG] python_multipart.multipart: Calling on_part_data with data[244:2484]
2025-07-28 02:14:58 [DEBUG] python_multipart.multipart: Calling on_part_end with no data
2025-07-28 02:14:58 [DEBUG] python_multipart.multipart: Calling on_end with no data
2025-07-28 02:14:58 [INFO] face-presence-api: Verifying user: 44
2025-07-28 02:14:58 [INFO] face-presence-api: Starting verification for user: 44
2025-07-28 02:14:58 [INFO] face-presence-api: Computed similarity for user 44: 0.5128
2025-07-28 02:14:58 [INFO] face-presence-api: Comparison completed for user 44 with result: {'error': False, 'similarity': 0.512826144695282}
2025-07-28 02:14:58 [INFO] face-presence-api: Verification success for user 44: Not Match (score=0.51283)
2025-07-28 02:14:58 [INFO] face-presence-api: Verification successful for user 44
2025-07-28 02:14:58 [DEBUG] python_multipart.multipart: Calling on_part_begin with no data
2025-07-28 02:14:58 [DEBUG] python_multipart.multipart: Calling on_header_field with data[42:61]
2025-07-28 02:14:58 [DEBUG] python_multipart.multipart: Calling on_header_value with data[63:88]
2025-07-28 02:14:58 [DEBUG] python_multipart.multipart: Calling on_header_end with no data
2025-07-28 02:14:58 [DEBUG] python_multipart.multipart: Calling on_headers_finished with no data
2025-07-28 02:14:58 [DEBUG] python_multipart.multipart: Calling on_part_data with data[92:94]
2025-07-28 02:14:58 [DEBUG] python_multipart.multipart: Calling on_part_end with no data
2025-07-28 02:14:58 [DEBUG] python_multipart.multipart: Calling on_part_begin with no data
2025-07-28 02:14:58 [DEBUG] python_multipart.multipart: Calling on_header_field with data[138:157]
2025-07-28 02:14:58 [DEBUG] python_multipart.multipart: Calling on_header_value with data[159:183]
2025-07-28 02:14:58 [DEBUG] python_multipart.multipart: Calling on_header_end with no data
2025-07-28 02:14:58 [DEBUG] python_multipart.multipart: Calling on_headers_finished with no data
2025-07-28 02:14:58 [DEBUG] python_multipart.multipart: Calling on_part_data with data[187:190]
2025-07-28 02:14:58 [DEBUG] python_multipart.multipart: Calling on_part_end with no data
2025-07-28 02:14:58 [DEBUG] python_multipart.multipart: Calling on_end with no data
2025-07-28 02:14:58 [INFO] face-presence-api: Logging duration for user: 44, duration: 333.0
2025-07-28 02:14:58 [INFO] face-presence-api: Duration 333.0s successfully enqueued for user 44.
2025-07-28 02:14:59 [DEBUG] python_multipart.multipart: Calling on_part_begin with no data
2025-07-28 02:14:59 [DEBUG] python_multipart.multipart: Calling on_header_field with data[42:61]
2025-07-28 02:14:59 [DEBUG] python_multipart.multipart: Calling on_header_value with data[63:88]
2025-07-28 02:14:59 [DEBUG] python_multipart.multipart: Calling on_header_end with no data
2025-07-28 02:14:59 [DEBUG] python_multipart.multipart: Calling on_headers_finished with no data
2025-07-28 02:14:59 [DEBUG] python_multipart.multipart: Calling on_part_data with data[92:94]
2025-07-28 02:14:59 [DEBUG] python_multipart.multipart: Calling on_part_end with no data
2025-07-28 02:14:59 [DEBUG] python_multipart.multipart: Calling on_part_begin with no data
2025-07-28 02:14:59 [DEBUG] python_multipart.multipart: Calling on_header_field with data[138:157]
2025-07-28 02:14:59 [DEBUG] python_multipart.multipart: Calling on_header_value with data[159:214]
2025-07-28 02:14:59 [DEBUG] python_multipart.multipart: Calling on_header_end with no data
2025-07-28 02:14:59 [DEBUG] python_multipart.multipart: Calling on_header_field with data[216:228]
2025-07-28 02:14:59 [DEBUG] python_multipart.multipart: Calling on_header_value with data[230:240]
2025-07-28 02:14:59 [DEBUG] python_multipart.multipart: Calling on_header_end with no data
2025-07-28 02:14:59 [DEBUG] python_multipart.multipart: Calling on_headers_finished with no data
2025-07-28 02:14:59 [DEBUG] python_multipart.multipart: Calling on_part_data with data[244:2672]
2025-07-28 02:14:59 [DEBUG] python_multipart.multipart: Calling on_part_end with no data
2025-07-28 02:14:59 [DEBUG] python_multipart.multipart: Calling on_end with no data
2025-07-28 02:14:59 [INFO] face-presence-api: Verifying user: 44
2025-07-28 02:14:59 [INFO] face-presence-api: Starting verification for user: 44
2025-07-28 02:14:59 [INFO] face-presence-api: Computed similarity for user 44: 0.7281
2025-07-28 02:14:59 [INFO] face-presence-api: Comparison completed for user 44 with result: {'error': False, 'similarity': 0.7280585169792175}
2025-07-28 02:14:59 [INFO] face-presence-api: Verification success for user 44: Match (score=0.72806)
2025-07-28 02:14:59 [INFO] face-presence-api: Verification successful for user 44
2025-07-28 02:14:59 [DEBUG] python_multipart.multipart: Calling on_part_begin with no data
2025-07-28 02:14:59 [DEBUG] python_multipart.multipart: Calling on_header_field with data[42:61]
2025-07-28 02:14:59 [DEBUG] python_multipart.multipart: Calling on_header_value with data[63:88]
2025-07-28 02:14:59 [DEBUG] python_multipart.multipart: Calling on_header_end with no data
2025-07-28 02:14:59 [DEBUG] python_multipart.multipart: Calling on_headers_finished with no data
2025-07-28 02:14:59 [DEBUG] python_multipart.multipart: Calling on_part_data with data[92:94]
2025-07-28 02:14:59 [DEBUG] python_multipart.multipart: Calling on_part_end with no data
2025-07-28 02:14:59 [DEBUG] python_multipart.multipart: Calling on_part_begin with no data
2025-07-28 02:14:59 [DEBUG] python_multipart.multipart: Calling on_header_field with data[138:157]
2025-07-28 02:14:59 [DEBUG] python_multipart.multipart: Calling on_header_value with data[159:183]
2025-07-28 02:14:59 [DEBUG] python_multipart.multipart: Calling on_header_end with no data
2025-07-28 02:14:59 [DEBUG] python_multipart.multipart: Calling on_headers_finished with no data
2025-07-28 02:14:59 [DEBUG] python_multipart.multipart: Calling on_part_data with data[187:190]
2025-07-28 02:14:59 [DEBUG] python_multipart.multipart: Calling on_part_end with no data
2025-07-28 02:14:59 [DEBUG] python_multipart.multipart: Calling on_end with no data
2025-07-28 02:14:59 [INFO] face-presence-api: Logging duration for user: 44, duration: 261.0
2025-07-28 02:14:59 [INFO] face-presence-api: Duration 261.0s successfully enqueued for user 44.
2025-07-28 02:15:01 [DEBUG] python_multipart.multipart: Calling on_part_begin with no data
2025-07-28 02:15:01 [DEBUG] python_multipart.multipart: Calling on_header_field with data[42:61]
2025-07-28 02:15:01 [DEBUG] python_multipart.multipart: Calling on_header_value with data[63:88]
2025-07-28 02:15:01 [DEBUG] python_multipart.multipart: Calling on_header_end with no data
2025-07-28 02:15:01 [DEBUG] python_multipart.multipart: Calling on_headers_finished with no data
2025-07-28 02:15:02 [DEBUG] python_multipart.multipart: Calling on_part_data with data[92:94]
2025-07-28 02:15:02 [DEBUG] python_multipart.multipart: Calling on_part_end with no data
2025-07-28 02:15:02 [DEBUG] python_multipart.multipart: Calling on_part_begin with no data
2025-07-28 02:15:02 [DEBUG] python_multipart.multipart: Calling on_header_field with data[138:157]
2025-07-28 02:15:02 [DEBUG] python_multipart.multipart: Calling on_header_value with data[159:214]
2025-07-28 02:15:02 [DEBUG] python_multipart.multipart: Calling on_header_end with no data
2025-07-28 02:15:02 [DEBUG] python_multipart.multipart: Calling on_header_field with data[216:228]
2025-07-28 02:15:02 [DEBUG] python_multipart.multipart: Calling on_header_value with data[230:240]
2025-07-28 02:15:02 [DEBUG] python_multipart.multipart: Calling on_header_end with no data
2025-07-28 02:15:02 [DEBUG] python_multipart.multipart: Calling on_headers_finished with no data
2025-07-28 02:15:02 [DEBUG] python_multipart.multipart: Calling on_part_data with data[244:2544]
2025-07-28 02:15:02 [DEBUG] python_multipart.multipart: Calling on_part_end with no data
2025-07-28 02:15:02 [DEBUG] python_multipart.multipart: Calling on_end with no data
2025-07-28 02:15:02 [INFO] face-presence-api: Verifying user: 44
2025-07-28 02:15:02 [INFO] face-presence-api: Starting verification for user: 44
2025-07-28 02:15:02 [INFO] face-presence-api: Computed similarity for user 44: 0.8153
2025-07-28 02:15:02 [INFO] face-presence-api: Comparison completed for user 44 with result: {'error': False, 'similarity': 0.8153411746025085}
2025-07-28 02:15:02 [INFO] face-presence-api: Verification success for user 44: Match (score=0.81534)
2025-07-28 02:15:02 [INFO] face-presence-api: Verification successful for user 44
2025-07-28 02:15:02 [DEBUG] python_multipart.multipart: Calling on_part_begin with no data
2025-07-28 02:15:02 [DEBUG] python_multipart.multipart: Calling on_header_field with data[42:61]
2025-07-28 02:15:02 [DEBUG] python_multipart.multipart: Calling on_header_value with data[63:88]
2025-07-28 02:15:02 [DEBUG] python_multipart.multipart: Calling on_header_end with no data
2025-07-28 02:15:02 [DEBUG] python_multipart.multipart: Calling on_headers_finished with no data
2025-07-28 02:15:02 [DEBUG] python_multipart.multipart: Calling on_part_data with data[92:94]
2025-07-28 02:15:02 [DEBUG] python_multipart.multipart: Calling on_part_end with no data
2025-07-28 02:15:02 [DEBUG] python_multipart.multipart: Calling on_part_begin with no data
2025-07-28 02:15:02 [DEBUG] python_multipart.multipart: Calling on_header_field with data[138:157]
2025-07-28 02:15:02 [DEBUG] python_multipart.multipart: Calling on_header_value with data[159:183]
2025-07-28 02:15:02 [DEBUG] python_multipart.multipart: Calling on_header_end with no data
2025-07-28 02:15:02 [DEBUG] python_multipart.multipart: Calling on_headers_finished with no data
2025-07-28 02:15:02 [DEBUG] python_multipart.multipart: Calling on_part_data with data[187:190]
2025-07-28 02:15:02 [DEBUG] python_multipart.multipart: Calling on_part_end with no data
2025-07-28 02:15:02 [DEBUG] python_multipart.multipart: Calling on_end with no data
2025-07-28 02:15:02 [INFO] face-presence-api: Logging duration for user: 44, duration: 311.0
2025-07-28 02:15:02 [INFO] face-presence-api: Duration 311.0s successfully enqueued for user 44.
2025-07-28 02:15:02 [INFO] face-presence-api: [BatchLogger] Flushing durations: 6
2025-07-28 02:15:02 [DEBUG] urllib3.connectionpool: https://sheets.googleapis.com:443 "GET /v4/spreadsheets/1hjXERVEURCeKXeCw8TUbrkjF25_GVmORN0JgjZuu058?includeGridData=false HTTP/1.1" 200 None
2025-07-28 02:15:03 [DEBUG] urllib3.connectionpool: https://sheets.googleapis.com:443 "GET /v4/spreadsheets/1hjXERVEURCeKXeCw8TUbrkjF25_GVmORN0JgjZuu058/values/%27Verification%27 HTTP/1.1" 200 None
2025-07-28 02:15:03 [DEBUG] urllib3.connectionpool: https://sheets.googleapis.com:443 "GET /v4/spreadsheets/1hjXERVEURCeKXeCw8TUbrkjF25_GVmORN0JgjZuu058/values/%27Verification%27 HTTP/1.1" 200 None
2025-07-28 02:15:03 [DEBUG] urllib3.connectionpool: https://sheets.googleapis.com:443 "POST /v4/spreadsheets/1hjXERVEURCeKXeCw8TUbrkjF25_GVmORN0JgjZuu058/values:batchUpdate HTTP/1.1" 200 None
2025-07-28 02:15:03 [INFO] face-presence-api: [BatchLogger] Added 6 new duration headers
2025-07-28 02:15:04 [DEBUG] urllib3.connectionpool: https://sheets.googleapis.com:443 "POST /v4/spreadsheets/1hjXERVEURCeKXeCw8TUbrkjF25_GVmORN0JgjZuu058/values:batchUpdate HTTP/1.1" 200 None
2025-07-28 02:15:04 [INFO] face-presence-api: [BatchLogger] Updated durations for 6 cells
2025-07-28 02:15:04 [DEBUG] python_multipart.multipart: Calling on_part_begin with no data
2025-07-28 02:15:04 [DEBUG] python_multipart.multipart: Calling on_header_field with data[42:61]
2025-07-28 02:15:04 [DEBUG] python_multipart.multipart: Calling on_header_value with data[63:88]
2025-07-28 02:15:04 [DEBUG] python_multipart.multipart: Calling on_header_end with no data
2025-07-28 02:15:04 [DEBUG] python_multipart.multipart: Calling on_headers_finished with no data
2025-07-28 02:15:04 [DEBUG] python_multipart.multipart: Calling on_part_data with data[92:94]
2025-07-28 02:15:04 [DEBUG] python_multipart.multipart: Calling on_part_end with no data
2025-07-28 02:15:04 [DEBUG] python_multipart.multipart: Calling on_part_begin with no data
2025-07-28 02:15:04 [DEBUG] python_multipart.multipart: Calling on_header_field with data[138:157]
2025-07-28 02:15:04 [DEBUG] python_multipart.multipart: Calling on_header_value with data[159:214]
2025-07-28 02:15:04 [DEBUG] python_multipart.multipart: Calling on_header_end with no data
2025-07-28 02:15:04 [DEBUG] python_multipart.multipart: Calling on_header_field with data[216:228]
2025-07-28 02:15:04 [DEBUG] python_multipart.multipart: Calling on_header_value with data[230:240]
2025-07-28 02:15:04 [DEBUG] python_multipart.multipart: Calling on_header_end with no data
2025-07-28 02:15:04 [DEBUG] python_multipart.multipart: Calling on_headers_finished with no data
2025-07-28 02:15:04 [DEBUG] python_multipart.multipart: Calling on_part_data with data[244:2502]
2025-07-28 02:15:04 [DEBUG] python_multipart.multipart: Calling on_part_end with no data
2025-07-28 02:15:04 [DEBUG] python_multipart.multipart: Calling on_end with no data
2025-07-28 02:15:04 [INFO] face-presence-api: Verifying user: 44
2025-07-28 02:15:04 [INFO] face-presence-api: Starting verification for user: 44
2025-07-28 02:15:04 [INFO] face-presence-api: Computed similarity for user 44: 0.7676
2025-07-28 02:15:04 [INFO] face-presence-api: Comparison completed for user 44 with result: {'error': False, 'similarity': 0.7675588726997375}
2025-07-28 02:15:04 [INFO] face-presence-api: Verification success for user 44: Match (score=0.76756)
2025-07-28 02:15:04 [INFO] face-presence-api: Verification successful for user 44
2025-07-28 02:15:04 [DEBUG] python_multipart.multipart: Calling on_part_begin with no data
2025-07-28 02:15:04 [DEBUG] python_multipart.multipart: Calling on_header_field with data[42:61]
2025-07-28 02:15:04 [DEBUG] python_multipart.multipart: Calling on_header_value with data[63:88]
2025-07-28 02:15:04 [DEBUG] python_multipart.multipart: Calling on_header_end with no data
2025-07-28 02:15:04 [DEBUG] python_multipart.multipart: Calling on_headers_finished with no data
2025-07-28 02:15:04 [DEBUG] python_multipart.multipart: Calling on_part_data with data[92:94]
2025-07-28 02:15:04 [DEBUG] python_multipart.multipart: Calling on_part_end with no data
2025-07-28 02:15:04 [DEBUG] python_multipart.multipart: Calling on_part_begin with no data
2025-07-28 02:15:04 [DEBUG] python_multipart.multipart: Calling on_header_field with data[138:157]
2025-07-28 02:15:04 [DEBUG] python_multipart.multipart: Calling on_header_value with data[159:183]
2025-07-28 02:15:04 [DEBUG] python_multipart.multipart: Calling on_header_end with no data
2025-07-28 02:15:04 [DEBUG] python_multipart.multipart: Calling on_headers_finished with no data
2025-07-28 02:15:04 [DEBUG] python_multipart.multipart: Calling on_part_data with data[187:190]
2025-07-28 02:15:04 [DEBUG] python_multipart.multipart: Calling on_part_end with no data
2025-07-28 02:15:04 [DEBUG] python_multipart.multipart: Calling on_end with no data
2025-07-28 02:15:04 [INFO] face-presence-api: Logging duration for user: 44, duration: 252.0
2025-07-28 02:15:04 [INFO] face-presence-api: Duration 252.0s successfully enqueued for user 44.
2025-07-28 02:15:05 [DEBUG] python_multipart.multipart: Calling on_part_begin with no data
2025-07-28 02:15:05 [DEBUG] python_multipart.multipart: Calling on_header_field with data[42:61]
2025-07-28 02:15:05 [DEBUG] python_multipart.multipart: Calling on_header_value with data[63:88]
2025-07-28 02:15:05 [DEBUG] python_multipart.multipart: Calling on_header_end with no data
2025-07-28 02:15:05 [DEBUG] python_multipart.multipart: Calling on_headers_finished with no data
2025-07-28 02:15:05 [DEBUG] python_multipart.multipart: Calling on_part_data with data[92:94]
2025-07-28 02:15:05 [DEBUG] python_multipart.multipart: Calling on_part_end with no data
2025-07-28 02:15:05 [DEBUG] python_multipart.multipart: Calling on_part_begin with no data
2025-07-28 02:15:05 [DEBUG] python_multipart.multipart: Calling on_header_field with data[138:157]
2025-07-28 02:15:05 [DEBUG] python_multipart.multipart: Calling on_header_value with data[159:214]
2025-07-28 02:15:05 [DEBUG] python_multipart.multipart: Calling on_header_end with no data
2025-07-28 02:15:05 [DEBUG] python_multipart.multipart: Calling on_header_field with data[216:228]
2025-07-28 02:15:05 [DEBUG] python_multipart.multipart: Calling on_header_value with data[230:240]
2025-07-28 02:15:05 [DEBUG] python_multipart.multipart: Calling on_header_end with no data
2025-07-28 02:15:05 [DEBUG] python_multipart.multipart: Calling on_headers_finished with no data
2025-07-28 02:15:05 [DEBUG] python_multipart.multipart: Calling on_part_data with data[244:2556]
2025-07-28 02:15:05 [DEBUG] python_multipart.multipart: Calling on_part_end with no data
2025-07-28 02:15:05 [DEBUG] python_multipart.multipart: Calling on_end with no data
2025-07-28 02:15:05 [INFO] face-presence-api: Verifying user: 44
2025-07-28 02:15:05 [INFO] face-presence-api: Starting verification for user: 44
2025-07-28 02:15:05 [INFO] face-presence-api: Computed similarity for user 44: 0.6993
2025-07-28 02:15:05 [INFO] face-presence-api: Comparison completed for user 44 with result: {'error': False, 'similarity': 0.6993339657783508}
2025-07-28 02:15:05 [INFO] face-presence-api: Verification success for user 44: Match (score=0.69933)
2025-07-28 02:15:05 [INFO] face-presence-api: Verification successful for user 44
2025-07-28 02:15:05 [DEBUG] python_multipart.multipart: Calling on_part_begin with no data
2025-07-28 02:15:05 [DEBUG] python_multipart.multipart: Calling on_header_field with data[42:61]
2025-07-28 02:15:05 [DEBUG] python_multipart.multipart: Calling on_header_value with data[63:88]
2025-07-28 02:15:05 [DEBUG] python_multipart.multipart: Calling on_header_end with no data
2025-07-28 02:15:05 [DEBUG] python_multipart.multipart: Calling on_headers_finished with no data
2025-07-28 02:15:05 [DEBUG] python_multipart.multipart: Calling on_part_data with data[92:94]
2025-07-28 02:15:05 [DEBUG] python_multipart.multipart: Calling on_part_end with no data
2025-07-28 02:15:05 [DEBUG] python_multipart.multipart: Calling on_part_begin with no data
2025-07-28 02:15:05 [DEBUG] python_multipart.multipart: Calling on_header_field with data[138:157]
2025-07-28 02:15:05 [DEBUG] python_multipart.multipart: Calling on_header_value with data[159:183]
2025-07-28 02:15:05 [DEBUG] python_multipart.multipart: Calling on_header_end with no data
2025-07-28 02:15:05 [DEBUG] python_multipart.multipart: Calling on_headers_finished with no data
2025-07-28 02:15:05 [DEBUG] python_multipart.multipart: Calling on_part_data with data[187:190]
2025-07-28 02:15:05 [DEBUG] python_multipart.multipart: Calling on_part_end with no data
2025-07-28 02:15:05 [DEBUG] python_multipart.multipart: Calling on_end with no data
2025-07-28 02:15:05 [INFO] face-presence-api: Logging duration for user: 44, duration: 231.0
2025-07-28 02:15:05 [INFO] face-presence-api: Duration 231.0s successfully enqueued for user 44.
2025-07-28 02:15:06 [DEBUG] face-presence-api: [BatchLogger] No registrations, skip flush
2025-07-28 02:15:08 [INFO] face-presence-api: [BatchLogger] Flushing 8 verifications...
2025-07-28 02:15:08 [DEBUG] urllib3.connectionpool: https://sheets.googleapis.com:443 "GET /v4/spreadsheets/1hjXERVEURCeKXeCw8TUbrkjF25_GVmORN0JgjZuu058?includeGridData=false HTTP/1.1" 200 None
2025-07-28 02:15:08 [DEBUG] urllib3.connectionpool: https://sheets.googleapis.com:443 "GET /v4/spreadsheets/1hjXERVEURCeKXeCw8TUbrkjF25_GVmORN0JgjZuu058/values/%27Verification%27 HTTP/1.1" 200 None
2025-07-28 02:15:09 [DEBUG] urllib3.connectionpool: https://sheets.googleapis.com:443 "GET /v4/spreadsheets/1hjXERVEURCeKXeCw8TUbrkjF25_GVmORN0JgjZuu058/values/%27Verification%27 HTTP/1.1" 200 None
2025-07-28 02:15:09 [DEBUG] urllib3.connectionpool: https://sheets.googleapis.com:443 "POST /v4/spreadsheets/1hjXERVEURCeKXeCw8TUbrkjF25_GVmORN0JgjZuu058/values:batchUpdate HTTP/1.1" 200 None
2025-07-28 02:15:09 [INFO] face-presence-api: [BatchLogger] Updated verification for 1 users
2025-07-28 02:15:10 [DEBUG] python_multipart.multipart: Calling on_part_begin with no data
2025-07-28 02:15:10 [DEBUG] python_multipart.multipart: Calling on_header_field with data[42:61]
2025-07-28 02:15:10 [DEBUG] python_multipart.multipart: Calling on_header_value with data[63:88]
2025-07-28 02:15:10 [DEBUG] python_multipart.multipart: Calling on_header_end with no data
2025-07-28 02:15:10 [DEBUG] python_multipart.multipart: Calling on_headers_finished with no data
2025-07-28 02:15:10 [DEBUG] python_multipart.multipart: Calling on_part_data with data[92:94]
2025-07-28 02:15:10 [DEBUG] python_multipart.multipart: Calling on_part_end with no data
2025-07-28 02:15:10 [DEBUG] python_multipart.multipart: Calling on_part_begin with no data
2025-07-28 02:15:10 [DEBUG] python_multipart.multipart: Calling on_header_field with data[138:157]
2025-07-28 02:15:10 [DEBUG] python_multipart.multipart: Calling on_header_value with data[159:214]
2025-07-28 02:15:10 [DEBUG] python_multipart.multipart: Calling on_header_end with no data
2025-07-28 02:15:10 [DEBUG] python_multipart.multipart: Calling on_header_field with data[216:228]
2025-07-28 02:15:10 [DEBUG] python_multipart.multipart: Calling on_header_value with data[230:240]
2025-07-28 02:15:10 [DEBUG] python_multipart.multipart: Calling on_header_end with no data
2025-07-28 02:15:10 [DEBUG] python_multipart.multipart: Calling on_headers_finished with no data
2025-07-28 02:15:10 [DEBUG] python_multipart.multipart: Calling on_part_data with data[244:2702]
2025-07-28 02:15:10 [DEBUG] python_multipart.multipart: Calling on_part_end with no data
2025-07-28 02:15:10 [DEBUG] python_multipart.multipart: Calling on_end with no data
2025-07-28 02:15:10 [INFO] face-presence-api: Verifying user: 44
2025-07-28 02:15:10 [INFO] face-presence-api: Starting verification for user: 44
2025-07-28 02:15:10 [INFO] face-presence-api: Computed similarity for user 44: 0.6999
2025-07-28 02:15:10 [INFO] face-presence-api: Comparison completed for user 44 with result: {'error': False, 'similarity': 0.6999463438987732}
2025-07-28 02:15:10 [INFO] face-presence-api: Verification success for user 44: Match (score=0.69995)
2025-07-28 02:15:10 [INFO] face-presence-api: Verification successful for user 44
2025-07-28 02:15:10 [DEBUG] python_multipart.multipart: Calling on_part_begin with no data
2025-07-28 02:15:10 [DEBUG] python_multipart.multipart: Calling on_header_field with data[42:61]
2025-07-28 02:15:10 [DEBUG] python_multipart.multipart: Calling on_header_value with data[63:88]
2025-07-28 02:15:10 [DEBUG] python_multipart.multipart: Calling on_header_end with no data
2025-07-28 02:15:10 [DEBUG] python_multipart.multipart: Calling on_headers_finished with no data
2025-07-28 02:15:10 [DEBUG] python_multipart.multipart: Calling on_part_data with data[92:94]
2025-07-28 02:15:10 [DEBUG] python_multipart.multipart: Calling on_part_end with no data
2025-07-28 02:15:10 [DEBUG] python_multipart.multipart: Calling on_part_begin with no data
2025-07-28 02:15:10 [DEBUG] python_multipart.multipart: Calling on_header_field with data[138:157]
2025-07-28 02:15:10 [DEBUG] python_multipart.multipart: Calling on_header_value with data[159:183]
2025-07-28 02:15:10 [DEBUG] python_multipart.multipart: Calling on_header_end with no data
2025-07-28 02:15:10 [DEBUG] python_multipart.multipart: Calling on_headers_finished with no data
2025-07-28 02:15:10 [DEBUG] python_multipart.multipart: Calling on_part_data with data[187:190]
2025-07-28 02:15:10 [DEBUG] python_multipart.multipart: Calling on_part_end with no data
2025-07-28 02:15:10 [DEBUG] python_multipart.multipart: Calling on_end with no data
2025-07-28 02:15:10 [INFO] face-presence-api: Logging duration for user: 44, duration: 231.0
2025-07-28 02:15:10 [INFO] face-presence-api: Duration 231.0s successfully enqueued for user 44.
2025-07-28 02:15:14 [INFO] face-presence-api: [BatchLogger] Flushing durations: 3
2025-07-28 02:15:14 [DEBUG] urllib3.connectionpool: https://sheets.googleapis.com:443 "GET /v4/spreadsheets/1hjXERVEURCeKXeCw8TUbrkjF25_GVmORN0JgjZuu058?includeGridData=false HTTP/1.1" 200 None
2025-07-28 02:15:14 [DEBUG] urllib3.connectionpool: https://sheets.googleapis.com:443 "GET /v4/spreadsheets/1hjXERVEURCeKXeCw8TUbrkjF25_GVmORN0JgjZuu058/values/%27Verification%27 HTTP/1.1" 200 None
2025-07-28 02:15:15 [DEBUG] urllib3.connectionpool: https://sheets.googleapis.com:443 "GET /v4/spreadsheets/1hjXERVEURCeKXeCw8TUbrkjF25_GVmORN0JgjZuu058/values/%27Verification%27 HTTP/1.1" 200 None
2025-07-28 02:15:15 [DEBUG] urllib3.connectionpool: https://sheets.googleapis.com:443 "POST /v4/spreadsheets/1hjXERVEURCeKXeCw8TUbrkjF25_GVmORN0JgjZuu058/values:batchUpdate HTTP/1.1" 200 None
2025-07-28 02:15:15 [INFO] face-presence-api: [BatchLogger] Added 3 new duration headers
2025-07-28 02:15:15 [DEBUG] urllib3.connectionpool: https://sheets.googleapis.com:443 "POST /v4/spreadsheets/1hjXERVEURCeKXeCw8TUbrkjF25_GVmORN0JgjZuu058/values:batchUpdate HTTP/1.1" 200 None
2025-07-28 02:15:15 [INFO] face-presence-api: [BatchLogger] Updated durations for 3 cells
2025-07-28 02:15:25 [DEBUG] face-presence-api: [BatchLogger] No durations, skip flush
2025-07-28 02:15:35 [DEBUG] face-presence-api: [BatchLogger] No durations, skip flush
2025-07-28 02:15:36 [DEBUG] face-presence-api: [BatchLogger] No registrations, skip flush
2025-07-28 02:15:39 [INFO] face-presence-api: [BatchLogger] Flushing 1 verifications...
2025-07-28 02:15:39 [DEBUG] urllib3.connectionpool: https://sheets.googleapis.com:443 "GET /v4/spreadsheets/1hjXERVEURCeKXeCw8TUbrkjF25_GVmORN0JgjZuu058?includeGridData=false HTTP/1.1" 200 None
2025-07-28 02:15:40 [DEBUG] urllib3.connectionpool: https://sheets.googleapis.com:443 "GET /v4/spreadsheets/1hjXERVEURCeKXeCw8TUbrkjF25_GVmORN0JgjZuu058/values/%27Verification%27 HTTP/1.1" 200 None
2025-07-28 02:15:40 [DEBUG] urllib3.connectionpool: https://sheets.googleapis.com:443 "GET /v4/spreadsheets/1hjXERVEURCeKXeCw8TUbrkjF25_GVmORN0JgjZuu058/values/%27Verification%27 HTTP/1.1" 200 None
2025-07-28 02:15:40 [DEBUG] urllib3.connectionpool: https://sheets.googleapis.com:443 "POST /v4/spreadsheets/1hjXERVEURCeKXeCw8TUbrkjF25_GVmORN0JgjZuu058/values:batchUpdate HTTP/1.1" 200 None
2025-07-28 02:15:40 [INFO] face-presence-api: [BatchLogger] Updated verification for 1 users
2025-07-28 02:15:45 [DEBUG] face-presence-api: [BatchLogger] No durations, skip flush
2025-07-28 02:15:54 [DEBUG] python_multipart.multipart: Calling on_part_begin with no data
2025-07-28 02:15:54 [DEBUG] python_multipart.multipart: Calling on_header_field with data[42:61]
2025-07-28 02:15:54 [DEBUG] python_multipart.multipart: Calling on_header_value with data[63:88]
2025-07-28 02:15:54 [DEBUG] python_multipart.multipart: Calling on_header_end with no data
2025-07-28 02:15:54 [DEBUG] python_multipart.multipart: Calling on_headers_finished with no data
2025-07-28 02:15:54 [DEBUG] python_multipart.multipart: Calling on_part_data with data[92:94]
2025-07-28 02:15:54 [DEBUG] python_multipart.multipart: Calling on_part_end with no data
2025-07-28 02:15:54 [DEBUG] python_multipart.multipart: Calling on_end with no data
2025-07-28 02:15:54 [INFO] face-presence-api: Checking status for user: 44
2025-07-28 02:15:54 [INFO] face-presence-api: User 44 is already registered.
2025-07-28 02:15:55 [DEBUG] face-presence-api: [BatchLogger] No durations, skip flush
2025-07-28 02:16:05 [DEBUG] face-presence-api: [BatchLogger] No durations, skip flush
2025-07-28 02:16:06 [DEBUG] face-presence-api: [BatchLogger] No registrations, skip flush
2025-07-28 02:16:10 [DEBUG] face-presence-api: [BatchLogger] No verifications, skip flush
2025-07-28 02:16:14 [DEBUG] python_multipart.multipart: Calling on_part_begin with no data
2025-07-28 02:16:14 [DEBUG] python_multipart.multipart: Calling on_header_field with data[42:61]
2025-07-28 02:16:14 [DEBUG] python_multipart.multipart: Calling on_header_value with data[63:88]
2025-07-28 02:16:14 [DEBUG] python_multipart.multipart: Calling on_header_end with no data
2025-07-28 02:16:14 [DEBUG] python_multipart.multipart: Calling on_headers_finished with no data
2025-07-28 02:16:14 [DEBUG] python_multipart.multipart: Calling on_part_data with data[92:94]
2025-07-28 02:16:14 [DEBUG] python_multipart.multipart: Calling on_part_end with no data
2025-07-28 02:16:14 [DEBUG] python_multipart.multipart: Calling on_end with no data
2025-07-28 02:16:14 [INFO] face-presence-api: Checking status for user: 44
2025-07-28 02:16:14 [INFO] face-presence-api: User 44 is already registered.
2025-07-28 02:16:15 [DEBUG] face-presence-api: [BatchLogger] No durations, skip flush
2025-07-28 02:16:25 [DEBUG] face-presence-api: [BatchLogger] No durations, skip flush
2025-07-28 02:16:35 [DEBUG] python_multipart.multipart: Calling on_part_begin with no data
2025-07-28 02:16:35 [DEBUG] python_multipart.multipart: Calling on_header_field with data[42:61]
2025-07-28 02:16:35 [DEBUG] python_multipart.multipart: Calling on_header_value with data[63:88]
2025-07-28 02:16:35 [DEBUG] python_multipart.multipart: Calling on_header_end with no data
2025-07-28 02:16:35 [DEBUG] python_multipart.multipart: Calling on_headers_finished with no data
2025-07-28 02:16:35 [DEBUG] python_multipart.multipart: Calling on_part_data with data[92:94]
2025-07-28 02:16:35 [DEBUG] python_multipart.multipart: Calling on_part_end with no data
2025-07-28 02:16:35 [DEBUG] python_multipart.multipart: Calling on_end with no data
2025-07-28 02:16:35 [INFO] face-presence-api: Checking status for user: 44
2025-07-28 02:16:35 [INFO] face-presence-api: User 44 is already registered.
2025-07-28 02:16:35 [DEBUG] face-presence-api: [BatchLogger] No durations, skip flush
2025-07-28 02:16:36 [DEBUG] face-presence-api: [BatchLogger] No registrations, skip flush
2025-07-28 02:16:40 [DEBUG] face-presence-api: [BatchLogger] No verifications, skip flush
2025-07-28 02:16:45 [DEBUG] face-presence-api: [BatchLogger] No durations, skip flush
2025-07-28 02:16:55 [DEBUG] python_multipart.multipart: Calling on_part_begin with no data
2025-07-28 02:16:55 [DEBUG] python_multipart.multipart: Calling on_header_field with data[42:61]
2025-07-28 02:16:55 [DEBUG] python_multipart.multipart: Calling on_header_value with data[63:88]
2025-07-28 02:16:55 [DEBUG] python_multipart.multipart: Calling on_header_end with no data
2025-07-28 02:16:55 [DEBUG] python_multipart.multipart: Calling on_headers_finished with no data
2025-07-28 02:16:55 [DEBUG] python_multipart.multipart: Calling on_part_data with data[92:94]
2025-07-28 02:16:55 [DEBUG] python_multipart.multipart: Calling on_part_end with no data
2025-07-28 02:16:55 [DEBUG] python_multipart.multipart: Calling on_end with no data
2025-07-28 02:16:55 [INFO] face-presence-api: Checking status for user: 44
2025-07-28 02:16:55 [INFO] face-presence-api: User 44 is already registered.
2025-07-28 02:16:55 [DEBUG] face-presence-api: [BatchLogger] No durations, skip flush
2025-07-28 02:17:05 [DEBUG] face-presence-api: [BatchLogger] No durations, skip flush
2025-07-28 02:17:06 [DEBUG] face-presence-api: [BatchLogger] No registrations, skip flush
2025-07-28 02:17:10 [DEBUG] face-presence-api: [BatchLogger] No verifications, skip flush
2025-07-28 02:17:15 [DEBUG] face-presence-api: [BatchLogger] No durations, skip flush
2025-07-28 02:17:16 [DEBUG] python_multipart.multipart: Calling on_part_begin with no data
2025-07-28 02:17:16 [DEBUG] python_multipart.multipart: Calling on_header_field with data[42:61]
2025-07-28 02:17:16 [DEBUG] python_multipart.multipart: Calling on_header_value with data[63:88]
2025-07-28 02:17:16 [DEBUG] python_multipart.multipart: Calling on_header_end with no data
2025-07-28 02:17:16 [DEBUG] python_multipart.multipart: Calling on_headers_finished with no data
2025-07-28 02:17:16 [DEBUG] python_multipart.multipart: Calling on_part_data with data[92:94]
2025-07-28 02:17:16 [DEBUG] python_multipart.multipart: Calling on_part_end with no data
2025-07-28 02:17:16 [DEBUG] python_multipart.multipart: Calling on_end with no data
2025-07-28 02:17:16 [INFO] face-presence-api: Checking status for user: 44
2025-07-28 02:17:16 [INFO] face-presence-api: User 44 is already registered.
2025-07-28 02:17:25 [DEBUG] face-presence-api: [BatchLogger] No durations, skip flush
2025-07-28 02:17:35 [DEBUG] face-presence-api: [BatchLogger] No durations, skip flush
2025-07-28 02:17:36 [DEBUG] python_multipart.multipart: Calling on_part_begin with no data
2025-07-28 02:17:36 [DEBUG] python_multipart.multipart: Calling on_header_field with data[42:61]
2025-07-28 02:17:36 [DEBUG] python_multipart.multipart: Calling on_header_value with data[63:88]
2025-07-28 02:17:36 [DEBUG] python_multipart.multipart: Calling on_header_end with no data
2025-07-28 02:17:36 [DEBUG] python_multipart.multipart: Calling on_headers_finished with no data
2025-07-28 02:17:36 [DEBUG] python_multipart.multipart: Calling on_part_data with data[92:94]
2025-07-28 02:17:36 [DEBUG] python_multipart.multipart: Calling on_part_end with no data
2025-07-28 02:17:36 [DEBUG] python_multipart.multipart: Calling on_end with no data
2025-07-28 02:17:36 [INFO] face-presence-api: Checking status for user: 44
2025-07-28 02:17:36 [INFO] face-presence-api: User 44 is already registered.
2025-07-28 02:17:36 [DEBUG] face-presence-api: [BatchLogger] No registrations, skip flush
2025-07-28 02:17:40 [DEBUG] face-presence-api: [BatchLogger] No verifications, skip flush
2025-07-28 02:17:45 [DEBUG] face-presence-api: [BatchLogger] No durations, skip flush
2025-07-28 02:17:53 [DEBUG] python_multipart.multipart: Calling on_part_begin with no data
2025-07-28 02:17:53 [DEBUG] python_multipart.multipart: Calling on_header_field with data[42:61]
2025-07-28 02:17:53 [DEBUG] python_multipart.multipart: Calling on_header_value with data[63:88]
2025-07-28 02:17:53 [DEBUG] python_multipart.multipart: Calling on_header_end with no data
2025-07-28 02:17:53 [DEBUG] python_multipart.multipart: Calling on_headers_finished with no data
2025-07-28 02:17:53 [DEBUG] python_multipart.multipart: Calling on_part_data with data[92:94]
2025-07-28 02:17:53 [DEBUG] python_multipart.multipart: Calling on_part_end with no data
2025-07-28 02:17:53 [DEBUG] python_multipart.multipart: Calling on_end with no data
2025-07-28 02:17:53 [INFO] face-presence-api: Checking status for user: 44
2025-07-28 02:17:53 [INFO] face-presence-api: User 44 is already registered.
2025-07-28 02:17:56 [DEBUG] face-presence-api: [BatchLogger] No durations, skip flush
2025-07-28 02:18:06 [DEBUG] face-presence-api: [BatchLogger] No durations, skip flush
2025-07-28 02:18:06 [DEBUG] face-presence-api: [BatchLogger] No registrations, skip flush
2025-07-28 02:18:10 [DEBUG] face-presence-api: [BatchLogger] No verifications, skip flush
2025-07-28 02:18:16 [DEBUG] face-presence-api: [BatchLogger] No durations, skip flush
2025-07-28 02:18:26 [DEBUG] face-presence-api: [BatchLogger] No durations, skip flush
2025-07-28 02:18:32 [DEBUG] python_multipart.multipart: Calling on_part_begin with no data
2025-07-28 02:18:32 [DEBUG] python_multipart.multipart: Calling on_header_field with data[42:61]
2025-07-28 02:18:32 [DEBUG] python_multipart.multipart: Calling on_header_value with data[63:88]
2025-07-28 02:18:32 [DEBUG] python_multipart.multipart: Calling on_header_end with no data
2025-07-28 02:18:32 [DEBUG] python_multipart.multipart: Calling on_headers_finished with no data
2025-07-28 02:18:32 [DEBUG] python_multipart.multipart: Calling on_part_data with data[92:94]
2025-07-28 02:18:32 [DEBUG] python_multipart.multipart: Calling on_part_end with no data
2025-07-28 02:18:32 [DEBUG] python_multipart.multipart: Calling on_end with no data
2025-07-28 02:18:32 [INFO] face-presence-api: Checking status for user: 44
2025-07-28 02:18:32 [INFO] face-presence-api: User 44 is already registered.
2025-07-28 02:18:36 [DEBUG] face-presence-api: [BatchLogger] No durations, skip flush
2025-07-28 02:18:36 [DEBUG] face-presence-api: [BatchLogger] No registrations, skip flush
2025-07-28 02:18:40 [DEBUG] face-presence-api: [BatchLogger] No verifications, skip flush
2025-07-28 02:18:46 [DEBUG] face-presence-api: [BatchLogger] No durations, skip flush
2025-07-28 02:18:56 [DEBUG] face-presence-api: [BatchLogger] No durations, skip flush
2025-07-28 02:19:05 [DEBUG] python_multipart.multipart: Calling on_part_begin with no data
2025-07-28 02:19:05 [DEBUG] python_multipart.multipart: Calling on_header_field with data[42:61]
2025-07-28 02:19:05 [DEBUG] python_multipart.multipart: Calling on_header_value with data[63:88]
2025-07-28 02:19:05 [DEBUG] python_multipart.multipart: Calling on_header_end with no data
2025-07-28 02:19:05 [DEBUG] python_multipart.multipart: Calling on_headers_finished with no data
2025-07-28 02:19:05 [DEBUG] python_multipart.multipart: Calling on_part_data with data[92:94]
2025-07-28 02:19:05 [DEBUG] python_multipart.multipart: Calling on_part_end with no data
2025-07-28 02:19:05 [DEBUG] python_multipart.multipart: Calling on_end with no data
2025-07-28 02:19:05 [INFO] face-presence-api: Checking status for user: 44
2025-07-28 02:19:05 [INFO] face-presence-api: User 44 is already registered.
2025-07-28 02:19:06 [DEBUG] face-presence-api: [BatchLogger] No durations, skip flush
2025-07-28 02:19:07 [DEBUG] face-presence-api: [BatchLogger] No registrations, skip flush
2025-07-28 02:19:10 [DEBUG] face-presence-api: [BatchLogger] No verifications, skip flush
2025-07-28 02:19:16 [DEBUG] face-presence-api: [BatchLogger] No durations, skip flush
2025-07-28 02:19:26 [DEBUG] face-presence-api: [BatchLogger] No durations, skip flush
2025-07-28 02:19:36 [DEBUG] face-presence-api: [BatchLogger] No durations, skip flush
2025-07-28 02:19:37 [DEBUG] face-presence-api: [BatchLogger] No registrations, skip flush
2025-07-28 02:19:40 [DEBUG] face-presence-api: [BatchLogger] No verifications, skip flush
2025-07-28 02:19:43 [DEBUG] python_multipart.multipart: Calling on_part_begin with no data
2025-07-28 02:19:43 [DEBUG] python_multipart.multipart: Calling on_header_field with data[42:61]
2025-07-28 02:19:43 [DEBUG] python_multipart.multipart: Calling on_header_value with data[63:88]
2025-07-28 02:19:43 [DEBUG] python_multipart.multipart: Calling on_header_end with no data
2025-07-28 02:19:43 [DEBUG] python_multipart.multipart: Calling on_headers_finished with no data
2025-07-28 02:19:43 [DEBUG] python_multipart.multipart: Calling on_part_data with data[92:94]
2025-07-28 02:19:43 [DEBUG] python_multipart.multipart: Calling on_part_end with no data
2025-07-28 02:19:43 [DEBUG] python_multipart.multipart: Calling on_end with no data
2025-07-28 02:19:43 [INFO] face-presence-api: Checking status for user: 44
2025-07-28 02:19:43 [INFO] face-presence-api: User 44 is already registered.
2025-07-28 02:19:46 [DEBUG] face-presence-api: [BatchLogger] No durations, skip flush
2025-07-28 02:19:56 [DEBUG] face-presence-api: [BatchLogger] No durations, skip flush
2025-07-28 02:20:06 [DEBUG] face-presence-api: [BatchLogger] No durations, skip flush
2025-07-28 02:20:07 [DEBUG] face-presence-api: [BatchLogger] No registrations, skip flush
2025-07-28 02:20:10 [DEBUG] face-presence-api: [BatchLogger] No verifications, skip flush
2025-07-28 02:20:14 [DEBUG] python_multipart.multipart: Calling on_part_begin with no data
2025-07-28 02:20:14 [DEBUG] python_multipart.multipart: Calling on_header_field with data[42:61]
2025-07-28 02:20:14 [DEBUG] python_multipart.multipart: Calling on_header_value with data[63:88]
2025-07-28 02:20:14 [DEBUG] python_multipart.multipart: Calling on_header_end with no data
2025-07-28 02:20:14 [DEBUG] python_multipart.multipart: Calling on_headers_finished with no data
2025-07-28 02:20:14 [DEBUG] python_multipart.multipart: Calling on_part_data with data[92:94]
2025-07-28 02:20:14 [DEBUG] python_multipart.multipart: Calling on_part_end with no data
2025-07-28 02:20:14 [DEBUG] python_multipart.multipart: Calling on_end with no data
2025-07-28 02:20:14 [INFO] face-presence-api: Checking status for user: 44
2025-07-28 02:20:14 [INFO] face-presence-api: User 44 is already registered.
2025-07-28 02:20:16 [DEBUG] face-presence-api: [BatchLogger] No durations, skip flush
2025-07-28 02:20:26 [DEBUG] face-presence-api: [BatchLogger] No durations, skip flush
2025-07-28 02:20:36 [DEBUG] face-presence-api: [BatchLogger] No durations, skip flush
2025-07-28 02:20:37 [DEBUG] face-presence-api: [BatchLogger] No registrations, skip flush
2025-07-28 02:20:40 [DEBUG] face-presence-api: [BatchLogger] No verifications, skip flush
2025-07-28 02:20:46 [DEBUG] face-presence-api: [BatchLogger] No durations, skip flush
2025-07-28 02:20:54 [DEBUG] python_multipart.multipart: Calling on_part_begin with no data
2025-07-28 02:20:54 [DEBUG] python_multipart.multipart: Calling on_header_field with data[42:61]
2025-07-28 02:20:54 [DEBUG] python_multipart.multipart: Calling on_header_value with data[63:88]
2025-07-28 02:20:54 [DEBUG] python_multipart.multipart: Calling on_header_end with no data
2025-07-28 02:20:54 [DEBUG] python_multipart.multipart: Calling on_headers_finished with no data
2025-07-28 02:20:54 [DEBUG] python_multipart.multipart: Calling on_part_data with data[92:94]
2025-07-28 02:20:54 [DEBUG] python_multipart.multipart: Calling on_part_end with no data
2025-07-28 02:20:54 [DEBUG] python_multipart.multipart: Calling on_end with no data
2025-07-28 02:20:54 [INFO] face-presence-api: Checking status for user: 44
2025-07-28 02:20:54 [INFO] face-presence-api: User 44 is already registered.
2025-07-28 02:20:56 [DEBUG] face-presence-api: [BatchLogger] No durations, skip flush
2025-07-28 02:20:59 [DEBUG] python_multipart.multipart: Calling on_part_begin with no data
2025-07-28 02:20:59 [DEBUG] python_multipart.multipart: Calling on_header_field with data[42:61]
2025-07-28 02:20:59 [DEBUG] python_multipart.multipart: Calling on_header_value with data[63:88]
2025-07-28 02:20:59 [DEBUG] python_multipart.multipart: Calling on_header_end with no data
2025-07-28 02:20:59 [DEBUG] python_multipart.multipart: Calling on_headers_finished with no data
2025-07-28 02:20:59 [DEBUG] python_multipart.multipart: Calling on_part_data with data[92:94]
2025-07-28 02:20:59 [DEBUG] python_multipart.multipart: Calling on_part_end with no data
2025-07-28 02:20:59 [DEBUG] python_multipart.multipart: Calling on_end with no data
2025-07-28 02:20:59 [INFO] face-presence-api: Checking status for user: 44
2025-07-28 02:20:59 [INFO] face-presence-api: User 44 is already registered.
2025-07-28 02:21:06 [DEBUG] face-presence-api: [BatchLogger] No durations, skip flush
2025-07-28 02:21:07 [DEBUG] face-presence-api: [BatchLogger] No registrations, skip flush
2025-07-28 02:21:10 [DEBUG] face-presence-api: [BatchLogger] No verifications, skip flush
2025-07-28 02:21:16 [DEBUG] face-presence-api: [BatchLogger] No durations, skip flush
2025-07-28 02:21:26 [DEBUG] face-presence-api: [BatchLogger] No durations, skip flush
2025-07-28 02:21:36 [DEBUG] face-presence-api: [BatchLogger] No durations, skip flush
2025-07-28 02:21:37 [DEBUG] face-presence-api: [BatchLogger] No registrations, skip flush
2025-07-28 02:21:40 [DEBUG] face-presence-api: [BatchLogger] No verifications, skip flush
2025-07-28 02:21:46 [DEBUG] face-presence-api: [BatchLogger] No durations, skip flush
2025-07-28 02:21:56 [DEBUG] face-presence-api: [BatchLogger] No durations, skip flush
2025-07-28 02:22:06 [DEBUG] face-presence-api: [BatchLogger] No durations, skip flush
2025-07-28 02:22:07 [DEBUG] face-presence-api: [BatchLogger] No registrations, skip flush
2025-07-28 02:22:10 [DEBUG] face-presence-api: [BatchLogger] No verifications, skip flush
2025-07-28 02:22:16 [DEBUG] face-presence-api: [BatchLogger] No durations, skip flush
2025-07-28 02:22:26 [DEBUG] face-presence-api: [BatchLogger] No durations, skip flush
2025-07-28 02:22:36 [DEBUG] face-presence-api: [BatchLogger] No durations, skip flush
2025-07-28 02:22:37 [DEBUG] face-presence-api: [BatchLogger] No registrations, skip flush
2025-07-28 02:22:40 [DEBUG] face-presence-api: [BatchLogger] No verifications, skip flush
2025-07-28 02:22:46 [DEBUG] face-presence-api: [BatchLogger] No durations, skip flush
2025-07-28 02:22:56 [DEBUG] face-presence-api: [BatchLogger] No durations, skip flush
2025-07-28 02:23:06 [DEBUG] face-presence-api: [BatchLogger] No durations, skip flush
2025-07-28 02:23:07 [DEBUG] face-presence-api: [BatchLogger] No registrations, skip flush
2025-07-28 02:23:10 [DEBUG] face-presence-api: [BatchLogger] No verifications, skip flush
2025-07-28 02:23:16 [DEBUG] face-presence-api: [BatchLogger] No durations, skip flush
2025-07-28 02:23:26 [DEBUG] python_multipart.multipart: Calling on_part_begin with no data
2025-07-28 02:23:26 [DEBUG] python_multipart.multipart: Calling on_header_field with data[42:61]
2025-07-28 02:23:26 [DEBUG] python_multipart.multipart: Calling on_header_value with data[63:88]
2025-07-28 02:23:26 [DEBUG] python_multipart.multipart: Calling on_header_end with no data
2025-07-28 02:23:26 [DEBUG] python_multipart.multipart: Calling on_headers_finished with no data
2025-07-28 02:23:26 [DEBUG] python_multipart.multipart: Calling on_part_data with data[92:94]
2025-07-28 02:23:26 [DEBUG] python_multipart.multipart: Calling on_part_end with no data
2025-07-28 02:23:26 [DEBUG] python_multipart.multipart: Calling on_end with no data
2025-07-28 02:23:26 [INFO] face-presence-api: Checking status for user: 44
2025-07-28 02:23:26 [INFO] face-presence-api: User 44 is already registered.
2025-07-28 02:23:26 [DEBUG] face-presence-api: [BatchLogger] No durations, skip flush
2025-07-28 02:23:27 [DEBUG] python_multipart.multipart: Calling on_part_begin with no data
2025-07-28 02:23:27 [DEBUG] python_multipart.multipart: Calling on_header_field with data[42:61]
2025-07-28 02:23:27 [DEBUG] python_multipart.multipart: Calling on_header_value with data[63:88]
2025-07-28 02:23:27 [DEBUG] python_multipart.multipart: Calling on_header_end with no data
2025-07-28 02:23:27 [DEBUG] python_multipart.multipart: Calling on_headers_finished with no data
2025-07-28 02:23:27 [DEBUG] python_multipart.multipart: Calling on_part_data with data[92:94]
2025-07-28 02:23:27 [DEBUG] python_multipart.multipart: Calling on_part_end with no data
2025-07-28 02:23:27 [DEBUG] python_multipart.multipart: Calling on_end with no data
2025-07-28 02:23:27 [INFO] face-presence-api: Checking status for user: 44
2025-07-28 02:23:27 [INFO] face-presence-api: User 44 is already registered.
2025-07-28 02:23:36 [DEBUG] face-presence-api: [BatchLogger] No durations, skip flush
2025-07-28 02:23:37 [DEBUG] face-presence-api: [BatchLogger] No registrations, skip flush
2025-07-28 02:23:40 [DEBUG] face-presence-api: [BatchLogger] No verifications, skip flush
2025-07-28 02:23:46 [DEBUG] face-presence-api: [BatchLogger] No durations, skip flush
2025-07-28 02:23:49 [DEBUG] python_multipart.multipart: Calling on_part_begin with no data
2025-07-28 02:23:49 [DEBUG] python_multipart.multipart: Calling on_header_field with data[42:61]
2025-07-28 02:23:49 [DEBUG] python_multipart.multipart: Calling on_header_value with data[63:88]
2025-07-28 02:23:49 [DEBUG] python_multipart.multipart: Calling on_header_end with no data
2025-07-28 02:23:49 [DEBUG] python_multipart.multipart: Calling on_headers_finished with no data
2025-07-28 02:23:49 [DEBUG] python_multipart.multipart: Calling on_part_data with data[92:94]
2025-07-28 02:23:50 [DEBUG] python_multipart.multipart: Calling on_part_end with no data
2025-07-28 02:23:50 [DEBUG] python_multipart.multipart: Calling on_end with no data
2025-07-28 02:23:50 [INFO] face-presence-api: Checking status for user: 44
2025-07-28 02:23:50 [INFO] face-presence-api: User 44 is already registered.
2025-07-28 02:23:51 [DEBUG] python_multipart.multipart: Calling on_part_begin with no data
2025-07-28 02:23:51 [DEBUG] python_multipart.multipart: Calling on_header_field with data[42:61]
2025-07-28 02:23:51 [DEBUG] python_multipart.multipart: Calling on_header_value with data[63:88]
2025-07-28 02:23:51 [DEBUG] python_multipart.multipart: Calling on_header_end with no data
2025-07-28 02:23:51 [DEBUG] python_multipart.multipart: Calling on_headers_finished with no data
2025-07-28 02:23:51 [DEBUG] python_multipart.multipart: Calling on_part_data with data[92:94]
2025-07-28 02:23:51 [DEBUG] python_multipart.multipart: Calling on_part_end with no data
2025-07-28 02:23:51 [DEBUG] python_multipart.multipart: Calling on_end with no data
2025-07-28 02:23:51 [INFO] face-presence-api: Checking status for user: 44
2025-07-28 02:23:51 [INFO] face-presence-api: User 44 is already registered.
2025-07-28 02:23:56 [DEBUG] face-presence-api: [BatchLogger] No durations, skip flush
2025-07-28 02:24:06 [DEBUG] face-presence-api: [BatchLogger] No durations, skip flush
2025-07-28 02:24:07 [DEBUG] face-presence-api: [BatchLogger] No registrations, skip flush
2025-07-28 02:24:10 [DEBUG] face-presence-api: [BatchLogger] No verifications, skip flush
2025-07-28 02:24:16 [DEBUG] face-presence-api: [BatchLogger] No durations, skip flush
2025-07-28 02:24:20 [DEBUG] python_multipart.multipart: Calling on_part_begin with no data
2025-07-28 02:24:20 [DEBUG] python_multipart.multipart: Calling on_header_field with data[42:61]
2025-07-28 02:24:20 [DEBUG] python_multipart.multipart: Calling on_header_value with data[63:88]
2025-07-28 02:24:20 [DEBUG] python_multipart.multipart: Calling on_header_end with no data
2025-07-28 02:24:20 [DEBUG] python_multipart.multipart: Calling on_headers_finished with no data
2025-07-28 02:24:20 [DEBUG] python_multipart.multipart: Calling on_part_data with data[92:94]
2025-07-28 02:24:20 [DEBUG] python_multipart.multipart: Calling on_part_end with no data
2025-07-28 02:24:20 [DEBUG] python_multipart.multipart: Calling on_end with no data
2025-07-28 02:24:20 [INFO] face-presence-api: Checking status for user: 44
2025-07-28 02:24:20 [INFO] face-presence-api: User 44 is already registered.
2025-07-28 02:24:21 [DEBUG] python_multipart.multipart: Calling on_part_begin with no data
2025-07-28 02:24:21 [DEBUG] python_multipart.multipart: Calling on_header_field with data[42:61]
2025-07-28 02:24:21 [DEBUG] python_multipart.multipart: Calling on_header_value with data[63:88]
2025-07-28 02:24:21 [DEBUG] python_multipart.multipart: Calling on_header_end with no data
2025-07-28 02:24:21 [DEBUG] python_multipart.multipart: Calling on_headers_finished with no data
2025-07-28 02:24:21 [DEBUG] python_multipart.multipart: Calling on_part_data with data[92:94]
2025-07-28 02:24:21 [DEBUG] python_multipart.multipart: Calling on_part_end with no data
2025-07-28 02:24:21 [DEBUG] python_multipart.multipart: Calling on_end with no data
2025-07-28 02:24:21 [INFO] face-presence-api: Checking status for user: 44
2025-07-28 02:24:21 [INFO] face-presence-api: User 44 is already registered.
2025-07-28 02:24:26 [DEBUG] face-presence-api: [BatchLogger] No durations, skip flush
2025-07-28 02:24:36 [DEBUG] face-presence-api: [BatchLogger] No durations, skip flush
2025-07-28 02:24:37 [DEBUG] face-presence-api: [BatchLogger] No registrations, skip flush
2025-07-28 02:24:40 [DEBUG] face-presence-api: [BatchLogger] No verifications, skip flush
2025-07-28 02:24:46 [DEBUG] face-presence-api: [BatchLogger] No durations, skip flush
2025-07-28 02:24:48 [DEBUG] python_multipart.multipart: Calling on_part_begin with no data
2025-07-28 02:24:48 [DEBUG] python_multipart.multipart: Calling on_header_field with data[42:61]
2025-07-28 02:24:48 [DEBUG] python_multipart.multipart: Calling on_header_value with data[63:88]
2025-07-28 02:24:48 [DEBUG] python_multipart.multipart: Calling on_header_end with no data
2025-07-28 02:24:48 [DEBUG] python_multipart.multipart: Calling on_headers_finished with no data
2025-07-28 02:24:48 [DEBUG] python_multipart.multipart: Calling on_part_data with data[92:94]
2025-07-28 02:24:48 [DEBUG] python_multipart.multipart: Calling on_part_end with no data
2025-07-28 02:24:48 [DEBUG] python_multipart.multipart: Calling on_end with no data
2025-07-28 02:24:48 [INFO] face-presence-api: Checking status for user: 44
2025-07-28 02:24:48 [INFO] face-presence-api: User 44 is already registered.
2025-07-28 02:24:49 [DEBUG] python_multipart.multipart: Calling on_part_begin with no data
2025-07-28 02:24:49 [DEBUG] python_multipart.multipart: Calling on_header_field with data[42:61]
2025-07-28 02:24:49 [DEBUG] python_multipart.multipart: Calling on_header_value with data[63:88]
2025-07-28 02:24:49 [DEBUG] python_multipart.multipart: Calling on_header_end with no data
2025-07-28 02:24:49 [DEBUG] python_multipart.multipart: Calling on_headers_finished with no data
2025-07-28 02:24:49 [DEBUG] python_multipart.multipart: Calling on_part_data with data[92:94]
2025-07-28 02:24:49 [DEBUG] python_multipart.multipart: Calling on_part_end with no data
2025-07-28 02:24:49 [DEBUG] python_multipart.multipart: Calling on_end with no data
2025-07-28 02:24:49 [INFO] face-presence-api: Checking status for user: 44
2025-07-28 02:24:49 [INFO] face-presence-api: User 44 is already registered.
2025-07-28 02:24:56 [DEBUG] face-presence-api: [BatchLogger] No durations, skip flush
2025-07-28 02:25:06 [DEBUG] face-presence-api: [BatchLogger] No durations, skip flush
2025-07-28 02:25:07 [DEBUG] face-presence-api: [BatchLogger] No registrations, skip flush
2025-07-28 02:25:10 [DEBUG] face-presence-api: [BatchLogger] No verifications, skip flush
2025-07-28 02:25:16 [DEBUG] face-presence-api: [BatchLogger] No durations, skip flush
2025-07-28 02:25:22 [DEBUG] python_multipart.multipart: Calling on_part_begin with no data
2025-07-28 02:25:22 [DEBUG] python_multipart.multipart: Calling on_header_field with data[42:61]
2025-07-28 02:25:22 [DEBUG] python_multipart.multipart: Calling on_header_value with data[63:88]
2025-07-28 02:25:22 [DEBUG] python_multipart.multipart: Calling on_header_end with no data
2025-07-28 02:25:22 [DEBUG] python_multipart.multipart: Calling on_headers_finished with no data
2025-07-28 02:25:22 [DEBUG] python_multipart.multipart: Calling on_part_data with data[92:94]
2025-07-28 02:25:22 [DEBUG] python_multipart.multipart: Calling on_part_end with no data
2025-07-28 02:25:22 [DEBUG] python_multipart.multipart: Calling on_end with no data
2025-07-28 02:25:22 [INFO] face-presence-api: Checking status for user: 44
2025-07-28 02:25:22 [INFO] face-presence-api: User 44 is already registered.
2025-07-28 02:25:24 [DEBUG] python_multipart.multipart: Calling on_part_begin with no data
2025-07-28 02:25:24 [DEBUG] python_multipart.multipart: Calling on_header_field with data[42:61]
2025-07-28 02:25:24 [DEBUG] python_multipart.multipart: Calling on_header_value with data[63:88]
2025-07-28 02:25:24 [DEBUG] python_multipart.multipart: Calling on_header_end with no data
2025-07-28 02:25:24 [DEBUG] python_multipart.multipart: Calling on_headers_finished with no data
2025-07-28 02:25:24 [DEBUG] python_multipart.multipart: Calling on_part_data with data[92:94]
2025-07-28 02:25:24 [DEBUG] python_multipart.multipart: Calling on_part_end with no data
2025-07-28 02:25:24 [DEBUG] python_multipart.multipart: Calling on_end with no data
2025-07-28 02:25:24 [INFO] face-presence-api: Checking status for user: 44
2025-07-28 02:25:24 [INFO] face-presence-api: User 44 is already registered.
2025-07-28 02:25:26 [DEBUG] face-presence-api: [BatchLogger] No durations, skip flush
2025-07-28 02:25:36 [DEBUG] face-presence-api: [BatchLogger] No durations, skip flush
2025-07-28 02:25:37 [DEBUG] face-presence-api: [BatchLogger] No registrations, skip flush
2025-07-28 02:25:41 [DEBUG] face-presence-api: [BatchLogger] No verifications, skip flush
2025-07-28 02:25:46 [DEBUG] face-presence-api: [BatchLogger] No durations, skip flush
2025-07-28 02:25:49 [DEBUG] python_multipart.multipart: Calling on_part_begin with no data
2025-07-28 02:25:49 [DEBUG] python_multipart.multipart: Calling on_header_field with data[42:61]
2025-07-28 02:25:49 [DEBUG] python_multipart.multipart: Calling on_header_value with data[63:88]
2025-07-28 02:25:49 [DEBUG] python_multipart.multipart: Calling on_header_end with no data
2025-07-28 02:25:49 [DEBUG] python_multipart.multipart: Calling on_headers_finished with no data
2025-07-28 02:25:49 [DEBUG] python_multipart.multipart: Calling on_part_data with data[92:94]
2025-07-28 02:25:49 [DEBUG] python_multipart.multipart: Calling on_part_end with no data
2025-07-28 02:25:49 [DEBUG] python_multipart.multipart: Calling on_end with no data
2025-07-28 02:25:49 [INFO] face-presence-api: Checking status for user: 44
2025-07-28 02:25:49 [INFO] face-presence-api: User 44 is already registered.
2025-07-28 02:25:51 [DEBUG] python_multipart.multipart: Calling on_part_begin with no data
2025-07-28 02:25:51 [DEBUG] python_multipart.multipart: Calling on_header_field with data[42:61]
2025-07-28 02:25:51 [DEBUG] python_multipart.multipart: Calling on_header_value with data[63:88]
2025-07-28 02:25:51 [DEBUG] python_multipart.multipart: Calling on_header_end with no data
2025-07-28 02:25:51 [DEBUG] python_multipart.multipart: Calling on_headers_finished with no data
2025-07-28 02:25:51 [DEBUG] python_multipart.multipart: Calling on_part_data with data[92:94]
2025-07-28 02:25:51 [DEBUG] python_multipart.multipart: Calling on_part_end with no data
2025-07-28 02:25:51 [DEBUG] python_multipart.multipart: Calling on_end with no data
2025-07-28 02:25:51 [INFO] face-presence-api: Checking status for user: 44
2025-07-28 02:25:51 [INFO] face-presence-api: User 44 is already registered.
2025-07-28 02:25:56 [DEBUG] face-presence-api: [BatchLogger] No durations, skip flush
2025-07-28 02:26:06 [DEBUG] face-presence-api: [BatchLogger] No durations, skip flush
2025-07-28 02:26:07 [DEBUG] face-presence-api: [BatchLogger] No registrations, skip flush
2025-07-28 02:26:11 [DEBUG] face-presence-api: [BatchLogger] No verifications, skip flush
2025-07-28 02:26:14 [DEBUG] python_multipart.multipart: Calling on_part_begin with no data
2025-07-28 02:26:14 [DEBUG] python_multipart.multipart: Calling on_header_field with data[42:61]
2025-07-28 02:26:14 [DEBUG] python_multipart.multipart: Calling on_header_value with data[63:88]
2025-07-28 02:26:14 [DEBUG] python_multipart.multipart: Calling on_header_end with no data
2025-07-28 02:26:14 [DEBUG] python_multipart.multipart: Calling on_headers_finished with no data
2025-07-28 02:26:14 [DEBUG] python_multipart.multipart: Calling on_part_data with data[92:94]
2025-07-28 02:26:14 [DEBUG] python_multipart.multipart: Calling on_part_end with no data
2025-07-28 02:26:14 [DEBUG] python_multipart.multipart: Calling on_end with no data
2025-07-28 02:26:14 [INFO] face-presence-api: Checking status for user: 44
2025-07-28 02:26:14 [INFO] face-presence-api: User 44 is already registered.
2025-07-28 02:26:16 [DEBUG] face-presence-api: [BatchLogger] No durations, skip flush
2025-07-28 02:26:26 [DEBUG] face-presence-api: [BatchLogger] No durations, skip flush
2025-07-28 02:26:36 [DEBUG] face-presence-api: [BatchLogger] No durations, skip flush
2025-07-28 02:26:37 [DEBUG] face-presence-api: [BatchLogger] No registrations, skip flush
2025-07-28 02:26:41 [DEBUG] face-presence-api: [BatchLogger] No verifications, skip flush
2025-07-28 02:26:46 [DEBUG] face-presence-api: [BatchLogger] No durations, skip flush
2025-07-28 02:26:53 [DEBUG] python_multipart.multipart: Calling on_part_begin with no data
2025-07-28 02:26:53 [DEBUG] python_multipart.multipart: Calling on_header_field with data[42:61]
2025-07-28 02:26:53 [DEBUG] python_multipart.multipart: Calling on_header_value with data[63:88]
2025-07-28 02:26:53 [DEBUG] python_multipart.multipart: Calling on_header_end with no data
2025-07-28 02:26:53 [DEBUG] python_multipart.multipart: Calling on_headers_finished with no data
2025-07-28 02:26:54 [DEBUG] python_multipart.multipart: Calling on_part_data with data[92:94]
2025-07-28 02:26:54 [DEBUG] python_multipart.multipart: Calling on_part_end with no data
2025-07-28 02:26:54 [DEBUG] python_multipart.multipart: Calling on_end with no data
2025-07-28 02:26:54 [INFO] face-presence-api: Checking status for user: 44
2025-07-28 02:26:54 [INFO] face-presence-api: User 44 is already registered.
2025-07-28 02:26:56 [DEBUG] python_multipart.multipart: Calling on_part_begin with no data
2025-07-28 02:26:56 [DEBUG] python_multipart.multipart: Calling on_header_field with data[42:61]
2025-07-28 02:26:56 [DEBUG] python_multipart.multipart: Calling on_header_value with data[63:88]
2025-07-28 02:26:56 [DEBUG] python_multipart.multipart: Calling on_header_end with no data
2025-07-28 02:26:56 [DEBUG] python_multipart.multipart: Calling on_headers_finished with no data
2025-07-28 02:26:56 [DEBUG] python_multipart.multipart: Calling on_part_data with data[92:94]
2025-07-28 02:26:56 [DEBUG] python_multipart.multipart: Calling on_part_end with no data
2025-07-28 02:26:56 [DEBUG] python_multipart.multipart: Calling on_end with no data
2025-07-28 02:26:56 [INFO] face-presence-api: Checking status for user: 44
2025-07-28 02:26:56 [INFO] face-presence-api: User 44 is already registered.
2025-07-28 02:26:56 [DEBUG] face-presence-api: [BatchLogger] No durations, skip flush
2025-07-28 02:27:06 [DEBUG] face-presence-api: [BatchLogger] No durations, skip flush
2025-07-28 02:27:07 [DEBUG] face-presence-api: [BatchLogger] No registrations, skip flush
2025-07-28 02:27:11 [DEBUG] face-presence-api: [BatchLogger] No verifications, skip flush
2025-07-28 02:27:16 [DEBUG] face-presence-api: [BatchLogger] No durations, skip flush
2025-07-28 02:27:23 [DEBUG] python_multipart.multipart: Calling on_part_begin with no data
2025-07-28 02:27:23 [DEBUG] python_multipart.multipart: Calling on_header_field with data[42:61]
2025-07-28 02:27:23 [DEBUG] python_multipart.multipart: Calling on_header_value with data[63:88]
2025-07-28 02:27:23 [DEBUG] python_multipart.multipart: Calling on_header_end with no data
2025-07-28 02:27:23 [DEBUG] python_multipart.multipart: Calling on_headers_finished with no data
2025-07-28 02:27:23 [DEBUG] python_multipart.multipart: Calling on_part_data with data[92:94]
2025-07-28 02:27:23 [DEBUG] python_multipart.multipart: Calling on_part_end with no data
2025-07-28 02:27:23 [DEBUG] python_multipart.multipart: Calling on_end with no data
2025-07-28 02:27:23 [INFO] face-presence-api: Checking status for user: 44
2025-07-28 02:27:23 [INFO] face-presence-api: User 44 is already registered.
2025-07-28 02:27:26 [DEBUG] face-presence-api: [BatchLogger] No durations, skip flush
2025-07-28 02:27:36 [DEBUG] face-presence-api: [BatchLogger] No durations, skip flush
2025-07-28 02:27:37 [DEBUG] face-presence-api: [BatchLogger] No registrations, skip flush
2025-07-28 02:27:41 [DEBUG] face-presence-api: [BatchLogger] No verifications, skip flush
2025-07-28 02:27:46 [DEBUG] face-presence-api: [BatchLogger] No durations, skip flush
2025-07-28 02:27:48 [DEBUG] python_multipart.multipart: Calling on_part_begin with no data
2025-07-28 02:27:48 [DEBUG] python_multipart.multipart: Calling on_header_field with data[42:61]
2025-07-28 02:27:48 [DEBUG] python_multipart.multipart: Calling on_header_value with data[63:88]
2025-07-28 02:27:49 [DEBUG] python_multipart.multipart: Calling on_header_end with no data
2025-07-28 02:27:49 [DEBUG] python_multipart.multipart: Calling on_headers_finished with no data
2025-07-28 02:27:49 [DEBUG] python_multipart.multipart: Calling on_part_data with data[92:94]
2025-07-28 02:27:49 [DEBUG] python_multipart.multipart: Calling on_part_end with no data
2025-07-28 02:27:49 [DEBUG] python_multipart.multipart: Calling on_end with no data
2025-07-28 02:27:49 [INFO] face-presence-api: Checking status for user: 44
2025-07-28 02:27:49 [INFO] face-presence-api: User 44 is already registered.
2025-07-28 02:27:56 [DEBUG] face-presence-api: [BatchLogger] No durations, skip flush
2025-07-28 02:28:06 [DEBUG] face-presence-api: [BatchLogger] No durations, skip flush
2025-07-28 02:28:07 [DEBUG] face-presence-api: [BatchLogger] No registrations, skip flush
2025-07-28 02:28:11 [DEBUG] face-presence-api: [BatchLogger] No verifications, skip flush
2025-07-28 02:28:16 [DEBUG] face-presence-api: [BatchLogger] No durations, skip flush
2025-07-28 02:28:22 [DEBUG] python_multipart.multipart: Calling on_part_begin with no data
2025-07-28 02:28:22 [DEBUG] python_multipart.multipart: Calling on_header_field with data[42:61]
2025-07-28 02:28:23 [DEBUG] python_multipart.multipart: Calling on_header_value with data[63:88]
2025-07-28 02:28:23 [DEBUG] python_multipart.multipart: Calling on_header_end with no data
2025-07-28 02:28:23 [DEBUG] python_multipart.multipart: Calling on_headers_finished with no data
2025-07-28 02:28:23 [DEBUG] python_multipart.multipart: Calling on_part_data with data[92:94]
2025-07-28 02:28:23 [DEBUG] python_multipart.multipart: Calling on_part_end with no data
2025-07-28 02:28:23 [DEBUG] python_multipart.multipart: Calling on_end with no data
2025-07-28 02:28:23 [INFO] face-presence-api: Checking status for user: 44
2025-07-28 02:28:23 [INFO] face-presence-api: User 44 is already registered.
2025-07-28 02:28:24 [DEBUG] python_multipart.multipart: Calling on_part_begin with no data
2025-07-28 02:28:24 [DEBUG] python_multipart.multipart: Calling on_header_field with data[42:61]
2025-07-28 02:28:24 [DEBUG] python_multipart.multipart: Calling on_header_value with data[63:88]
2025-07-28 02:28:24 [DEBUG] python_multipart.multipart: Calling on_header_end with no data
2025-07-28 02:28:24 [DEBUG] python_multipart.multipart: Calling on_headers_finished with no data
2025-07-28 02:28:24 [DEBUG] python_multipart.multipart: Calling on_part_data with data[92:94]
2025-07-28 02:28:24 [DEBUG] python_multipart.multipart: Calling on_part_end with no data
2025-07-28 02:28:24 [DEBUG] python_multipart.multipart: Calling on_end with no data
2025-07-28 02:28:24 [INFO] face-presence-api: Checking status for user: 44
2025-07-28 02:28:24 [INFO] face-presence-api: User 44 is already registered.
2025-07-28 02:28:26 [DEBUG] face-presence-api: [BatchLogger] No durations, skip flush
2025-07-28 02:28:36 [DEBUG] face-presence-api: [BatchLogger] No durations, skip flush
2025-07-28 02:28:37 [DEBUG] face-presence-api: [BatchLogger] No registrations, skip flush
2025-07-28 02:28:41 [DEBUG] face-presence-api: [BatchLogger] No verifications, skip flush
2025-07-28 02:28:46 [DEBUG] face-presence-api: [BatchLogger] No durations, skip flush
2025-07-28 02:28:52 [DEBUG] python_multipart.multipart: Calling on_part_begin with no data
2025-07-28 02:28:52 [DEBUG] python_multipart.multipart: Calling on_header_field with data[42:61]
2025-07-28 02:28:52 [DEBUG] python_multipart.multipart: Calling on_header_value with data[63:88]
2025-07-28 02:28:52 [DEBUG] python_multipart.multipart: Calling on_header_end with no data
2025-07-28 02:28:52 [DEBUG] python_multipart.multipart: Calling on_headers_finished with no data
2025-07-28 02:28:52 [DEBUG] python_multipart.multipart: Calling on_part_data with data[92:94]
2025-07-28 02:28:52 [DEBUG] python_multipart.multipart: Calling on_part_end with no data
2025-07-28 02:28:52 [DEBUG] python_multipart.multipart: Calling on_end with no data
2025-07-28 02:28:52 [INFO] face-presence-api: Checking status for user: 44
2025-07-28 02:28:52 [INFO] face-presence-api: User 44 is already registered.
2025-07-28 02:28:56 [DEBUG] python_multipart.multipart: Calling on_part_begin with no data
2025-07-28 02:28:56 [DEBUG] python_multipart.multipart: Calling on_header_field with data[42:61]
2025-07-28 02:28:56 [DEBUG] python_multipart.multipart: Calling on_header_value with data[63:88]
2025-07-28 02:28:56 [DEBUG] python_multipart.multipart: Calling on_header_end with no data
2025-07-28 02:28:56 [DEBUG] python_multipart.multipart: Calling on_headers_finished with no data
2025-07-28 02:28:56 [DEBUG] python_multipart.multipart: Calling on_part_data with data[92:94]
2025-07-28 02:28:56 [DEBUG] python_multipart.multipart: Calling on_part_end with no data
2025-07-28 02:28:56 [DEBUG] python_multipart.multipart: Calling on_end with no data
2025-07-28 02:28:56 [INFO] face-presence-api: Checking status for user: 44
2025-07-28 02:28:56 [INFO] face-presence-api: User 44 is already registered.
2025-07-28 02:28:56 [DEBUG] face-presence-api: [BatchLogger] No durations, skip flush
2025-07-28 02:29:06 [DEBUG] face-presence-api: [BatchLogger] No durations, skip flush
2025-07-28 02:29:07 [DEBUG] face-presence-api: [BatchLogger] No registrations, skip flush
2025-07-28 02:29:11 [DEBUG] face-presence-api: [BatchLogger] No verifications, skip flush
2025-07-28 02:29:16 [DEBUG] face-presence-api: [BatchLogger] No durations, skip flush
2025-07-28 02:29:20 [DEBUG] python_multipart.multipart: Calling on_part_begin with no data
2025-07-28 02:29:20 [DEBUG] python_multipart.multipart: Calling on_header_field with data[42:61]
2025-07-28 02:29:20 [DEBUG] python_multipart.multipart: Calling on_header_value with data[63:88]
2025-07-28 02:29:20 [DEBUG] python_multipart.multipart: Calling on_header_end with no data
2025-07-28 02:29:20 [DEBUG] python_multipart.multipart: Calling on_headers_finished with no data
2025-07-28 02:29:20 [DEBUG] python_multipart.multipart: Calling on_part_data with data[92:94]
2025-07-28 02:29:20 [DEBUG] python_multipart.multipart: Calling on_part_end with no data
2025-07-28 02:29:20 [DEBUG] python_multipart.multipart: Calling on_end with no data
2025-07-28 02:29:20 [INFO] face-presence-api: Checking status for user: 44
2025-07-28 02:29:20 [INFO] face-presence-api: User 44 is already registered.
2025-07-28 02:29:26 [DEBUG] face-presence-api: [BatchLogger] No durations, skip flush
2025-07-28 02:29:32 [DEBUG] python_multipart.multipart: Calling on_part_begin with no data
2025-07-28 02:29:32 [DEBUG] python_multipart.multipart: Calling on_header_field with data[42:61]
2025-07-28 02:29:32 [DEBUG] python_multipart.multipart: Calling on_header_value with data[63:88]
2025-07-28 02:29:32 [DEBUG] python_multipart.multipart: Calling on_header_end with no data
2025-07-28 02:29:32 [DEBUG] python_multipart.multipart: Calling on_headers_finished with no data
2025-07-28 02:29:32 [DEBUG] python_multipart.multipart: Calling on_part_data with data[92:94]
2025-07-28 02:29:32 [DEBUG] python_multipart.multipart: Calling on_part_end with no data
2025-07-28 02:29:32 [DEBUG] python_multipart.multipart: Calling on_end with no data
2025-07-28 02:29:32 [INFO] face-presence-api: Checking status for user: 44
2025-07-28 02:29:32 [INFO] face-presence-api: User 44 is already registered.
2025-07-28 02:29:36 [DEBUG] face-presence-api: [BatchLogger] No durations, skip flush
2025-07-28 02:29:37 [DEBUG] face-presence-api: [BatchLogger] No registrations, skip flush
2025-07-28 02:29:41 [DEBUG] face-presence-api: [BatchLogger] No verifications, skip flush
2025-07-28 02:29:46 [DEBUG] face-presence-api: [BatchLogger] No durations, skip flush
2025-07-28 02:29:56 [DEBUG] face-presence-api: [BatchLogger] No durations, skip flush
2025-07-28 02:30:07 [DEBUG] face-presence-api: [BatchLogger] No durations, skip flush
2025-07-28 02:30:07 [DEBUG] face-presence-api: [BatchLogger] No registrations, skip flush
2025-07-28 02:30:11 [DEBUG] face-presence-api: [BatchLogger] No verifications, skip flush
2025-07-28 02:30:14 [DEBUG] python_multipart.multipart: Calling on_part_begin with no data
2025-07-28 02:30:14 [DEBUG] python_multipart.multipart: Calling on_header_field with data[42:61]
2025-07-28 02:30:14 [DEBUG] python_multipart.multipart: Calling on_header_value with data[63:88]
2025-07-28 02:30:14 [DEBUG] python_multipart.multipart: Calling on_header_end with no data
2025-07-28 02:30:14 [DEBUG] python_multipart.multipart: Calling on_headers_finished with no data
2025-07-28 02:30:14 [DEBUG] python_multipart.multipart: Calling on_part_data with data[92:94]
2025-07-28 02:30:14 [DEBUG] python_multipart.multipart: Calling on_part_end with no data
2025-07-28 02:30:14 [DEBUG] python_multipart.multipart: Calling on_end with no data
2025-07-28 02:30:14 [INFO] face-presence-api: Checking status for user: 44
2025-07-28 02:30:14 [INFO] face-presence-api: User 44 is already registered.
2025-07-28 02:30:17 [DEBUG] face-presence-api: [BatchLogger] No durations, skip flush
2025-07-28 02:30:18 [DEBUG] python_multipart.multipart: Calling on_part_begin with no data
2025-07-28 02:30:18 [DEBUG] python_multipart.multipart: Calling on_header_field with data[42:61]
2025-07-28 02:30:18 [DEBUG] python_multipart.multipart: Calling on_header_value with data[63:88]
2025-07-28 02:30:18 [DEBUG] python_multipart.multipart: Calling on_header_end with no data
2025-07-28 02:30:18 [DEBUG] python_multipart.multipart: Calling on_headers_finished with no data
2025-07-28 02:30:18 [DEBUG] python_multipart.multipart: Calling on_part_data with data[92:94]
2025-07-28 02:30:18 [DEBUG] python_multipart.multipart: Calling on_part_end with no data
2025-07-28 02:30:18 [DEBUG] python_multipart.multipart: Calling on_end with no data
2025-07-28 02:30:18 [INFO] face-presence-api: Checking status for user: 44
2025-07-28 02:30:18 [INFO] face-presence-api: User 44 is already registered.
2025-07-28 02:30:27 [DEBUG] face-presence-api: [BatchLogger] No durations, skip flush
2025-07-28 02:30:28 [DEBUG] python_multipart.multipart: Calling on_part_begin with no data
2025-07-28 02:30:28 [DEBUG] python_multipart.multipart: Calling on_header_field with data[42:61]
2025-07-28 02:30:28 [DEBUG] python_multipart.multipart: Calling on_header_value with data[63:88]
2025-07-28 02:30:28 [DEBUG] python_multipart.multipart: Calling on_header_end with no data
2025-07-28 02:30:28 [DEBUG] python_multipart.multipart: Calling on_headers_finished with no data
2025-07-28 02:30:28 [DEBUG] python_multipart.multipart: Calling on_part_data with data[92:94]
2025-07-28 02:30:28 [DEBUG] python_multipart.multipart: Calling on_part_end with no data
2025-07-28 02:30:28 [DEBUG] python_multipart.multipart: Calling on_end with no data
2025-07-28 02:30:28 [INFO] face-presence-api: Checking status for user: 44
2025-07-28 02:30:28 [INFO] face-presence-api: User 44 is already registered.
2025-07-28 02:30:33 [DEBUG] python_multipart.multipart: Calling on_part_begin with no data
2025-07-28 02:30:33 [DEBUG] python_multipart.multipart: Calling on_header_field with data[42:61]
2025-07-28 02:30:33 [DEBUG] python_multipart.multipart: Calling on_header_value with data[63:88]
2025-07-28 02:30:33 [DEBUG] python_multipart.multipart: Calling on_header_end with no data
2025-07-28 02:30:33 [DEBUG] python_multipart.multipart: Calling on_headers_finished with no data
2025-07-28 02:30:33 [DEBUG] python_multipart.multipart: Calling on_part_data with data[92:94]
2025-07-28 02:30:33 [DEBUG] python_multipart.multipart: Calling on_part_end with no data
2025-07-28 02:30:33 [DEBUG] python_multipart.multipart: Calling on_end with no data
2025-07-28 02:30:33 [INFO] face-presence-api: Checking status for user: 44
2025-07-28 02:30:33 [INFO] face-presence-api: User 44 is already registered.
2025-07-28 02:30:37 [DEBUG] face-presence-api: [BatchLogger] No durations, skip flush
2025-07-28 02:30:37 [DEBUG] face-presence-api: [BatchLogger] No registrations, skip flush
2025-07-28 02:30:41 [DEBUG] face-presence-api: [BatchLogger] No verifications, skip flush
2025-07-28 02:30:47 [DEBUG] face-presence-api: [BatchLogger] No durations, skip flush
2025-07-28 02:30:51 [DEBUG] python_multipart.multipart: Calling on_part_begin with no data
2025-07-28 02:30:51 [DEBUG] python_multipart.multipart: Calling on_header_field with data[42:61]
2025-07-28 02:30:51 [DEBUG] python_multipart.multipart: Calling on_header_value with data[63:88]
2025-07-28 02:30:51 [DEBUG] python_multipart.multipart: Calling on_header_end with no data
2025-07-28 02:30:51 [DEBUG] python_multipart.multipart: Calling on_headers_finished with no data
2025-07-28 02:30:51 [DEBUG] python_multipart.multipart: Calling on_part_data with data[92:94]
2025-07-28 02:30:51 [DEBUG] python_multipart.multipart: Calling on_part_end with no data
2025-07-28 02:30:51 [DEBUG] python_multipart.multipart: Calling on_end with no data
2025-07-28 02:30:51 [INFO] face-presence-api: Checking status for user: 44
2025-07-28 02:30:51 [INFO] face-presence-api: User 44 is already registered.
2025-07-28 02:30:55 [DEBUG] python_multipart.multipart: Calling on_part_begin with no data
2025-07-28 02:30:55 [DEBUG] python_multipart.multipart: Calling on_header_field with data[42:61]
2025-07-28 02:30:55 [DEBUG] python_multipart.multipart: Calling on_header_value with data[63:88]
2025-07-28 02:30:55 [DEBUG] python_multipart.multipart: Calling on_header_end with no data
2025-07-28 02:30:55 [DEBUG] python_multipart.multipart: Calling on_headers_finished with no data
2025-07-28 02:30:55 [DEBUG] python_multipart.multipart: Calling on_part_data with data[92:94]
2025-07-28 02:30:55 [DEBUG] python_multipart.multipart: Calling on_part_end with no data
2025-07-28 02:30:55 [DEBUG] python_multipart.multipart: Calling on_end with no data
2025-07-28 02:30:55 [INFO] face-presence-api: Checking status for user: 44
2025-07-28 02:30:55 [INFO] face-presence-api: User 44 is already registered.
2025-07-28 02:30:57 [DEBUG] face-presence-api: [BatchLogger] No durations, skip flush
2025-07-28 02:31:07 [DEBUG] face-presence-api: [BatchLogger] No registrations, skip flush
2025-07-28 02:31:07 [DEBUG] face-presence-api: [BatchLogger] No durations, skip flush
2025-07-28 02:31:10 [DEBUG] python_multipart.multipart: Calling on_part_begin with no data
2025-07-28 02:31:10 [DEBUG] python_multipart.multipart: Calling on_header_field with data[42:61]
2025-07-28 02:31:10 [DEBUG] python_multipart.multipart: Calling on_header_value with data[63:88]
2025-07-28 02:31:10 [DEBUG] python_multipart.multipart: Calling on_header_end with no data
2025-07-28 02:31:10 [DEBUG] python_multipart.multipart: Calling on_headers_finished with no data
2025-07-28 02:31:10 [DEBUG] python_multipart.multipart: Calling on_part_data with data[92:94]
2025-07-28 02:31:10 [DEBUG] python_multipart.multipart: Calling on_part_end with no data
2025-07-28 02:31:10 [DEBUG] python_multipart.multipart: Calling on_end with no data
2025-07-28 02:31:10 [INFO] face-presence-api: Checking status for user: 44
2025-07-28 02:31:10 [INFO] face-presence-api: User 44 is already registered.
2025-07-28 02:31:11 [DEBUG] face-presence-api: [BatchLogger] No verifications, skip flush
2025-07-28 02:31:15 [DEBUG] python_multipart.multipart: Calling on_part_begin with no data
2025-07-28 02:31:15 [DEBUG] python_multipart.multipart: Calling on_header_field with data[42:61]
2025-07-28 02:31:15 [DEBUG] python_multipart.multipart: Calling on_header_value with data[63:88]
2025-07-28 02:31:15 [DEBUG] python_multipart.multipart: Calling on_header_end with no data
2025-07-28 02:31:15 [DEBUG] python_multipart.multipart: Calling on_headers_finished with no data
2025-07-28 02:31:15 [DEBUG] python_multipart.multipart: Calling on_part_data with data[92:94]
2025-07-28 02:31:15 [DEBUG] python_multipart.multipart: Calling on_part_end with no data
2025-07-28 02:31:15 [DEBUG] python_multipart.multipart: Calling on_end with no data
2025-07-28 02:31:15 [INFO] face-presence-api: Checking status for user: 44
2025-07-28 02:31:15 [INFO] face-presence-api: User 44 is already registered.
2025-07-28 02:31:17 [DEBUG] face-presence-api: [BatchLogger] No durations, skip flush
2025-07-28 02:31:22 [DEBUG] python_multipart.multipart: Calling on_part_begin with no data
2025-07-28 02:31:22 [DEBUG] python_multipart.multipart: Calling on_header_field with data[42:61]
2025-07-28 02:31:22 [DEBUG] python_multipart.multipart: Calling on_header_value with data[63:88]
2025-07-28 02:31:22 [DEBUG] python_multipart.multipart: Calling on_header_end with no data
2025-07-28 02:31:22 [DEBUG] python_multipart.multipart: Calling on_headers_finished with no data
2025-07-28 02:31:22 [DEBUG] python_multipart.multipart: Calling on_part_data with data[92:94]
2025-07-28 02:31:22 [DEBUG] python_multipart.multipart: Calling on_part_end with no data
2025-07-28 02:31:22 [DEBUG] python_multipart.multipart: Calling on_end with no data
2025-07-28 02:31:22 [INFO] face-presence-api: Checking status for user: 44
2025-07-28 02:31:22 [INFO] face-presence-api: User 44 is already registered.
2025-07-28 02:31:27 [DEBUG] face-presence-api: [BatchLogger] No durations, skip flush
2025-07-28 02:31:32 [DEBUG] python_multipart.multipart: Calling on_part_begin with no data
2025-07-28 02:31:32 [DEBUG] python_multipart.multipart: Calling on_header_field with data[42:61]
2025-07-28 02:31:32 [DEBUG] python_multipart.multipart: Calling on_header_value with data[63:88]
2025-07-28 02:31:32 [DEBUG] python_multipart.multipart: Calling on_header_end with no data
2025-07-28 02:31:32 [DEBUG] python_multipart.multipart: Calling on_headers_finished with no data
2025-07-28 02:31:32 [DEBUG] python_multipart.multipart: Calling on_part_data with data[92:94]
2025-07-28 02:31:32 [DEBUG] python_multipart.multipart: Calling on_part_end with no data
2025-07-28 02:31:32 [DEBUG] python_multipart.multipart: Calling on_end with no data
2025-07-28 02:31:32 [INFO] face-presence-api: Checking status for user: 44
2025-07-28 02:31:32 [INFO] face-presence-api: User 44 is already registered.
2025-07-28 02:31:37 [DEBUG] face-presence-api: [BatchLogger] No registrations, skip flush
2025-07-28 02:31:37 [DEBUG] face-presence-api: [BatchLogger] No durations, skip flush
2025-07-28 02:31:39 [DEBUG] python_multipart.multipart: Calling on_part_begin with no data
2025-07-28 02:31:39 [DEBUG] python_multipart.multipart: Calling on_header_field with data[42:61]
2025-07-28 02:31:39 [DEBUG] python_multipart.multipart: Calling on_header_value with data[63:88]
2025-07-28 02:31:39 [DEBUG] python_multipart.multipart: Calling on_header_end with no data
2025-07-28 02:31:39 [DEBUG] python_multipart.multipart: Calling on_headers_finished with no data
2025-07-28 02:31:39 [DEBUG] python_multipart.multipart: Calling on_part_data with data[92:94]
2025-07-28 02:31:39 [DEBUG] python_multipart.multipart: Calling on_part_end with no data
2025-07-28 02:31:39 [DEBUG] python_multipart.multipart: Calling on_end with no data
2025-07-28 02:31:39 [INFO] face-presence-api: Checking status for user: 44
2025-07-28 02:31:39 [INFO] face-presence-api: User 44 is already registered.
2025-07-28 02:31:41 [DEBUG] face-presence-api: [BatchLogger] No verifications, skip flush
2025-07-28 02:31:46 [DEBUG] python_multipart.multipart: Calling on_part_begin with no data
2025-07-28 02:31:46 [DEBUG] python_multipart.multipart: Calling on_header_field with data[42:61]
2025-07-28 02:31:46 [DEBUG] python_multipart.multipart: Calling on_header_value with data[63:88]
2025-07-28 02:31:46 [DEBUG] python_multipart.multipart: Calling on_header_end with no data
2025-07-28 02:31:46 [DEBUG] python_multipart.multipart: Calling on_headers_finished with no data
2025-07-28 02:31:46 [DEBUG] python_multipart.multipart: Calling on_part_data with data[92:94]
2025-07-28 02:31:46 [DEBUG] python_multipart.multipart: Calling on_part_end with no data
2025-07-28 02:31:46 [DEBUG] python_multipart.multipart: Calling on_end with no data
2025-07-28 02:31:46 [INFO] face-presence-api: Checking status for user: 44
2025-07-28 02:31:46 [INFO] face-presence-api: User 44 is already registered.
2025-07-28 02:31:47 [DEBUG] face-presence-api: [BatchLogger] No durations, skip flush
2025-07-28 02:31:57 [DEBUG] face-presence-api: [BatchLogger] No durations, skip flush
2025-07-28 02:32:02 [DEBUG] python_multipart.multipart: Calling on_part_begin with no data
2025-07-28 02:32:03 [DEBUG] python_multipart.multipart: Calling on_header_field with data[42:61]
2025-07-28 02:32:03 [DEBUG] python_multipart.multipart: Calling on_header_value with data[63:88]
2025-07-28 02:32:03 [DEBUG] python_multipart.multipart: Calling on_header_end with no data
2025-07-28 02:32:03 [DEBUG] python_multipart.multipart: Calling on_headers_finished with no data
2025-07-28 02:32:03 [DEBUG] python_multipart.multipart: Calling on_part_data with data[92:94]
2025-07-28 02:32:03 [DEBUG] python_multipart.multipart: Calling on_part_end with no data
2025-07-28 02:32:03 [DEBUG] python_multipart.multipart: Calling on_end with no data
2025-07-28 02:32:03 [INFO] face-presence-api: Checking status for user: 44
2025-07-28 02:32:03 [INFO] face-presence-api: User 44 is already registered.
2025-07-28 02:32:07 [DEBUG] face-presence-api: [BatchLogger] No registrations, skip flush
2025-07-28 02:32:07 [DEBUG] face-presence-api: [BatchLogger] No durations, skip flush
2025-07-28 02:32:11 [DEBUG] face-presence-api: [BatchLogger] No verifications, skip flush
2025-07-28 02:32:17 [DEBUG] face-presence-api: [BatchLogger] No durations, skip flush
2025-07-28 02:32:27 [DEBUG] face-presence-api: [BatchLogger] No durations, skip flush
2025-07-28 02:32:36 [DEBUG] python_multipart.multipart: Calling on_part_begin with no data
2025-07-28 02:32:36 [DEBUG] python_multipart.multipart: Calling on_header_field with data[42:61]
2025-07-28 02:32:36 [DEBUG] python_multipart.multipart: Calling on_header_value with data[63:88]
2025-07-28 02:32:36 [DEBUG] python_multipart.multipart: Calling on_header_end with no data
2025-07-28 02:32:36 [DEBUG] python_multipart.multipart: Calling on_headers_finished with no data
2025-07-28 02:32:36 [DEBUG] python_multipart.multipart: Calling on_part_data with data[92:94]
2025-07-28 02:32:36 [DEBUG] python_multipart.multipart: Calling on_part_end with no data
2025-07-28 02:32:36 [DEBUG] python_multipart.multipart: Calling on_end with no data
2025-07-28 02:32:36 [INFO] face-presence-api: Checking status for user: 44
2025-07-28 02:32:36 [INFO] face-presence-api: User 44 is already registered.
2025-07-28 02:32:37 [DEBUG] face-presence-api: [BatchLogger] No registrations, skip flush
2025-07-28 02:32:37 [DEBUG] face-presence-api: [BatchLogger] No durations, skip flush
2025-07-28 02:32:41 [DEBUG] face-presence-api: [BatchLogger] No verifications, skip flush
2025-07-28 02:32:43 [DEBUG] python_multipart.multipart: Calling on_part_begin with no data
2025-07-28 02:32:43 [DEBUG] python_multipart.multipart: Calling on_header_field with data[42:61]
2025-07-28 02:32:43 [DEBUG] python_multipart.multipart: Calling on_header_value with data[63:88]
2025-07-28 02:32:43 [DEBUG] python_multipart.multipart: Calling on_header_end with no data
2025-07-28 02:32:43 [DEBUG] python_multipart.multipart: Calling on_headers_finished with no data
2025-07-28 02:32:43 [DEBUG] python_multipart.multipart: Calling on_part_data with data[92:94]
2025-07-28 02:32:43 [DEBUG] python_multipart.multipart: Calling on_part_end with no data
2025-07-28 02:32:43 [DEBUG] python_multipart.multipart: Calling on_end with no data
2025-07-28 02:32:43 [INFO] face-presence-api: Checking status for user: 44
2025-07-28 02:32:43 [INFO] face-presence-api: User 44 is already registered.
2025-07-28 02:32:47 [DEBUG] face-presence-api: [BatchLogger] No durations, skip flush
2025-07-28 02:32:57 [DEBUG] face-presence-api: [BatchLogger] No durations, skip flush
2025-07-28 02:33:07 [DEBUG] face-presence-api: [BatchLogger] No registrations, skip flush
2025-07-28 02:33:07 [DEBUG] face-presence-api: [BatchLogger] No durations, skip flush
2025-07-28 02:33:11 [DEBUG] face-presence-api: [BatchLogger] No verifications, skip flush
2025-07-28 02:33:17 [DEBUG] face-presence-api: [BatchLogger] No durations, skip flush
2025-07-28 02:33:27 [DEBUG] face-presence-api: [BatchLogger] No durations, skip flush
2025-07-28 02:33:37 [DEBUG] face-presence-api: [BatchLogger] No registrations, skip flush
2025-07-28 02:33:37 [DEBUG] face-presence-api: [BatchLogger] No durations, skip flush
2025-07-28 02:33:41 [DEBUG] face-presence-api: [BatchLogger] No verifications, skip flush
2025-07-28 02:33:47 [DEBUG] face-presence-api: [BatchLogger] No durations, skip flush
2025-07-28 02:33:57 [DEBUG] face-presence-api: [BatchLogger] No durations, skip flush
2025-07-28 02:33:58 [DEBUG] python_multipart.multipart: Calling on_part_begin with no data
2025-07-28 02:33:58 [DEBUG] python_multipart.multipart: Calling on_header_field with data[42:61]
2025-07-28 02:33:58 [DEBUG] python_multipart.multipart: Calling on_header_value with data[63:88]
2025-07-28 02:33:58 [DEBUG] python_multipart.multipart: Calling on_header_end with no data
2025-07-28 02:33:58 [DEBUG] python_multipart.multipart: Calling on_headers_finished with no data
2025-07-28 02:33:58 [DEBUG] python_multipart.multipart: Calling on_part_data with data[92:94]
2025-07-28 02:33:58 [DEBUG] python_multipart.multipart: Calling on_part_end with no data
2025-07-28 02:33:58 [DEBUG] python_multipart.multipart: Calling on_end with no data
2025-07-28 02:33:58 [INFO] face-presence-api: Checking status for user: 44
2025-07-28 02:33:58 [INFO] face-presence-api: User 44 is already registered.
2025-07-28 02:34:07 [DEBUG] face-presence-api: [BatchLogger] No registrations, skip flush
2025-07-28 02:34:07 [DEBUG] face-presence-api: [BatchLogger] No durations, skip flush
2025-07-28 02:34:11 [DEBUG] face-presence-api: [BatchLogger] No verifications, skip flush
2025-07-28 02:34:14 [DEBUG] python_multipart.multipart: Calling on_part_begin with no data
2025-07-28 02:34:14 [DEBUG] python_multipart.multipart: Calling on_header_field with data[42:61]
2025-07-28 02:34:14 [DEBUG] python_multipart.multipart: Calling on_header_value with data[63:88]
2025-07-28 02:34:14 [DEBUG] python_multipart.multipart: Calling on_header_end with no data
2025-07-28 02:34:14 [DEBUG] python_multipart.multipart: Calling on_headers_finished with no data
2025-07-28 02:34:14 [DEBUG] python_multipart.multipart: Calling on_part_data with data[92:94]
2025-07-28 02:34:14 [DEBUG] python_multipart.multipart: Calling on_part_end with no data
2025-07-28 02:34:14 [DEBUG] python_multipart.multipart: Calling on_end with no data
2025-07-28 02:34:14 [INFO] face-presence-api: Checking status for user: 44
2025-07-28 02:34:14 [INFO] face-presence-api: User 44 is already registered.
2025-07-28 02:34:17 [DEBUG] face-presence-api: [BatchLogger] No durations, skip flush
2025-07-28 02:34:27 [DEBUG] face-presence-api: [BatchLogger] No durations, skip flush
2025-07-28 02:34:37 [DEBUG] face-presence-api: [BatchLogger] No registrations, skip flush
2025-07-28 02:34:37 [DEBUG] face-presence-api: [BatchLogger] No durations, skip flush
2025-07-28 02:34:41 [DEBUG] face-presence-api: [BatchLogger] No verifications, skip flush
2025-07-28 02:34:47 [DEBUG] face-presence-api: [BatchLogger] No durations, skip flush
2025-07-28 02:34:57 [DEBUG] face-presence-api: [BatchLogger] No durations, skip flush
2025-07-28 02:35:07 [DEBUG] face-presence-api: [BatchLogger] No registrations, skip flush
2025-07-28 02:35:07 [DEBUG] face-presence-api: [BatchLogger] No durations, skip flush
2025-07-28 02:35:11 [DEBUG] face-presence-api: [BatchLogger] No verifications, skip flush
2025-07-28 02:35:17 [DEBUG] face-presence-api: [BatchLogger] No durations, skip flush
2025-07-28 02:35:27 [DEBUG] face-presence-api: [BatchLogger] No durations, skip flush
2025-07-28 02:35:37 [DEBUG] face-presence-api: [BatchLogger] No registrations, skip flush
2025-07-28 02:35:37 [DEBUG] face-presence-api: [BatchLogger] No durations, skip flush
2025-07-28 02:35:41 [DEBUG] face-presence-api: [BatchLogger] No verifications, skip flush
2025-07-28 02:35:47 [DEBUG] face-presence-api: [BatchLogger] No durations, skip flush
2025-07-28 02:35:57 [DEBUG] face-presence-api: [BatchLogger] No durations, skip flush
2025-07-28 02:36:07 [DEBUG] face-presence-api: [BatchLogger] No registrations, skip flush
2025-07-28 02:36:07 [DEBUG] face-presence-api: [BatchLogger] No durations, skip flush
2025-07-28 02:36:11 [DEBUG] face-presence-api: [BatchLogger] No verifications, skip flush
2025-07-28 02:36:17 [DEBUG] face-presence-api: [BatchLogger] No durations, skip flush
2025-07-28 02:36:27 [DEBUG] face-presence-api: [BatchLogger] No durations, skip flush
2025-07-28 02:36:37 [DEBUG] face-presence-api: [BatchLogger] No registrations, skip flush
2025-07-28 02:36:37 [DEBUG] face-presence-api: [BatchLogger] No durations, skip flush
2025-07-28 02:36:41 [DEBUG] face-presence-api: [BatchLogger] No verifications, skip flush
2025-07-28 02:36:47 [DEBUG] face-presence-api: [BatchLogger] No durations, skip flush
2025-07-28 02:36:57 [DEBUG] face-presence-api: [BatchLogger] No durations, skip flush
2025-07-28 02:37:07 [DEBUG] face-presence-api: [BatchLogger] No registrations, skip flush
2025-07-28 02:37:07 [DEBUG] face-presence-api: [BatchLogger] No durations, skip flush
2025-07-28 02:37:11 [DEBUG] face-presence-api: [BatchLogger] No verifications, skip flush
2025-07-28 02:37:18 [DEBUG] face-presence-api: [BatchLogger] No durations, skip flush
2025-07-28 02:37:28 [DEBUG] face-presence-api: [BatchLogger] No durations, skip flush
2025-07-28 02:37:37 [DEBUG] face-presence-api: [BatchLogger] No registrations, skip flush
2025-07-28 02:37:38 [DEBUG] face-presence-api: [BatchLogger] No durations, skip flush
2025-07-28 02:37:41 [DEBUG] face-presence-api: [BatchLogger] No verifications, skip flush
2025-07-28 02:37:48 [DEBUG] face-presence-api: [BatchLogger] No durations, skip flush
2025-07-28 02:37:58 [DEBUG] face-presence-api: [BatchLogger] No durations, skip flush
2025-07-28 02:38:07 [DEBUG] face-presence-api: [BatchLogger] No registrations, skip flush
2025-07-28 02:38:08 [DEBUG] face-presence-api: [BatchLogger] No durations, skip flush
2025-07-28 02:38:11 [DEBUG] face-presence-api: [BatchLogger] No verifications, skip flush
2025-07-28 02:38:18 [DEBUG] face-presence-api: [BatchLogger] No durations, skip flush
2025-07-28 02:38:28 [DEBUG] face-presence-api: [BatchLogger] No durations, skip flush
2025-07-28 02:38:37 [DEBUG] face-presence-api: [BatchLogger] No registrations, skip flush
2025-07-28 02:38:38 [DEBUG] face-presence-api: [BatchLogger] No durations, skip flush
2025-07-28 02:38:41 [DEBUG] face-presence-api: [BatchLogger] No verifications, skip flush
2025-07-28 02:38:48 [DEBUG] face-presence-api: [BatchLogger] No durations, skip flush
2025-07-28 02:38:58 [DEBUG] face-presence-api: [BatchLogger] No durations, skip flush
2025-07-28 02:39:07 [DEBUG] face-presence-api: [BatchLogger] No registrations, skip flush
2025-07-28 02:39:08 [DEBUG] face-presence-api: [BatchLogger] No durations, skip flush
2025-07-28 02:39:11 [DEBUG] face-presence-api: [BatchLogger] No verifications, skip flush
2025-07-28 02:39:18 [DEBUG] face-presence-api: [BatchLogger] No durations, skip flush
2025-07-28 02:39:28 [DEBUG] face-presence-api: [BatchLogger] No durations, skip flush
2025-07-28 02:39:34 [DEBUG] python_multipart.multipart: Calling on_part_begin with no data
2025-07-28 02:39:34 [DEBUG] python_multipart.multipart: Calling on_header_field with data[42:61]
2025-07-28 02:39:34 [DEBUG] python_multipart.multipart: Calling on_header_value with data[63:88]
2025-07-28 02:39:34 [DEBUG] python_multipart.multipart: Calling on_header_end with no data
2025-07-28 02:39:34 [DEBUG] python_multipart.multipart: Calling on_headers_finished with no data
2025-07-28 02:39:34 [DEBUG] python_multipart.multipart: Calling on_part_data with data[92:94]
2025-07-28 02:39:34 [DEBUG] python_multipart.multipart: Calling on_part_end with no data
2025-07-28 02:39:34 [DEBUG] python_multipart.multipart: Calling on_end with no data
2025-07-28 02:39:34 [INFO] face-presence-api: Checking status for user: 44
2025-07-28 02:39:34 [INFO] face-presence-api: User 44 is already registered.
2025-07-28 02:39:37 [DEBUG] face-presence-api: [BatchLogger] No registrations, skip flush
2025-07-28 02:39:38 [DEBUG] face-presence-api: [BatchLogger] No durations, skip flush
2025-07-28 02:39:40 [DEBUG] python_multipart.multipart: Calling on_part_begin with no data
2025-07-28 02:39:40 [DEBUG] python_multipart.multipart: Calling on_header_field with data[42:61]
2025-07-28 02:39:40 [DEBUG] python_multipart.multipart: Calling on_header_value with data[63:88]
2025-07-28 02:39:40 [DEBUG] python_multipart.multipart: Calling on_header_end with no data
2025-07-28 02:39:40 [DEBUG] python_multipart.multipart: Calling on_headers_finished with no data
2025-07-28 02:39:40 [DEBUG] python_multipart.multipart: Calling on_part_data with data[92:94]
2025-07-28 02:39:40 [DEBUG] python_multipart.multipart: Calling on_part_end with no data
2025-07-28 02:39:40 [DEBUG] python_multipart.multipart: Calling on_end with no data
2025-07-28 02:39:40 [INFO] face-presence-api: Checking status for user: 44
2025-07-28 02:39:40 [INFO] face-presence-api: User 44 is already registered.
2025-07-28 02:39:41 [DEBUG] face-presence-api: [BatchLogger] No verifications, skip flush
2025-07-28 02:39:48 [DEBUG] face-presence-api: [BatchLogger] No durations, skip flush
2025-07-28 02:39:58 [DEBUG] face-presence-api: [BatchLogger] No durations, skip flush
2025-07-28 02:40:07 [DEBUG] python_multipart.multipart: Calling on_part_begin with no data
2025-07-28 02:40:07 [DEBUG] python_multipart.multipart: Calling on_header_field with data[42:61]
2025-07-28 02:40:07 [DEBUG] python_multipart.multipart: Calling on_header_value with data[63:88]
2025-07-28 02:40:07 [DEBUG] python_multipart.multipart: Calling on_header_end with no data
2025-07-28 02:40:07 [DEBUG] python_multipart.multipart: Calling on_headers_finished with no data
2025-07-28 02:40:07 [DEBUG] python_multipart.multipart: Calling on_part_data with data[92:94]
2025-07-28 02:40:07 [DEBUG] python_multipart.multipart: Calling on_part_end with no data
2025-07-28 02:40:07 [DEBUG] python_multipart.multipart: Calling on_end with no data
2025-07-28 02:40:07 [DEBUG] face-presence-api: [BatchLogger] No registrations, skip flush
2025-07-28 02:40:07 [INFO] face-presence-api: Checking status for user: 44
2025-07-28 02:40:07 [INFO] face-presence-api: User 44 is already registered.
2025-07-28 02:40:08 [DEBUG] face-presence-api: [BatchLogger] No durations, skip flush
2025-07-28 02:40:09 [DEBUG] python_multipart.multipart: Calling on_part_begin with no data
2025-07-28 02:40:09 [DEBUG] python_multipart.multipart: Calling on_header_field with data[42:61]
2025-07-28 02:40:09 [DEBUG] python_multipart.multipart: Calling on_header_value with data[63:88]
2025-07-28 02:40:09 [DEBUG] python_multipart.multipart: Calling on_header_end with no data
2025-07-28 02:40:09 [DEBUG] python_multipart.multipart: Calling on_headers_finished with no data
2025-07-28 02:40:09 [DEBUG] python_multipart.multipart: Calling on_part_data with data[92:94]
2025-07-28 02:40:09 [DEBUG] python_multipart.multipart: Calling on_part_end with no data
2025-07-28 02:40:09 [DEBUG] python_multipart.multipart: Calling on_end with no data
2025-07-28 02:40:09 [INFO] face-presence-api: Checking status for user: 44
2025-07-28 02:40:09 [INFO] face-presence-api: User 44 is already registered.
2025-07-28 02:40:11 [DEBUG] face-presence-api: [BatchLogger] No verifications, skip flush
2025-07-28 02:40:18 [DEBUG] face-presence-api: [BatchLogger] No durations, skip flush
2025-07-28 02:40:28 [DEBUG] face-presence-api: [BatchLogger] No durations, skip flush
2025-07-28 02:40:37 [DEBUG] face-presence-api: [BatchLogger] No registrations, skip flush
2025-07-28 02:40:38 [DEBUG] face-presence-api: [BatchLogger] No durations, skip flush
2025-07-28 02:40:41 [DEBUG] face-presence-api: [BatchLogger] No verifications, skip flush
2025-07-28 02:40:48 [DEBUG] face-presence-api: [BatchLogger] No durations, skip flush
2025-07-28 02:40:55 [DEBUG] python_multipart.multipart: Calling on_part_begin with no data
2025-07-28 02:40:55 [DEBUG] python_multipart.multipart: Calling on_header_field with data[42:61]
2025-07-28 02:40:55 [DEBUG] python_multipart.multipart: Calling on_header_value with data[63:88]
2025-07-28 02:40:55 [DEBUG] python_multipart.multipart: Calling on_header_end with no data
2025-07-28 02:40:55 [DEBUG] python_multipart.multipart: Calling on_headers_finished with no data
2025-07-28 02:40:55 [DEBUG] python_multipart.multipart: Calling on_part_data with data[92:94]
2025-07-28 02:40:55 [DEBUG] python_multipart.multipart: Calling on_part_end with no data
2025-07-28 02:40:55 [DEBUG] python_multipart.multipart: Calling on_end with no data
2025-07-28 02:40:55 [INFO] face-presence-api: Checking status for user: 44
2025-07-28 02:40:55 [INFO] face-presence-api: User 44 is already registered.
2025-07-28 02:40:58 [DEBUG] face-presence-api: [BatchLogger] No durations, skip flush
2025-07-28 02:40:59 [DEBUG] python_multipart.multipart: Calling on_part_begin with no data
2025-07-28 02:40:59 [DEBUG] python_multipart.multipart: Calling on_header_field with data[42:61]
2025-07-28 02:40:59 [DEBUG] python_multipart.multipart: Calling on_header_value with data[63:88]
2025-07-28 02:40:59 [DEBUG] python_multipart.multipart: Calling on_header_end with no data
2025-07-28 02:40:59 [DEBUG] python_multipart.multipart: Calling on_headers_finished with no data
2025-07-28 02:40:59 [DEBUG] python_multipart.multipart: Calling on_part_data with data[92:94]
2025-07-28 02:40:59 [DEBUG] python_multipart.multipart: Calling on_part_end with no data
2025-07-28 02:40:59 [DEBUG] python_multipart.multipart: Calling on_end with no data
2025-07-28 02:40:59 [INFO] face-presence-api: Checking status for user: 44
2025-07-28 02:40:59 [INFO] face-presence-api: User 44 is already registered.
2025-07-28 02:41:07 [DEBUG] face-presence-api: [BatchLogger] No registrations, skip flush
2025-07-28 02:41:08 [DEBUG] face-presence-api: [BatchLogger] No durations, skip flush
2025-07-28 02:41:11 [DEBUG] face-presence-api: [BatchLogger] No verifications, skip flush
2025-07-28 02:41:18 [DEBUG] face-presence-api: [BatchLogger] No durations, skip flush
2025-07-28 02:41:28 [DEBUG] face-presence-api: [BatchLogger] No durations, skip flush
2025-07-28 02:41:36 [DEBUG] python_multipart.multipart: Calling on_part_begin with no data
2025-07-28 02:41:36 [DEBUG] python_multipart.multipart: Calling on_header_field with data[42:61]
2025-07-28 02:41:36 [DEBUG] python_multipart.multipart: Calling on_header_value with data[63:88]
2025-07-28 02:41:36 [DEBUG] python_multipart.multipart: Calling on_header_end with no data
2025-07-28 02:41:36 [DEBUG] python_multipart.multipart: Calling on_headers_finished with no data
2025-07-28 02:41:36 [DEBUG] python_multipart.multipart: Calling on_part_data with data[92:94]
2025-07-28 02:41:36 [DEBUG] python_multipart.multipart: Calling on_part_end with no data
2025-07-28 02:41:36 [DEBUG] python_multipart.multipart: Calling on_end with no data
2025-07-28 02:41:36 [INFO] face-presence-api: Checking status for user: 44
2025-07-28 02:41:36 [INFO] face-presence-api: User 44 is already registered.
2025-07-28 02:41:37 [DEBUG] face-presence-api: [BatchLogger] No registrations, skip flush
2025-07-28 02:41:38 [DEBUG] face-presence-api: [BatchLogger] No durations, skip flush
2025-07-28 02:41:41 [DEBUG] face-presence-api: [BatchLogger] No verifications, skip flush
2025-07-28 02:41:48 [DEBUG] face-presence-api: [BatchLogger] No durations, skip flush
2025-07-28 02:41:49 [DEBUG] python_multipart.multipart: Calling on_part_begin with no data
2025-07-28 02:41:49 [DEBUG] python_multipart.multipart: Calling on_header_field with data[42:61]
2025-07-28 02:41:49 [DEBUG] python_multipart.multipart: Calling on_header_value with data[63:88]
2025-07-28 02:41:49 [DEBUG] python_multipart.multipart: Calling on_header_end with no data
2025-07-28 02:41:49 [DEBUG] python_multipart.multipart: Calling on_headers_finished with no data
2025-07-28 02:41:49 [DEBUG] python_multipart.multipart: Calling on_part_data with data[92:94]
2025-07-28 02:41:49 [DEBUG] python_multipart.multipart: Calling on_part_end with no data
2025-07-28 02:41:49 [DEBUG] python_multipart.multipart: Calling on_end with no data
2025-07-28 02:41:49 [INFO] face-presence-api: Checking status for user: 44
2025-07-28 02:41:49 [INFO] face-presence-api: User 44 is already registered.
2025-07-28 02:41:58 [DEBUG] face-presence-api: [BatchLogger] No durations, skip flush
2025-07-28 02:42:03 [DEBUG] python_multipart.multipart: Calling on_part_begin with no data
2025-07-28 02:42:03 [DEBUG] python_multipart.multipart: Calling on_header_field with data[42:61]
2025-07-28 02:42:03 [DEBUG] python_multipart.multipart: Calling on_header_value with data[63:88]
2025-07-28 02:42:03 [DEBUG] python_multipart.multipart: Calling on_header_end with no data
2025-07-28 02:42:03 [DEBUG] python_multipart.multipart: Calling on_headers_finished with no data
2025-07-28 02:42:03 [DEBUG] python_multipart.multipart: Calling on_part_data with data[92:94]
2025-07-28 02:42:04 [DEBUG] python_multipart.multipart: Calling on_part_end with no data
2025-07-28 02:42:04 [DEBUG] python_multipart.multipart: Calling on_end with no data
2025-07-28 02:42:04 [INFO] face-presence-api: Checking status for user: 44
2025-07-28 02:42:04 [INFO] face-presence-api: User 44 is already registered.
2025-07-28 02:42:05 [DEBUG] python_multipart.multipart: Calling on_part_begin with no data
2025-07-28 02:42:05 [DEBUG] python_multipart.multipart: Calling on_header_field with data[42:61]
2025-07-28 02:42:05 [DEBUG] python_multipart.multipart: Calling on_header_value with data[63:88]
2025-07-28 02:42:05 [DEBUG] python_multipart.multipart: Calling on_header_end with no data
2025-07-28 02:42:05 [DEBUG] python_multipart.multipart: Calling on_headers_finished with no data
2025-07-28 02:42:05 [DEBUG] python_multipart.multipart: Calling on_part_data with data[92:94]
2025-07-28 02:42:05 [DEBUG] python_multipart.multipart: Calling on_part_end with no data
2025-07-28 02:42:05 [DEBUG] python_multipart.multipart: Calling on_end with no data
2025-07-28 02:42:05 [INFO] face-presence-api: Checking status for user: 44
2025-07-28 02:42:05 [INFO] face-presence-api: User 44 is already registered.
2025-07-28 02:42:07 [DEBUG] face-presence-api: [BatchLogger] No registrations, skip flush
2025-07-28 02:42:08 [DEBUG] face-presence-api: [BatchLogger] No durations, skip flush
2025-07-28 02:42:11 [DEBUG] face-presence-api: [BatchLogger] No verifications, skip flush
2025-07-28 02:42:18 [DEBUG] face-presence-api: [BatchLogger] No durations, skip flush
2025-07-28 02:42:27 [DEBUG] python_multipart.multipart: Calling on_part_begin with no data
2025-07-28 02:42:27 [DEBUG] python_multipart.multipart: Calling on_header_field with data[42:61]
2025-07-28 02:42:27 [DEBUG] python_multipart.multipart: Calling on_header_value with data[63:88]
2025-07-28 02:42:28 [DEBUG] python_multipart.multipart: Calling on_header_end with no data
2025-07-28 02:42:28 [DEBUG] python_multipart.multipart: Calling on_headers_finished with no data
2025-07-28 02:42:28 [DEBUG] python_multipart.multipart: Calling on_part_data with data[92:94]
2025-07-28 02:42:28 [DEBUG] face-presence-api: [BatchLogger] No durations, skip flush
2025-07-28 02:42:28 [DEBUG] python_multipart.multipart: Calling on_part_end with no data
2025-07-28 02:42:28 [DEBUG] python_multipart.multipart: Calling on_end with no data
2025-07-28 02:42:29 [INFO] face-presence-api: Checking status for user: 44
2025-07-28 02:42:29 [INFO] face-presence-api: User 44 is already registered.
2025-07-28 02:42:30 [DEBUG] python_multipart.multipart: Calling on_part_begin with no data
2025-07-28 02:42:30 [DEBUG] python_multipart.multipart: Calling on_header_field with data[42:61]
2025-07-28 02:42:30 [DEBUG] python_multipart.multipart: Calling on_header_value with data[63:88]
2025-07-28 02:42:30 [DEBUG] python_multipart.multipart: Calling on_header_end with no data
2025-07-28 02:42:30 [DEBUG] python_multipart.multipart: Calling on_headers_finished with no data
2025-07-28 02:42:30 [DEBUG] python_multipart.multipart: Calling on_part_data with data[92:94]
2025-07-28 02:42:30 [DEBUG] python_multipart.multipart: Calling on_part_end with no data
2025-07-28 02:42:30 [DEBUG] python_multipart.multipart: Calling on_end with no data
2025-07-28 02:42:30 [INFO] face-presence-api: Checking status for user: 44
2025-07-28 02:42:30 [INFO] face-presence-api: User 44 is already registered.
2025-07-28 02:42:37 [DEBUG] face-presence-api: [BatchLogger] No registrations, skip flush
2025-07-28 02:42:38 [DEBUG] face-presence-api: [BatchLogger] No durations, skip flush
2025-07-28 02:42:41 [DEBUG] face-presence-api: [BatchLogger] No verifications, skip flush
2025-07-28 02:42:48 [DEBUG] face-presence-api: [BatchLogger] No durations, skip flush
2025-07-28 02:42:53 [DEBUG] python_multipart.multipart: Calling on_part_begin with no data
2025-07-28 02:42:53 [DEBUG] python_multipart.multipart: Calling on_header_field with data[42:61]
2025-07-28 02:42:53 [DEBUG] python_multipart.multipart: Calling on_header_value with data[63:88]
2025-07-28 02:42:53 [DEBUG] python_multipart.multipart: Calling on_header_end with no data
2025-07-28 02:42:53 [DEBUG] python_multipart.multipart: Calling on_headers_finished with no data
2025-07-28 02:42:54 [DEBUG] python_multipart.multipart: Calling on_part_data with data[92:94]
2025-07-28 02:42:54 [DEBUG] python_multipart.multipart: Calling on_part_end with no data
2025-07-28 02:42:54 [DEBUG] python_multipart.multipart: Calling on_end with no data
2025-07-28 02:42:54 [INFO] face-presence-api: Checking status for user: 44
2025-07-28 02:42:54 [INFO] face-presence-api: User 44 is already registered.
2025-07-28 02:42:55 [DEBUG] python_multipart.multipart: Calling on_part_begin with no data
2025-07-28 02:42:55 [DEBUG] python_multipart.multipart: Calling on_header_field with data[42:61]
2025-07-28 02:42:55 [DEBUG] python_multipart.multipart: Calling on_header_value with data[63:88]
2025-07-28 02:42:55 [DEBUG] python_multipart.multipart: Calling on_header_end with no data
2025-07-28 02:42:55 [DEBUG] python_multipart.multipart: Calling on_headers_finished with no data
2025-07-28 02:42:55 [DEBUG] python_multipart.multipart: Calling on_part_data with data[92:94]
2025-07-28 02:42:55 [DEBUG] python_multipart.multipart: Calling on_part_end with no data
2025-07-28 02:42:55 [DEBUG] python_multipart.multipart: Calling on_end with no data
2025-07-28 02:42:55 [INFO] face-presence-api: Checking status for user: 44
2025-07-28 02:42:55 [INFO] face-presence-api: User 44 is already registered.
2025-07-28 02:42:58 [DEBUG] face-presence-api: [BatchLogger] No durations, skip flush
2025-07-28 02:43:07 [DEBUG] face-presence-api: [BatchLogger] No registrations, skip flush
2025-07-28 02:43:08 [DEBUG] face-presence-api: [BatchLogger] No durations, skip flush
2025-07-28 02:43:11 [DEBUG] face-presence-api: [BatchLogger] No verifications, skip flush
2025-07-28 02:43:18 [DEBUG] face-presence-api: [BatchLogger] No durations, skip flush
2025-07-28 02:43:20 [DEBUG] python_multipart.multipart: Calling on_part_begin with no data
2025-07-28 02:43:20 [DEBUG] python_multipart.multipart: Calling on_header_field with data[42:61]
2025-07-28 02:43:20 [DEBUG] python_multipart.multipart: Calling on_header_value with data[63:88]
2025-07-28 02:43:20 [DEBUG] python_multipart.multipart: Calling on_header_end with no data
2025-07-28 02:43:20 [DEBUG] python_multipart.multipart: Calling on_headers_finished with no data
2025-07-28 02:43:20 [DEBUG] python_multipart.multipart: Calling on_part_data with data[92:94]
2025-07-28 02:43:20 [DEBUG] python_multipart.multipart: Calling on_part_end with no data
2025-07-28 02:43:20 [DEBUG] python_multipart.multipart: Calling on_end with no data
2025-07-28 02:43:20 [INFO] face-presence-api: Checking status for user: 44
2025-07-28 02:43:20 [INFO] face-presence-api: User 44 is already registered.
2025-07-28 02:43:28 [DEBUG] face-presence-api: [BatchLogger] No durations, skip flush
2025-07-28 02:43:30 [DEBUG] python_multipart.multipart: Calling on_part_begin with no data
2025-07-28 02:43:30 [DEBUG] python_multipart.multipart: Calling on_header_field with data[42:61]
2025-07-28 02:43:30 [DEBUG] python_multipart.multipart: Calling on_header_value with data[63:88]
2025-07-28 02:43:30 [DEBUG] python_multipart.multipart: Calling on_header_end with no data
2025-07-28 02:43:30 [DEBUG] python_multipart.multipart: Calling on_headers_finished with no data
2025-07-28 02:43:30 [DEBUG] python_multipart.multipart: Calling on_part_data with data[92:94]
2025-07-28 02:43:30 [DEBUG] python_multipart.multipart: Calling on_part_end with no data
2025-07-28 02:43:30 [DEBUG] python_multipart.multipart: Calling on_end with no data
2025-07-28 02:43:30 [INFO] face-presence-api: Checking status for user: 44
2025-07-28 02:43:30 [INFO] face-presence-api: User 44 is already registered.
2025-07-28 02:43:37 [DEBUG] face-presence-api: [BatchLogger] No registrations, skip flush
2025-07-28 02:43:38 [DEBUG] face-presence-api: [BatchLogger] No durations, skip flush
2025-07-28 02:43:40 [DEBUG] python_multipart.multipart: Calling on_part_begin with no data
2025-07-28 02:43:40 [DEBUG] python_multipart.multipart: Calling on_header_field with data[42:61]
2025-07-28 02:43:40 [DEBUG] python_multipart.multipart: Calling on_header_value with data[63:88]
2025-07-28 02:43:40 [DEBUG] python_multipart.multipart: Calling on_header_end with no data
2025-07-28 02:43:40 [DEBUG] python_multipart.multipart: Calling on_headers_finished with no data
2025-07-28 02:43:40 [DEBUG] python_multipart.multipart: Calling on_part_data with data[92:94]
2025-07-28 02:43:40 [DEBUG] python_multipart.multipart: Calling on_part_end with no data
2025-07-28 02:43:40 [DEBUG] python_multipart.multipart: Calling on_end with no data
2025-07-28 02:43:40 [INFO] face-presence-api: Checking status for user: 44
2025-07-28 02:43:40 [INFO] face-presence-api: User 44 is already registered.
2025-07-28 02:43:41 [DEBUG] face-presence-api: [BatchLogger] No verifications, skip flush
2025-07-28 02:43:48 [DEBUG] python_multipart.multipart: Calling on_part_begin with no data
2025-07-28 02:43:48 [DEBUG] python_multipart.multipart: Calling on_header_field with data[42:61]
2025-07-28 02:43:48 [DEBUG] python_multipart.multipart: Calling on_header_value with data[63:88]
2025-07-28 02:43:48 [DEBUG] python_multipart.multipart: Calling on_header_end with no data
2025-07-28 02:43:48 [DEBUG] python_multipart.multipart: Calling on_headers_finished with no data
2025-07-28 02:43:48 [DEBUG] python_multipart.multipart: Calling on_part_data with data[92:94]
2025-07-28 02:43:48 [DEBUG] python_multipart.multipart: Calling on_part_end with no data
2025-07-28 02:43:48 [DEBUG] python_multipart.multipart: Calling on_end with no data
2025-07-28 02:43:48 [INFO] face-presence-api: Checking status for user: 44
2025-07-28 02:43:48 [INFO] face-presence-api: User 44 is already registered.
2025-07-28 02:43:48 [DEBUG] face-presence-api: [BatchLogger] No durations, skip flush
2025-07-28 02:43:58 [DEBUG] face-presence-api: [BatchLogger] No durations, skip flush
2025-07-28 02:44:07 [DEBUG] face-presence-api: [BatchLogger] No registrations, skip flush
2025-07-28 02:44:08 [DEBUG] face-presence-api: [BatchLogger] No durations, skip flush
2025-07-28 02:44:11 [DEBUG] face-presence-api: [BatchLogger] No verifications, skip flush
2025-07-28 02:44:18 [DEBUG] face-presence-api: [BatchLogger] No durations, skip flush
2025-07-28 02:44:28 [DEBUG] face-presence-api: [BatchLogger] No durations, skip flush
2025-07-28 02:44:37 [DEBUG] face-presence-api: [BatchLogger] No registrations, skip flush
2025-07-28 02:44:38 [DEBUG] face-presence-api: [BatchLogger] No durations, skip flush
2025-07-28 02:44:41 [DEBUG] python_multipart.multipart: Calling on_part_begin with no data
2025-07-28 02:44:41 [DEBUG] python_multipart.multipart: Calling on_header_field with data[42:61]
2025-07-28 02:44:41 [DEBUG] python_multipart.multipart: Calling on_header_value with data[63:88]
2025-07-28 02:44:41 [DEBUG] python_multipart.multipart: Calling on_header_end with no data
2025-07-28 02:44:41 [DEBUG] python_multipart.multipart: Calling on_headers_finished with no data
2025-07-28 02:44:41 [DEBUG] python_multipart.multipart: Calling on_part_data with data[92:94]
2025-07-28 02:44:41 [DEBUG] python_multipart.multipart: Calling on_part_end with no data
2025-07-28 02:44:41 [DEBUG] python_multipart.multipart: Calling on_end with no data
2025-07-28 02:44:41 [INFO] face-presence-api: Checking status for user: 44
2025-07-28 02:44:41 [INFO] face-presence-api: User 44 is already registered.
2025-07-28 02:44:41 [DEBUG] face-presence-api: [BatchLogger] No verifications, skip flush
2025-07-28 02:44:44 [DEBUG] python_multipart.multipart: Calling on_part_begin with no data
2025-07-28 02:44:44 [DEBUG] python_multipart.multipart: Calling on_header_field with data[42:61]
2025-07-28 02:44:44 [DEBUG] python_multipart.multipart: Calling on_header_value with data[63:88]
2025-07-28 02:44:44 [DEBUG] python_multipart.multipart: Calling on_header_end with no data
2025-07-28 02:44:44 [DEBUG] python_multipart.multipart: Calling on_headers_finished with no data
2025-07-28 02:44:44 [DEBUG] python_multipart.multipart: Calling on_part_data with data[92:94]
2025-07-28 02:44:44 [DEBUG] python_multipart.multipart: Calling on_part_end with no data
2025-07-28 02:44:44 [DEBUG] python_multipart.multipart: Calling on_end with no data
2025-07-28 02:44:44 [INFO] face-presence-api: Checking status for user: 44
2025-07-28 02:44:44 [INFO] face-presence-api: User 44 is already registered.
2025-07-28 02:44:48 [DEBUG] face-presence-api: [BatchLogger] No durations, skip flush
2025-07-28 02:44:58 [DEBUG] face-presence-api: [BatchLogger] No durations, skip flush
2025-07-28 02:45:07 [DEBUG] face-presence-api: [BatchLogger] No registrations, skip flush
2025-07-28 02:45:08 [DEBUG] face-presence-api: [BatchLogger] No durations, skip flush
2025-07-28 02:45:11 [DEBUG] face-presence-api: [BatchLogger] No verifications, skip flush
2025-07-28 02:45:18 [DEBUG] face-presence-api: [BatchLogger] No durations, skip flush
2025-07-28 02:45:29 [DEBUG] face-presence-api: [BatchLogger] No durations, skip flush
2025-07-28 02:45:37 [DEBUG] face-presence-api: [BatchLogger] No registrations, skip flush
2025-07-28 02:45:39 [DEBUG] face-presence-api: [BatchLogger] No durations, skip flush
2025-07-28 02:45:41 [DEBUG] face-presence-api: [BatchLogger] No verifications, skip flush
2025-07-28 02:45:49 [DEBUG] face-presence-api: [BatchLogger] No durations, skip flush
2025-07-28 02:45:59 [DEBUG] face-presence-api: [BatchLogger] No durations, skip flush
2025-07-28 02:46:07 [DEBUG] face-presence-api: [BatchLogger] No registrations, skip flush
2025-07-28 02:46:09 [DEBUG] face-presence-api: [BatchLogger] No durations, skip flush
2025-07-28 02:46:11 [DEBUG] face-presence-api: [BatchLogger] No verifications, skip flush
2025-07-28 02:46:19 [DEBUG] face-presence-api: [BatchLogger] No durations, skip flush
2025-07-28 02:46:29 [DEBUG] face-presence-api: [BatchLogger] No durations, skip flush
2025-07-28 02:46:37 [DEBUG] face-presence-api: [BatchLogger] No registrations, skip flush
2025-07-28 02:46:39 [DEBUG] face-presence-api: [BatchLogger] No durations, skip flush
2025-07-28 02:46:41 [DEBUG] face-presence-api: [BatchLogger] No verifications, skip flush
2025-07-28 02:46:49 [DEBUG] face-presence-api: [BatchLogger] No durations, skip flush
2025-07-28 02:46:59 [DEBUG] face-presence-api: [BatchLogger] No durations, skip flush
2025-07-28 02:47:07 [DEBUG] face-presence-api: [BatchLogger] No registrations, skip flush
2025-07-28 02:47:09 [DEBUG] face-presence-api: [BatchLogger] No durations, skip flush
2025-07-28 02:47:11 [DEBUG] face-presence-api: [BatchLogger] No verifications, skip flush
2025-07-28 02:47:19 [DEBUG] face-presence-api: [BatchLogger] No durations, skip flush
2025-07-28 02:47:29 [DEBUG] face-presence-api: [BatchLogger] No durations, skip flush
2025-07-28 02:47:37 [DEBUG] face-presence-api: [BatchLogger] No registrations, skip flush
2025-07-28 02:47:39 [DEBUG] face-presence-api: [BatchLogger] No durations, skip flush
2025-07-28 02:47:41 [DEBUG] face-presence-api: [BatchLogger] No verifications, skip flush
2025-07-28 02:47:49 [DEBUG] face-presence-api: [BatchLogger] No durations, skip flush
2025-07-28 02:47:59 [DEBUG] face-presence-api: [BatchLogger] No durations, skip flush
2025-07-28 02:48:07 [DEBUG] face-presence-api: [BatchLogger] No registrations, skip flush
2025-07-28 02:48:09 [DEBUG] face-presence-api: [BatchLogger] No durations, skip flush
2025-07-28 02:48:11 [DEBUG] face-presence-api: [BatchLogger] No verifications, skip flush
2025-07-28 02:48:19 [DEBUG] face-presence-api: [BatchLogger] No durations, skip flush
2025-07-28 02:48:29 [DEBUG] face-presence-api: [BatchLogger] No durations, skip flush
2025-07-28 02:48:37 [DEBUG] face-presence-api: [BatchLogger] No registrations, skip flush
2025-07-28 02:48:39 [DEBUG] face-presence-api: [BatchLogger] No durations, skip flush
2025-07-28 02:48:41 [DEBUG] face-presence-api: [BatchLogger] No verifications, skip flush
2025-07-28 02:48:49 [DEBUG] face-presence-api: [BatchLogger] No durations, skip flush
2025-07-28 02:48:59 [DEBUG] face-presence-api: [BatchLogger] No durations, skip flush
2025-07-28 02:49:07 [DEBUG] face-presence-api: [BatchLogger] No registrations, skip flush
2025-07-28 02:49:09 [DEBUG] face-presence-api: [BatchLogger] No durations, skip flush
2025-07-28 02:49:11 [DEBUG] face-presence-api: [BatchLogger] No verifications, skip flush
2025-07-28 02:49:19 [DEBUG] face-presence-api: [BatchLogger] No durations, skip flush
2025-07-28 02:49:29 [DEBUG] face-presence-api: [BatchLogger] No durations, skip flush
2025-07-28 02:49:37 [DEBUG] face-presence-api: [BatchLogger] No registrations, skip flush
2025-07-28 02:49:39 [DEBUG] face-presence-api: [BatchLogger] No durations, skip flush
2025-07-28 02:49:41 [DEBUG] face-presence-api: [BatchLogger] No verifications, skip flush
2025-07-28 02:49:49 [DEBUG] face-presence-api: [BatchLogger] No durations, skip flush
2025-07-28 02:49:59 [DEBUG] face-presence-api: [BatchLogger] No durations, skip flush
2025-07-28 02:50:07 [DEBUG] face-presence-api: [BatchLogger] No registrations, skip flush
2025-07-28 02:50:09 [DEBUG] face-presence-api: [BatchLogger] No durations, skip flush
2025-07-28 02:50:11 [DEBUG] face-presence-api: [BatchLogger] No verifications, skip flush
2025-07-28 02:50:19 [DEBUG] face-presence-api: [BatchLogger] No durations, skip flush
2025-07-28 02:50:29 [DEBUG] face-presence-api: [BatchLogger] No durations, skip flush
2025-07-28 02:50:37 [DEBUG] face-presence-api: [BatchLogger] No registrations, skip flush
2025-07-28 02:50:39 [DEBUG] face-presence-api: [BatchLogger] No durations, skip flush
2025-07-28 02:50:41 [DEBUG] face-presence-api: [BatchLogger] No verifications, skip flush
2025-07-28 02:50:49 [DEBUG] face-presence-api: [BatchLogger] No durations, skip flush
2025-07-28 02:50:59 [DEBUG] face-presence-api: [BatchLogger] No durations, skip flush
2025-07-28 02:51:07 [DEBUG] face-presence-api: [BatchLogger] No registrations, skip flush
2025-07-28 02:51:09 [DEBUG] face-presence-api: [BatchLogger] No durations, skip flush
2025-07-28 02:51:11 [DEBUG] face-presence-api: [BatchLogger] No verifications, skip flush
2025-07-28 02:51:19 [DEBUG] face-presence-api: [BatchLogger] No durations, skip flush
2025-07-28 02:51:29 [DEBUG] face-presence-api: [BatchLogger] No durations, skip flush
2025-07-28 02:51:37 [DEBUG] face-presence-api: [BatchLogger] No registrations, skip flush
2025-07-28 02:51:39 [DEBUG] face-presence-api: [BatchLogger] No durations, skip flush
2025-07-28 02:51:41 [DEBUG] face-presence-api: [BatchLogger] No verifications, skip flush
2025-07-28 02:51:49 [DEBUG] face-presence-api: [BatchLogger] No durations, skip flush
2025-07-28 02:51:59 [DEBUG] face-presence-api: [BatchLogger] No durations, skip flush
2025-07-28 02:52:07 [DEBUG] face-presence-api: [BatchLogger] No registrations, skip flush
2025-07-28 02:52:09 [DEBUG] face-presence-api: [BatchLogger] No durations, skip flush
2025-07-28 02:52:11 [DEBUG] face-presence-api: [BatchLogger] No verifications, skip flush
2025-07-28 02:52:19 [DEBUG] face-presence-api: [BatchLogger] No durations, skip flush
2025-07-28 02:52:29 [DEBUG] face-presence-api: [BatchLogger] No durations, skip flush
2025-07-28 02:52:37 [DEBUG] face-presence-api: [BatchLogger] No registrations, skip flush
2025-07-28 02:52:39 [DEBUG] face-presence-api: [BatchLogger] No durations, skip flush
2025-07-28 02:52:41 [DEBUG] face-presence-api: [BatchLogger] No verifications, skip flush
2025-07-28 02:52:49 [DEBUG] face-presence-api: [BatchLogger] No durations, skip flush
2025-07-28 02:52:59 [DEBUG] face-presence-api: [BatchLogger] No durations, skip flush
2025-07-28 02:53:08 [DEBUG] face-presence-api: [BatchLogger] No registrations, skip flush
2025-07-28 02:53:09 [DEBUG] face-presence-api: [BatchLogger] No durations, skip flush
2025-07-28 02:53:11 [DEBUG] face-presence-api: [BatchLogger] No verifications, skip flush
2025-07-28 02:53:19 [DEBUG] face-presence-api: [BatchLogger] No durations, skip flush
2025-07-28 02:53:29 [DEBUG] face-presence-api: [BatchLogger] No durations, skip flush
2025-07-28 02:53:38 [DEBUG] face-presence-api: [BatchLogger] No registrations, skip flush
2025-07-28 02:53:39 [DEBUG] face-presence-api: [BatchLogger] No durations, skip flush
2025-07-28 02:53:41 [DEBUG] face-presence-api: [BatchLogger] No verifications, skip flush
2025-07-28 02:53:49 [DEBUG] face-presence-api: [BatchLogger] No durations, skip flush
2025-07-28 02:53:59 [DEBUG] face-presence-api: [BatchLogger] No durations, skip flush
2025-07-28 02:54:08 [DEBUG] face-presence-api: [BatchLogger] No registrations, skip flush
2025-07-28 02:54:09 [DEBUG] face-presence-api: [BatchLogger] No durations, skip flush
2025-07-28 02:54:11 [DEBUG] face-presence-api: [BatchLogger] No verifications, skip flush
2025-07-28 02:54:19 [DEBUG] face-presence-api: [BatchLogger] No durations, skip flush
2025-07-28 02:54:29 [DEBUG] face-presence-api: [BatchLogger] No durations, skip flush
2025-07-28 02:54:38 [DEBUG] face-presence-api: [BatchLogger] No registrations, skip flush
2025-07-28 02:54:39 [DEBUG] face-presence-api: [BatchLogger] No durations, skip flush
2025-07-28 02:54:41 [DEBUG] face-presence-api: [BatchLogger] No verifications, skip flush
2025-07-28 02:54:49 [DEBUG] face-presence-api: [BatchLogger] No durations, skip flush
2025-07-28 02:54:59 [DEBUG] face-presence-api: [BatchLogger] No durations, skip flush
2025-07-28 02:55:08 [DEBUG] face-presence-api: [BatchLogger] No registrations, skip flush
2025-07-28 02:55:09 [DEBUG] face-presence-api: [BatchLogger] No durations, skip flush
2025-07-28 02:55:11 [DEBUG] face-presence-api: [BatchLogger] No verifications, skip flush
2025-07-28 02:55:19 [DEBUG] face-presence-api: [BatchLogger] No durations, skip flush
2025-07-28 02:55:29 [DEBUG] face-presence-api: [BatchLogger] No durations, skip flush
2025-07-28 02:55:38 [DEBUG] face-presence-api: [BatchLogger] No registrations, skip flush
2025-07-28 02:55:39 [DEBUG] face-presence-api: [BatchLogger] No durations, skip flush
2025-07-28 02:55:41 [DEBUG] face-presence-api: [BatchLogger] No verifications, skip flush
2025-07-28 02:55:49 [DEBUG] face-presence-api: [BatchLogger] No durations, skip flush
2025-07-28 02:55:59 [DEBUG] face-presence-api: [BatchLogger] No durations, skip flush
2025-07-28 02:56:08 [DEBUG] face-presence-api: [BatchLogger] No registrations, skip flush
2025-07-28 02:56:09 [DEBUG] face-presence-api: [BatchLogger] No durations, skip flush
2025-07-28 02:56:11 [DEBUG] face-presence-api: [BatchLogger] No verifications, skip flush
2025-07-28 02:56:19 [DEBUG] face-presence-api: [BatchLogger] No durations, skip flush
2025-07-28 02:56:29 [DEBUG] face-presence-api: [BatchLogger] No durations, skip flush
2025-07-28 02:56:38 [DEBUG] face-presence-api: [BatchLogger] No registrations, skip flush
2025-07-28 02:56:39 [DEBUG] face-presence-api: [BatchLogger] No durations, skip flush
2025-07-28 02:56:41 [DEBUG] face-presence-api: [BatchLogger] No verifications, skip flush
2025-07-28 02:56:49 [DEBUG] face-presence-api: [BatchLogger] No durations, skip flush
2025-07-28 02:56:54 [INFO] face-presence-api: [App] Shutting down application...
2025-07-28 02:56:54 [INFO] face-presence-api: Shutting down thread pool executor...
2025-07-28 02:56:54 [INFO] face-presence-api: Thread pool executor successfully shut down.
2025-07-28 02:56:54 [INFO] face-presence-api: [App] Executor resources cleaned up.
