2025-07-21 23:25:49 [INFO] face-presence-api: Settings loaded and directories ensured.
2025-07-21 23:25:50 [INFO] face-presence-api: Settings loaded and directories ensured.
2025-07-21 23:25:50 [DEBUG] asyncio: Using selector: SelectSelector
2025-07-21 23:25:50 [INFO] watchfiles.main: 1 change detected
2025-07-21 23:26:12 [DEBUG] tensorflow: Falling back to TensorFlow client; we recommended you install the Cloud TPU client directly with pip install cloud-tpu-client.
2025-07-21 23:26:19 [DEBUG] h5py._conv: Creating converter from 7 to 5
2025-07-21 23:26:19 [DEBUG] h5py._conv: Creating converter from 5 to 7
2025-07-21 23:26:19 [DEBUG] h5py._conv: Creating converter from 7 to 5
2025-07-21 23:26:19 [DEBUG] h5py._conv: Creating converter from 5 to 7
2025-07-21 23:27:06 [DEBUG] urllib3.util.retry: Converted retries value: 3 -> Retry(total=3, connect=None, read=None, redirect=None, status=None)
2025-07-21 23:27:06 [DEBUG] urllib3.connectionpool: Starting new HTTPS connection (1): oauth2.googleapis.com:443
2025-07-21 23:27:06 [DEBUG] urllib3.connectionpool: https://oauth2.googleapis.com:443 "POST /token HTTP/1.1" 200 None
2025-07-21 23:27:06 [DEBUG] urllib3.connectionpool: Starting new HTTPS connection (1): sheets.googleapis.com:443
2025-07-21 23:27:09 [DEBUG] urllib3.connectionpool: https://sheets.googleapis.com:443 "GET /v4/spreadsheets/1hjXERVEURCeKXeCw8TUbrkjF25_GVmORN0JgjZuu058?includeGridData=false HTTP/1.1" 200 None
2025-07-21 23:27:09 [INFO] face-presence-api: [FastAPI] Application initialized and ready.
2025-07-21 23:27:09 [INFO] face-presence-api: TFLite interpreter initialized on startup.
2025-07-21 23:27:09 [INFO] face-presence-api: [BatchLogger] Background loggers started
2025-07-21 23:27:09 [INFO] face-presence-api: [BatchLogger] Spreadsheet integration activated successfully.
2025-07-21 23:27:19 [DEBUG] face-presence-api: [BatchLogger] No durations, skip flush
2025-07-21 23:27:28 [DEBUG] python_multipart.multipart: Calling on_part_begin with no data
2025-07-21 23:27:28 [DEBUG] python_multipart.multipart: Calling on_header_field with data[42:61]
2025-07-21 23:27:28 [DEBUG] python_multipart.multipart: Calling on_header_value with data[63:88]
2025-07-21 23:27:28 [DEBUG] python_multipart.multipart: Calling on_header_end with no data
2025-07-21 23:27:28 [DEBUG] python_multipart.multipart: Calling on_headers_finished with no data
2025-07-21 23:27:28 [DEBUG] python_multipart.multipart: Calling on_part_data with data[92:94]
2025-07-21 23:27:28 [DEBUG] python_multipart.multipart: Calling on_part_end with no data
2025-07-21 23:27:28 [DEBUG] python_multipart.multipart: Calling on_end with no data
2025-07-21 23:27:28 [INFO] face-presence-api: Checking status for user: 44
2025-07-21 23:27:28 [INFO] face-presence-api: User 44 is already registered.
2025-07-21 23:27:29 [DEBUG] face-presence-api: [BatchLogger] No durations, skip flush
2025-07-21 23:27:39 [DEBUG] face-presence-api: [BatchLogger] No registrations, skip flush
2025-07-21 23:27:39 [DEBUG] face-presence-api: [BatchLogger] No verifications, skip flush
2025-07-21 23:27:39 [DEBUG] face-presence-api: [BatchLogger] No durations, skip flush
2025-07-21 23:27:49 [DEBUG] face-presence-api: [BatchLogger] No durations, skip flush
2025-07-21 23:27:53 [DEBUG] python_multipart.multipart: Calling on_part_begin with no data
2025-07-21 23:27:53 [DEBUG] python_multipart.multipart: Calling on_header_field with data[42:61]
2025-07-21 23:27:53 [DEBUG] python_multipart.multipart: Calling on_header_value with data[63:88]
2025-07-21 23:27:53 [DEBUG] python_multipart.multipart: Calling on_header_end with no data
2025-07-21 23:27:53 [DEBUG] python_multipart.multipart: Calling on_headers_finished with no data
2025-07-21 23:27:53 [DEBUG] python_multipart.multipart: Calling on_part_data with data[92:94]
2025-07-21 23:27:53 [DEBUG] python_multipart.multipart: Calling on_part_end with no data
2025-07-21 23:27:53 [DEBUG] python_multipart.multipart: Calling on_end with no data
2025-07-21 23:27:53 [INFO] face-presence-api: Checking status for user: 44
2025-07-21 23:27:53 [INFO] face-presence-api: User 44 is already registered.
2025-07-21 23:27:59 [DEBUG] face-presence-api: [BatchLogger] No durations, skip flush
2025-07-21 23:28:05 [DEBUG] python_multipart.multipart: Calling on_part_begin with no data
2025-07-21 23:28:05 [DEBUG] python_multipart.multipart: Calling on_header_field with data[42:61]
2025-07-21 23:28:05 [DEBUG] python_multipart.multipart: Calling on_header_value with data[63:88]
2025-07-21 23:28:05 [DEBUG] python_multipart.multipart: Calling on_header_end with no data
2025-07-21 23:28:05 [DEBUG] python_multipart.multipart: Calling on_headers_finished with no data
2025-07-21 23:28:05 [DEBUG] python_multipart.multipart: Calling on_part_data with data[92:94]
2025-07-21 23:28:05 [DEBUG] python_multipart.multipart: Calling on_part_end with no data
2025-07-21 23:28:05 [DEBUG] python_multipart.multipart: Calling on_end with no data
2025-07-21 23:28:05 [INFO] face-presence-api: Checking status for user: 44
2025-07-21 23:28:05 [INFO] face-presence-api: User 44 is already registered.
2025-07-21 23:28:09 [DEBUG] face-presence-api: [BatchLogger] No verifications, skip flush
2025-07-21 23:28:09 [DEBUG] face-presence-api: [BatchLogger] No registrations, skip flush
2025-07-21 23:28:09 [DEBUG] face-presence-api: [BatchLogger] No durations, skip flush
2025-07-21 23:28:19 [DEBUG] face-presence-api: [BatchLogger] No durations, skip flush
2025-07-21 23:28:29 [DEBUG] face-presence-api: [BatchLogger] No durations, skip flush
2025-07-21 23:28:39 [DEBUG] face-presence-api: [BatchLogger] No verifications, skip flush
2025-07-21 23:28:39 [DEBUG] face-presence-api: [BatchLogger] No registrations, skip flush
2025-07-21 23:28:39 [DEBUG] face-presence-api: [BatchLogger] No durations, skip flush
2025-07-21 23:28:49 [DEBUG] face-presence-api: [BatchLogger] No durations, skip flush
2025-07-21 23:28:59 [DEBUG] face-presence-api: [BatchLogger] No durations, skip flush
2025-07-21 23:29:09 [DEBUG] face-presence-api: [BatchLogger] No verifications, skip flush
2025-07-21 23:29:09 [DEBUG] face-presence-api: [BatchLogger] No registrations, skip flush
2025-07-21 23:29:09 [DEBUG] face-presence-api: [BatchLogger] No durations, skip flush
2025-07-21 23:29:19 [DEBUG] face-presence-api: [BatchLogger] No durations, skip flush
2025-07-21 23:29:29 [DEBUG] face-presence-api: [BatchLogger] No durations, skip flush
2025-07-21 23:29:39 [DEBUG] face-presence-api: [BatchLogger] No verifications, skip flush
2025-07-21 23:29:39 [DEBUG] face-presence-api: [BatchLogger] No registrations, skip flush
2025-07-21 23:29:39 [DEBUG] face-presence-api: [BatchLogger] No durations, skip flush
2025-07-21 23:29:49 [DEBUG] face-presence-api: [BatchLogger] No durations, skip flush
2025-07-21 23:29:52 [DEBUG] python_multipart.multipart: Calling on_part_begin with no data
2025-07-21 23:29:52 [DEBUG] python_multipart.multipart: Calling on_header_field with data[42:61]
2025-07-21 23:29:52 [DEBUG] python_multipart.multipart: Calling on_header_value with data[63:88]
2025-07-21 23:29:52 [DEBUG] python_multipart.multipart: Calling on_header_end with no data
2025-07-21 23:29:52 [DEBUG] python_multipart.multipart: Calling on_headers_finished with no data
2025-07-21 23:29:52 [DEBUG] python_multipart.multipart: Calling on_part_data with data[92:94]
2025-07-21 23:29:52 [DEBUG] python_multipart.multipart: Calling on_part_end with no data
2025-07-21 23:29:52 [DEBUG] python_multipart.multipart: Calling on_end with no data
2025-07-21 23:29:52 [INFO] face-presence-api: Checking status for user: 44
2025-07-21 23:29:52 [INFO] face-presence-api: User 44 is already registered.
2025-07-21 23:29:59 [DEBUG] face-presence-api: [BatchLogger] No durations, skip flush
2025-07-21 23:30:01 [DEBUG] python_multipart.multipart: Calling on_part_begin with no data
2025-07-21 23:30:01 [DEBUG] python_multipart.multipart: Calling on_header_field with data[42:61]
2025-07-21 23:30:01 [DEBUG] python_multipart.multipart: Calling on_header_value with data[63:88]
2025-07-21 23:30:01 [DEBUG] python_multipart.multipart: Calling on_header_end with no data
2025-07-21 23:30:01 [DEBUG] python_multipart.multipart: Calling on_headers_finished with no data
2025-07-21 23:30:01 [DEBUG] python_multipart.multipart: Calling on_part_data with data[92:94]
2025-07-21 23:30:01 [DEBUG] python_multipart.multipart: Calling on_part_end with no data
2025-07-21 23:30:01 [DEBUG] python_multipart.multipart: Calling on_end with no data
2025-07-21 23:30:01 [INFO] face-presence-api: Checking status for user: 44
2025-07-21 23:30:01 [INFO] face-presence-api: User 44 is already registered.
2025-07-21 23:30:05 [DEBUG] python_multipart.multipart: Calling on_part_begin with no data
2025-07-21 23:30:05 [DEBUG] python_multipart.multipart: Calling on_header_field with data[42:61]
2025-07-21 23:30:05 [DEBUG] python_multipart.multipart: Calling on_header_value with data[63:88]
2025-07-21 23:30:05 [DEBUG] python_multipart.multipart: Calling on_header_end with no data
2025-07-21 23:30:05 [DEBUG] python_multipart.multipart: Calling on_headers_finished with no data
2025-07-21 23:30:05 [DEBUG] python_multipart.multipart: Calling on_part_data with data[92:94]
2025-07-21 23:30:05 [DEBUG] python_multipart.multipart: Calling on_part_end with no data
2025-07-21 23:30:05 [DEBUG] python_multipart.multipart: Calling on_end with no data
2025-07-21 23:30:05 [INFO] face-presence-api: Checking status for user: 44
2025-07-21 23:30:05 [INFO] face-presence-api: User 44 is already registered.
2025-07-21 23:30:09 [DEBUG] python_multipart.multipart: Calling on_part_begin with no data
2025-07-21 23:30:09 [DEBUG] python_multipart.multipart: Calling on_header_field with data[42:61]
2025-07-21 23:30:09 [DEBUG] python_multipart.multipart: Calling on_header_value with data[63:88]
2025-07-21 23:30:09 [DEBUG] python_multipart.multipart: Calling on_header_end with no data
2025-07-21 23:30:09 [DEBUG] python_multipart.multipart: Calling on_headers_finished with no data
2025-07-21 23:30:09 [DEBUG] python_multipart.multipart: Calling on_part_data with data[92:94]
2025-07-21 23:30:09 [DEBUG] python_multipart.multipart: Calling on_part_end with no data
2025-07-21 23:30:09 [DEBUG] python_multipart.multipart: Calling on_end with no data
2025-07-21 23:30:09 [INFO] face-presence-api: Checking status for user: 44
2025-07-21 23:30:09 [INFO] face-presence-api: User 44 is already registered.
2025-07-21 23:30:09 [DEBUG] face-presence-api: [BatchLogger] No registrations, skip flush
2025-07-21 23:30:09 [DEBUG] face-presence-api: [BatchLogger] No verifications, skip flush
2025-07-21 23:30:09 [DEBUG] face-presence-api: [BatchLogger] No durations, skip flush
2025-07-21 23:30:12 [DEBUG] python_multipart.multipart: Calling on_part_begin with no data
2025-07-21 23:30:12 [DEBUG] python_multipart.multipart: Calling on_header_field with data[42:61]
2025-07-21 23:30:12 [DEBUG] python_multipart.multipart: Calling on_header_value with data[63:88]
2025-07-21 23:30:12 [DEBUG] python_multipart.multipart: Calling on_header_end with no data
2025-07-21 23:30:12 [DEBUG] python_multipart.multipart: Calling on_headers_finished with no data
2025-07-21 23:30:12 [DEBUG] python_multipart.multipart: Calling on_part_data with data[92:94]
2025-07-21 23:30:12 [DEBUG] python_multipart.multipart: Calling on_part_end with no data
2025-07-21 23:30:12 [DEBUG] python_multipart.multipart: Calling on_end with no data
2025-07-21 23:30:12 [INFO] face-presence-api: Checking status for user: 44
2025-07-21 23:30:12 [INFO] face-presence-api: User 44 is already registered.
2025-07-21 23:30:15 [DEBUG] python_multipart.multipart: Calling on_part_begin with no data
2025-07-21 23:30:15 [DEBUG] python_multipart.multipart: Calling on_header_field with data[42:61]
2025-07-21 23:30:15 [DEBUG] python_multipart.multipart: Calling on_header_value with data[63:88]
2025-07-21 23:30:15 [DEBUG] python_multipart.multipart: Calling on_header_end with no data
2025-07-21 23:30:15 [DEBUG] python_multipart.multipart: Calling on_headers_finished with no data
2025-07-21 23:30:15 [DEBUG] python_multipart.multipart: Calling on_part_data with data[92:94]
2025-07-21 23:30:15 [DEBUG] python_multipart.multipart: Calling on_part_end with no data
2025-07-21 23:30:15 [DEBUG] python_multipart.multipart: Calling on_end with no data
2025-07-21 23:30:15 [INFO] face-presence-api: Checking status for user: 44
2025-07-21 23:30:15 [INFO] face-presence-api: User 44 is already registered.
2025-07-21 23:30:19 [DEBUG] python_multipart.multipart: Calling on_part_begin with no data
2025-07-21 23:30:19 [DEBUG] python_multipart.multipart: Calling on_header_field with data[42:61]
2025-07-21 23:30:19 [DEBUG] python_multipart.multipart: Calling on_header_value with data[63:88]
2025-07-21 23:30:19 [DEBUG] python_multipart.multipart: Calling on_header_end with no data
2025-07-21 23:30:19 [DEBUG] python_multipart.multipart: Calling on_headers_finished with no data
2025-07-21 23:30:19 [DEBUG] python_multipart.multipart: Calling on_part_data with data[92:94]
2025-07-21 23:30:19 [DEBUG] python_multipart.multipart: Calling on_part_end with no data
2025-07-21 23:30:19 [DEBUG] python_multipart.multipart: Calling on_end with no data
2025-07-21 23:30:19 [INFO] face-presence-api: Checking status for user: 44
2025-07-21 23:30:19 [INFO] face-presence-api: User 44 is already registered.
2025-07-21 23:30:20 [DEBUG] face-presence-api: [BatchLogger] No durations, skip flush
2025-07-21 23:30:30 [DEBUG] face-presence-api: [BatchLogger] No durations, skip flush
2025-07-21 23:30:39 [DEBUG] face-presence-api: [BatchLogger] No registrations, skip flush
2025-07-21 23:30:39 [DEBUG] face-presence-api: [BatchLogger] No verifications, skip flush
2025-07-21 23:30:40 [DEBUG] face-presence-api: [BatchLogger] No durations, skip flush
2025-07-21 23:30:50 [DEBUG] face-presence-api: [BatchLogger] No durations, skip flush
2025-07-21 23:31:00 [DEBUG] face-presence-api: [BatchLogger] No durations, skip flush
2025-07-21 23:31:09 [DEBUG] face-presence-api: [BatchLogger] No verifications, skip flush
2025-07-21 23:31:09 [DEBUG] face-presence-api: [BatchLogger] No registrations, skip flush
2025-07-21 23:31:10 [DEBUG] face-presence-api: [BatchLogger] No durations, skip flush
2025-07-21 23:31:20 [DEBUG] face-presence-api: [BatchLogger] No durations, skip flush
2025-07-21 23:31:30 [DEBUG] face-presence-api: [BatchLogger] No durations, skip flush
2025-07-21 23:31:39 [DEBUG] face-presence-api: [BatchLogger] No registrations, skip flush
2025-07-21 23:31:39 [DEBUG] face-presence-api: [BatchLogger] No verifications, skip flush
2025-07-21 23:31:40 [DEBUG] face-presence-api: [BatchLogger] No durations, skip flush
2025-07-21 23:31:50 [DEBUG] face-presence-api: [BatchLogger] No durations, skip flush
2025-07-21 23:32:00 [DEBUG] face-presence-api: [BatchLogger] No durations, skip flush
2025-07-21 23:32:09 [DEBUG] face-presence-api: [BatchLogger] No verifications, skip flush
2025-07-21 23:32:09 [DEBUG] face-presence-api: [BatchLogger] No registrations, skip flush
2025-07-21 23:32:10 [DEBUG] face-presence-api: [BatchLogger] No durations, skip flush
2025-07-21 23:32:20 [DEBUG] face-presence-api: [BatchLogger] No durations, skip flush
2025-07-21 23:32:25 [DEBUG] python_multipart.multipart: Calling on_part_begin with no data
2025-07-21 23:32:25 [DEBUG] python_multipart.multipart: Calling on_header_field with data[42:61]
2025-07-21 23:32:25 [DEBUG] python_multipart.multipart: Calling on_header_value with data[63:88]
2025-07-21 23:32:25 [DEBUG] python_multipart.multipart: Calling on_header_end with no data
2025-07-21 23:32:25 [DEBUG] python_multipart.multipart: Calling on_headers_finished with no data
2025-07-21 23:32:25 [DEBUG] python_multipart.multipart: Calling on_part_data with data[92:94]
2025-07-21 23:32:25 [DEBUG] python_multipart.multipart: Calling on_part_end with no data
2025-07-21 23:32:25 [DEBUG] python_multipart.multipart: Calling on_end with no data
2025-07-21 23:32:25 [INFO] face-presence-api: Checking status for user: 44
2025-07-21 23:32:25 [INFO] face-presence-api: User 44 is already registered.
2025-07-21 23:32:30 [DEBUG] face-presence-api: [BatchLogger] No durations, skip flush
2025-07-21 23:32:39 [DEBUG] face-presence-api: [BatchLogger] No registrations, skip flush
2025-07-21 23:32:39 [DEBUG] face-presence-api: [BatchLogger] No verifications, skip flush
2025-07-21 23:32:40 [DEBUG] face-presence-api: [BatchLogger] No durations, skip flush
2025-07-21 23:32:50 [DEBUG] face-presence-api: [BatchLogger] No durations, skip flush
2025-07-21 23:33:00 [DEBUG] face-presence-api: [BatchLogger] No durations, skip flush
2025-07-21 23:33:09 [DEBUG] face-presence-api: [BatchLogger] No verifications, skip flush
2025-07-21 23:33:09 [DEBUG] face-presence-api: [BatchLogger] No registrations, skip flush
2025-07-21 23:33:10 [DEBUG] face-presence-api: [BatchLogger] No durations, skip flush
2025-07-21 23:33:20 [DEBUG] face-presence-api: [BatchLogger] No durations, skip flush
2025-07-21 23:33:30 [DEBUG] face-presence-api: [BatchLogger] No durations, skip flush
2025-07-21 23:33:39 [DEBUG] face-presence-api: [BatchLogger] No registrations, skip flush
2025-07-21 23:33:39 [DEBUG] face-presence-api: [BatchLogger] No verifications, skip flush
2025-07-21 23:33:40 [DEBUG] face-presence-api: [BatchLogger] No durations, skip flush
2025-07-21 23:33:47 [DEBUG] python_multipart.multipart: Calling on_part_begin with no data
2025-07-21 23:33:47 [DEBUG] python_multipart.multipart: Calling on_header_field with data[42:61]
2025-07-21 23:33:47 [DEBUG] python_multipart.multipart: Calling on_header_value with data[63:88]
2025-07-21 23:33:47 [DEBUG] python_multipart.multipart: Calling on_header_end with no data
2025-07-21 23:33:47 [DEBUG] python_multipart.multipart: Calling on_headers_finished with no data
2025-07-21 23:33:47 [DEBUG] python_multipart.multipart: Calling on_part_data with data[92:94]
2025-07-21 23:33:47 [DEBUG] python_multipart.multipart: Calling on_part_end with no data
2025-07-21 23:33:47 [DEBUG] python_multipart.multipart: Calling on_end with no data
2025-07-21 23:33:47 [INFO] face-presence-api: Checking status for user: 44
2025-07-21 23:33:47 [INFO] face-presence-api: User 44 is already registered.
2025-07-21 23:33:50 [DEBUG] face-presence-api: [BatchLogger] No durations, skip flush
2025-07-21 23:34:00 [DEBUG] face-presence-api: [BatchLogger] No durations, skip flush
2025-07-21 23:34:09 [DEBUG] face-presence-api: [BatchLogger] No registrations, skip flush
2025-07-21 23:34:09 [DEBUG] face-presence-api: [BatchLogger] No verifications, skip flush
2025-07-21 23:34:10 [DEBUG] face-presence-api: [BatchLogger] No durations, skip flush
2025-07-21 23:34:20 [DEBUG] face-presence-api: [BatchLogger] No durations, skip flush
2025-07-21 23:34:30 [DEBUG] face-presence-api: [BatchLogger] No durations, skip flush
2025-07-21 23:34:39 [DEBUG] face-presence-api: [BatchLogger] No verifications, skip flush
2025-07-21 23:34:39 [DEBUG] face-presence-api: [BatchLogger] No registrations, skip flush
2025-07-21 23:34:40 [DEBUG] face-presence-api: [BatchLogger] No durations, skip flush
2025-07-21 23:34:50 [DEBUG] face-presence-api: [BatchLogger] No durations, skip flush
2025-07-21 23:35:00 [DEBUG] face-presence-api: [BatchLogger] No durations, skip flush
2025-07-21 23:35:09 [DEBUG] face-presence-api: [BatchLogger] No registrations, skip flush
2025-07-21 23:35:09 [DEBUG] face-presence-api: [BatchLogger] No verifications, skip flush
2025-07-21 23:35:10 [DEBUG] face-presence-api: [BatchLogger] No durations, skip flush
2025-07-21 23:35:20 [DEBUG] face-presence-api: [BatchLogger] No durations, skip flush
2025-07-21 23:35:30 [DEBUG] face-presence-api: [BatchLogger] No durations, skip flush
2025-07-21 23:35:39 [DEBUG] face-presence-api: [BatchLogger] No registrations, skip flush
2025-07-21 23:35:39 [DEBUG] face-presence-api: [BatchLogger] No verifications, skip flush
2025-07-21 23:35:40 [DEBUG] face-presence-api: [BatchLogger] No durations, skip flush
2025-07-21 23:35:50 [DEBUG] face-presence-api: [BatchLogger] No durations, skip flush
2025-07-21 23:36:00 [DEBUG] face-presence-api: [BatchLogger] No durations, skip flush
2025-07-21 23:36:09 [DEBUG] face-presence-api: [BatchLogger] No verifications, skip flush
2025-07-21 23:36:09 [DEBUG] face-presence-api: [BatchLogger] No registrations, skip flush
2025-07-21 23:36:10 [DEBUG] face-presence-api: [BatchLogger] No durations, skip flush
2025-07-21 23:36:20 [DEBUG] face-presence-api: [BatchLogger] No durations, skip flush
2025-07-21 23:36:30 [DEBUG] face-presence-api: [BatchLogger] No durations, skip flush
2025-07-21 23:36:39 [DEBUG] face-presence-api: [BatchLogger] No registrations, skip flush
2025-07-21 23:36:39 [DEBUG] face-presence-api: [BatchLogger] No verifications, skip flush
2025-07-21 23:36:40 [DEBUG] face-presence-api: [BatchLogger] No durations, skip flush
2025-07-21 23:36:50 [DEBUG] face-presence-api: [BatchLogger] No durations, skip flush
2025-07-21 23:37:00 [DEBUG] face-presence-api: [BatchLogger] No durations, skip flush
2025-07-21 23:37:09 [DEBUG] face-presence-api: [BatchLogger] No verifications, skip flush
2025-07-21 23:37:09 [DEBUG] face-presence-api: [BatchLogger] No registrations, skip flush
2025-07-21 23:37:10 [DEBUG] face-presence-api: [BatchLogger] No durations, skip flush
2025-07-21 23:37:20 [DEBUG] face-presence-api: [BatchLogger] No durations, skip flush
2025-07-21 23:37:30 [DEBUG] face-presence-api: [BatchLogger] No durations, skip flush
2025-07-21 23:37:40 [DEBUG] face-presence-api: [BatchLogger] No registrations, skip flush
2025-07-21 23:37:40 [DEBUG] face-presence-api: [BatchLogger] No verifications, skip flush
2025-07-21 23:37:40 [DEBUG] face-presence-api: [BatchLogger] No durations, skip flush
2025-07-21 23:37:50 [DEBUG] face-presence-api: [BatchLogger] No durations, skip flush
2025-07-21 23:38:00 [DEBUG] face-presence-api: [BatchLogger] No durations, skip flush
2025-07-21 23:38:10 [DEBUG] face-presence-api: [BatchLogger] No verifications, skip flush
2025-07-21 23:38:10 [DEBUG] face-presence-api: [BatchLogger] No registrations, skip flush
2025-07-21 23:38:10 [DEBUG] face-presence-api: [BatchLogger] No durations, skip flush
2025-07-21 23:38:20 [DEBUG] face-presence-api: [BatchLogger] No durations, skip flush
2025-07-21 23:38:30 [DEBUG] face-presence-api: [BatchLogger] No durations, skip flush
2025-07-21 23:38:40 [DEBUG] face-presence-api: [BatchLogger] No registrations, skip flush
2025-07-21 23:38:40 [DEBUG] face-presence-api: [BatchLogger] No verifications, skip flush
2025-07-21 23:38:40 [DEBUG] face-presence-api: [BatchLogger] No durations, skip flush
2025-07-21 23:38:50 [DEBUG] face-presence-api: [BatchLogger] No durations, skip flush
2025-07-21 23:39:00 [DEBUG] face-presence-api: [BatchLogger] No durations, skip flush
2025-07-21 23:39:10 [DEBUG] face-presence-api: [BatchLogger] No verifications, skip flush
2025-07-21 23:39:10 [DEBUG] face-presence-api: [BatchLogger] No registrations, skip flush
2025-07-21 23:39:10 [DEBUG] face-presence-api: [BatchLogger] No durations, skip flush
2025-07-21 23:39:20 [DEBUG] face-presence-api: [BatchLogger] No durations, skip flush
2025-07-21 23:39:30 [DEBUG] face-presence-api: [BatchLogger] No durations, skip flush
2025-07-21 23:39:40 [DEBUG] face-presence-api: [BatchLogger] No verifications, skip flush
2025-07-21 23:39:40 [DEBUG] face-presence-api: [BatchLogger] No registrations, skip flush
2025-07-21 23:39:40 [DEBUG] face-presence-api: [BatchLogger] No durations, skip flush
2025-07-21 23:39:50 [DEBUG] face-presence-api: [BatchLogger] No durations, skip flush
2025-07-21 23:40:00 [DEBUG] face-presence-api: [BatchLogger] No durations, skip flush
2025-07-21 23:40:10 [DEBUG] face-presence-api: [BatchLogger] No registrations, skip flush
2025-07-21 23:40:10 [DEBUG] face-presence-api: [BatchLogger] No verifications, skip flush
2025-07-21 23:40:10 [DEBUG] face-presence-api: [BatchLogger] No durations, skip flush
2025-07-21 23:40:20 [DEBUG] face-presence-api: [BatchLogger] No durations, skip flush
2025-07-21 23:40:30 [DEBUG] face-presence-api: [BatchLogger] No durations, skip flush
2025-07-21 23:40:40 [DEBUG] face-presence-api: [BatchLogger] No verifications, skip flush
2025-07-21 23:40:40 [DEBUG] face-presence-api: [BatchLogger] No registrations, skip flush
2025-07-21 23:40:40 [DEBUG] face-presence-api: [BatchLogger] No durations, skip flush
2025-07-21 23:40:50 [DEBUG] face-presence-api: [BatchLogger] No durations, skip flush
2025-07-21 23:41:00 [DEBUG] face-presence-api: [BatchLogger] No durations, skip flush
2025-07-21 23:41:10 [DEBUG] face-presence-api: [BatchLogger] No verifications, skip flush
2025-07-21 23:41:10 [DEBUG] face-presence-api: [BatchLogger] No registrations, skip flush
2025-07-21 23:41:10 [DEBUG] face-presence-api: [BatchLogger] No durations, skip flush
2025-07-21 23:41:20 [DEBUG] face-presence-api: [BatchLogger] No durations, skip flush
2025-07-21 23:41:30 [DEBUG] face-presence-api: [BatchLogger] No durations, skip flush
2025-07-21 23:41:40 [DEBUG] face-presence-api: [BatchLogger] No registrations, skip flush
2025-07-21 23:41:40 [DEBUG] face-presence-api: [BatchLogger] No verifications, skip flush
2025-07-21 23:41:40 [DEBUG] face-presence-api: [BatchLogger] No durations, skip flush
2025-07-21 23:41:50 [DEBUG] face-presence-api: [BatchLogger] No durations, skip flush
2025-07-21 23:42:00 [DEBUG] face-presence-api: [BatchLogger] No durations, skip flush
2025-07-21 23:42:10 [DEBUG] face-presence-api: [BatchLogger] No verifications, skip flush
2025-07-21 23:42:10 [DEBUG] face-presence-api: [BatchLogger] No registrations, skip flush
2025-07-21 23:42:10 [DEBUG] face-presence-api: [BatchLogger] No durations, skip flush
2025-07-21 23:42:20 [DEBUG] face-presence-api: [BatchLogger] No durations, skip flush
2025-07-21 23:42:30 [DEBUG] face-presence-api: [BatchLogger] No durations, skip flush
2025-07-21 23:42:40 [DEBUG] face-presence-api: [BatchLogger] No verifications, skip flush
2025-07-21 23:42:40 [DEBUG] face-presence-api: [BatchLogger] No registrations, skip flush
2025-07-21 23:42:40 [DEBUG] face-presence-api: [BatchLogger] No durations, skip flush
2025-07-21 23:42:50 [DEBUG] face-presence-api: [BatchLogger] No durations, skip flush
2025-07-21 23:43:00 [DEBUG] face-presence-api: [BatchLogger] No durations, skip flush
2025-07-21 23:43:10 [DEBUG] face-presence-api: [BatchLogger] No registrations, skip flush
2025-07-21 23:43:10 [DEBUG] face-presence-api: [BatchLogger] No verifications, skip flush
2025-07-21 23:43:10 [DEBUG] face-presence-api: [BatchLogger] No durations, skip flush
2025-07-21 23:43:20 [DEBUG] face-presence-api: [BatchLogger] No durations, skip flush
2025-07-21 23:43:30 [DEBUG] face-presence-api: [BatchLogger] No durations, skip flush
2025-07-21 23:43:40 [DEBUG] face-presence-api: [BatchLogger] No verifications, skip flush
2025-07-21 23:43:40 [DEBUG] face-presence-api: [BatchLogger] No registrations, skip flush
2025-07-21 23:43:41 [DEBUG] face-presence-api: [BatchLogger] No durations, skip flush
2025-07-21 23:43:51 [DEBUG] face-presence-api: [BatchLogger] No durations, skip flush
2025-07-21 23:44:01 [DEBUG] face-presence-api: [BatchLogger] No durations, skip flush
2025-07-21 23:44:10 [DEBUG] face-presence-api: [BatchLogger] No registrations, skip flush
2025-07-21 23:44:10 [DEBUG] face-presence-api: [BatchLogger] No verifications, skip flush
2025-07-21 23:44:11 [DEBUG] face-presence-api: [BatchLogger] No durations, skip flush
2025-07-21 23:44:21 [DEBUG] face-presence-api: [BatchLogger] No durations, skip flush
2025-07-21 23:44:31 [DEBUG] face-presence-api: [BatchLogger] No durations, skip flush
2025-07-21 23:44:40 [DEBUG] face-presence-api: [BatchLogger] No registrations, skip flush
2025-07-21 23:44:40 [DEBUG] face-presence-api: [BatchLogger] No verifications, skip flush
2025-07-21 23:44:41 [DEBUG] face-presence-api: [BatchLogger] No durations, skip flush
2025-07-21 23:44:51 [DEBUG] face-presence-api: [BatchLogger] No durations, skip flush
2025-07-21 23:45:01 [DEBUG] face-presence-api: [BatchLogger] No durations, skip flush
2025-07-21 23:45:10 [DEBUG] face-presence-api: [BatchLogger] No verifications, skip flush
2025-07-21 23:45:10 [DEBUG] face-presence-api: [BatchLogger] No registrations, skip flush
2025-07-21 23:45:11 [DEBUG] face-presence-api: [BatchLogger] No durations, skip flush
2025-07-21 23:45:21 [DEBUG] face-presence-api: [BatchLogger] No durations, skip flush
2025-07-21 23:45:31 [DEBUG] face-presence-api: [BatchLogger] No durations, skip flush
2025-07-21 23:45:40 [DEBUG] face-presence-api: [BatchLogger] No verifications, skip flush
2025-07-21 23:45:40 [DEBUG] face-presence-api: [BatchLogger] No registrations, skip flush
2025-07-21 23:45:41 [DEBUG] face-presence-api: [BatchLogger] No durations, skip flush
2025-07-21 23:45:51 [DEBUG] face-presence-api: [BatchLogger] No durations, skip flush
2025-07-21 23:46:01 [DEBUG] face-presence-api: [BatchLogger] No durations, skip flush
2025-07-21 23:46:10 [DEBUG] face-presence-api: [BatchLogger] No verifications, skip flush
2025-07-21 23:46:10 [DEBUG] face-presence-api: [BatchLogger] No registrations, skip flush
2025-07-21 23:46:11 [DEBUG] face-presence-api: [BatchLogger] No durations, skip flush
2025-07-21 23:46:21 [DEBUG] face-presence-api: [BatchLogger] No durations, skip flush
2025-07-21 23:46:31 [DEBUG] face-presence-api: [BatchLogger] No durations, skip flush
2025-07-21 23:46:40 [DEBUG] face-presence-api: [BatchLogger] No verifications, skip flush
2025-07-21 23:46:40 [DEBUG] face-presence-api: [BatchLogger] No registrations, skip flush
2025-07-21 23:46:41 [DEBUG] face-presence-api: [BatchLogger] No durations, skip flush
2025-07-21 23:46:51 [DEBUG] face-presence-api: [BatchLogger] No durations, skip flush
2025-07-21 23:47:01 [DEBUG] face-presence-api: [BatchLogger] No durations, skip flush
2025-07-21 23:47:10 [DEBUG] face-presence-api: [BatchLogger] No registrations, skip flush
2025-07-21 23:47:10 [DEBUG] face-presence-api: [BatchLogger] No verifications, skip flush
2025-07-21 23:47:11 [DEBUG] face-presence-api: [BatchLogger] No durations, skip flush
2025-07-21 23:47:21 [DEBUG] face-presence-api: [BatchLogger] No durations, skip flush
2025-07-21 23:47:31 [DEBUG] face-presence-api: [BatchLogger] No durations, skip flush
2025-07-21 23:47:40 [DEBUG] face-presence-api: [BatchLogger] No verifications, skip flush
2025-07-21 23:47:40 [DEBUG] face-presence-api: [BatchLogger] No registrations, skip flush
2025-07-21 23:47:41 [DEBUG] face-presence-api: [BatchLogger] No durations, skip flush
2025-07-21 23:47:51 [DEBUG] face-presence-api: [BatchLogger] No durations, skip flush
2025-07-21 23:48:01 [DEBUG] face-presence-api: [BatchLogger] No durations, skip flush
2025-07-21 23:48:10 [DEBUG] face-presence-api: [BatchLogger] No registrations, skip flush
2025-07-21 23:48:10 [DEBUG] face-presence-api: [BatchLogger] No verifications, skip flush
2025-07-21 23:48:11 [DEBUG] face-presence-api: [BatchLogger] No durations, skip flush
2025-07-21 23:48:21 [DEBUG] face-presence-api: [BatchLogger] No durations, skip flush
2025-07-21 23:48:31 [DEBUG] face-presence-api: [BatchLogger] No durations, skip flush
2025-07-21 23:48:40 [DEBUG] face-presence-api: [BatchLogger] No verifications, skip flush
2025-07-21 23:48:40 [DEBUG] face-presence-api: [BatchLogger] No registrations, skip flush
2025-07-21 23:48:41 [DEBUG] face-presence-api: [BatchLogger] No durations, skip flush
2025-07-21 23:48:51 [DEBUG] face-presence-api: [BatchLogger] No durations, skip flush
2025-07-21 23:49:01 [DEBUG] face-presence-api: [BatchLogger] No durations, skip flush
2025-07-21 23:49:10 [DEBUG] face-presence-api: [BatchLogger] No registrations, skip flush
2025-07-21 23:49:10 [DEBUG] face-presence-api: [BatchLogger] No verifications, skip flush
2025-07-21 23:49:11 [DEBUG] face-presence-api: [BatchLogger] No durations, skip flush
2025-07-21 23:49:21 [DEBUG] face-presence-api: [BatchLogger] No durations, skip flush
2025-07-21 23:49:24 [DEBUG] python_multipart.multipart: Calling on_part_begin with no data
2025-07-21 23:49:24 [DEBUG] python_multipart.multipart: Calling on_header_field with data[42:61]
2025-07-21 23:49:24 [DEBUG] python_multipart.multipart: Calling on_header_value with data[63:88]
2025-07-21 23:49:24 [DEBUG] python_multipart.multipart: Calling on_header_end with no data
2025-07-21 23:49:24 [DEBUG] python_multipart.multipart: Calling on_headers_finished with no data
2025-07-21 23:49:24 [DEBUG] python_multipart.multipart: Calling on_part_data with data[92:94]
2025-07-21 23:49:24 [DEBUG] python_multipart.multipart: Calling on_part_end with no data
2025-07-21 23:49:24 [DEBUG] python_multipart.multipart: Calling on_end with no data
2025-07-21 23:49:24 [INFO] face-presence-api: Checking status for user: 44
2025-07-21 23:49:24 [INFO] face-presence-api: User 44 is already registered.
2025-07-21 23:49:31 [DEBUG] face-presence-api: [BatchLogger] No durations, skip flush
2025-07-21 23:49:40 [DEBUG] face-presence-api: [BatchLogger] No verifications, skip flush
2025-07-21 23:49:40 [DEBUG] face-presence-api: [BatchLogger] No registrations, skip flush
2025-07-21 23:49:41 [DEBUG] face-presence-api: [BatchLogger] No durations, skip flush
2025-07-21 23:49:51 [DEBUG] face-presence-api: [BatchLogger] No durations, skip flush
2025-07-21 23:50:01 [DEBUG] face-presence-api: [BatchLogger] No durations, skip flush
2025-07-21 23:50:10 [DEBUG] face-presence-api: [BatchLogger] No verifications, skip flush
2025-07-21 23:50:10 [DEBUG] face-presence-api: [BatchLogger] No registrations, skip flush
2025-07-21 23:50:11 [DEBUG] face-presence-api: [BatchLogger] No durations, skip flush
2025-07-21 23:50:21 [DEBUG] face-presence-api: [BatchLogger] No durations, skip flush
2025-07-21 23:50:31 [DEBUG] face-presence-api: [BatchLogger] No durations, skip flush
2025-07-21 23:50:40 [DEBUG] face-presence-api: [BatchLogger] No registrations, skip flush
2025-07-21 23:50:40 [DEBUG] face-presence-api: [BatchLogger] No verifications, skip flush
2025-07-21 23:50:41 [DEBUG] face-presence-api: [BatchLogger] No durations, skip flush
2025-07-21 23:50:51 [DEBUG] face-presence-api: [BatchLogger] No durations, skip flush
2025-07-21 23:51:01 [DEBUG] face-presence-api: [BatchLogger] No durations, skip flush
2025-07-21 23:51:02 [DEBUG] python_multipart.multipart: Calling on_part_begin with no data
2025-07-21 23:51:02 [DEBUG] python_multipart.multipart: Calling on_header_field with data[42:61]
2025-07-21 23:51:02 [DEBUG] python_multipart.multipart: Calling on_header_value with data[63:88]
2025-07-21 23:51:02 [DEBUG] python_multipart.multipart: Calling on_header_end with no data
2025-07-21 23:51:02 [DEBUG] python_multipart.multipart: Calling on_headers_finished with no data
2025-07-21 23:51:02 [DEBUG] python_multipart.multipart: Calling on_part_data with data[92:94]
2025-07-21 23:51:02 [DEBUG] python_multipart.multipart: Calling on_part_end with no data
2025-07-21 23:51:02 [DEBUG] python_multipart.multipart: Calling on_end with no data
2025-07-21 23:51:02 [INFO] face-presence-api: Checking status for user: 44
2025-07-21 23:51:02 [INFO] face-presence-api: User 44 is already registered.
2025-07-21 23:51:10 [DEBUG] face-presence-api: [BatchLogger] No registrations, skip flush
2025-07-21 23:51:10 [DEBUG] face-presence-api: [BatchLogger] No verifications, skip flush
2025-07-21 23:51:11 [DEBUG] face-presence-api: [BatchLogger] No durations, skip flush
2025-07-21 23:51:21 [DEBUG] face-presence-api: [BatchLogger] No durations, skip flush
2025-07-21 23:51:23 [DEBUG] python_multipart.multipart: Calling on_part_begin with no data
2025-07-21 23:51:23 [DEBUG] python_multipart.multipart: Calling on_header_field with data[42:61]
2025-07-21 23:51:23 [DEBUG] python_multipart.multipart: Calling on_header_value with data[63:88]
2025-07-21 23:51:23 [DEBUG] python_multipart.multipart: Calling on_header_end with no data
2025-07-21 23:51:23 [DEBUG] python_multipart.multipart: Calling on_headers_finished with no data
2025-07-21 23:51:23 [DEBUG] python_multipart.multipart: Calling on_part_data with data[92:94]
2025-07-21 23:51:23 [DEBUG] python_multipart.multipart: Calling on_part_end with no data
2025-07-21 23:51:23 [DEBUG] python_multipart.multipart: Calling on_end with no data
2025-07-21 23:51:23 [INFO] face-presence-api: Checking status for user: 44
2025-07-21 23:51:23 [INFO] face-presence-api: User 44 is already registered.
2025-07-21 23:51:31 [DEBUG] face-presence-api: [BatchLogger] No durations, skip flush
2025-07-21 23:51:40 [DEBUG] face-presence-api: [BatchLogger] No verifications, skip flush
2025-07-21 23:51:40 [DEBUG] face-presence-api: [BatchLogger] No registrations, skip flush
2025-07-21 23:51:41 [DEBUG] face-presence-api: [BatchLogger] No durations, skip flush
2025-07-21 23:51:51 [DEBUG] face-presence-api: [BatchLogger] No durations, skip flush
2025-07-21 23:52:01 [DEBUG] face-presence-api: [BatchLogger] No durations, skip flush
2025-07-21 23:52:10 [DEBUG] face-presence-api: [BatchLogger] No verifications, skip flush
2025-07-21 23:52:10 [DEBUG] face-presence-api: [BatchLogger] No registrations, skip flush
2025-07-21 23:52:11 [DEBUG] face-presence-api: [BatchLogger] No durations, skip flush
2025-07-21 23:52:21 [DEBUG] face-presence-api: [BatchLogger] No durations, skip flush
2025-07-21 23:52:26 [DEBUG] python_multipart.multipart: Calling on_part_begin with no data
2025-07-21 23:52:26 [DEBUG] python_multipart.multipart: Calling on_header_field with data[42:61]
2025-07-21 23:52:26 [DEBUG] python_multipart.multipart: Calling on_header_value with data[63:88]
2025-07-21 23:52:26 [DEBUG] python_multipart.multipart: Calling on_header_end with no data
2025-07-21 23:52:26 [DEBUG] python_multipart.multipart: Calling on_headers_finished with no data
2025-07-21 23:52:26 [DEBUG] python_multipart.multipart: Calling on_part_data with data[92:94]
2025-07-21 23:52:26 [DEBUG] python_multipart.multipart: Calling on_part_end with no data
2025-07-21 23:52:26 [DEBUG] python_multipart.multipart: Calling on_end with no data
2025-07-21 23:52:26 [INFO] face-presence-api: Checking status for user: 44
2025-07-21 23:52:26 [INFO] face-presence-api: User 44 is already registered.
2025-07-21 23:52:31 [DEBUG] face-presence-api: [BatchLogger] No durations, skip flush
2025-07-21 23:52:40 [DEBUG] face-presence-api: [BatchLogger] No verifications, skip flush
2025-07-21 23:52:40 [DEBUG] face-presence-api: [BatchLogger] No registrations, skip flush
2025-07-21 23:52:41 [DEBUG] face-presence-api: [BatchLogger] No durations, skip flush
2025-07-21 23:52:51 [DEBUG] face-presence-api: [BatchLogger] No durations, skip flush
2025-07-21 23:53:01 [DEBUG] python_multipart.multipart: Calling on_part_begin with no data
2025-07-21 23:53:01 [DEBUG] python_multipart.multipart: Calling on_header_field with data[42:61]
2025-07-21 23:53:01 [DEBUG] python_multipart.multipart: Calling on_header_value with data[63:88]
2025-07-21 23:53:01 [DEBUG] python_multipart.multipart: Calling on_header_end with no data
2025-07-21 23:53:01 [DEBUG] python_multipart.multipart: Calling on_headers_finished with no data
2025-07-21 23:53:01 [DEBUG] python_multipart.multipart: Calling on_part_data with data[92:94]
2025-07-21 23:53:01 [DEBUG] python_multipart.multipart: Calling on_part_end with no data
2025-07-21 23:53:01 [DEBUG] python_multipart.multipart: Calling on_end with no data
2025-07-21 23:53:01 [INFO] face-presence-api: Checking status for user: 44
2025-07-21 23:53:01 [INFO] face-presence-api: User 44 is already registered.
2025-07-21 23:53:01 [DEBUG] face-presence-api: [BatchLogger] No durations, skip flush
2025-07-21 23:53:10 [DEBUG] face-presence-api: [BatchLogger] No verifications, skip flush
2025-07-21 23:53:10 [DEBUG] face-presence-api: [BatchLogger] No registrations, skip flush
2025-07-21 23:53:11 [DEBUG] face-presence-api: [BatchLogger] No durations, skip flush
2025-07-21 23:53:20 [DEBUG] python_multipart.multipart: Calling on_part_begin with no data
2025-07-21 23:53:20 [DEBUG] python_multipart.multipart: Calling on_header_field with data[42:61]
2025-07-21 23:53:20 [DEBUG] python_multipart.multipart: Calling on_header_value with data[63:88]
2025-07-21 23:53:20 [DEBUG] python_multipart.multipart: Calling on_header_end with no data
2025-07-21 23:53:20 [DEBUG] python_multipart.multipart: Calling on_headers_finished with no data
2025-07-21 23:53:20 [DEBUG] python_multipart.multipart: Calling on_part_data with data[92:94]
2025-07-21 23:53:20 [DEBUG] python_multipart.multipart: Calling on_part_end with no data
2025-07-21 23:53:20 [DEBUG] python_multipart.multipart: Calling on_end with no data
2025-07-21 23:53:20 [INFO] face-presence-api: Checking status for user: 44
2025-07-21 23:53:20 [INFO] face-presence-api: User 44 is already registered.
2025-07-21 23:53:21 [DEBUG] face-presence-api: [BatchLogger] No durations, skip flush
2025-07-21 23:53:31 [DEBUG] face-presence-api: [BatchLogger] No durations, skip flush
2025-07-21 23:53:40 [DEBUG] face-presence-api: [BatchLogger] No registrations, skip flush
2025-07-21 23:53:40 [DEBUG] face-presence-api: [BatchLogger] No verifications, skip flush
2025-07-21 23:53:41 [DEBUG] face-presence-api: [BatchLogger] No durations, skip flush
2025-07-21 23:53:51 [DEBUG] face-presence-api: [BatchLogger] No durations, skip flush
2025-07-21 23:54:01 [DEBUG] face-presence-api: [BatchLogger] No durations, skip flush
2025-07-21 23:54:10 [DEBUG] face-presence-api: [BatchLogger] No verifications, skip flush
2025-07-21 23:54:10 [DEBUG] face-presence-api: [BatchLogger] No registrations, skip flush
2025-07-21 23:54:11 [DEBUG] face-presence-api: [BatchLogger] No durations, skip flush
2025-07-21 23:54:21 [DEBUG] face-presence-api: [BatchLogger] No durations, skip flush
2025-07-21 23:54:31 [DEBUG] face-presence-api: [BatchLogger] No durations, skip flush
2025-07-21 23:54:40 [DEBUG] face-presence-api: [BatchLogger] No registrations, skip flush
2025-07-21 23:54:40 [DEBUG] face-presence-api: [BatchLogger] No verifications, skip flush
2025-07-21 23:54:41 [DEBUG] face-presence-api: [BatchLogger] No durations, skip flush
2025-07-21 23:54:51 [DEBUG] face-presence-api: [BatchLogger] No durations, skip flush
2025-07-21 23:55:01 [DEBUG] face-presence-api: [BatchLogger] No durations, skip flush
2025-07-21 23:55:10 [DEBUG] face-presence-api: [BatchLogger] No registrations, skip flush
2025-07-21 23:55:10 [DEBUG] face-presence-api: [BatchLogger] No verifications, skip flush
2025-07-21 23:55:11 [DEBUG] face-presence-api: [BatchLogger] No durations, skip flush
2025-07-21 23:55:21 [DEBUG] face-presence-api: [BatchLogger] No durations, skip flush
2025-07-21 23:55:31 [DEBUG] face-presence-api: [BatchLogger] No durations, skip flush
2025-07-21 23:55:40 [DEBUG] face-presence-api: [BatchLogger] No registrations, skip flush
2025-07-21 23:55:40 [DEBUG] face-presence-api: [BatchLogger] No verifications, skip flush
2025-07-21 23:55:41 [DEBUG] face-presence-api: [BatchLogger] No durations, skip flush
2025-07-21 23:55:51 [DEBUG] face-presence-api: [BatchLogger] No durations, skip flush
2025-07-21 23:56:01 [DEBUG] face-presence-api: [BatchLogger] No durations, skip flush
2025-07-21 23:56:02 [DEBUG] python_multipart.multipart: Calling on_part_begin with no data
2025-07-21 23:56:02 [DEBUG] python_multipart.multipart: Calling on_header_field with data[42:61]
2025-07-21 23:56:02 [DEBUG] python_multipart.multipart: Calling on_header_value with data[63:88]
2025-07-21 23:56:02 [DEBUG] python_multipart.multipart: Calling on_header_end with no data
2025-07-21 23:56:02 [DEBUG] python_multipart.multipart: Calling on_headers_finished with no data
2025-07-21 23:56:02 [DEBUG] python_multipart.multipart: Calling on_part_data with data[92:94]
2025-07-21 23:56:02 [DEBUG] python_multipart.multipart: Calling on_part_end with no data
2025-07-21 23:56:02 [DEBUG] python_multipart.multipart: Calling on_end with no data
2025-07-21 23:56:02 [INFO] face-presence-api: Checking status for user: 44
2025-07-21 23:56:02 [INFO] face-presence-api: User 44 is already registered.
2025-07-21 23:56:10 [DEBUG] face-presence-api: [BatchLogger] No verifications, skip flush
2025-07-21 23:56:10 [DEBUG] face-presence-api: [BatchLogger] No registrations, skip flush
2025-07-21 23:56:11 [DEBUG] face-presence-api: [BatchLogger] No durations, skip flush
2025-07-21 23:56:21 [DEBUG] face-presence-api: [BatchLogger] No durations, skip flush
2025-07-21 23:56:31 [DEBUG] face-presence-api: [BatchLogger] No durations, skip flush
2025-07-21 23:56:40 [DEBUG] face-presence-api: [BatchLogger] No registrations, skip flush
2025-07-21 23:56:40 [DEBUG] face-presence-api: [BatchLogger] No verifications, skip flush
2025-07-21 23:56:41 [DEBUG] face-presence-api: [BatchLogger] No durations, skip flush
2025-07-21 23:56:51 [DEBUG] face-presence-api: [BatchLogger] No durations, skip flush
2025-07-21 23:57:01 [DEBUG] face-presence-api: [BatchLogger] No durations, skip flush
2025-07-21 23:57:10 [DEBUG] face-presence-api: [BatchLogger] No verifications, skip flush
2025-07-21 23:57:10 [DEBUG] face-presence-api: [BatchLogger] No registrations, skip flush
2025-07-21 23:57:11 [DEBUG] face-presence-api: [BatchLogger] No durations, skip flush
2025-07-21 23:57:21 [DEBUG] face-presence-api: [BatchLogger] No durations, skip flush
2025-07-21 23:57:31 [DEBUG] face-presence-api: [BatchLogger] No durations, skip flush
2025-07-21 23:57:40 [DEBUG] face-presence-api: [BatchLogger] No verifications, skip flush
2025-07-21 23:57:40 [DEBUG] face-presence-api: [BatchLogger] No registrations, skip flush
2025-07-21 23:57:41 [DEBUG] face-presence-api: [BatchLogger] No durations, skip flush
2025-07-21 23:57:51 [DEBUG] face-presence-api: [BatchLogger] No durations, skip flush
2025-07-21 23:58:01 [DEBUG] face-presence-api: [BatchLogger] No durations, skip flush
2025-07-21 23:58:10 [DEBUG] face-presence-api: [BatchLogger] No verifications, skip flush
2025-07-21 23:58:10 [DEBUG] face-presence-api: [BatchLogger] No registrations, skip flush
2025-07-21 23:58:11 [DEBUG] face-presence-api: [BatchLogger] No durations, skip flush
2025-07-21 23:58:20 [DEBUG] python_multipart.multipart: Calling on_part_begin with no data
2025-07-21 23:58:20 [DEBUG] python_multipart.multipart: Calling on_header_field with data[42:61]
2025-07-21 23:58:20 [DEBUG] python_multipart.multipart: Calling on_header_value with data[63:88]
2025-07-21 23:58:20 [DEBUG] python_multipart.multipart: Calling on_header_end with no data
2025-07-21 23:58:20 [DEBUG] python_multipart.multipart: Calling on_headers_finished with no data
2025-07-21 23:58:20 [DEBUG] python_multipart.multipart: Calling on_part_data with data[92:94]
2025-07-21 23:58:20 [DEBUG] python_multipart.multipart: Calling on_part_end with no data
2025-07-21 23:58:20 [DEBUG] python_multipart.multipart: Calling on_end with no data
2025-07-21 23:58:20 [INFO] face-presence-api: Checking status for user: 44
2025-07-21 23:58:20 [INFO] face-presence-api: User 44 is already registered.
2025-07-21 23:58:21 [DEBUG] face-presence-api: [BatchLogger] No durations, skip flush
2025-07-21 23:58:31 [DEBUG] face-presence-api: [BatchLogger] No durations, skip flush
2025-07-21 23:58:40 [DEBUG] face-presence-api: [BatchLogger] No registrations, skip flush
2025-07-21 23:58:40 [DEBUG] face-presence-api: [BatchLogger] No verifications, skip flush
2025-07-21 23:58:41 [DEBUG] face-presence-api: [BatchLogger] No durations, skip flush
2025-07-21 23:58:51 [DEBUG] face-presence-api: [BatchLogger] No durations, skip flush
2025-07-21 23:59:01 [DEBUG] face-presence-api: [BatchLogger] No durations, skip flush
2025-07-21 23:59:10 [DEBUG] face-presence-api: [BatchLogger] No verifications, skip flush
2025-07-21 23:59:10 [DEBUG] face-presence-api: [BatchLogger] No registrations, skip flush
2025-07-21 23:59:11 [DEBUG] face-presence-api: [BatchLogger] No durations, skip flush
2025-07-21 23:59:21 [DEBUG] face-presence-api: [BatchLogger] No durations, skip flush
2025-07-21 23:59:31 [DEBUG] face-presence-api: [BatchLogger] No durations, skip flush
2025-07-21 23:59:40 [DEBUG] face-presence-api: [BatchLogger] No verifications, skip flush
2025-07-21 23:59:40 [DEBUG] face-presence-api: [BatchLogger] No registrations, skip flush
2025-07-21 23:59:41 [DEBUG] face-presence-api: [BatchLogger] No durations, skip flush
2025-07-21 23:59:51 [DEBUG] face-presence-api: [BatchLogger] No durations, skip flush
2025-07-22 00:00:01 [DEBUG] face-presence-api: [BatchLogger] No durations, skip flush
2025-07-22 00:00:10 [DEBUG] face-presence-api: [BatchLogger] No verifications, skip flush
2025-07-22 00:00:10 [DEBUG] face-presence-api: [BatchLogger] No registrations, skip flush
2025-07-22 00:00:11 [DEBUG] face-presence-api: [BatchLogger] No durations, skip flush
2025-07-22 00:00:21 [DEBUG] face-presence-api: [BatchLogger] No durations, skip flush
2025-07-22 00:00:31 [DEBUG] face-presence-api: [BatchLogger] No durations, skip flush
2025-07-22 00:00:40 [DEBUG] face-presence-api: [BatchLogger] No registrations, skip flush
2025-07-22 00:00:40 [DEBUG] face-presence-api: [BatchLogger] No verifications, skip flush
2025-07-22 00:00:41 [DEBUG] face-presence-api: [BatchLogger] No durations, skip flush
2025-07-22 00:00:51 [DEBUG] face-presence-api: [BatchLogger] No durations, skip flush
2025-07-22 00:01:01 [DEBUG] face-presence-api: [BatchLogger] No durations, skip flush
2025-07-22 00:01:10 [DEBUG] face-presence-api: [BatchLogger] No verifications, skip flush
2025-07-22 00:01:10 [DEBUG] face-presence-api: [BatchLogger] No registrations, skip flush
2025-07-22 00:01:11 [DEBUG] face-presence-api: [BatchLogger] No durations, skip flush
2025-07-22 00:01:22 [DEBUG] face-presence-api: [BatchLogger] No durations, skip flush
2025-07-22 00:01:32 [DEBUG] face-presence-api: [BatchLogger] No durations, skip flush
2025-07-22 00:01:40 [DEBUG] face-presence-api: [BatchLogger] No registrations, skip flush
2025-07-22 00:01:40 [DEBUG] face-presence-api: [BatchLogger] No verifications, skip flush
2025-07-22 00:01:42 [DEBUG] face-presence-api: [BatchLogger] No durations, skip flush
2025-07-22 00:01:52 [DEBUG] face-presence-api: [BatchLogger] No durations, skip flush
2025-07-22 00:02:02 [DEBUG] face-presence-api: [BatchLogger] No durations, skip flush
2025-07-22 00:02:06 [DEBUG] python_multipart.multipart: Calling on_part_begin with no data
2025-07-22 00:02:06 [DEBUG] python_multipart.multipart: Calling on_header_field with data[42:61]
2025-07-22 00:02:06 [DEBUG] python_multipart.multipart: Calling on_header_value with data[63:88]
2025-07-22 00:02:06 [DEBUG] python_multipart.multipart: Calling on_header_end with no data
2025-07-22 00:02:06 [DEBUG] python_multipart.multipart: Calling on_headers_finished with no data
2025-07-22 00:02:06 [DEBUG] python_multipart.multipart: Calling on_part_data with data[92:94]
2025-07-22 00:02:06 [DEBUG] python_multipart.multipart: Calling on_part_end with no data
2025-07-22 00:02:06 [DEBUG] python_multipart.multipart: Calling on_end with no data
2025-07-22 00:02:06 [INFO] face-presence-api: Checking status for user: 44
2025-07-22 00:02:06 [INFO] face-presence-api: User 44 is already registered.
2025-07-22 00:02:10 [DEBUG] face-presence-api: [BatchLogger] No verifications, skip flush
2025-07-22 00:02:10 [DEBUG] face-presence-api: [BatchLogger] No registrations, skip flush
2025-07-22 00:02:10 [DEBUG] python_multipart.multipart: Calling on_part_begin with no data
2025-07-22 00:02:10 [DEBUG] python_multipart.multipart: Calling on_header_field with data[42:61]
2025-07-22 00:02:10 [DEBUG] python_multipart.multipart: Calling on_header_value with data[63:88]
2025-07-22 00:02:10 [DEBUG] python_multipart.multipart: Calling on_header_end with no data
2025-07-22 00:02:10 [DEBUG] python_multipart.multipart: Calling on_headers_finished with no data
2025-07-22 00:02:10 [DEBUG] python_multipart.multipart: Calling on_part_data with data[92:94]
2025-07-22 00:02:10 [DEBUG] python_multipart.multipart: Calling on_part_end with no data
2025-07-22 00:02:10 [DEBUG] python_multipart.multipart: Calling on_end with no data
2025-07-22 00:02:10 [INFO] face-presence-api: Checking status for user: 44
2025-07-22 00:02:10 [INFO] face-presence-api: User 44 is already registered.
2025-07-22 00:02:12 [DEBUG] face-presence-api: [BatchLogger] No durations, skip flush
2025-07-22 00:02:14 [DEBUG] python_multipart.multipart: Calling on_part_begin with no data
2025-07-22 00:02:14 [DEBUG] python_multipart.multipart: Calling on_header_field with data[42:61]
2025-07-22 00:02:14 [DEBUG] python_multipart.multipart: Calling on_header_value with data[63:88]
2025-07-22 00:02:14 [DEBUG] python_multipart.multipart: Calling on_header_end with no data
2025-07-22 00:02:14 [DEBUG] python_multipart.multipart: Calling on_headers_finished with no data
2025-07-22 00:02:14 [DEBUG] python_multipart.multipart: Calling on_part_data with data[92:94]
2025-07-22 00:02:14 [DEBUG] python_multipart.multipart: Calling on_part_end with no data
2025-07-22 00:02:14 [DEBUG] python_multipart.multipart: Calling on_end with no data
2025-07-22 00:02:14 [INFO] face-presence-api: Checking status for user: 44
2025-07-22 00:02:14 [INFO] face-presence-api: User 44 is already registered.
2025-07-22 00:02:22 [DEBUG] face-presence-api: [BatchLogger] No durations, skip flush
2025-07-22 00:02:26 [DEBUG] python_multipart.multipart: Calling on_part_begin with no data
2025-07-22 00:02:26 [DEBUG] python_multipart.multipart: Calling on_header_field with data[42:61]
2025-07-22 00:02:26 [DEBUG] python_multipart.multipart: Calling on_header_value with data[63:88]
2025-07-22 00:02:26 [DEBUG] python_multipart.multipart: Calling on_header_end with no data
2025-07-22 00:02:26 [DEBUG] python_multipart.multipart: Calling on_headers_finished with no data
2025-07-22 00:02:26 [DEBUG] python_multipart.multipart: Calling on_part_data with data[92:94]
2025-07-22 00:02:26 [DEBUG] python_multipart.multipart: Calling on_part_end with no data
2025-07-22 00:02:26 [DEBUG] python_multipart.multipart: Calling on_end with no data
2025-07-22 00:02:26 [INFO] face-presence-api: Checking status for user: 44
2025-07-22 00:02:26 [INFO] face-presence-api: User 44 is already registered.
2025-07-22 00:02:32 [DEBUG] face-presence-api: [BatchLogger] No durations, skip flush
2025-07-22 00:02:32 [DEBUG] python_multipart.multipart: Calling on_part_begin with no data
2025-07-22 00:02:32 [DEBUG] python_multipart.multipart: Calling on_header_field with data[42:61]
2025-07-22 00:02:32 [DEBUG] python_multipart.multipart: Calling on_header_value with data[63:88]
2025-07-22 00:02:32 [DEBUG] python_multipart.multipart: Calling on_header_end with no data
2025-07-22 00:02:32 [DEBUG] python_multipart.multipart: Calling on_headers_finished with no data
2025-07-22 00:02:32 [DEBUG] python_multipart.multipart: Calling on_part_data with data[92:94]
2025-07-22 00:02:32 [DEBUG] python_multipart.multipart: Calling on_part_end with no data
2025-07-22 00:02:32 [DEBUG] python_multipart.multipart: Calling on_end with no data
2025-07-22 00:02:32 [INFO] face-presence-api: Checking status for user: 44
2025-07-22 00:02:32 [INFO] face-presence-api: User 44 is already registered.
2025-07-22 00:02:40 [DEBUG] face-presence-api: [BatchLogger] No registrations, skip flush
2025-07-22 00:02:40 [DEBUG] face-presence-api: [BatchLogger] No verifications, skip flush
2025-07-22 00:02:42 [DEBUG] face-presence-api: [BatchLogger] No durations, skip flush
2025-07-22 00:02:52 [DEBUG] face-presence-api: [BatchLogger] No durations, skip flush
2025-07-22 00:02:59 [DEBUG] python_multipart.multipart: Calling on_part_begin with no data
2025-07-22 00:02:59 [DEBUG] python_multipart.multipart: Calling on_header_field with data[42:61]
2025-07-22 00:02:59 [DEBUG] python_multipart.multipart: Calling on_header_value with data[63:88]
2025-07-22 00:02:59 [DEBUG] python_multipart.multipart: Calling on_header_end with no data
2025-07-22 00:02:59 [DEBUG] python_multipart.multipart: Calling on_headers_finished with no data
2025-07-22 00:02:59 [DEBUG] python_multipart.multipart: Calling on_part_data with data[92:94]
2025-07-22 00:02:59 [DEBUG] python_multipart.multipart: Calling on_part_end with no data
2025-07-22 00:02:59 [DEBUG] python_multipart.multipart: Calling on_end with no data
2025-07-22 00:02:59 [INFO] face-presence-api: Checking status for user: 44
2025-07-22 00:02:59 [INFO] face-presence-api: User 44 is already registered.
2025-07-22 00:03:02 [DEBUG] face-presence-api: [BatchLogger] No durations, skip flush
2025-07-22 00:03:06 [DEBUG] python_multipart.multipart: Calling on_part_begin with no data
2025-07-22 00:03:06 [DEBUG] python_multipart.multipart: Calling on_header_field with data[42:61]
2025-07-22 00:03:06 [DEBUG] python_multipart.multipart: Calling on_header_value with data[63:88]
2025-07-22 00:03:06 [DEBUG] python_multipart.multipart: Calling on_header_end with no data
2025-07-22 00:03:06 [DEBUG] python_multipart.multipart: Calling on_headers_finished with no data
2025-07-22 00:03:06 [DEBUG] python_multipart.multipart: Calling on_part_data with data[92:94]
2025-07-22 00:03:06 [DEBUG] python_multipart.multipart: Calling on_part_end with no data
2025-07-22 00:03:06 [DEBUG] python_multipart.multipart: Calling on_end with no data
2025-07-22 00:03:06 [INFO] face-presence-api: Checking status for user: 44
2025-07-22 00:03:06 [INFO] face-presence-api: User 44 is already registered.
2025-07-22 00:03:10 [DEBUG] face-presence-api: [BatchLogger] No verifications, skip flush
2025-07-22 00:03:10 [DEBUG] face-presence-api: [BatchLogger] No registrations, skip flush
2025-07-22 00:03:10 [DEBUG] python_multipart.multipart: Calling on_part_begin with no data
2025-07-22 00:03:10 [DEBUG] python_multipart.multipart: Calling on_header_field with data[42:61]
2025-07-22 00:03:10 [DEBUG] python_multipart.multipart: Calling on_header_value with data[63:88]
2025-07-22 00:03:10 [DEBUG] python_multipart.multipart: Calling on_header_end with no data
2025-07-22 00:03:10 [DEBUG] python_multipart.multipart: Calling on_headers_finished with no data
2025-07-22 00:03:10 [DEBUG] python_multipart.multipart: Calling on_part_data with data[92:94]
2025-07-22 00:03:10 [DEBUG] python_multipart.multipart: Calling on_part_end with no data
2025-07-22 00:03:10 [DEBUG] python_multipart.multipart: Calling on_end with no data
2025-07-22 00:03:10 [INFO] face-presence-api: Checking status for user: 44
2025-07-22 00:03:10 [INFO] face-presence-api: User 44 is already registered.
2025-07-22 00:03:12 [DEBUG] face-presence-api: [BatchLogger] No durations, skip flush
2025-07-22 00:03:16 [DEBUG] python_multipart.multipart: Calling on_part_begin with no data
2025-07-22 00:03:17 [DEBUG] python_multipart.multipart: Calling on_header_field with data[42:61]
2025-07-22 00:03:17 [DEBUG] python_multipart.multipart: Calling on_header_value with data[63:88]
2025-07-22 00:03:17 [DEBUG] python_multipart.multipart: Calling on_header_end with no data
2025-07-22 00:03:17 [DEBUG] python_multipart.multipart: Calling on_headers_finished with no data
2025-07-22 00:03:17 [DEBUG] python_multipart.multipart: Calling on_part_data with data[92:94]
2025-07-22 00:03:17 [DEBUG] python_multipart.multipart: Calling on_part_end with no data
2025-07-22 00:03:17 [DEBUG] python_multipart.multipart: Calling on_end with no data
2025-07-22 00:03:17 [INFO] face-presence-api: Checking status for user: 44
2025-07-22 00:03:17 [INFO] face-presence-api: User 44 is already registered.
2025-07-22 00:03:22 [DEBUG] face-presence-api: [BatchLogger] No durations, skip flush
2025-07-22 00:03:32 [DEBUG] face-presence-api: [BatchLogger] No durations, skip flush
2025-07-22 00:03:40 [DEBUG] face-presence-api: [BatchLogger] No registrations, skip flush
2025-07-22 00:03:40 [DEBUG] face-presence-api: [BatchLogger] No verifications, skip flush
2025-07-22 00:03:42 [DEBUG] face-presence-api: [BatchLogger] No durations, skip flush
2025-07-22 00:03:51 [DEBUG] python_multipart.multipart: Calling on_part_begin with no data
2025-07-22 00:03:51 [DEBUG] python_multipart.multipart: Calling on_header_field with data[42:61]
2025-07-22 00:03:51 [DEBUG] python_multipart.multipart: Calling on_header_value with data[63:88]
2025-07-22 00:03:51 [DEBUG] python_multipart.multipart: Calling on_header_end with no data
2025-07-22 00:03:51 [DEBUG] python_multipart.multipart: Calling on_headers_finished with no data
2025-07-22 00:03:51 [DEBUG] python_multipart.multipart: Calling on_part_data with data[92:94]
2025-07-22 00:03:51 [DEBUG] python_multipart.multipart: Calling on_part_end with no data
2025-07-22 00:03:51 [DEBUG] python_multipart.multipart: Calling on_end with no data
2025-07-22 00:03:51 [INFO] face-presence-api: Checking status for user: 44
2025-07-22 00:03:51 [INFO] face-presence-api: User 44 is already registered.
2025-07-22 00:03:52 [DEBUG] face-presence-api: [BatchLogger] No durations, skip flush
2025-07-22 00:04:02 [DEBUG] face-presence-api: [BatchLogger] No durations, skip flush
2025-07-22 00:04:10 [DEBUG] face-presence-api: [BatchLogger] No verifications, skip flush
2025-07-22 00:04:10 [DEBUG] face-presence-api: [BatchLogger] No registrations, skip flush
2025-07-22 00:04:12 [DEBUG] face-presence-api: [BatchLogger] No durations, skip flush
2025-07-22 00:04:22 [DEBUG] face-presence-api: [BatchLogger] No durations, skip flush
2025-07-22 00:04:32 [DEBUG] face-presence-api: [BatchLogger] No durations, skip flush
2025-07-22 00:04:40 [DEBUG] face-presence-api: [BatchLogger] No verifications, skip flush
2025-07-22 00:04:40 [DEBUG] face-presence-api: [BatchLogger] No registrations, skip flush
2025-07-22 00:04:42 [DEBUG] face-presence-api: [BatchLogger] No durations, skip flush
2025-07-22 00:04:52 [DEBUG] face-presence-api: [BatchLogger] No durations, skip flush
2025-07-22 00:05:02 [DEBUG] face-presence-api: [BatchLogger] No durations, skip flush
2025-07-22 00:05:10 [DEBUG] face-presence-api: [BatchLogger] No registrations, skip flush
2025-07-22 00:05:10 [DEBUG] face-presence-api: [BatchLogger] No verifications, skip flush
2025-07-22 00:05:12 [DEBUG] face-presence-api: [BatchLogger] No durations, skip flush
2025-07-22 00:05:22 [DEBUG] face-presence-api: [BatchLogger] No durations, skip flush
2025-07-22 00:05:32 [DEBUG] face-presence-api: [BatchLogger] No durations, skip flush
2025-07-22 00:05:40 [DEBUG] face-presence-api: [BatchLogger] No verifications, skip flush
2025-07-22 00:05:40 [DEBUG] face-presence-api: [BatchLogger] No registrations, skip flush
2025-07-22 00:05:42 [DEBUG] face-presence-api: [BatchLogger] No durations, skip flush
2025-07-22 00:05:52 [DEBUG] face-presence-api: [BatchLogger] No durations, skip flush
2025-07-22 00:06:02 [DEBUG] face-presence-api: [BatchLogger] No durations, skip flush
2025-07-22 00:06:10 [DEBUG] face-presence-api: [BatchLogger] No verifications, skip flush
2025-07-22 00:06:10 [DEBUG] face-presence-api: [BatchLogger] No registrations, skip flush
2025-07-22 00:06:12 [DEBUG] face-presence-api: [BatchLogger] No durations, skip flush
2025-07-22 00:06:22 [DEBUG] face-presence-api: [BatchLogger] No durations, skip flush
2025-07-22 00:06:32 [DEBUG] face-presence-api: [BatchLogger] No durations, skip flush
2025-07-22 00:06:40 [DEBUG] face-presence-api: [BatchLogger] No verifications, skip flush
2025-07-22 00:06:40 [DEBUG] face-presence-api: [BatchLogger] No registrations, skip flush
2025-07-22 00:06:42 [DEBUG] face-presence-api: [BatchLogger] No durations, skip flush
2025-07-22 00:06:52 [DEBUG] face-presence-api: [BatchLogger] No durations, skip flush
2025-07-22 00:07:02 [DEBUG] face-presence-api: [BatchLogger] No durations, skip flush
2025-07-22 00:07:10 [DEBUG] face-presence-api: [BatchLogger] No verifications, skip flush
2025-07-22 00:07:10 [DEBUG] face-presence-api: [BatchLogger] No registrations, skip flush
2025-07-22 00:07:12 [DEBUG] face-presence-api: [BatchLogger] No durations, skip flush
2025-07-22 00:07:22 [DEBUG] face-presence-api: [BatchLogger] No durations, skip flush
2025-07-22 00:07:32 [DEBUG] face-presence-api: [BatchLogger] No durations, skip flush
2025-07-22 00:07:40 [DEBUG] face-presence-api: [BatchLogger] No verifications, skip flush
2025-07-22 00:07:40 [DEBUG] face-presence-api: [BatchLogger] No registrations, skip flush
2025-07-22 00:07:42 [DEBUG] face-presence-api: [BatchLogger] No durations, skip flush
2025-07-22 00:07:52 [DEBUG] face-presence-api: [BatchLogger] No durations, skip flush
2025-07-22 00:08:02 [DEBUG] face-presence-api: [BatchLogger] No durations, skip flush
2025-07-22 00:08:10 [DEBUG] face-presence-api: [BatchLogger] No verifications, skip flush
2025-07-22 00:08:10 [DEBUG] face-presence-api: [BatchLogger] No registrations, skip flush
2025-07-22 00:08:12 [DEBUG] face-presence-api: [BatchLogger] No durations, skip flush
2025-07-22 00:08:22 [DEBUG] face-presence-api: [BatchLogger] No durations, skip flush
2025-07-22 00:08:23 [DEBUG] python_multipart.multipart: Calling on_part_begin with no data
2025-07-22 00:08:23 [DEBUG] python_multipart.multipart: Calling on_header_field with data[42:61]
2025-07-22 00:08:23 [DEBUG] python_multipart.multipart: Calling on_header_value with data[63:88]
2025-07-22 00:08:23 [DEBUG] python_multipart.multipart: Calling on_header_end with no data
2025-07-22 00:08:23 [DEBUG] python_multipart.multipart: Calling on_headers_finished with no data
2025-07-22 00:08:23 [DEBUG] python_multipart.multipart: Calling on_part_data with data[92:94]
2025-07-22 00:08:23 [DEBUG] python_multipart.multipart: Calling on_part_end with no data
2025-07-22 00:08:23 [DEBUG] python_multipart.multipart: Calling on_end with no data
2025-07-22 00:08:23 [INFO] face-presence-api: Checking status for user: 44
2025-07-22 00:08:23 [INFO] face-presence-api: User 44 is already registered.
2025-07-22 00:08:29 [DEBUG] python_multipart.multipart: Calling on_part_begin with no data
2025-07-22 00:08:29 [DEBUG] python_multipart.multipart: Calling on_header_field with data[42:61]
2025-07-22 00:08:29 [DEBUG] python_multipart.multipart: Calling on_header_value with data[63:88]
2025-07-22 00:08:29 [DEBUG] python_multipart.multipart: Calling on_header_end with no data
2025-07-22 00:08:29 [DEBUG] python_multipart.multipart: Calling on_headers_finished with no data
2025-07-22 00:08:29 [DEBUG] python_multipart.multipart: Calling on_part_data with data[92:94]
2025-07-22 00:08:29 [DEBUG] python_multipart.multipart: Calling on_part_end with no data
2025-07-22 00:08:29 [DEBUG] python_multipart.multipart: Calling on_end with no data
2025-07-22 00:08:29 [INFO] face-presence-api: Checking status for user: 44
2025-07-22 00:08:29 [INFO] face-presence-api: User 44 is already registered.
2025-07-22 00:08:32 [DEBUG] face-presence-api: [BatchLogger] No durations, skip flush
2025-07-22 00:08:40 [DEBUG] face-presence-api: [BatchLogger] No verifications, skip flush
2025-07-22 00:08:40 [DEBUG] face-presence-api: [BatchLogger] No registrations, skip flush
2025-07-22 00:08:42 [DEBUG] face-presence-api: [BatchLogger] No durations, skip flush
2025-07-22 00:08:50 [DEBUG] python_multipart.multipart: Calling on_part_begin with no data
2025-07-22 00:08:50 [DEBUG] python_multipart.multipart: Calling on_header_field with data[42:61]
2025-07-22 00:08:50 [DEBUG] python_multipart.multipart: Calling on_header_value with data[63:88]
2025-07-22 00:08:50 [DEBUG] python_multipart.multipart: Calling on_header_end with no data
2025-07-22 00:08:50 [DEBUG] python_multipart.multipart: Calling on_headers_finished with no data
2025-07-22 00:08:50 [DEBUG] python_multipart.multipart: Calling on_part_data with data[92:94]
2025-07-22 00:08:50 [DEBUG] python_multipart.multipart: Calling on_part_end with no data
2025-07-22 00:08:50 [DEBUG] python_multipart.multipart: Calling on_end with no data
2025-07-22 00:08:50 [INFO] face-presence-api: Checking status for user: 44
2025-07-22 00:08:50 [INFO] face-presence-api: User 44 is already registered.
2025-07-22 00:08:52 [DEBUG] face-presence-api: [BatchLogger] No durations, skip flush
2025-07-22 00:09:02 [DEBUG] face-presence-api: [BatchLogger] No durations, skip flush
2025-07-22 00:09:10 [DEBUG] face-presence-api: [BatchLogger] No verifications, skip flush
2025-07-22 00:09:10 [DEBUG] face-presence-api: [BatchLogger] No registrations, skip flush
2025-07-22 00:09:12 [DEBUG] face-presence-api: [BatchLogger] No durations, skip flush
2025-07-22 00:09:15 [DEBUG] python_multipart.multipart: Calling on_part_begin with no data
2025-07-22 00:09:15 [DEBUG] python_multipart.multipart: Calling on_header_field with data[42:61]
2025-07-22 00:09:15 [DEBUG] python_multipart.multipart: Calling on_header_value with data[63:88]
2025-07-22 00:09:15 [DEBUG] python_multipart.multipart: Calling on_header_end with no data
2025-07-22 00:09:15 [DEBUG] python_multipart.multipart: Calling on_headers_finished with no data
2025-07-22 00:09:15 [DEBUG] python_multipart.multipart: Calling on_part_data with data[92:94]
2025-07-22 00:09:15 [DEBUG] python_multipart.multipart: Calling on_part_end with no data
2025-07-22 00:09:15 [DEBUG] python_multipart.multipart: Calling on_end with no data
2025-07-22 00:09:15 [INFO] face-presence-api: Checking status for user: 44
2025-07-22 00:09:15 [INFO] face-presence-api: User 44 is already registered.
2025-07-22 00:09:22 [DEBUG] face-presence-api: [BatchLogger] No durations, skip flush
2025-07-22 00:09:32 [DEBUG] face-presence-api: [BatchLogger] No durations, skip flush
2025-07-22 00:09:40 [DEBUG] face-presence-api: [BatchLogger] No verifications, skip flush
2025-07-22 00:09:40 [DEBUG] face-presence-api: [BatchLogger] No registrations, skip flush
2025-07-22 00:09:42 [DEBUG] face-presence-api: [BatchLogger] No durations, skip flush
2025-07-22 00:09:52 [DEBUG] face-presence-api: [BatchLogger] No durations, skip flush
2025-07-22 00:10:02 [DEBUG] face-presence-api: [BatchLogger] No durations, skip flush
2025-07-22 00:10:07 [DEBUG] python_multipart.multipart: Calling on_part_begin with no data
2025-07-22 00:10:07 [DEBUG] python_multipart.multipart: Calling on_header_field with data[42:61]
2025-07-22 00:10:07 [DEBUG] python_multipart.multipart: Calling on_header_value with data[63:88]
2025-07-22 00:10:07 [DEBUG] python_multipart.multipart: Calling on_header_end with no data
2025-07-22 00:10:07 [DEBUG] python_multipart.multipart: Calling on_headers_finished with no data
2025-07-22 00:10:07 [DEBUG] python_multipart.multipart: Calling on_part_data with data[92:94]
2025-07-22 00:10:07 [DEBUG] python_multipart.multipart: Calling on_part_end with no data
2025-07-22 00:10:07 [DEBUG] python_multipart.multipart: Calling on_end with no data
2025-07-22 00:10:07 [INFO] face-presence-api: Checking status for user: 44
2025-07-22 00:10:07 [INFO] face-presence-api: User 44 is already registered.
2025-07-22 00:10:10 [DEBUG] face-presence-api: [BatchLogger] No verifications, skip flush
2025-07-22 00:10:10 [DEBUG] face-presence-api: [BatchLogger] No registrations, skip flush
2025-07-22 00:10:11 [DEBUG] python_multipart.multipart: Calling on_part_begin with no data
2025-07-22 00:10:11 [DEBUG] python_multipart.multipart: Calling on_header_field with data[42:61]
2025-07-22 00:10:11 [DEBUG] python_multipart.multipart: Calling on_header_value with data[63:88]
2025-07-22 00:10:11 [DEBUG] python_multipart.multipart: Calling on_header_end with no data
2025-07-22 00:10:11 [DEBUG] python_multipart.multipart: Calling on_headers_finished with no data
2025-07-22 00:10:11 [DEBUG] python_multipart.multipart: Calling on_part_data with data[92:94]
2025-07-22 00:10:11 [DEBUG] python_multipart.multipart: Calling on_part_end with no data
2025-07-22 00:10:11 [DEBUG] python_multipart.multipart: Calling on_end with no data
2025-07-22 00:10:11 [INFO] face-presence-api: Checking status for user: 44
2025-07-22 00:10:11 [INFO] face-presence-api: User 44 is already registered.
2025-07-22 00:10:12 [DEBUG] face-presence-api: [BatchLogger] No durations, skip flush
2025-07-22 00:10:17 [DEBUG] python_multipart.multipart: Calling on_part_begin with no data
2025-07-22 00:10:17 [DEBUG] python_multipart.multipart: Calling on_header_field with data[42:61]
2025-07-22 00:10:17 [DEBUG] python_multipart.multipart: Calling on_header_value with data[63:88]
2025-07-22 00:10:17 [DEBUG] python_multipart.multipart: Calling on_header_end with no data
2025-07-22 00:10:17 [DEBUG] python_multipart.multipart: Calling on_headers_finished with no data
2025-07-22 00:10:17 [DEBUG] python_multipart.multipart: Calling on_part_data with data[92:94]
2025-07-22 00:10:17 [DEBUG] python_multipart.multipart: Calling on_part_end with no data
2025-07-22 00:10:17 [DEBUG] python_multipart.multipart: Calling on_end with no data
2025-07-22 00:10:17 [INFO] face-presence-api: Checking status for user: 44
2025-07-22 00:10:17 [INFO] face-presence-api: User 44 is already registered.
2025-07-22 00:10:22 [DEBUG] face-presence-api: [BatchLogger] No durations, skip flush
2025-07-22 00:10:32 [DEBUG] face-presence-api: [BatchLogger] No durations, skip flush
2025-07-22 00:10:34 [DEBUG] python_multipart.multipart: Calling on_part_begin with no data
2025-07-22 00:10:34 [DEBUG] python_multipart.multipart: Calling on_header_field with data[42:61]
2025-07-22 00:10:34 [DEBUG] python_multipart.multipart: Calling on_header_value with data[63:88]
2025-07-22 00:10:34 [DEBUG] python_multipart.multipart: Calling on_header_end with no data
2025-07-22 00:10:34 [DEBUG] python_multipart.multipart: Calling on_headers_finished with no data
2025-07-22 00:10:34 [DEBUG] python_multipart.multipart: Calling on_part_data with data[92:94]
2025-07-22 00:10:34 [DEBUG] python_multipart.multipart: Calling on_part_end with no data
2025-07-22 00:10:34 [DEBUG] python_multipart.multipart: Calling on_end with no data
2025-07-22 00:10:34 [INFO] face-presence-api: Checking status for user: 44
2025-07-22 00:10:34 [INFO] face-presence-api: User 44 is already registered.
2025-07-22 00:10:39 [DEBUG] python_multipart.multipart: Calling on_part_begin with no data
2025-07-22 00:10:39 [DEBUG] python_multipart.multipart: Calling on_header_field with data[42:61]
2025-07-22 00:10:39 [DEBUG] python_multipart.multipart: Calling on_header_value with data[63:88]
2025-07-22 00:10:39 [DEBUG] python_multipart.multipart: Calling on_header_end with no data
2025-07-22 00:10:39 [DEBUG] python_multipart.multipart: Calling on_headers_finished with no data
2025-07-22 00:10:39 [DEBUG] python_multipart.multipart: Calling on_part_data with data[92:94]
2025-07-22 00:10:39 [DEBUG] python_multipart.multipart: Calling on_part_end with no data
2025-07-22 00:10:39 [DEBUG] python_multipart.multipart: Calling on_end with no data
2025-07-22 00:10:39 [INFO] face-presence-api: Checking status for user: 44
2025-07-22 00:10:39 [INFO] face-presence-api: User 44 is already registered.
2025-07-22 00:10:40 [DEBUG] face-presence-api: [BatchLogger] No verifications, skip flush
2025-07-22 00:10:40 [DEBUG] face-presence-api: [BatchLogger] No registrations, skip flush
2025-07-22 00:10:42 [DEBUG] face-presence-api: [BatchLogger] No durations, skip flush
2025-07-22 00:10:43 [DEBUG] python_multipart.multipart: Calling on_part_begin with no data
2025-07-22 00:10:43 [DEBUG] python_multipart.multipart: Calling on_header_field with data[42:61]
2025-07-22 00:10:43 [DEBUG] python_multipart.multipart: Calling on_header_value with data[63:88]
2025-07-22 00:10:43 [DEBUG] python_multipart.multipart: Calling on_header_end with no data
2025-07-22 00:10:43 [DEBUG] python_multipart.multipart: Calling on_headers_finished with no data
2025-07-22 00:10:43 [DEBUG] python_multipart.multipart: Calling on_part_data with data[92:94]
2025-07-22 00:10:43 [DEBUG] python_multipart.multipart: Calling on_part_end with no data
2025-07-22 00:10:43 [DEBUG] python_multipart.multipart: Calling on_end with no data
2025-07-22 00:10:43 [INFO] face-presence-api: Checking status for user: 44
2025-07-22 00:10:43 [INFO] face-presence-api: User 44 is already registered.
2025-07-22 00:10:52 [DEBUG] face-presence-api: [BatchLogger] No durations, skip flush
2025-07-22 00:11:02 [DEBUG] face-presence-api: [BatchLogger] No durations, skip flush
2025-07-22 00:11:10 [DEBUG] face-presence-api: [BatchLogger] No verifications, skip flush
2025-07-22 00:11:10 [DEBUG] face-presence-api: [BatchLogger] No registrations, skip flush
2025-07-22 00:11:12 [DEBUG] face-presence-api: [BatchLogger] No durations, skip flush
2025-07-22 00:11:22 [DEBUG] face-presence-api: [BatchLogger] No durations, skip flush
2025-07-22 00:11:27 [DEBUG] python_multipart.multipart: Calling on_part_begin with no data
2025-07-22 00:11:27 [DEBUG] python_multipart.multipart: Calling on_header_field with data[42:61]
2025-07-22 00:11:27 [DEBUG] python_multipart.multipart: Calling on_header_value with data[63:88]
2025-07-22 00:11:27 [DEBUG] python_multipart.multipart: Calling on_header_end with no data
2025-07-22 00:11:27 [DEBUG] python_multipart.multipart: Calling on_headers_finished with no data
2025-07-22 00:11:27 [DEBUG] python_multipart.multipart: Calling on_part_data with data[92:94]
2025-07-22 00:11:27 [DEBUG] python_multipart.multipart: Calling on_part_end with no data
2025-07-22 00:11:27 [DEBUG] python_multipart.multipart: Calling on_end with no data
2025-07-22 00:11:27 [INFO] face-presence-api: Checking status for user: 44
2025-07-22 00:11:27 [INFO] face-presence-api: User 44 is already registered.
2025-07-22 00:11:32 [DEBUG] python_multipart.multipart: Calling on_part_begin with no data
2025-07-22 00:11:32 [DEBUG] python_multipart.multipart: Calling on_header_field with data[42:61]
2025-07-22 00:11:32 [DEBUG] python_multipart.multipart: Calling on_header_value with data[63:88]
2025-07-22 00:11:32 [DEBUG] python_multipart.multipart: Calling on_header_end with no data
2025-07-22 00:11:32 [DEBUG] python_multipart.multipart: Calling on_headers_finished with no data
2025-07-22 00:11:32 [DEBUG] python_multipart.multipart: Calling on_part_data with data[92:94]
2025-07-22 00:11:32 [DEBUG] python_multipart.multipart: Calling on_part_end with no data
2025-07-22 00:11:32 [DEBUG] python_multipart.multipart: Calling on_end with no data
2025-07-22 00:11:32 [INFO] face-presence-api: Checking status for user: 44
2025-07-22 00:11:32 [INFO] face-presence-api: User 44 is already registered.
2025-07-22 00:11:32 [DEBUG] face-presence-api: [BatchLogger] No durations, skip flush
2025-07-22 00:11:40 [DEBUG] face-presence-api: [BatchLogger] No verifications, skip flush
2025-07-22 00:11:40 [DEBUG] face-presence-api: [BatchLogger] No registrations, skip flush
2025-07-22 00:11:42 [DEBUG] face-presence-api: [BatchLogger] No durations, skip flush
2025-07-22 00:11:52 [DEBUG] face-presence-api: [BatchLogger] No durations, skip flush
2025-07-22 00:12:02 [DEBUG] face-presence-api: [BatchLogger] No durations, skip flush
2025-07-22 00:12:10 [DEBUG] face-presence-api: [BatchLogger] No verifications, skip flush
2025-07-22 00:12:10 [DEBUG] face-presence-api: [BatchLogger] No registrations, skip flush
2025-07-22 00:12:12 [DEBUG] face-presence-api: [BatchLogger] No durations, skip flush
2025-07-22 00:12:21 [DEBUG] python_multipart.multipart: Calling on_part_begin with no data
2025-07-22 00:12:21 [DEBUG] python_multipart.multipart: Calling on_header_field with data[42:61]
2025-07-22 00:12:21 [DEBUG] python_multipart.multipart: Calling on_header_value with data[63:88]
2025-07-22 00:12:21 [DEBUG] python_multipart.multipart: Calling on_header_end with no data
2025-07-22 00:12:21 [DEBUG] python_multipart.multipart: Calling on_headers_finished with no data
2025-07-22 00:12:21 [DEBUG] python_multipart.multipart: Calling on_part_data with data[92:94]
2025-07-22 00:12:21 [DEBUG] python_multipart.multipart: Calling on_part_end with no data
2025-07-22 00:12:21 [DEBUG] python_multipart.multipart: Calling on_end with no data
2025-07-22 00:12:21 [INFO] face-presence-api: Checking status for user: 44
2025-07-22 00:12:21 [INFO] face-presence-api: User 44 is already registered.
2025-07-22 00:12:22 [DEBUG] face-presence-api: [BatchLogger] No durations, skip flush
2025-07-22 00:12:32 [DEBUG] face-presence-api: [BatchLogger] No durations, skip flush
2025-07-22 00:12:40 [DEBUG] face-presence-api: [BatchLogger] No verifications, skip flush
2025-07-22 00:12:40 [DEBUG] face-presence-api: [BatchLogger] No registrations, skip flush
2025-07-22 00:12:42 [DEBUG] face-presence-api: [BatchLogger] No durations, skip flush
2025-07-22 00:12:52 [DEBUG] face-presence-api: [BatchLogger] No durations, skip flush
2025-07-22 00:13:02 [DEBUG] face-presence-api: [BatchLogger] No durations, skip flush
2025-07-22 00:13:10 [DEBUG] face-presence-api: [BatchLogger] No verifications, skip flush
2025-07-22 00:13:10 [DEBUG] face-presence-api: [BatchLogger] No registrations, skip flush
2025-07-22 00:13:12 [DEBUG] face-presence-api: [BatchLogger] No durations, skip flush
2025-07-22 00:13:22 [DEBUG] face-presence-api: [BatchLogger] No durations, skip flush
2025-07-22 00:13:28 [DEBUG] python_multipart.multipart: Calling on_part_begin with no data
2025-07-22 00:13:28 [DEBUG] python_multipart.multipart: Calling on_header_field with data[42:61]
2025-07-22 00:13:28 [DEBUG] python_multipart.multipart: Calling on_header_value with data[63:88]
2025-07-22 00:13:28 [DEBUG] python_multipart.multipart: Calling on_header_end with no data
2025-07-22 00:13:28 [DEBUG] python_multipart.multipart: Calling on_headers_finished with no data
2025-07-22 00:13:28 [DEBUG] python_multipart.multipart: Calling on_part_data with data[92:94]
2025-07-22 00:13:28 [DEBUG] python_multipart.multipart: Calling on_part_end with no data
2025-07-22 00:13:28 [DEBUG] python_multipart.multipart: Calling on_end with no data
2025-07-22 00:13:28 [INFO] face-presence-api: Checking status for user: 44
2025-07-22 00:13:28 [INFO] face-presence-api: User 44 is already registered.
2025-07-22 00:13:32 [DEBUG] face-presence-api: [BatchLogger] No durations, skip flush
2025-07-22 00:13:35 [DEBUG] python_multipart.multipart: Calling on_part_begin with no data
2025-07-22 00:13:35 [DEBUG] python_multipart.multipart: Calling on_header_field with data[42:61]
2025-07-22 00:13:35 [DEBUG] python_multipart.multipart: Calling on_header_value with data[63:88]
2025-07-22 00:13:35 [DEBUG] python_multipart.multipart: Calling on_header_end with no data
2025-07-22 00:13:35 [DEBUG] python_multipart.multipart: Calling on_headers_finished with no data
2025-07-22 00:13:35 [DEBUG] python_multipart.multipart: Calling on_part_data with data[92:94]
2025-07-22 00:13:35 [DEBUG] python_multipart.multipart: Calling on_part_end with no data
2025-07-22 00:13:35 [DEBUG] python_multipart.multipart: Calling on_end with no data
2025-07-22 00:13:35 [INFO] face-presence-api: Checking status for user: 44
2025-07-22 00:13:35 [INFO] face-presence-api: User 44 is already registered.
2025-07-22 00:13:40 [DEBUG] face-presence-api: [BatchLogger] No verifications, skip flush
2025-07-22 00:13:40 [DEBUG] face-presence-api: [BatchLogger] No registrations, skip flush
2025-07-22 00:13:42 [DEBUG] face-presence-api: [BatchLogger] No durations, skip flush
2025-07-22 00:13:43 [DEBUG] python_multipart.multipart: Calling on_part_begin with no data
2025-07-22 00:13:43 [DEBUG] python_multipart.multipart: Calling on_header_field with data[42:61]
2025-07-22 00:13:43 [DEBUG] python_multipart.multipart: Calling on_header_value with data[63:88]
2025-07-22 00:13:43 [DEBUG] python_multipart.multipart: Calling on_header_end with no data
2025-07-22 00:13:43 [DEBUG] python_multipart.multipart: Calling on_headers_finished with no data
2025-07-22 00:13:43 [DEBUG] python_multipart.multipart: Calling on_part_data with data[92:94]
2025-07-22 00:13:43 [DEBUG] python_multipart.multipart: Calling on_part_end with no data
2025-07-22 00:13:43 [DEBUG] python_multipart.multipart: Calling on_end with no data
2025-07-22 00:13:43 [INFO] face-presence-api: Checking status for user: 44
2025-07-22 00:13:43 [INFO] face-presence-api: User 44 is already registered.
2025-07-22 00:13:49 [DEBUG] python_multipart.multipart: Calling on_part_begin with no data
2025-07-22 00:13:49 [DEBUG] python_multipart.multipart: Calling on_header_field with data[42:61]
2025-07-22 00:13:49 [DEBUG] python_multipart.multipart: Calling on_header_value with data[63:88]
2025-07-22 00:13:49 [DEBUG] python_multipart.multipart: Calling on_header_end with no data
2025-07-22 00:13:49 [DEBUG] python_multipart.multipart: Calling on_headers_finished with no data
2025-07-22 00:13:49 [DEBUG] python_multipart.multipart: Calling on_part_data with data[92:94]
2025-07-22 00:13:49 [DEBUG] python_multipart.multipart: Calling on_part_end with no data
2025-07-22 00:13:49 [DEBUG] python_multipart.multipart: Calling on_end with no data
2025-07-22 00:13:49 [INFO] face-presence-api: Checking status for user: 44
2025-07-22 00:13:49 [INFO] face-presence-api: User 44 is already registered.
2025-07-22 00:13:52 [DEBUG] face-presence-api: [BatchLogger] No durations, skip flush
2025-07-22 00:14:02 [DEBUG] face-presence-api: [BatchLogger] No durations, skip flush
2025-07-22 00:14:07 [DEBUG] python_multipart.multipart: Calling on_part_begin with no data
2025-07-22 00:14:07 [DEBUG] python_multipart.multipart: Calling on_header_field with data[42:61]
2025-07-22 00:14:07 [DEBUG] python_multipart.multipart: Calling on_header_value with data[63:88]
2025-07-22 00:14:07 [DEBUG] python_multipart.multipart: Calling on_header_end with no data
2025-07-22 00:14:07 [DEBUG] python_multipart.multipart: Calling on_headers_finished with no data
2025-07-22 00:14:07 [DEBUG] python_multipart.multipart: Calling on_part_data with data[92:94]
2025-07-22 00:14:07 [DEBUG] python_multipart.multipart: Calling on_part_end with no data
2025-07-22 00:14:07 [DEBUG] python_multipart.multipart: Calling on_end with no data
2025-07-22 00:14:07 [INFO] face-presence-api: Checking status for user: 44
2025-07-22 00:14:07 [INFO] face-presence-api: User 44 is already registered.
2025-07-22 00:14:10 [DEBUG] face-presence-api: [BatchLogger] No verifications, skip flush
2025-07-22 00:14:10 [DEBUG] face-presence-api: [BatchLogger] No registrations, skip flush
2025-07-22 00:14:12 [DEBUG] face-presence-api: [BatchLogger] No durations, skip flush
2025-07-22 00:14:22 [DEBUG] face-presence-api: [BatchLogger] No durations, skip flush
2025-07-22 00:14:29 [DEBUG] python_multipart.multipart: Calling on_part_begin with no data
2025-07-22 00:14:29 [DEBUG] python_multipart.multipart: Calling on_header_field with data[42:61]
2025-07-22 00:14:29 [DEBUG] python_multipart.multipart: Calling on_header_value with data[63:88]
2025-07-22 00:14:29 [DEBUG] python_multipart.multipart: Calling on_header_end with no data
2025-07-22 00:14:29 [DEBUG] python_multipart.multipart: Calling on_headers_finished with no data
2025-07-22 00:14:29 [DEBUG] python_multipart.multipart: Calling on_part_data with data[92:94]
2025-07-22 00:14:29 [DEBUG] python_multipart.multipart: Calling on_part_end with no data
2025-07-22 00:14:29 [DEBUG] python_multipart.multipart: Calling on_end with no data
2025-07-22 00:14:29 [INFO] face-presence-api: Checking status for user: 44
2025-07-22 00:14:29 [INFO] face-presence-api: User 44 is already registered.
2025-07-22 00:14:32 [DEBUG] face-presence-api: [BatchLogger] No durations, skip flush
2025-07-22 00:14:40 [DEBUG] face-presence-api: [BatchLogger] No registrations, skip flush
2025-07-22 00:14:40 [DEBUG] face-presence-api: [BatchLogger] No verifications, skip flush
2025-07-22 00:14:42 [DEBUG] face-presence-api: [BatchLogger] No durations, skip flush
2025-07-22 00:14:52 [DEBUG] face-presence-api: [BatchLogger] No durations, skip flush
2025-07-22 00:15:02 [DEBUG] face-presence-api: [BatchLogger] No durations, skip flush
2025-07-22 00:15:05 [DEBUG] python_multipart.multipart: Calling on_part_begin with no data
2025-07-22 00:15:05 [DEBUG] python_multipart.multipart: Calling on_header_field with data[42:61]
2025-07-22 00:15:05 [DEBUG] python_multipart.multipart: Calling on_header_value with data[63:88]
2025-07-22 00:15:05 [DEBUG] python_multipart.multipart: Calling on_header_end with no data
2025-07-22 00:15:05 [DEBUG] python_multipart.multipart: Calling on_headers_finished with no data
2025-07-22 00:15:05 [DEBUG] python_multipart.multipart: Calling on_part_data with data[92:94]
2025-07-22 00:15:05 [DEBUG] python_multipart.multipart: Calling on_part_end with no data
2025-07-22 00:15:05 [DEBUG] python_multipart.multipart: Calling on_end with no data
2025-07-22 00:15:05 [INFO] face-presence-api: Checking status for user: 44
2025-07-22 00:15:05 [INFO] face-presence-api: User 44 is already registered.
2025-07-22 00:15:10 [DEBUG] face-presence-api: [BatchLogger] No verifications, skip flush
2025-07-22 00:15:10 [DEBUG] face-presence-api: [BatchLogger] No registrations, skip flush
2025-07-22 00:15:12 [DEBUG] face-presence-api: [BatchLogger] No durations, skip flush
2025-07-22 00:15:16 [DEBUG] python_multipart.multipart: Calling on_part_begin with no data
2025-07-22 00:15:16 [DEBUG] python_multipart.multipart: Calling on_header_field with data[42:61]
2025-07-22 00:15:16 [DEBUG] python_multipart.multipart: Calling on_header_value with data[63:88]
2025-07-22 00:15:16 [DEBUG] python_multipart.multipart: Calling on_header_end with no data
2025-07-22 00:15:16 [DEBUG] python_multipart.multipart: Calling on_headers_finished with no data
2025-07-22 00:15:16 [DEBUG] python_multipart.multipart: Calling on_part_data with data[92:94]
2025-07-22 00:15:16 [DEBUG] python_multipart.multipart: Calling on_part_end with no data
2025-07-22 00:15:16 [DEBUG] python_multipart.multipart: Calling on_end with no data
2025-07-22 00:15:16 [INFO] face-presence-api: Checking status for user: 44
2025-07-22 00:15:16 [INFO] face-presence-api: User 44 is already registered.
2025-07-22 00:15:22 [DEBUG] face-presence-api: [BatchLogger] No durations, skip flush
2025-07-22 00:15:32 [DEBUG] face-presence-api: [BatchLogger] No durations, skip flush
2025-07-22 00:15:40 [DEBUG] face-presence-api: [BatchLogger] No registrations, skip flush
2025-07-22 00:15:40 [DEBUG] face-presence-api: [BatchLogger] No verifications, skip flush
2025-07-22 00:15:42 [DEBUG] python_multipart.multipart: Calling on_part_begin with no data
2025-07-22 00:15:42 [DEBUG] python_multipart.multipart: Calling on_header_field with data[42:61]
2025-07-22 00:15:42 [DEBUG] python_multipart.multipart: Calling on_header_value with data[63:88]
2025-07-22 00:15:42 [DEBUG] python_multipart.multipart: Calling on_header_end with no data
2025-07-22 00:15:42 [DEBUG] python_multipart.multipart: Calling on_headers_finished with no data
2025-07-22 00:15:42 [DEBUG] python_multipart.multipart: Calling on_part_data with data[92:94]
2025-07-22 00:15:42 [DEBUG] python_multipart.multipart: Calling on_part_end with no data
2025-07-22 00:15:42 [DEBUG] python_multipart.multipart: Calling on_end with no data
2025-07-22 00:15:42 [INFO] face-presence-api: Checking status for user: 44
2025-07-22 00:15:42 [INFO] face-presence-api: User 44 is already registered.
2025-07-22 00:15:42 [DEBUG] face-presence-api: [BatchLogger] No durations, skip flush
2025-07-22 00:15:50 [DEBUG] python_multipart.multipart: Calling on_part_begin with no data
2025-07-22 00:15:50 [DEBUG] python_multipart.multipart: Calling on_header_field with data[42:61]
2025-07-22 00:15:50 [DEBUG] python_multipart.multipart: Calling on_header_value with data[63:88]
2025-07-22 00:15:50 [DEBUG] python_multipart.multipart: Calling on_header_end with no data
2025-07-22 00:15:50 [DEBUG] python_multipart.multipart: Calling on_headers_finished with no data
2025-07-22 00:15:50 [DEBUG] python_multipart.multipart: Calling on_part_data with data[92:94]
2025-07-22 00:15:50 [DEBUG] python_multipart.multipart: Calling on_part_end with no data
2025-07-22 00:15:50 [DEBUG] python_multipart.multipart: Calling on_end with no data
2025-07-22 00:15:50 [INFO] face-presence-api: Checking status for user: 44
2025-07-22 00:15:50 [INFO] face-presence-api: User 44 is already registered.
2025-07-22 00:15:52 [DEBUG] face-presence-api: [BatchLogger] No durations, skip flush
2025-07-22 00:15:56 [DEBUG] python_multipart.multipart: Calling on_part_begin with no data
2025-07-22 00:15:56 [DEBUG] python_multipart.multipart: Calling on_header_field with data[42:61]
2025-07-22 00:15:56 [DEBUG] python_multipart.multipart: Calling on_header_value with data[63:88]
2025-07-22 00:15:56 [DEBUG] python_multipart.multipart: Calling on_header_end with no data
2025-07-22 00:15:56 [DEBUG] python_multipart.multipart: Calling on_headers_finished with no data
2025-07-22 00:15:56 [DEBUG] python_multipart.multipart: Calling on_part_data with data[92:94]
2025-07-22 00:15:56 [DEBUG] python_multipart.multipart: Calling on_part_end with no data
2025-07-22 00:15:56 [DEBUG] python_multipart.multipart: Calling on_end with no data
2025-07-22 00:15:56 [INFO] face-presence-api: Checking status for user: 44
2025-07-22 00:15:56 [INFO] face-presence-api: User 44 is already registered.
2025-07-22 00:16:02 [DEBUG] python_multipart.multipart: Calling on_part_begin with no data
2025-07-22 00:16:02 [DEBUG] python_multipart.multipart: Calling on_header_field with data[42:61]
2025-07-22 00:16:02 [DEBUG] python_multipart.multipart: Calling on_header_value with data[63:88]
2025-07-22 00:16:02 [DEBUG] python_multipart.multipart: Calling on_header_end with no data
2025-07-22 00:16:02 [DEBUG] python_multipart.multipart: Calling on_headers_finished with no data
2025-07-22 00:16:02 [DEBUG] python_multipart.multipart: Calling on_part_data with data[92:94]
2025-07-22 00:16:02 [DEBUG] python_multipart.multipart: Calling on_part_end with no data
2025-07-22 00:16:02 [DEBUG] python_multipart.multipart: Calling on_end with no data
2025-07-22 00:16:02 [INFO] face-presence-api: Checking status for user: 44
2025-07-22 00:16:02 [INFO] face-presence-api: User 44 is already registered.
2025-07-22 00:16:02 [DEBUG] face-presence-api: [BatchLogger] No durations, skip flush
2025-07-22 00:16:10 [DEBUG] face-presence-api: [BatchLogger] No verifications, skip flush
2025-07-22 00:16:10 [DEBUG] face-presence-api: [BatchLogger] No registrations, skip flush
2025-07-22 00:16:12 [DEBUG] face-presence-api: [BatchLogger] No durations, skip flush
2025-07-22 00:16:20 [DEBUG] python_multipart.multipart: Calling on_part_begin with no data
2025-07-22 00:16:20 [DEBUG] python_multipart.multipart: Calling on_header_field with data[42:61]
2025-07-22 00:16:20 [DEBUG] python_multipart.multipart: Calling on_header_value with data[63:88]
2025-07-22 00:16:20 [DEBUG] python_multipart.multipart: Calling on_header_end with no data
2025-07-22 00:16:20 [DEBUG] python_multipart.multipart: Calling on_headers_finished with no data
2025-07-22 00:16:20 [DEBUG] python_multipart.multipart: Calling on_part_data with data[92:94]
2025-07-22 00:16:20 [DEBUG] python_multipart.multipart: Calling on_part_end with no data
2025-07-22 00:16:20 [DEBUG] python_multipart.multipart: Calling on_end with no data
2025-07-22 00:16:20 [INFO] face-presence-api: Checking status for user: 44
2025-07-22 00:16:20 [INFO] face-presence-api: User 44 is already registered.
2025-07-22 00:16:23 [DEBUG] face-presence-api: [BatchLogger] No durations, skip flush
2025-07-22 00:16:33 [DEBUG] face-presence-api: [BatchLogger] No durations, skip flush
2025-07-22 00:16:40 [DEBUG] face-presence-api: [BatchLogger] No registrations, skip flush
2025-07-22 00:16:40 [DEBUG] face-presence-api: [BatchLogger] No verifications, skip flush
2025-07-22 00:16:43 [DEBUG] face-presence-api: [BatchLogger] No durations, skip flush
2025-07-22 00:16:53 [DEBUG] face-presence-api: [BatchLogger] No durations, skip flush
2025-07-22 00:16:58 [DEBUG] python_multipart.multipart: Calling on_part_begin with no data
2025-07-22 00:16:59 [DEBUG] python_multipart.multipart: Calling on_header_field with data[42:61]
2025-07-22 00:16:59 [DEBUG] python_multipart.multipart: Calling on_header_value with data[63:88]
2025-07-22 00:16:59 [DEBUG] python_multipart.multipart: Calling on_header_end with no data
2025-07-22 00:16:59 [DEBUG] python_multipart.multipart: Calling on_headers_finished with no data
2025-07-22 00:16:59 [DEBUG] python_multipart.multipart: Calling on_part_data with data[92:94]
2025-07-22 00:16:59 [DEBUG] python_multipart.multipart: Calling on_part_end with no data
2025-07-22 00:16:59 [DEBUG] python_multipart.multipart: Calling on_end with no data
2025-07-22 00:16:59 [INFO] face-presence-api: Checking status for user: 44
2025-07-22 00:16:59 [INFO] face-presence-api: User 44 is already registered.
2025-07-22 00:17:03 [DEBUG] face-presence-api: [BatchLogger] No durations, skip flush
2025-07-22 00:17:10 [DEBUG] face-presence-api: [BatchLogger] No verifications, skip flush
2025-07-22 00:17:10 [DEBUG] face-presence-api: [BatchLogger] No registrations, skip flush
2025-07-22 00:17:13 [DEBUG] face-presence-api: [BatchLogger] No durations, skip flush
2025-07-22 00:17:13 [DEBUG] python_multipart.multipart: Calling on_part_begin with no data
2025-07-22 00:17:13 [DEBUG] python_multipart.multipart: Calling on_header_field with data[42:61]
2025-07-22 00:17:13 [DEBUG] python_multipart.multipart: Calling on_header_value with data[63:88]
2025-07-22 00:17:13 [DEBUG] python_multipart.multipart: Calling on_header_end with no data
2025-07-22 00:17:13 [DEBUG] python_multipart.multipart: Calling on_headers_finished with no data
2025-07-22 00:17:13 [DEBUG] python_multipart.multipart: Calling on_part_data with data[92:94]
2025-07-22 00:17:13 [DEBUG] python_multipart.multipart: Calling on_part_end with no data
2025-07-22 00:17:13 [DEBUG] python_multipart.multipart: Calling on_end with no data
2025-07-22 00:17:13 [INFO] face-presence-api: Checking status for user: 44
2025-07-22 00:17:13 [INFO] face-presence-api: User 44 is already registered.
2025-07-22 00:17:23 [DEBUG] face-presence-api: [BatchLogger] No durations, skip flush
2025-07-22 00:17:33 [DEBUG] face-presence-api: [BatchLogger] No durations, skip flush
2025-07-22 00:17:40 [DEBUG] face-presence-api: [BatchLogger] No registrations, skip flush
2025-07-22 00:17:40 [DEBUG] face-presence-api: [BatchLogger] No verifications, skip flush
2025-07-22 00:17:43 [DEBUG] face-presence-api: [BatchLogger] No durations, skip flush
2025-07-22 00:17:45 [DEBUG] python_multipart.multipart: Calling on_part_begin with no data
2025-07-22 00:17:45 [DEBUG] python_multipart.multipart: Calling on_header_field with data[42:61]
2025-07-22 00:17:45 [DEBUG] python_multipart.multipart: Calling on_header_value with data[63:88]
2025-07-22 00:17:45 [DEBUG] python_multipart.multipart: Calling on_header_end with no data
2025-07-22 00:17:45 [DEBUG] python_multipart.multipart: Calling on_headers_finished with no data
2025-07-22 00:17:45 [DEBUG] python_multipart.multipart: Calling on_part_data with data[92:94]
2025-07-22 00:17:45 [DEBUG] python_multipart.multipart: Calling on_part_end with no data
2025-07-22 00:17:45 [DEBUG] python_multipart.multipart: Calling on_end with no data
2025-07-22 00:17:45 [INFO] face-presence-api: Checking status for user: 44
2025-07-22 00:17:45 [INFO] face-presence-api: User 44 is already registered.
2025-07-22 00:17:53 [DEBUG] face-presence-api: [BatchLogger] No durations, skip flush
2025-07-22 00:17:54 [DEBUG] python_multipart.multipart: Calling on_part_begin with no data
2025-07-22 00:17:54 [DEBUG] python_multipart.multipart: Calling on_header_field with data[42:61]
2025-07-22 00:17:54 [DEBUG] python_multipart.multipart: Calling on_header_value with data[63:88]
2025-07-22 00:17:54 [DEBUG] python_multipart.multipart: Calling on_header_end with no data
2025-07-22 00:17:54 [DEBUG] python_multipart.multipart: Calling on_headers_finished with no data
2025-07-22 00:17:54 [DEBUG] python_multipart.multipart: Calling on_part_data with data[92:94]
2025-07-22 00:17:54 [DEBUG] python_multipart.multipart: Calling on_part_end with no data
2025-07-22 00:17:54 [DEBUG] python_multipart.multipart: Calling on_end with no data
2025-07-22 00:17:54 [INFO] face-presence-api: Checking status for user: 44
2025-07-22 00:17:54 [INFO] face-presence-api: User 44 is already registered.
2025-07-22 00:18:03 [DEBUG] face-presence-api: [BatchLogger] No durations, skip flush
2025-07-22 00:18:10 [DEBUG] face-presence-api: [BatchLogger] No verifications, skip flush
2025-07-22 00:18:10 [DEBUG] face-presence-api: [BatchLogger] No registrations, skip flush
2025-07-22 00:18:13 [DEBUG] face-presence-api: [BatchLogger] No durations, skip flush
2025-07-22 00:18:23 [DEBUG] face-presence-api: [BatchLogger] No durations, skip flush
2025-07-22 00:18:33 [DEBUG] face-presence-api: [BatchLogger] No durations, skip flush
2025-07-22 00:18:40 [DEBUG] face-presence-api: [BatchLogger] No registrations, skip flush
2025-07-22 00:18:40 [DEBUG] face-presence-api: [BatchLogger] No verifications, skip flush
2025-07-22 00:18:43 [DEBUG] face-presence-api: [BatchLogger] No durations, skip flush
2025-07-22 00:18:53 [DEBUG] face-presence-api: [BatchLogger] No durations, skip flush
2025-07-22 00:19:03 [DEBUG] face-presence-api: [BatchLogger] No durations, skip flush
2025-07-22 00:19:10 [DEBUG] face-presence-api: [BatchLogger] No verifications, skip flush
2025-07-22 00:19:10 [DEBUG] face-presence-api: [BatchLogger] No registrations, skip flush
2025-07-22 00:19:13 [DEBUG] face-presence-api: [BatchLogger] No durations, skip flush
2025-07-22 00:19:23 [DEBUG] face-presence-api: [BatchLogger] No durations, skip flush
2025-07-22 00:19:29 [DEBUG] python_multipart.multipart: Calling on_part_begin with no data
2025-07-22 00:19:29 [DEBUG] python_multipart.multipart: Calling on_header_field with data[42:61]
2025-07-22 00:19:29 [DEBUG] python_multipart.multipart: Calling on_header_value with data[63:88]
2025-07-22 00:19:29 [DEBUG] python_multipart.multipart: Calling on_header_end with no data
2025-07-22 00:19:29 [DEBUG] python_multipart.multipart: Calling on_headers_finished with no data
2025-07-22 00:19:29 [DEBUG] python_multipart.multipart: Calling on_part_data with data[92:94]
2025-07-22 00:19:29 [DEBUG] python_multipart.multipart: Calling on_part_end with no data
2025-07-22 00:19:29 [DEBUG] python_multipart.multipart: Calling on_end with no data
2025-07-22 00:19:29 [INFO] face-presence-api: Checking status for user: 44
2025-07-22 00:19:29 [INFO] face-presence-api: User 44 is already registered.
2025-07-22 00:19:33 [DEBUG] face-presence-api: [BatchLogger] No durations, skip flush
2025-07-22 00:19:37 [DEBUG] python_multipart.multipart: Calling on_part_begin with no data
2025-07-22 00:19:37 [DEBUG] python_multipart.multipart: Calling on_header_field with data[42:61]
2025-07-22 00:19:37 [DEBUG] python_multipart.multipart: Calling on_header_value with data[63:88]
2025-07-22 00:19:37 [DEBUG] python_multipart.multipart: Calling on_header_end with no data
2025-07-22 00:19:37 [DEBUG] python_multipart.multipart: Calling on_headers_finished with no data
2025-07-22 00:19:37 [DEBUG] python_multipart.multipart: Calling on_part_data with data[92:94]
2025-07-22 00:19:37 [DEBUG] python_multipart.multipart: Calling on_part_end with no data
2025-07-22 00:19:37 [DEBUG] python_multipart.multipart: Calling on_end with no data
2025-07-22 00:19:37 [INFO] face-presence-api: Checking status for user: 44
2025-07-22 00:19:37 [INFO] face-presence-api: User 44 is already registered.
2025-07-22 00:19:40 [DEBUG] face-presence-api: [BatchLogger] No registrations, skip flush
2025-07-22 00:19:40 [DEBUG] face-presence-api: [BatchLogger] No verifications, skip flush
2025-07-22 00:19:43 [DEBUG] face-presence-api: [BatchLogger] No durations, skip flush
2025-07-22 00:19:53 [DEBUG] face-presence-api: [BatchLogger] No durations, skip flush
2025-07-22 00:20:03 [DEBUG] face-presence-api: [BatchLogger] No durations, skip flush
2025-07-22 00:20:07 [DEBUG] python_multipart.multipart: Calling on_part_begin with no data
2025-07-22 00:20:07 [DEBUG] python_multipart.multipart: Calling on_header_field with data[42:61]
2025-07-22 00:20:07 [DEBUG] python_multipart.multipart: Calling on_header_value with data[63:88]
2025-07-22 00:20:07 [DEBUG] python_multipart.multipart: Calling on_header_end with no data
2025-07-22 00:20:07 [DEBUG] python_multipart.multipart: Calling on_headers_finished with no data
2025-07-22 00:20:07 [DEBUG] python_multipart.multipart: Calling on_part_data with data[92:94]
2025-07-22 00:20:07 [DEBUG] python_multipart.multipart: Calling on_part_end with no data
2025-07-22 00:20:07 [DEBUG] python_multipart.multipart: Calling on_end with no data
2025-07-22 00:20:07 [INFO] face-presence-api: Checking status for user: 44
2025-07-22 00:20:07 [INFO] face-presence-api: User 44 is already registered.
2025-07-22 00:20:10 [DEBUG] face-presence-api: [BatchLogger] No verifications, skip flush
2025-07-22 00:20:10 [DEBUG] face-presence-api: [BatchLogger] No registrations, skip flush
2025-07-22 00:20:13 [DEBUG] face-presence-api: [BatchLogger] No durations, skip flush
2025-07-22 00:20:23 [DEBUG] face-presence-api: [BatchLogger] No durations, skip flush
2025-07-22 00:20:33 [DEBUG] face-presence-api: [BatchLogger] No durations, skip flush
2025-07-22 00:20:40 [DEBUG] face-presence-api: [BatchLogger] No registrations, skip flush
2025-07-22 00:20:40 [DEBUG] face-presence-api: [BatchLogger] No verifications, skip flush
2025-07-22 00:20:43 [DEBUG] face-presence-api: [BatchLogger] No durations, skip flush
2025-07-22 00:20:53 [DEBUG] face-presence-api: [BatchLogger] No durations, skip flush
2025-07-22 00:21:03 [DEBUG] face-presence-api: [BatchLogger] No durations, skip flush
2025-07-22 00:21:10 [DEBUG] face-presence-api: [BatchLogger] No verifications, skip flush
2025-07-22 00:21:10 [DEBUG] face-presence-api: [BatchLogger] No registrations, skip flush
2025-07-22 00:21:13 [DEBUG] face-presence-api: [BatchLogger] No durations, skip flush
2025-07-22 00:21:21 [DEBUG] python_multipart.multipart: Calling on_part_begin with no data
2025-07-22 00:21:21 [DEBUG] python_multipart.multipart: Calling on_header_field with data[42:61]
2025-07-22 00:21:21 [DEBUG] python_multipart.multipart: Calling on_header_value with data[63:88]
2025-07-22 00:21:21 [DEBUG] python_multipart.multipart: Calling on_header_end with no data
2025-07-22 00:21:21 [DEBUG] python_multipart.multipart: Calling on_headers_finished with no data
2025-07-22 00:21:21 [DEBUG] python_multipart.multipart: Calling on_part_data with data[92:94]
2025-07-22 00:21:21 [DEBUG] python_multipart.multipart: Calling on_part_end with no data
2025-07-22 00:21:21 [DEBUG] python_multipart.multipart: Calling on_end with no data
2025-07-22 00:21:21 [INFO] face-presence-api: Checking status for user: 44
2025-07-22 00:21:21 [INFO] face-presence-api: User 44 is already registered.
2025-07-22 00:21:23 [DEBUG] face-presence-api: [BatchLogger] No durations, skip flush
2025-07-22 00:21:33 [DEBUG] face-presence-api: [BatchLogger] No durations, skip flush
2025-07-22 00:21:40 [DEBUG] face-presence-api: [BatchLogger] No registrations, skip flush
2025-07-22 00:21:40 [DEBUG] face-presence-api: [BatchLogger] No verifications, skip flush
2025-07-22 00:21:43 [DEBUG] face-presence-api: [BatchLogger] No durations, skip flush
2025-07-22 00:21:53 [DEBUG] face-presence-api: [BatchLogger] No durations, skip flush
2025-07-22 00:22:03 [DEBUG] face-presence-api: [BatchLogger] No durations, skip flush
2025-07-22 00:22:10 [DEBUG] face-presence-api: [BatchLogger] No verifications, skip flush
2025-07-22 00:22:10 [DEBUG] face-presence-api: [BatchLogger] No registrations, skip flush
2025-07-22 00:22:13 [DEBUG] face-presence-api: [BatchLogger] No durations, skip flush
2025-07-22 00:22:23 [DEBUG] face-presence-api: [BatchLogger] No durations, skip flush
2025-07-22 00:22:33 [DEBUG] face-presence-api: [BatchLogger] No durations, skip flush
2025-07-22 00:22:40 [DEBUG] face-presence-api: [BatchLogger] No registrations, skip flush
2025-07-22 00:22:40 [DEBUG] face-presence-api: [BatchLogger] No verifications, skip flush
2025-07-22 00:22:43 [DEBUG] face-presence-api: [BatchLogger] No durations, skip flush
2025-07-22 00:22:53 [DEBUG] face-presence-api: [BatchLogger] No durations, skip flush
2025-07-22 00:23:03 [DEBUG] face-presence-api: [BatchLogger] No durations, skip flush
2025-07-22 00:23:10 [DEBUG] face-presence-api: [BatchLogger] No verifications, skip flush
2025-07-22 00:23:10 [DEBUG] face-presence-api: [BatchLogger] No registrations, skip flush
2025-07-22 00:23:13 [DEBUG] face-presence-api: [BatchLogger] No durations, skip flush
2025-07-22 00:23:16 [DEBUG] python_multipart.multipart: Calling on_part_begin with no data
2025-07-22 00:23:16 [DEBUG] python_multipart.multipart: Calling on_header_field with data[42:61]
2025-07-22 00:23:16 [DEBUG] python_multipart.multipart: Calling on_header_value with data[63:88]
2025-07-22 00:23:16 [DEBUG] python_multipart.multipart: Calling on_header_end with no data
2025-07-22 00:23:16 [DEBUG] python_multipart.multipart: Calling on_headers_finished with no data
2025-07-22 00:23:16 [DEBUG] python_multipart.multipart: Calling on_part_data with data[92:94]
2025-07-22 00:23:16 [DEBUG] python_multipart.multipart: Calling on_part_end with no data
2025-07-22 00:23:16 [DEBUG] python_multipart.multipart: Calling on_end with no data
2025-07-22 00:23:16 [INFO] face-presence-api: Checking status for user: 44
2025-07-22 00:23:16 [INFO] face-presence-api: User 44 is already registered.
2025-07-22 00:23:23 [DEBUG] face-presence-api: [BatchLogger] No durations, skip flush
2025-07-22 00:23:33 [DEBUG] face-presence-api: [BatchLogger] No durations, skip flush
2025-07-22 00:23:40 [DEBUG] face-presence-api: [BatchLogger] No registrations, skip flush
2025-07-22 00:23:40 [DEBUG] face-presence-api: [BatchLogger] No verifications, skip flush
2025-07-22 00:23:43 [DEBUG] face-presence-api: [BatchLogger] No durations, skip flush
2025-07-22 00:23:53 [DEBUG] face-presence-api: [BatchLogger] No durations, skip flush
2025-07-22 00:24:03 [DEBUG] face-presence-api: [BatchLogger] No durations, skip flush
2025-07-22 00:24:10 [DEBUG] face-presence-api: [BatchLogger] No verifications, skip flush
2025-07-22 00:24:10 [DEBUG] face-presence-api: [BatchLogger] No registrations, skip flush
2025-07-22 00:24:13 [DEBUG] face-presence-api: [BatchLogger] No durations, skip flush
2025-07-22 00:24:23 [DEBUG] face-presence-api: [BatchLogger] No durations, skip flush
2025-07-22 00:24:33 [DEBUG] face-presence-api: [BatchLogger] No durations, skip flush
2025-07-22 00:24:38 [DEBUG] python_multipart.multipart: Calling on_part_begin with no data
2025-07-22 00:24:38 [DEBUG] python_multipart.multipart: Calling on_header_field with data[42:61]
2025-07-22 00:24:38 [DEBUG] python_multipart.multipart: Calling on_header_value with data[63:88]
2025-07-22 00:24:38 [DEBUG] python_multipart.multipart: Calling on_header_end with no data
2025-07-22 00:24:38 [DEBUG] python_multipart.multipart: Calling on_headers_finished with no data
2025-07-22 00:24:38 [DEBUG] python_multipart.multipart: Calling on_part_data with data[92:94]
2025-07-22 00:24:38 [DEBUG] python_multipart.multipart: Calling on_part_end with no data
2025-07-22 00:24:38 [DEBUG] python_multipart.multipart: Calling on_end with no data
2025-07-22 00:24:38 [INFO] face-presence-api: Checking status for user: 44
2025-07-22 00:24:38 [INFO] face-presence-api: User 44 is already registered.
2025-07-22 00:24:40 [DEBUG] face-presence-api: [BatchLogger] No registrations, skip flush
2025-07-22 00:24:40 [DEBUG] face-presence-api: [BatchLogger] No verifications, skip flush
2025-07-22 00:24:43 [DEBUG] face-presence-api: [BatchLogger] No durations, skip flush
2025-07-22 00:24:53 [DEBUG] face-presence-api: [BatchLogger] No durations, skip flush
2025-07-22 00:25:01 [DEBUG] python_multipart.multipart: Calling on_part_begin with no data
2025-07-22 00:25:01 [DEBUG] python_multipart.multipart: Calling on_header_field with data[42:61]
2025-07-22 00:25:01 [DEBUG] python_multipart.multipart: Calling on_header_value with data[63:88]
2025-07-22 00:25:01 [DEBUG] python_multipart.multipart: Calling on_header_end with no data
2025-07-22 00:25:01 [DEBUG] python_multipart.multipart: Calling on_headers_finished with no data
2025-07-22 00:25:01 [DEBUG] python_multipart.multipart: Calling on_part_data with data[92:94]
2025-07-22 00:25:01 [DEBUG] python_multipart.multipart: Calling on_part_end with no data
2025-07-22 00:25:01 [DEBUG] python_multipart.multipart: Calling on_end with no data
2025-07-22 00:25:01 [INFO] face-presence-api: Checking status for user: 44
2025-07-22 00:25:01 [INFO] face-presence-api: User 44 is already registered.
2025-07-22 00:25:03 [DEBUG] face-presence-api: [BatchLogger] No durations, skip flush
2025-07-22 00:25:10 [DEBUG] python_multipart.multipart: Calling on_part_begin with no data
2025-07-22 00:25:10 [DEBUG] python_multipart.multipart: Calling on_header_field with data[42:61]
2025-07-22 00:25:10 [DEBUG] python_multipart.multipart: Calling on_header_value with data[63:88]
2025-07-22 00:25:10 [DEBUG] python_multipart.multipart: Calling on_header_end with no data
2025-07-22 00:25:10 [DEBUG] python_multipart.multipart: Calling on_headers_finished with no data
2025-07-22 00:25:10 [DEBUG] python_multipart.multipart: Calling on_part_data with data[92:94]
2025-07-22 00:25:10 [DEBUG] python_multipart.multipart: Calling on_part_end with no data
2025-07-22 00:25:10 [DEBUG] python_multipart.multipart: Calling on_end with no data
2025-07-22 00:25:10 [INFO] face-presence-api: Checking status for user: 44
2025-07-22 00:25:10 [INFO] face-presence-api: User 44 is already registered.
2025-07-22 00:25:10 [DEBUG] face-presence-api: [BatchLogger] No verifications, skip flush
2025-07-22 00:25:10 [DEBUG] face-presence-api: [BatchLogger] No registrations, skip flush
2025-07-22 00:25:13 [DEBUG] face-presence-api: [BatchLogger] No durations, skip flush
2025-07-22 00:25:23 [DEBUG] face-presence-api: [BatchLogger] No durations, skip flush
2025-07-22 00:25:33 [DEBUG] face-presence-api: [BatchLogger] No durations, skip flush
2025-07-22 00:25:40 [DEBUG] face-presence-api: [BatchLogger] No verifications, skip flush
2025-07-22 00:25:40 [DEBUG] face-presence-api: [BatchLogger] No registrations, skip flush
2025-07-22 00:25:43 [DEBUG] face-presence-api: [BatchLogger] No durations, skip flush
2025-07-22 00:25:48 [DEBUG] python_multipart.multipart: Calling on_part_begin with no data
2025-07-22 00:25:48 [DEBUG] python_multipart.multipart: Calling on_header_field with data[42:61]
2025-07-22 00:25:48 [DEBUG] python_multipart.multipart: Calling on_header_value with data[63:88]
2025-07-22 00:25:48 [DEBUG] python_multipart.multipart: Calling on_header_end with no data
2025-07-22 00:25:48 [DEBUG] python_multipart.multipart: Calling on_headers_finished with no data
2025-07-22 00:25:48 [DEBUG] python_multipart.multipart: Calling on_part_data with data[92:94]
2025-07-22 00:25:48 [DEBUG] python_multipart.multipart: Calling on_part_end with no data
2025-07-22 00:25:48 [DEBUG] python_multipart.multipart: Calling on_end with no data
2025-07-22 00:25:48 [INFO] face-presence-api: Checking status for user: 44
2025-07-22 00:25:48 [INFO] face-presence-api: User 44 is already registered.
2025-07-22 00:25:53 [DEBUG] face-presence-api: [BatchLogger] No durations, skip flush
2025-07-22 00:26:03 [DEBUG] face-presence-api: [BatchLogger] No durations, skip flush
2025-07-22 00:26:10 [DEBUG] face-presence-api: [BatchLogger] No verifications, skip flush
2025-07-22 00:26:11 [DEBUG] face-presence-api: [BatchLogger] No registrations, skip flush
2025-07-22 00:26:13 [DEBUG] face-presence-api: [BatchLogger] No durations, skip flush
2025-07-22 00:26:23 [DEBUG] face-presence-api: [BatchLogger] No durations, skip flush
2025-07-22 00:26:30 [DEBUG] python_multipart.multipart: Calling on_part_begin with no data
2025-07-22 00:26:30 [DEBUG] python_multipart.multipart: Calling on_header_field with data[42:61]
2025-07-22 00:26:30 [DEBUG] python_multipart.multipart: Calling on_header_value with data[63:88]
2025-07-22 00:26:30 [DEBUG] python_multipart.multipart: Calling on_header_end with no data
2025-07-22 00:26:30 [DEBUG] python_multipart.multipart: Calling on_headers_finished with no data
2025-07-22 00:26:30 [DEBUG] python_multipart.multipart: Calling on_part_data with data[92:94]
2025-07-22 00:26:30 [DEBUG] python_multipart.multipart: Calling on_part_end with no data
2025-07-22 00:26:30 [DEBUG] python_multipart.multipart: Calling on_end with no data
2025-07-22 00:26:30 [INFO] face-presence-api: Checking status for user: 44
2025-07-22 00:26:30 [INFO] face-presence-api: User 44 is already registered.
2025-07-22 00:26:33 [DEBUG] face-presence-api: [BatchLogger] No durations, skip flush
2025-07-22 00:26:40 [DEBUG] face-presence-api: [BatchLogger] No verifications, skip flush
2025-07-22 00:26:41 [DEBUG] face-presence-api: [BatchLogger] No registrations, skip flush
2025-07-22 00:26:43 [DEBUG] face-presence-api: [BatchLogger] No durations, skip flush
2025-07-22 00:26:53 [DEBUG] face-presence-api: [BatchLogger] No durations, skip flush
2025-07-22 00:27:00 [DEBUG] python_multipart.multipart: Calling on_part_begin with no data
2025-07-22 00:27:00 [DEBUG] python_multipart.multipart: Calling on_header_field with data[42:61]
2025-07-22 00:27:00 [DEBUG] python_multipart.multipart: Calling on_header_value with data[63:88]
2025-07-22 00:27:00 [DEBUG] python_multipart.multipart: Calling on_header_end with no data
2025-07-22 00:27:00 [DEBUG] python_multipart.multipart: Calling on_headers_finished with no data
2025-07-22 00:27:00 [DEBUG] python_multipart.multipart: Calling on_part_data with data[92:94]
2025-07-22 00:27:00 [DEBUG] python_multipart.multipart: Calling on_part_end with no data
2025-07-22 00:27:00 [DEBUG] python_multipart.multipart: Calling on_end with no data
2025-07-22 00:27:00 [INFO] face-presence-api: Checking status for user: 44
2025-07-22 00:27:00 [INFO] face-presence-api: User 44 is already registered.
2025-07-22 00:27:03 [DEBUG] face-presence-api: [BatchLogger] No durations, skip flush
2025-07-22 00:27:10 [DEBUG] face-presence-api: [BatchLogger] No verifications, skip flush
2025-07-22 00:27:11 [DEBUG] face-presence-api: [BatchLogger] No registrations, skip flush
2025-07-22 00:27:13 [DEBUG] face-presence-api: [BatchLogger] No durations, skip flush
2025-07-22 00:27:20 [DEBUG] python_multipart.multipart: Calling on_part_begin with no data
2025-07-22 00:27:20 [DEBUG] python_multipart.multipart: Calling on_header_field with data[42:61]
2025-07-22 00:27:20 [DEBUG] python_multipart.multipart: Calling on_header_value with data[63:88]
2025-07-22 00:27:20 [DEBUG] python_multipart.multipart: Calling on_header_end with no data
2025-07-22 00:27:20 [DEBUG] python_multipart.multipart: Calling on_headers_finished with no data
2025-07-22 00:27:20 [DEBUG] python_multipart.multipart: Calling on_part_data with data[92:94]
2025-07-22 00:27:20 [DEBUG] python_multipart.multipart: Calling on_part_end with no data
2025-07-22 00:27:20 [DEBUG] python_multipart.multipart: Calling on_end with no data
2025-07-22 00:27:20 [INFO] face-presence-api: Checking status for user: 44
2025-07-22 00:27:20 [INFO] face-presence-api: User 44 is already registered.
2025-07-22 00:27:23 [DEBUG] face-presence-api: [BatchLogger] No durations, skip flush
2025-07-22 00:27:32 [DEBUG] python_multipart.multipart: Calling on_part_begin with no data
2025-07-22 00:27:32 [DEBUG] python_multipart.multipart: Calling on_header_field with data[42:61]
2025-07-22 00:27:32 [DEBUG] python_multipart.multipart: Calling on_header_value with data[63:88]
2025-07-22 00:27:32 [DEBUG] python_multipart.multipart: Calling on_header_end with no data
2025-07-22 00:27:32 [DEBUG] python_multipart.multipart: Calling on_headers_finished with no data
2025-07-22 00:27:32 [DEBUG] python_multipart.multipart: Calling on_part_data with data[92:94]
2025-07-22 00:27:32 [DEBUG] python_multipart.multipart: Calling on_part_end with no data
2025-07-22 00:27:32 [DEBUG] python_multipart.multipart: Calling on_end with no data
2025-07-22 00:27:32 [INFO] face-presence-api: Checking status for user: 44
2025-07-22 00:27:32 [INFO] face-presence-api: User 44 is already registered.
2025-07-22 00:27:33 [DEBUG] face-presence-api: [BatchLogger] No durations, skip flush
2025-07-22 00:27:39 [DEBUG] python_multipart.multipart: Calling on_part_begin with no data
2025-07-22 00:27:39 [DEBUG] python_multipart.multipart: Calling on_header_field with data[42:61]
2025-07-22 00:27:39 [DEBUG] python_multipart.multipart: Calling on_header_value with data[63:88]
2025-07-22 00:27:39 [DEBUG] python_multipart.multipart: Calling on_header_end with no data
2025-07-22 00:27:39 [DEBUG] python_multipart.multipart: Calling on_headers_finished with no data
2025-07-22 00:27:39 [DEBUG] python_multipart.multipart: Calling on_part_data with data[92:94]
2025-07-22 00:27:39 [DEBUG] python_multipart.multipart: Calling on_part_end with no data
2025-07-22 00:27:39 [DEBUG] python_multipart.multipart: Calling on_end with no data
2025-07-22 00:27:39 [INFO] face-presence-api: Checking status for user: 44
2025-07-22 00:27:39 [INFO] face-presence-api: User 44 is already registered.
2025-07-22 00:27:40 [DEBUG] face-presence-api: [BatchLogger] No verifications, skip flush
2025-07-22 00:27:41 [DEBUG] face-presence-api: [BatchLogger] No registrations, skip flush
2025-07-22 00:27:43 [DEBUG] face-presence-api: [BatchLogger] No durations, skip flush
2025-07-22 00:27:53 [DEBUG] face-presence-api: [BatchLogger] No durations, skip flush
2025-07-22 00:27:58 [DEBUG] python_multipart.multipart: Calling on_part_begin with no data
2025-07-22 00:27:58 [DEBUG] python_multipart.multipart: Calling on_header_field with data[42:61]
2025-07-22 00:27:58 [DEBUG] python_multipart.multipart: Calling on_header_value with data[63:88]
2025-07-22 00:27:58 [DEBUG] python_multipart.multipart: Calling on_header_end with no data
2025-07-22 00:27:58 [DEBUG] python_multipart.multipart: Calling on_headers_finished with no data
2025-07-22 00:27:58 [DEBUG] python_multipart.multipart: Calling on_part_data with data[92:94]
2025-07-22 00:27:58 [DEBUG] python_multipart.multipart: Calling on_part_end with no data
2025-07-22 00:27:58 [DEBUG] python_multipart.multipart: Calling on_end with no data
2025-07-22 00:27:58 [INFO] face-presence-api: Checking status for user: 44
2025-07-22 00:27:58 [INFO] face-presence-api: User 44 is already registered.
2025-07-22 00:28:03 [DEBUG] face-presence-api: [BatchLogger] No durations, skip flush
2025-07-22 00:28:04 [DEBUG] python_multipart.multipart: Calling on_part_begin with no data
2025-07-22 00:28:04 [DEBUG] python_multipart.multipart: Calling on_header_field with data[42:61]
2025-07-22 00:28:04 [DEBUG] python_multipart.multipart: Calling on_header_value with data[63:88]
2025-07-22 00:28:04 [DEBUG] python_multipart.multipart: Calling on_header_end with no data
2025-07-22 00:28:04 [DEBUG] python_multipart.multipart: Calling on_headers_finished with no data
2025-07-22 00:28:04 [DEBUG] python_multipart.multipart: Calling on_part_data with data[92:94]
2025-07-22 00:28:04 [DEBUG] python_multipart.multipart: Calling on_part_end with no data
2025-07-22 00:28:04 [DEBUG] python_multipart.multipart: Calling on_end with no data
2025-07-22 00:28:04 [INFO] face-presence-api: Checking status for user: 44
2025-07-22 00:28:04 [INFO] face-presence-api: User 44 is already registered.
2025-07-22 00:28:11 [DEBUG] face-presence-api: [BatchLogger] No verifications, skip flush
2025-07-22 00:28:11 [DEBUG] face-presence-api: [BatchLogger] No registrations, skip flush
2025-07-22 00:28:13 [DEBUG] face-presence-api: [BatchLogger] No durations, skip flush
2025-07-22 00:28:23 [DEBUG] face-presence-api: [BatchLogger] No durations, skip flush
2025-07-22 00:28:33 [DEBUG] face-presence-api: [BatchLogger] No durations, skip flush
2025-07-22 00:28:41 [DEBUG] face-presence-api: [BatchLogger] No verifications, skip flush
2025-07-22 00:28:41 [DEBUG] face-presence-api: [BatchLogger] No registrations, skip flush
2025-07-22 00:28:43 [DEBUG] face-presence-api: [BatchLogger] No durations, skip flush
2025-07-22 00:28:53 [DEBUG] face-presence-api: [BatchLogger] No durations, skip flush
2025-07-22 00:29:03 [DEBUG] face-presence-api: [BatchLogger] No durations, skip flush
2025-07-22 00:29:11 [DEBUG] face-presence-api: [BatchLogger] No verifications, skip flush
2025-07-22 00:29:11 [DEBUG] face-presence-api: [BatchLogger] No registrations, skip flush
2025-07-22 00:29:13 [DEBUG] face-presence-api: [BatchLogger] No durations, skip flush
2025-07-22 00:29:23 [DEBUG] face-presence-api: [BatchLogger] No durations, skip flush
2025-07-22 00:29:33 [DEBUG] face-presence-api: [BatchLogger] No durations, skip flush
2025-07-22 00:29:33 [DEBUG] python_multipart.multipart: Calling on_part_begin with no data
2025-07-22 00:29:33 [DEBUG] python_multipart.multipart: Calling on_header_field with data[42:61]
2025-07-22 00:29:33 [DEBUG] python_multipart.multipart: Calling on_header_value with data[63:88]
2025-07-22 00:29:33 [DEBUG] python_multipart.multipart: Calling on_header_end with no data
2025-07-22 00:29:33 [DEBUG] python_multipart.multipart: Calling on_headers_finished with no data
2025-07-22 00:29:33 [DEBUG] python_multipart.multipart: Calling on_part_data with data[92:94]
2025-07-22 00:29:33 [DEBUG] python_multipart.multipart: Calling on_part_end with no data
2025-07-22 00:29:33 [DEBUG] python_multipart.multipart: Calling on_end with no data
2025-07-22 00:29:33 [INFO] face-presence-api: Checking status for user: 44
2025-07-22 00:29:33 [INFO] face-presence-api: User 44 is already registered.
2025-07-22 00:29:41 [DEBUG] face-presence-api: [BatchLogger] No verifications, skip flush
2025-07-22 00:29:41 [DEBUG] face-presence-api: [BatchLogger] No registrations, skip flush
2025-07-22 00:29:43 [DEBUG] face-presence-api: [BatchLogger] No durations, skip flush
2025-07-22 00:29:45 [DEBUG] python_multipart.multipart: Calling on_part_begin with no data
2025-07-22 00:29:45 [DEBUG] python_multipart.multipart: Calling on_header_field with data[42:61]
2025-07-22 00:29:45 [DEBUG] python_multipart.multipart: Calling on_header_value with data[63:88]
2025-07-22 00:29:45 [DEBUG] python_multipart.multipart: Calling on_header_end with no data
2025-07-22 00:29:45 [DEBUG] python_multipart.multipart: Calling on_headers_finished with no data
2025-07-22 00:29:45 [DEBUG] python_multipart.multipart: Calling on_part_data with data[92:94]
2025-07-22 00:29:45 [DEBUG] python_multipart.multipart: Calling on_part_end with no data
2025-07-22 00:29:45 [DEBUG] python_multipart.multipart: Calling on_end with no data
2025-07-22 00:29:45 [INFO] face-presence-api: Checking status for user: 44
2025-07-22 00:29:45 [INFO] face-presence-api: User 44 is already registered.
2025-07-22 00:29:53 [DEBUG] face-presence-api: [BatchLogger] No durations, skip flush
2025-07-22 00:29:54 [DEBUG] python_multipart.multipart: Calling on_part_begin with no data
2025-07-22 00:29:54 [DEBUG] python_multipart.multipart: Calling on_header_field with data[42:61]
2025-07-22 00:29:54 [DEBUG] python_multipart.multipart: Calling on_header_value with data[63:88]
2025-07-22 00:29:54 [DEBUG] python_multipart.multipart: Calling on_header_end with no data
2025-07-22 00:29:54 [DEBUG] python_multipart.multipart: Calling on_headers_finished with no data
2025-07-22 00:29:54 [DEBUG] python_multipart.multipart: Calling on_part_data with data[92:94]
2025-07-22 00:29:54 [DEBUG] python_multipart.multipart: Calling on_part_end with no data
2025-07-22 00:29:54 [DEBUG] python_multipart.multipart: Calling on_end with no data
2025-07-22 00:29:54 [INFO] face-presence-api: Checking status for user: 44
2025-07-22 00:29:54 [INFO] face-presence-api: User 44 is already registered.
2025-07-22 00:29:57 [DEBUG] python_multipart.multipart: Calling on_part_begin with no data
2025-07-22 00:29:57 [DEBUG] python_multipart.multipart: Calling on_header_field with data[42:61]
2025-07-22 00:29:57 [DEBUG] python_multipart.multipart: Calling on_header_value with data[63:88]
2025-07-22 00:29:57 [DEBUG] python_multipart.multipart: Calling on_header_end with no data
2025-07-22 00:29:57 [DEBUG] python_multipart.multipart: Calling on_headers_finished with no data
2025-07-22 00:29:57 [DEBUG] python_multipart.multipart: Calling on_part_data with data[92:94]
2025-07-22 00:29:57 [DEBUG] python_multipart.multipart: Calling on_part_end with no data
2025-07-22 00:29:57 [DEBUG] python_multipart.multipart: Calling on_end with no data
2025-07-22 00:29:57 [INFO] face-presence-api: Checking status for user: 44
2025-07-22 00:29:57 [INFO] face-presence-api: User 44 is already registered.
2025-07-22 00:30:03 [DEBUG] face-presence-api: [BatchLogger] No durations, skip flush
2025-07-22 00:30:11 [DEBUG] face-presence-api: [BatchLogger] No verifications, skip flush
2025-07-22 00:30:11 [DEBUG] face-presence-api: [BatchLogger] No registrations, skip flush
2025-07-22 00:30:13 [DEBUG] face-presence-api: [BatchLogger] No durations, skip flush
2025-07-22 00:30:23 [DEBUG] face-presence-api: [BatchLogger] No durations, skip flush
2025-07-22 00:30:28 [DEBUG] python_multipart.multipart: Calling on_part_begin with no data
2025-07-22 00:30:28 [DEBUG] python_multipart.multipart: Calling on_header_field with data[42:61]
2025-07-22 00:30:28 [DEBUG] python_multipart.multipart: Calling on_header_value with data[63:88]
2025-07-22 00:30:28 [DEBUG] python_multipart.multipart: Calling on_header_end with no data
2025-07-22 00:30:28 [DEBUG] python_multipart.multipart: Calling on_headers_finished with no data
2025-07-22 00:30:28 [DEBUG] python_multipart.multipart: Calling on_part_data with data[92:94]
2025-07-22 00:30:28 [DEBUG] python_multipart.multipart: Calling on_part_end with no data
2025-07-22 00:30:28 [DEBUG] python_multipart.multipart: Calling on_end with no data
2025-07-22 00:30:28 [INFO] face-presence-api: Checking status for user: 44
2025-07-22 00:30:28 [INFO] face-presence-api: User 44 is already registered.
2025-07-22 00:30:33 [DEBUG] face-presence-api: [BatchLogger] No durations, skip flush
2025-07-22 00:30:33 [DEBUG] python_multipart.multipart: Calling on_part_begin with no data
2025-07-22 00:30:33 [DEBUG] python_multipart.multipart: Calling on_header_field with data[42:61]
2025-07-22 00:30:33 [DEBUG] python_multipart.multipart: Calling on_header_value with data[63:88]
2025-07-22 00:30:33 [DEBUG] python_multipart.multipart: Calling on_header_end with no data
2025-07-22 00:30:33 [DEBUG] python_multipart.multipart: Calling on_headers_finished with no data
2025-07-22 00:30:33 [DEBUG] python_multipart.multipart: Calling on_part_data with data[92:94]
2025-07-22 00:30:33 [DEBUG] python_multipart.multipart: Calling on_part_end with no data
2025-07-22 00:30:33 [DEBUG] python_multipart.multipart: Calling on_end with no data
2025-07-22 00:30:33 [INFO] face-presence-api: Checking status for user: 44
2025-07-22 00:30:33 [INFO] face-presence-api: User 44 is already registered.
2025-07-22 00:30:38 [DEBUG] python_multipart.multipart: Calling on_part_begin with no data
2025-07-22 00:30:38 [DEBUG] python_multipart.multipart: Calling on_header_field with data[42:61]
2025-07-22 00:30:38 [DEBUG] python_multipart.multipart: Calling on_header_value with data[63:88]
2025-07-22 00:30:38 [DEBUG] python_multipart.multipart: Calling on_header_end with no data
2025-07-22 00:30:38 [DEBUG] python_multipart.multipart: Calling on_headers_finished with no data
2025-07-22 00:30:38 [DEBUG] python_multipart.multipart: Calling on_part_data with data[92:94]
2025-07-22 00:30:38 [DEBUG] python_multipart.multipart: Calling on_part_end with no data
2025-07-22 00:30:38 [DEBUG] python_multipart.multipart: Calling on_end with no data
2025-07-22 00:30:38 [INFO] face-presence-api: Checking status for user: 44
2025-07-22 00:30:38 [INFO] face-presence-api: User 44 is already registered.
2025-07-22 00:30:41 [DEBUG] face-presence-api: [BatchLogger] No verifications, skip flush
2025-07-22 00:30:41 [DEBUG] face-presence-api: [BatchLogger] No registrations, skip flush
2025-07-22 00:30:41 [DEBUG] python_multipart.multipart: Calling on_part_begin with no data
2025-07-22 00:30:41 [DEBUG] python_multipart.multipart: Calling on_header_field with data[42:61]
2025-07-22 00:30:41 [DEBUG] python_multipart.multipart: Calling on_header_value with data[63:88]
2025-07-22 00:30:41 [DEBUG] python_multipart.multipart: Calling on_header_end with no data
2025-07-22 00:30:41 [DEBUG] python_multipart.multipart: Calling on_headers_finished with no data
2025-07-22 00:30:41 [DEBUG] python_multipart.multipart: Calling on_part_data with data[92:94]
2025-07-22 00:30:41 [DEBUG] python_multipart.multipart: Calling on_part_end with no data
2025-07-22 00:30:41 [DEBUG] python_multipart.multipart: Calling on_end with no data
2025-07-22 00:30:41 [INFO] face-presence-api: Checking status for user: 44
2025-07-22 00:30:41 [INFO] face-presence-api: User 44 is already registered.
2025-07-22 00:30:43 [DEBUG] face-presence-api: [BatchLogger] No durations, skip flush
2025-07-22 00:30:46 [DEBUG] python_multipart.multipart: Calling on_part_begin with no data
2025-07-22 00:30:46 [DEBUG] python_multipart.multipart: Calling on_header_field with data[42:61]
2025-07-22 00:30:46 [DEBUG] python_multipart.multipart: Calling on_header_value with data[63:88]
2025-07-22 00:30:46 [DEBUG] python_multipart.multipart: Calling on_header_end with no data
2025-07-22 00:30:46 [DEBUG] python_multipart.multipart: Calling on_headers_finished with no data
2025-07-22 00:30:46 [DEBUG] python_multipart.multipart: Calling on_part_data with data[92:94]
2025-07-22 00:30:46 [DEBUG] python_multipart.multipart: Calling on_part_end with no data
2025-07-22 00:30:46 [DEBUG] python_multipart.multipart: Calling on_end with no data
2025-07-22 00:30:46 [INFO] face-presence-api: Checking status for user: 44
2025-07-22 00:30:46 [INFO] face-presence-api: User 44 is already registered.
2025-07-22 00:30:53 [DEBUG] face-presence-api: [BatchLogger] No durations, skip flush
2025-07-22 00:31:03 [DEBUG] face-presence-api: [BatchLogger] No durations, skip flush
2025-07-22 00:31:11 [DEBUG] face-presence-api: [BatchLogger] No verifications, skip flush
2025-07-22 00:31:11 [DEBUG] face-presence-api: [BatchLogger] No registrations, skip flush
2025-07-22 00:31:13 [DEBUG] face-presence-api: [BatchLogger] No durations, skip flush
2025-07-22 00:31:23 [DEBUG] face-presence-api: [BatchLogger] No durations, skip flush
2025-07-22 00:31:33 [DEBUG] face-presence-api: [BatchLogger] No durations, skip flush
2025-07-22 00:31:41 [DEBUG] face-presence-api: [BatchLogger] No verifications, skip flush
2025-07-22 00:31:41 [DEBUG] face-presence-api: [BatchLogger] No registrations, skip flush
2025-07-22 00:31:43 [DEBUG] face-presence-api: [BatchLogger] No durations, skip flush
2025-07-22 00:31:53 [DEBUG] face-presence-api: [BatchLogger] No durations, skip flush
2025-07-22 00:32:03 [DEBUG] face-presence-api: [BatchLogger] No durations, skip flush
2025-07-22 00:32:11 [DEBUG] face-presence-api: [BatchLogger] No verifications, skip flush
2025-07-22 00:32:11 [DEBUG] face-presence-api: [BatchLogger] No registrations, skip flush
2025-07-22 00:32:13 [DEBUG] face-presence-api: [BatchLogger] No durations, skip flush
2025-07-22 00:32:23 [DEBUG] face-presence-api: [BatchLogger] No durations, skip flush
2025-07-22 00:32:33 [DEBUG] face-presence-api: [BatchLogger] No durations, skip flush
2025-07-22 00:32:41 [DEBUG] face-presence-api: [BatchLogger] No verifications, skip flush
2025-07-22 00:32:41 [DEBUG] face-presence-api: [BatchLogger] No registrations, skip flush
2025-07-22 00:32:43 [DEBUG] face-presence-api: [BatchLogger] No durations, skip flush
2025-07-22 00:32:54 [DEBUG] face-presence-api: [BatchLogger] No durations, skip flush
2025-07-22 00:33:04 [DEBUG] face-presence-api: [BatchLogger] No durations, skip flush
2025-07-22 00:33:11 [DEBUG] face-presence-api: [BatchLogger] No registrations, skip flush
2025-07-22 00:33:11 [DEBUG] face-presence-api: [BatchLogger] No verifications, skip flush
2025-07-22 00:33:14 [DEBUG] face-presence-api: [BatchLogger] No durations, skip flush
2025-07-22 00:33:24 [DEBUG] face-presence-api: [BatchLogger] No durations, skip flush
2025-07-22 00:33:34 [DEBUG] face-presence-api: [BatchLogger] No durations, skip flush
2025-07-22 00:33:41 [DEBUG] face-presence-api: [BatchLogger] No verifications, skip flush
2025-07-22 00:33:41 [DEBUG] face-presence-api: [BatchLogger] No registrations, skip flush
2025-07-22 00:33:44 [DEBUG] face-presence-api: [BatchLogger] No durations, skip flush
2025-07-22 00:33:54 [DEBUG] face-presence-api: [BatchLogger] No durations, skip flush
2025-07-22 00:34:04 [DEBUG] face-presence-api: [BatchLogger] No durations, skip flush
2025-07-22 00:34:11 [DEBUG] face-presence-api: [BatchLogger] No registrations, skip flush
2025-07-22 00:34:11 [DEBUG] face-presence-api: [BatchLogger] No verifications, skip flush
2025-07-22 00:34:14 [DEBUG] face-presence-api: [BatchLogger] No durations, skip flush
2025-07-22 00:34:24 [DEBUG] face-presence-api: [BatchLogger] No durations, skip flush
2025-07-22 00:34:34 [DEBUG] face-presence-api: [BatchLogger] No durations, skip flush
2025-07-22 00:34:41 [DEBUG] face-presence-api: [BatchLogger] No verifications, skip flush
2025-07-22 00:34:41 [DEBUG] face-presence-api: [BatchLogger] No registrations, skip flush
2025-07-22 00:34:44 [DEBUG] face-presence-api: [BatchLogger] No durations, skip flush
2025-07-22 00:34:54 [DEBUG] face-presence-api: [BatchLogger] No durations, skip flush
2025-07-22 00:35:04 [DEBUG] face-presence-api: [BatchLogger] No durations, skip flush
2025-07-22 00:35:11 [DEBUG] face-presence-api: [BatchLogger] No verifications, skip flush
2025-07-22 00:35:11 [DEBUG] face-presence-api: [BatchLogger] No registrations, skip flush
2025-07-22 00:35:14 [DEBUG] face-presence-api: [BatchLogger] No durations, skip flush
2025-07-22 00:35:24 [DEBUG] face-presence-api: [BatchLogger] No durations, skip flush
2025-07-22 00:35:34 [DEBUG] face-presence-api: [BatchLogger] No durations, skip flush
2025-07-22 00:35:41 [DEBUG] face-presence-api: [BatchLogger] No registrations, skip flush
2025-07-22 00:35:41 [DEBUG] face-presence-api: [BatchLogger] No verifications, skip flush
2025-07-22 00:35:44 [DEBUG] face-presence-api: [BatchLogger] No durations, skip flush
2025-07-22 00:35:54 [DEBUG] face-presence-api: [BatchLogger] No durations, skip flush
2025-07-22 00:36:04 [DEBUG] face-presence-api: [BatchLogger] No durations, skip flush
2025-07-22 00:36:11 [DEBUG] face-presence-api: [BatchLogger] No registrations, skip flush
2025-07-22 00:36:11 [DEBUG] face-presence-api: [BatchLogger] No verifications, skip flush
2025-07-22 00:36:14 [DEBUG] face-presence-api: [BatchLogger] No durations, skip flush
2025-07-22 00:36:24 [DEBUG] face-presence-api: [BatchLogger] No durations, skip flush
2025-07-22 00:36:34 [DEBUG] face-presence-api: [BatchLogger] No durations, skip flush
2025-07-22 00:36:41 [DEBUG] face-presence-api: [BatchLogger] No verifications, skip flush
2025-07-22 00:36:41 [DEBUG] face-presence-api: [BatchLogger] No registrations, skip flush
2025-07-22 00:36:44 [DEBUG] face-presence-api: [BatchLogger] No durations, skip flush
2025-07-22 00:36:54 [DEBUG] face-presence-api: [BatchLogger] No durations, skip flush
2025-07-22 00:37:04 [DEBUG] face-presence-api: [BatchLogger] No durations, skip flush
2025-07-22 00:37:11 [DEBUG] face-presence-api: [BatchLogger] No verifications, skip flush
2025-07-22 00:37:11 [DEBUG] face-presence-api: [BatchLogger] No registrations, skip flush
2025-07-22 00:37:14 [DEBUG] face-presence-api: [BatchLogger] No durations, skip flush
2025-07-22 00:37:24 [DEBUG] face-presence-api: [BatchLogger] No durations, skip flush
2025-07-22 00:37:34 [DEBUG] face-presence-api: [BatchLogger] No durations, skip flush
2025-07-22 00:37:41 [DEBUG] face-presence-api: [BatchLogger] No verifications, skip flush
2025-07-22 00:37:41 [DEBUG] face-presence-api: [BatchLogger] No registrations, skip flush
2025-07-22 00:37:44 [DEBUG] face-presence-api: [BatchLogger] No durations, skip flush
2025-07-22 00:37:54 [DEBUG] face-presence-api: [BatchLogger] No durations, skip flush
2025-07-22 00:38:04 [DEBUG] face-presence-api: [BatchLogger] No durations, skip flush
2025-07-22 00:38:11 [DEBUG] face-presence-api: [BatchLogger] No registrations, skip flush
2025-07-22 00:38:11 [DEBUG] face-presence-api: [BatchLogger] No verifications, skip flush
2025-07-22 00:38:14 [DEBUG] face-presence-api: [BatchLogger] No durations, skip flush
2025-07-22 00:38:24 [DEBUG] face-presence-api: [BatchLogger] No durations, skip flush
2025-07-22 00:38:34 [DEBUG] face-presence-api: [BatchLogger] No durations, skip flush
2025-07-22 00:38:41 [DEBUG] face-presence-api: [BatchLogger] No verifications, skip flush
2025-07-22 00:38:41 [DEBUG] face-presence-api: [BatchLogger] No registrations, skip flush
2025-07-22 00:38:44 [DEBUG] face-presence-api: [BatchLogger] No durations, skip flush
2025-07-22 00:38:54 [DEBUG] face-presence-api: [BatchLogger] No durations, skip flush
2025-07-22 00:39:04 [DEBUG] face-presence-api: [BatchLogger] No durations, skip flush
2025-07-22 00:39:11 [DEBUG] face-presence-api: [BatchLogger] No verifications, skip flush
2025-07-22 00:39:11 [DEBUG] face-presence-api: [BatchLogger] No registrations, skip flush
2025-07-22 00:39:14 [DEBUG] face-presence-api: [BatchLogger] No durations, skip flush
2025-07-22 00:39:24 [DEBUG] face-presence-api: [BatchLogger] No durations, skip flush
2025-07-22 00:39:34 [DEBUG] face-presence-api: [BatchLogger] No durations, skip flush
2025-07-22 00:39:41 [DEBUG] face-presence-api: [BatchLogger] No verifications, skip flush
2025-07-22 00:39:41 [DEBUG] face-presence-api: [BatchLogger] No registrations, skip flush
2025-07-22 00:39:44 [DEBUG] face-presence-api: [BatchLogger] No durations, skip flush
2025-07-22 00:39:54 [DEBUG] face-presence-api: [BatchLogger] No durations, skip flush
2025-07-22 00:40:04 [DEBUG] face-presence-api: [BatchLogger] No durations, skip flush
2025-07-22 00:40:11 [DEBUG] face-presence-api: [BatchLogger] No verifications, skip flush
2025-07-22 00:40:11 [DEBUG] face-presence-api: [BatchLogger] No registrations, skip flush
2025-07-22 00:40:14 [DEBUG] face-presence-api: [BatchLogger] No durations, skip flush
2025-07-22 00:40:24 [DEBUG] face-presence-api: [BatchLogger] No durations, skip flush
2025-07-22 00:40:27 [DEBUG] python_multipart.multipart: Calling on_part_begin with no data
2025-07-22 00:40:27 [DEBUG] python_multipart.multipart: Calling on_header_field with data[42:61]
2025-07-22 00:40:27 [DEBUG] python_multipart.multipart: Calling on_header_value with data[63:88]
2025-07-22 00:40:27 [DEBUG] python_multipart.multipart: Calling on_header_end with no data
2025-07-22 00:40:27 [DEBUG] python_multipart.multipart: Calling on_headers_finished with no data
2025-07-22 00:40:27 [DEBUG] python_multipart.multipart: Calling on_part_data with data[92:94]
2025-07-22 00:40:27 [DEBUG] python_multipart.multipart: Calling on_part_end with no data
2025-07-22 00:40:27 [DEBUG] python_multipart.multipart: Calling on_end with no data
2025-07-22 00:40:27 [INFO] face-presence-api: Checking status for user: 44
2025-07-22 00:40:27 [INFO] face-presence-api: User 44 is already registered.
2025-07-22 00:40:34 [DEBUG] face-presence-api: [BatchLogger] No durations, skip flush
2025-07-22 00:40:41 [DEBUG] face-presence-api: [BatchLogger] No verifications, skip flush
2025-07-22 00:40:41 [DEBUG] face-presence-api: [BatchLogger] No registrations, skip flush
2025-07-22 00:40:44 [DEBUG] face-presence-api: [BatchLogger] No durations, skip flush
2025-07-22 00:40:54 [DEBUG] face-presence-api: [BatchLogger] No durations, skip flush
2025-07-22 00:41:04 [DEBUG] face-presence-api: [BatchLogger] No durations, skip flush
2025-07-22 00:41:11 [DEBUG] face-presence-api: [BatchLogger] No verifications, skip flush
2025-07-22 00:41:11 [DEBUG] face-presence-api: [BatchLogger] No registrations, skip flush
2025-07-22 00:41:14 [DEBUG] face-presence-api: [BatchLogger] No durations, skip flush
2025-07-22 00:41:19 [DEBUG] python_multipart.multipart: Calling on_part_begin with no data
2025-07-22 00:41:19 [DEBUG] python_multipart.multipart: Calling on_header_field with data[42:61]
2025-07-22 00:41:19 [DEBUG] python_multipart.multipart: Calling on_header_value with data[63:88]
2025-07-22 00:41:19 [DEBUG] python_multipart.multipart: Calling on_header_end with no data
2025-07-22 00:41:19 [DEBUG] python_multipart.multipart: Calling on_headers_finished with no data
2025-07-22 00:41:19 [DEBUG] python_multipart.multipart: Calling on_part_data with data[92:94]
2025-07-22 00:41:19 [DEBUG] python_multipart.multipart: Calling on_part_end with no data
2025-07-22 00:41:19 [DEBUG] python_multipart.multipart: Calling on_end with no data
2025-07-22 00:41:19 [INFO] face-presence-api: Checking status for user: 44
2025-07-22 00:41:19 [INFO] face-presence-api: User 44 is already registered.
2025-07-22 00:41:24 [DEBUG] face-presence-api: [BatchLogger] No durations, skip flush
2025-07-22 00:41:25 [DEBUG] python_multipart.multipart: Calling on_part_begin with no data
2025-07-22 00:41:25 [DEBUG] python_multipart.multipart: Calling on_header_field with data[42:61]
2025-07-22 00:41:25 [DEBUG] python_multipart.multipart: Calling on_header_value with data[63:88]
2025-07-22 00:41:25 [DEBUG] python_multipart.multipart: Calling on_header_end with no data
2025-07-22 00:41:25 [DEBUG] python_multipart.multipart: Calling on_headers_finished with no data
2025-07-22 00:41:25 [DEBUG] python_multipart.multipart: Calling on_part_data with data[92:94]
2025-07-22 00:41:25 [DEBUG] python_multipart.multipart: Calling on_part_end with no data
2025-07-22 00:41:25 [DEBUG] python_multipart.multipart: Calling on_part_begin with no data
2025-07-22 00:41:25 [DEBUG] python_multipart.multipart: Calling on_header_field with data[138:157]
2025-07-22 00:41:25 [DEBUG] python_multipart.multipart: Calling on_header_value with data[159:214]
2025-07-22 00:41:25 [DEBUG] python_multipart.multipart: Calling on_header_end with no data
2025-07-22 00:41:25 [DEBUG] python_multipart.multipart: Calling on_header_field with data[216:228]
2025-07-22 00:41:25 [DEBUG] python_multipart.multipart: Calling on_header_value with data[230:240]
2025-07-22 00:41:25 [DEBUG] python_multipart.multipart: Calling on_header_end with no data
2025-07-22 00:41:25 [DEBUG] python_multipart.multipart: Calling on_headers_finished with no data
2025-07-22 00:41:25 [DEBUG] python_multipart.multipart: Calling on_part_data with data[244:2616]
2025-07-22 00:41:25 [DEBUG] python_multipart.multipart: Calling on_part_end with no data
2025-07-22 00:41:25 [DEBUG] python_multipart.multipart: Calling on_end with no data
2025-07-22 00:41:25 [INFO] face-presence-api: Verifying user: 44
2025-07-22 00:41:25 [INFO] face-presence-api: Starting verification for user: 44
2025-07-22 00:41:26 [DEBUG] PIL.Image: Importing AvifImagePlugin
2025-07-22 00:41:26 [DEBUG] PIL.Image: Importing BlpImagePlugin
2025-07-22 00:41:26 [DEBUG] PIL.Image: Importing BmpImagePlugin
2025-07-22 00:41:26 [DEBUG] PIL.Image: Importing BufrStubImagePlugin
2025-07-22 00:41:26 [DEBUG] PIL.Image: Importing CurImagePlugin
2025-07-22 00:41:26 [DEBUG] PIL.Image: Importing DcxImagePlugin
2025-07-22 00:41:26 [DEBUG] PIL.Image: Importing DdsImagePlugin
2025-07-22 00:41:26 [DEBUG] PIL.Image: Importing EpsImagePlugin
2025-07-22 00:41:26 [DEBUG] PIL.Image: Importing FitsImagePlugin
2025-07-22 00:41:26 [DEBUG] PIL.Image: Importing FliImagePlugin
2025-07-22 00:41:26 [DEBUG] PIL.Image: Importing FpxImagePlugin
2025-07-22 00:41:26 [DEBUG] PIL.Image: Image: failed to import FpxImagePlugin: No module named 'olefile'
2025-07-22 00:41:26 [DEBUG] PIL.Image: Importing FtexImagePlugin
2025-07-22 00:41:26 [DEBUG] PIL.Image: Importing GbrImagePlugin
2025-07-22 00:41:26 [DEBUG] PIL.Image: Importing GifImagePlugin
2025-07-22 00:41:26 [DEBUG] PIL.Image: Importing GribStubImagePlugin
2025-07-22 00:41:26 [DEBUG] PIL.Image: Importing Hdf5StubImagePlugin
2025-07-22 00:41:26 [DEBUG] PIL.Image: Importing IcnsImagePlugin
2025-07-22 00:41:26 [DEBUG] PIL.Image: Importing IcoImagePlugin
2025-07-22 00:41:26 [DEBUG] PIL.Image: Importing ImImagePlugin
2025-07-22 00:41:26 [DEBUG] PIL.Image: Importing ImtImagePlugin
2025-07-22 00:41:26 [DEBUG] PIL.Image: Importing IptcImagePlugin
2025-07-22 00:41:26 [DEBUG] PIL.Image: Importing JpegImagePlugin
2025-07-22 00:41:26 [DEBUG] PIL.Image: Importing Jpeg2KImagePlugin
2025-07-22 00:41:26 [DEBUG] PIL.Image: Importing McIdasImagePlugin
2025-07-22 00:41:26 [DEBUG] PIL.Image: Importing MicImagePlugin
2025-07-22 00:41:26 [DEBUG] PIL.Image: Image: failed to import MicImagePlugin: No module named 'olefile'
2025-07-22 00:41:26 [DEBUG] PIL.Image: Importing MpegImagePlugin
2025-07-22 00:41:26 [DEBUG] PIL.Image: Importing MpoImagePlugin
2025-07-22 00:41:26 [DEBUG] PIL.Image: Importing MspImagePlugin
2025-07-22 00:41:26 [DEBUG] PIL.Image: Importing PalmImagePlugin
2025-07-22 00:41:26 [DEBUG] PIL.Image: Importing PcdImagePlugin
2025-07-22 00:41:26 [DEBUG] PIL.Image: Importing PcxImagePlugin
2025-07-22 00:41:26 [DEBUG] PIL.Image: Importing PdfImagePlugin
2025-07-22 00:41:26 [DEBUG] PIL.Image: Importing PixarImagePlugin
2025-07-22 00:41:26 [DEBUG] PIL.Image: Importing PngImagePlugin
2025-07-22 00:41:26 [DEBUG] PIL.Image: Importing PpmImagePlugin
2025-07-22 00:41:26 [DEBUG] PIL.Image: Importing PsdImagePlugin
2025-07-22 00:41:26 [DEBUG] PIL.Image: Importing QoiImagePlugin
2025-07-22 00:41:26 [DEBUG] PIL.Image: Importing SgiImagePlugin
2025-07-22 00:41:26 [DEBUG] PIL.Image: Importing SpiderImagePlugin
2025-07-22 00:41:26 [DEBUG] PIL.Image: Importing SunImagePlugin
2025-07-22 00:41:26 [DEBUG] PIL.Image: Importing TgaImagePlugin
2025-07-22 00:41:26 [DEBUG] PIL.Image: Importing TiffImagePlugin
2025-07-22 00:41:26 [DEBUG] PIL.Image: Importing WebPImagePlugin
2025-07-22 00:41:26 [DEBUG] PIL.Image: Importing WmfImagePlugin
2025-07-22 00:41:26 [DEBUG] PIL.Image: Importing XbmImagePlugin
2025-07-22 00:41:27 [DEBUG] PIL.Image: Importing XpmImagePlugin
2025-07-22 00:41:27 [DEBUG] PIL.Image: Importing XVThumbImagePlugin
2025-07-22 00:41:27 [INFO] face-presence-api: Computed similarity for user 44: 0.7509
2025-07-22 00:41:27 [INFO] face-presence-api: Comparison completed for user 44 with result: {'error': False, 'similarity': 0.7509347796440125}
2025-07-22 00:41:27 [INFO] face-presence-api: Verification success for user 44: Match (score=0.75093)
2025-07-22 00:41:27 [INFO] face-presence-api: Verification successful for user 44
2025-07-22 00:41:27 [DEBUG] python_multipart.multipart: Calling on_part_begin with no data
2025-07-22 00:41:27 [DEBUG] python_multipart.multipart: Calling on_header_field with data[42:61]
2025-07-22 00:41:27 [DEBUG] python_multipart.multipart: Calling on_header_value with data[63:88]
2025-07-22 00:41:27 [DEBUG] python_multipart.multipart: Calling on_header_end with no data
2025-07-22 00:41:27 [DEBUG] python_multipart.multipart: Calling on_headers_finished with no data
2025-07-22 00:41:27 [DEBUG] python_multipart.multipart: Calling on_part_data with data[92:94]
2025-07-22 00:41:27 [DEBUG] python_multipart.multipart: Calling on_part_end with no data
2025-07-22 00:41:27 [DEBUG] python_multipart.multipart: Calling on_part_begin with no data
2025-07-22 00:41:27 [DEBUG] python_multipart.multipart: Calling on_header_field with data[138:157]
2025-07-22 00:41:27 [DEBUG] python_multipart.multipart: Calling on_header_value with data[159:183]
2025-07-22 00:41:27 [DEBUG] python_multipart.multipart: Calling on_header_end with no data
2025-07-22 00:41:27 [DEBUG] python_multipart.multipart: Calling on_headers_finished with no data
2025-07-22 00:41:27 [DEBUG] python_multipart.multipart: Calling on_part_data with data[187:191]
2025-07-22 00:41:27 [DEBUG] python_multipart.multipart: Calling on_part_end with no data
2025-07-22 00:41:27 [DEBUG] python_multipart.multipart: Calling on_end with no data
2025-07-22 00:41:27 [INFO] face-presence-api: Logging duration for user: 44, duration: 2438.0
2025-07-22 00:41:27 [INFO] face-presence-api: Duration 2438.0s successfully enqueued for user 44.
2025-07-22 00:41:34 [INFO] face-presence-api: [BatchLogger] Flushing durations: 1
2025-07-22 00:41:34 [DEBUG] urllib3.connectionpool: Resetting dropped connection: oauth2.googleapis.com
2025-07-22 00:41:34 [DEBUG] urllib3.connectionpool: https://oauth2.googleapis.com:443 "POST /token HTTP/1.1" 200 None
2025-07-22 00:41:34 [DEBUG] urllib3.connectionpool: Resetting dropped connection: sheets.googleapis.com
2025-07-22 00:41:36 [DEBUG] urllib3.connectionpool: https://sheets.googleapis.com:443 "GET /v4/spreadsheets/1hjXERVEURCeKXeCw8TUbrkjF25_GVmORN0JgjZuu058?includeGridData=false HTTP/1.1" 200 None
2025-07-22 00:41:36 [DEBUG] urllib3.connectionpool: https://sheets.googleapis.com:443 "GET /v4/spreadsheets/1hjXERVEURCeKXeCw8TUbrkjF25_GVmORN0JgjZuu058/values/%27Verification%27 HTTP/1.1" 200 None
2025-07-22 00:41:36 [DEBUG] urllib3.connectionpool: https://sheets.googleapis.com:443 "GET /v4/spreadsheets/1hjXERVEURCeKXeCw8TUbrkjF25_GVmORN0JgjZuu058/values/%27Verification%27 HTTP/1.1" 200 None
2025-07-22 00:41:37 [DEBUG] urllib3.connectionpool: https://sheets.googleapis.com:443 "POST /v4/spreadsheets/1hjXERVEURCeKXeCw8TUbrkjF25_GVmORN0JgjZuu058/values:batchUpdate HTTP/1.1" 200 None
2025-07-22 00:41:37 [INFO] face-presence-api: [BatchLogger] Added 1 new duration headers
2025-07-22 00:41:38 [DEBUG] urllib3.connectionpool: https://sheets.googleapis.com:443 "POST /v4/spreadsheets/1hjXERVEURCeKXeCw8TUbrkjF25_GVmORN0JgjZuu058/values:batchUpdate HTTP/1.1" 200 None
2025-07-22 00:41:38 [INFO] face-presence-api: [BatchLogger] Updated durations for 1 cells
2025-07-22 00:41:41 [INFO] face-presence-api: [BatchLogger] Flushing 1 verifications...
2025-07-22 00:41:41 [DEBUG] urllib3.connectionpool: https://sheets.googleapis.com:443 "GET /v4/spreadsheets/1hjXERVEURCeKXeCw8TUbrkjF25_GVmORN0JgjZuu058?includeGridData=false HTTP/1.1" 200 None
2025-07-22 00:41:42 [DEBUG] urllib3.connectionpool: https://sheets.googleapis.com:443 "GET /v4/spreadsheets/1hjXERVEURCeKXeCw8TUbrkjF25_GVmORN0JgjZuu058/values/%27Verification%27 HTTP/1.1" 200 None
2025-07-22 00:41:42 [DEBUG] urllib3.connectionpool: https://sheets.googleapis.com:443 "GET /v4/spreadsheets/1hjXERVEURCeKXeCw8TUbrkjF25_GVmORN0JgjZuu058/values/%27Verification%27 HTTP/1.1" 200 None
2025-07-22 00:41:42 [DEBUG] urllib3.connectionpool: https://sheets.googleapis.com:443 "POST /v4/spreadsheets/1hjXERVEURCeKXeCw8TUbrkjF25_GVmORN0JgjZuu058/values:batchUpdate HTTP/1.1" 200 None
2025-07-22 00:41:42 [INFO] face-presence-api: [BatchLogger] Updated verification for 1 users
2025-07-22 00:41:42 [DEBUG] face-presence-api: [BatchLogger] No registrations, skip flush
2025-07-22 00:41:46 [DEBUG] python_multipart.multipart: Calling on_part_begin with no data
2025-07-22 00:41:46 [DEBUG] python_multipart.multipart: Calling on_header_field with data[42:61]
2025-07-22 00:41:46 [DEBUG] python_multipart.multipart: Calling on_header_value with data[63:88]
2025-07-22 00:41:46 [DEBUG] python_multipart.multipart: Calling on_header_end with no data
2025-07-22 00:41:46 [DEBUG] python_multipart.multipart: Calling on_headers_finished with no data
2025-07-22 00:41:46 [DEBUG] python_multipart.multipart: Calling on_part_data with data[92:94]
2025-07-22 00:41:46 [DEBUG] python_multipart.multipart: Calling on_part_end with no data
2025-07-22 00:41:46 [DEBUG] python_multipart.multipart: Calling on_part_begin with no data
2025-07-22 00:41:46 [DEBUG] python_multipart.multipart: Calling on_header_field with data[138:157]
2025-07-22 00:41:46 [DEBUG] python_multipart.multipart: Calling on_header_value with data[159:214]
2025-07-22 00:41:46 [DEBUG] python_multipart.multipart: Calling on_header_end with no data
2025-07-22 00:41:46 [DEBUG] python_multipart.multipart: Calling on_header_field with data[216:228]
2025-07-22 00:41:46 [DEBUG] python_multipart.multipart: Calling on_header_value with data[230:240]
2025-07-22 00:41:46 [DEBUG] python_multipart.multipart: Calling on_header_end with no data
2025-07-22 00:41:46 [DEBUG] python_multipart.multipart: Calling on_headers_finished with no data
2025-07-22 00:41:46 [DEBUG] python_multipart.multipart: Calling on_part_data with data[244:2664]
2025-07-22 00:41:46 [DEBUG] python_multipart.multipart: Calling on_part_end with no data
2025-07-22 00:41:46 [DEBUG] python_multipart.multipart: Calling on_end with no data
2025-07-22 00:41:46 [INFO] face-presence-api: Verifying user: 44
2025-07-22 00:41:46 [INFO] face-presence-api: Starting verification for user: 44
2025-07-22 00:41:46 [INFO] face-presence-api: Computed similarity for user 44: 0.8678
2025-07-22 00:41:46 [INFO] face-presence-api: Comparison completed for user 44 with result: {'error': False, 'similarity': 0.8678393363952637}
2025-07-22 00:41:46 [INFO] face-presence-api: Verification success for user 44: Match (score=0.86784)
2025-07-22 00:41:46 [INFO] face-presence-api: Verification successful for user 44
2025-07-22 00:41:47 [DEBUG] python_multipart.multipart: Calling on_part_begin with no data
2025-07-22 00:41:47 [DEBUG] python_multipart.multipart: Calling on_header_field with data[42:61]
2025-07-22 00:41:47 [DEBUG] python_multipart.multipart: Calling on_header_value with data[63:88]
2025-07-22 00:41:47 [DEBUG] python_multipart.multipart: Calling on_header_end with no data
2025-07-22 00:41:47 [DEBUG] python_multipart.multipart: Calling on_headers_finished with no data
2025-07-22 00:41:47 [DEBUG] python_multipart.multipart: Calling on_part_data with data[92:94]
2025-07-22 00:41:47 [DEBUG] python_multipart.multipart: Calling on_part_end with no data
2025-07-22 00:41:47 [DEBUG] python_multipart.multipart: Calling on_part_begin with no data
2025-07-22 00:41:47 [DEBUG] python_multipart.multipart: Calling on_header_field with data[138:157]
2025-07-22 00:41:47 [DEBUG] python_multipart.multipart: Calling on_header_value with data[159:183]
2025-07-22 00:41:47 [DEBUG] python_multipart.multipart: Calling on_header_end with no data
2025-07-22 00:41:47 [DEBUG] python_multipart.multipart: Calling on_headers_finished with no data
2025-07-22 00:41:47 [DEBUG] python_multipart.multipart: Calling on_part_data with data[187:190]
2025-07-22 00:41:47 [DEBUG] python_multipart.multipart: Calling on_part_end with no data
2025-07-22 00:41:47 [DEBUG] python_multipart.multipart: Calling on_end with no data
2025-07-22 00:41:47 [INFO] face-presence-api: Logging duration for user: 44, duration: 178.0
2025-07-22 00:41:47 [INFO] face-presence-api: Duration 178.0s successfully enqueued for user 44.
2025-07-22 00:41:48 [INFO] face-presence-api: [BatchLogger] Flushing durations: 1
2025-07-22 00:41:48 [DEBUG] urllib3.connectionpool: https://sheets.googleapis.com:443 "GET /v4/spreadsheets/1hjXERVEURCeKXeCw8TUbrkjF25_GVmORN0JgjZuu058?includeGridData=false HTTP/1.1" 200 None
2025-07-22 00:41:49 [DEBUG] urllib3.connectionpool: https://sheets.googleapis.com:443 "GET /v4/spreadsheets/1hjXERVEURCeKXeCw8TUbrkjF25_GVmORN0JgjZuu058/values/%27Verification%27 HTTP/1.1" 200 None
2025-07-22 00:41:49 [DEBUG] urllib3.connectionpool: https://sheets.googleapis.com:443 "GET /v4/spreadsheets/1hjXERVEURCeKXeCw8TUbrkjF25_GVmORN0JgjZuu058/values/%27Verification%27 HTTP/1.1" 200 None
2025-07-22 00:41:50 [DEBUG] urllib3.connectionpool: https://sheets.googleapis.com:443 "POST /v4/spreadsheets/1hjXERVEURCeKXeCw8TUbrkjF25_GVmORN0JgjZuu058/values:batchUpdate HTTP/1.1" 200 None
2025-07-22 00:41:50 [INFO] face-presence-api: [BatchLogger] Added 1 new duration headers
2025-07-22 00:41:50 [DEBUG] urllib3.connectionpool: https://sheets.googleapis.com:443 "POST /v4/spreadsheets/1hjXERVEURCeKXeCw8TUbrkjF25_GVmORN0JgjZuu058/values:batchUpdate HTTP/1.1" 200 None
2025-07-22 00:41:50 [INFO] face-presence-api: [BatchLogger] Updated durations for 1 cells
2025-07-22 00:41:57 [DEBUG] python_multipart.multipart: Calling on_part_begin with no data
2025-07-22 00:41:57 [DEBUG] python_multipart.multipart: Calling on_header_field with data[42:61]
2025-07-22 00:41:57 [DEBUG] python_multipart.multipart: Calling on_header_value with data[63:88]
2025-07-22 00:41:57 [DEBUG] python_multipart.multipart: Calling on_header_end with no data
2025-07-22 00:41:57 [DEBUG] python_multipart.multipart: Calling on_headers_finished with no data
2025-07-22 00:41:57 [DEBUG] python_multipart.multipart: Calling on_part_data with data[92:94]
2025-07-22 00:41:57 [DEBUG] python_multipart.multipart: Calling on_part_end with no data
2025-07-22 00:41:57 [DEBUG] python_multipart.multipart: Calling on_part_begin with no data
2025-07-22 00:41:57 [DEBUG] python_multipart.multipart: Calling on_header_field with data[138:157]
2025-07-22 00:41:57 [DEBUG] python_multipart.multipart: Calling on_header_value with data[159:214]
2025-07-22 00:41:57 [DEBUG] python_multipart.multipart: Calling on_header_end with no data
2025-07-22 00:41:57 [DEBUG] python_multipart.multipart: Calling on_header_field with data[216:228]
2025-07-22 00:41:57 [DEBUG] python_multipart.multipart: Calling on_header_value with data[230:240]
2025-07-22 00:41:57 [DEBUG] python_multipart.multipart: Calling on_header_end with no data
2025-07-22 00:41:57 [DEBUG] python_multipart.multipart: Calling on_headers_finished with no data
2025-07-22 00:41:57 [DEBUG] python_multipart.multipart: Calling on_part_data with data[244:2484]
2025-07-22 00:41:57 [DEBUG] python_multipart.multipart: Calling on_part_end with no data
2025-07-22 00:41:57 [DEBUG] python_multipart.multipart: Calling on_end with no data
2025-07-22 00:41:57 [INFO] face-presence-api: Verifying user: 44
2025-07-22 00:41:57 [INFO] face-presence-api: Starting verification for user: 44
2025-07-22 00:41:57 [INFO] face-presence-api: Computed similarity for user 44: 0.8058
2025-07-22 00:41:57 [INFO] face-presence-api: Comparison completed for user 44 with result: {'error': False, 'similarity': 0.8057914972305298}
2025-07-22 00:41:57 [INFO] face-presence-api: Verification success for user 44: Match (score=0.80579)
2025-07-22 00:41:57 [INFO] face-presence-api: Verification successful for user 44
2025-07-22 00:41:57 [DEBUG] python_multipart.multipart: Calling on_part_begin with no data
2025-07-22 00:41:57 [DEBUG] python_multipart.multipart: Calling on_header_field with data[42:61]
2025-07-22 00:41:57 [DEBUG] python_multipart.multipart: Calling on_header_value with data[63:88]
2025-07-22 00:41:57 [DEBUG] python_multipart.multipart: Calling on_header_end with no data
2025-07-22 00:41:57 [DEBUG] python_multipart.multipart: Calling on_headers_finished with no data
2025-07-22 00:41:57 [DEBUG] python_multipart.multipart: Calling on_part_data with data[92:94]
2025-07-22 00:41:57 [DEBUG] python_multipart.multipart: Calling on_part_end with no data
2025-07-22 00:41:57 [DEBUG] python_multipart.multipart: Calling on_part_begin with no data
2025-07-22 00:41:57 [DEBUG] python_multipart.multipart: Calling on_header_field with data[138:157]
2025-07-22 00:41:57 [DEBUG] python_multipart.multipart: Calling on_header_value with data[159:183]
2025-07-22 00:41:57 [DEBUG] python_multipart.multipart: Calling on_header_end with no data
2025-07-22 00:41:57 [DEBUG] python_multipart.multipart: Calling on_headers_finished with no data
2025-07-22 00:41:57 [DEBUG] python_multipart.multipart: Calling on_part_data with data[187:190]
2025-07-22 00:41:57 [DEBUG] python_multipart.multipart: Calling on_part_end with no data
2025-07-22 00:41:57 [DEBUG] python_multipart.multipart: Calling on_end with no data
2025-07-22 00:41:57 [INFO] face-presence-api: Logging duration for user: 44, duration: 455.0
2025-07-22 00:41:57 [INFO] face-presence-api: Duration 455.0s successfully enqueued for user 44.
2025-07-22 00:42:00 [INFO] face-presence-api: [BatchLogger] Flushing durations: 1
2025-07-22 00:42:00 [DEBUG] urllib3.connectionpool: https://sheets.googleapis.com:443 "GET /v4/spreadsheets/1hjXERVEURCeKXeCw8TUbrkjF25_GVmORN0JgjZuu058?includeGridData=false HTTP/1.1" 200 None
2025-07-22 00:42:01 [DEBUG] urllib3.connectionpool: https://sheets.googleapis.com:443 "GET /v4/spreadsheets/1hjXERVEURCeKXeCw8TUbrkjF25_GVmORN0JgjZuu058/values/%27Verification%27 HTTP/1.1" 200 None
2025-07-22 00:42:01 [DEBUG] urllib3.connectionpool: https://sheets.googleapis.com:443 "GET /v4/spreadsheets/1hjXERVEURCeKXeCw8TUbrkjF25_GVmORN0JgjZuu058/values/%27Verification%27 HTTP/1.1" 200 None
2025-07-22 00:42:01 [DEBUG] urllib3.connectionpool: https://sheets.googleapis.com:443 "POST /v4/spreadsheets/1hjXERVEURCeKXeCw8TUbrkjF25_GVmORN0JgjZuu058/values:batchUpdate HTTP/1.1" 200 None
2025-07-22 00:42:01 [INFO] face-presence-api: [BatchLogger] Added 1 new duration headers
2025-07-22 00:42:02 [DEBUG] urllib3.connectionpool: https://sheets.googleapis.com:443 "POST /v4/spreadsheets/1hjXERVEURCeKXeCw8TUbrkjF25_GVmORN0JgjZuu058/values:batchUpdate HTTP/1.1" 200 None
2025-07-22 00:42:02 [INFO] face-presence-api: [BatchLogger] Updated durations for 1 cells
2025-07-22 00:42:09 [DEBUG] python_multipart.multipart: Calling on_part_begin with no data
2025-07-22 00:42:09 [DEBUG] python_multipart.multipart: Calling on_header_field with data[42:61]
2025-07-22 00:42:09 [DEBUG] python_multipart.multipart: Calling on_header_value with data[63:88]
2025-07-22 00:42:09 [DEBUG] python_multipart.multipart: Calling on_header_end with no data
2025-07-22 00:42:09 [DEBUG] python_multipart.multipart: Calling on_headers_finished with no data
2025-07-22 00:42:09 [DEBUG] python_multipart.multipart: Calling on_part_data with data[92:94]
2025-07-22 00:42:09 [DEBUG] python_multipart.multipart: Calling on_part_end with no data
2025-07-22 00:42:09 [DEBUG] python_multipart.multipart: Calling on_part_begin with no data
2025-07-22 00:42:09 [DEBUG] python_multipart.multipart: Calling on_header_field with data[138:157]
2025-07-22 00:42:09 [DEBUG] python_multipart.multipart: Calling on_header_value with data[159:214]
2025-07-22 00:42:09 [DEBUG] python_multipart.multipart: Calling on_header_end with no data
2025-07-22 00:42:09 [DEBUG] python_multipart.multipart: Calling on_header_field with data[216:228]
2025-07-22 00:42:09 [DEBUG] python_multipart.multipart: Calling on_header_value with data[230:240]
2025-07-22 00:42:09 [DEBUG] python_multipart.multipart: Calling on_header_end with no data
2025-07-22 00:42:09 [DEBUG] python_multipart.multipart: Calling on_headers_finished with no data
2025-07-22 00:42:09 [DEBUG] python_multipart.multipart: Calling on_part_data with data[244:2462]
2025-07-22 00:42:09 [DEBUG] python_multipart.multipart: Calling on_part_end with no data
2025-07-22 00:42:09 [DEBUG] python_multipart.multipart: Calling on_end with no data
2025-07-22 00:42:09 [INFO] face-presence-api: Verifying user: 44
2025-07-22 00:42:09 [INFO] face-presence-api: Starting verification for user: 44
2025-07-22 00:42:09 [INFO] face-presence-api: Computed similarity for user 44: 0.8991
2025-07-22 00:42:09 [INFO] face-presence-api: Comparison completed for user 44 with result: {'error': False, 'similarity': 0.8991107940673828}
2025-07-22 00:42:09 [INFO] face-presence-api: Verification success for user 44: Match (score=0.89911)
2025-07-22 00:42:09 [INFO] face-presence-api: Verification successful for user 44
2025-07-22 00:42:09 [DEBUG] python_multipart.multipart: Calling on_part_begin with no data
2025-07-22 00:42:09 [DEBUG] python_multipart.multipart: Calling on_header_field with data[42:61]
2025-07-22 00:42:09 [DEBUG] python_multipart.multipart: Calling on_header_value with data[63:88]
2025-07-22 00:42:09 [DEBUG] python_multipart.multipart: Calling on_header_end with no data
2025-07-22 00:42:09 [DEBUG] python_multipart.multipart: Calling on_headers_finished with no data
2025-07-22 00:42:09 [DEBUG] python_multipart.multipart: Calling on_part_data with data[92:94]
2025-07-22 00:42:09 [DEBUG] python_multipart.multipart: Calling on_part_end with no data
2025-07-22 00:42:09 [DEBUG] python_multipart.multipart: Calling on_part_begin with no data
2025-07-22 00:42:09 [DEBUG] python_multipart.multipart: Calling on_header_field with data[138:157]
2025-07-22 00:42:09 [DEBUG] python_multipart.multipart: Calling on_header_value with data[159:183]
2025-07-22 00:42:09 [DEBUG] python_multipart.multipart: Calling on_header_end with no data
2025-07-22 00:42:09 [DEBUG] python_multipart.multipart: Calling on_headers_finished with no data
2025-07-22 00:42:09 [DEBUG] python_multipart.multipart: Calling on_part_data with data[187:190]
2025-07-22 00:42:09 [DEBUG] python_multipart.multipart: Calling on_part_end with no data
2025-07-22 00:42:09 [DEBUG] python_multipart.multipart: Calling on_end with no data
2025-07-22 00:42:09 [INFO] face-presence-api: Logging duration for user: 44, duration: 154.0
2025-07-22 00:42:09 [INFO] face-presence-api: Duration 154.0s successfully enqueued for user 44.
2025-07-22 00:42:12 [INFO] face-presence-api: [BatchLogger] Flushing durations: 1
2025-07-22 00:42:12 [DEBUG] urllib3.connectionpool: https://sheets.googleapis.com:443 "GET /v4/spreadsheets/1hjXERVEURCeKXeCw8TUbrkjF25_GVmORN0JgjZuu058?includeGridData=false HTTP/1.1" 200 None
2025-07-22 00:42:12 [DEBUG] urllib3.connectionpool: https://sheets.googleapis.com:443 "GET /v4/spreadsheets/1hjXERVEURCeKXeCw8TUbrkjF25_GVmORN0JgjZuu058/values/%27Verification%27 HTTP/1.1" 200 None
2025-07-22 00:42:13 [DEBUG] urllib3.connectionpool: https://sheets.googleapis.com:443 "GET /v4/spreadsheets/1hjXERVEURCeKXeCw8TUbrkjF25_GVmORN0JgjZuu058/values/%27Verification%27 HTTP/1.1" 200 None
2025-07-22 00:42:13 [DEBUG] urllib3.connectionpool: https://sheets.googleapis.com:443 "POST /v4/spreadsheets/1hjXERVEURCeKXeCw8TUbrkjF25_GVmORN0JgjZuu058/values:batchUpdate HTTP/1.1" 200 None
2025-07-22 00:42:13 [INFO] face-presence-api: [BatchLogger] Added 1 new duration headers
2025-07-22 00:42:13 [DEBUG] urllib3.connectionpool: https://sheets.googleapis.com:443 "POST /v4/spreadsheets/1hjXERVEURCeKXeCw8TUbrkjF25_GVmORN0JgjZuu058/values:batchUpdate HTTP/1.1" 200 None
2025-07-22 00:42:13 [INFO] face-presence-api: [BatchLogger] Updated durations for 1 cells
2025-07-22 00:42:13 [INFO] face-presence-api: [BatchLogger] Flushing 3 verifications...
2025-07-22 00:42:14 [DEBUG] urllib3.connectionpool: https://sheets.googleapis.com:443 "GET /v4/spreadsheets/1hjXERVEURCeKXeCw8TUbrkjF25_GVmORN0JgjZuu058?includeGridData=false HTTP/1.1" 200 None
2025-07-22 00:42:14 [DEBUG] urllib3.connectionpool: https://sheets.googleapis.com:443 "GET /v4/spreadsheets/1hjXERVEURCeKXeCw8TUbrkjF25_GVmORN0JgjZuu058/values/%27Verification%27 HTTP/1.1" 200 None
2025-07-22 00:42:14 [DEBUG] urllib3.connectionpool: https://sheets.googleapis.com:443 "GET /v4/spreadsheets/1hjXERVEURCeKXeCw8TUbrkjF25_GVmORN0JgjZuu058/values/%27Verification%27 HTTP/1.1" 200 None
2025-07-22 00:42:15 [DEBUG] urllib3.connectionpool: https://sheets.googleapis.com:443 "POST /v4/spreadsheets/1hjXERVEURCeKXeCw8TUbrkjF25_GVmORN0JgjZuu058/values:batchUpdate HTTP/1.1" 200 None
2025-07-22 00:42:15 [INFO] face-presence-api: [BatchLogger] Updated verification for 1 users
2025-07-22 00:42:15 [DEBUG] face-presence-api: [BatchLogger] No registrations, skip flush
2025-07-22 00:42:18 [DEBUG] python_multipart.multipart: Calling on_part_begin with no data
2025-07-22 00:42:18 [DEBUG] python_multipart.multipart: Calling on_header_field with data[42:61]
2025-07-22 00:42:18 [DEBUG] python_multipart.multipart: Calling on_header_value with data[63:88]
2025-07-22 00:42:18 [DEBUG] python_multipart.multipart: Calling on_header_end with no data
2025-07-22 00:42:18 [DEBUG] python_multipart.multipart: Calling on_headers_finished with no data
2025-07-22 00:42:18 [DEBUG] python_multipart.multipart: Calling on_part_data with data[92:94]
2025-07-22 00:42:18 [DEBUG] python_multipart.multipart: Calling on_part_end with no data
2025-07-22 00:42:18 [DEBUG] python_multipart.multipart: Calling on_part_begin with no data
2025-07-22 00:42:18 [DEBUG] python_multipart.multipart: Calling on_header_field with data[138:157]
2025-07-22 00:42:18 [DEBUG] python_multipart.multipart: Calling on_header_value with data[159:214]
2025-07-22 00:42:18 [DEBUG] python_multipart.multipart: Calling on_header_end with no data
2025-07-22 00:42:18 [DEBUG] python_multipart.multipart: Calling on_header_field with data[216:228]
2025-07-22 00:42:18 [DEBUG] python_multipart.multipart: Calling on_header_value with data[230:240]
2025-07-22 00:42:18 [DEBUG] python_multipart.multipart: Calling on_header_end with no data
2025-07-22 00:42:18 [DEBUG] python_multipart.multipart: Calling on_headers_finished with no data
2025-07-22 00:42:18 [DEBUG] python_multipart.multipart: Calling on_part_data with data[244:2174]
2025-07-22 00:42:18 [DEBUG] python_multipart.multipart: Calling on_part_end with no data
2025-07-22 00:42:18 [DEBUG] python_multipart.multipart: Calling on_end with no data
2025-07-22 00:42:18 [INFO] face-presence-api: Verifying user: 44
2025-07-22 00:42:18 [INFO] face-presence-api: Starting verification for user: 44
2025-07-22 00:42:18 [INFO] face-presence-api: Computed similarity for user 44: 0.8307
2025-07-22 00:42:18 [INFO] face-presence-api: Comparison completed for user 44 with result: {'error': False, 'similarity': 0.8306965827941895}
2025-07-22 00:42:18 [INFO] face-presence-api: Verification success for user 44: Match (score=0.83070)
2025-07-22 00:42:18 [INFO] face-presence-api: Verification successful for user 44
2025-07-22 00:42:18 [DEBUG] python_multipart.multipart: Calling on_part_begin with no data
2025-07-22 00:42:18 [DEBUG] python_multipart.multipart: Calling on_header_field with data[42:61]
2025-07-22 00:42:18 [DEBUG] python_multipart.multipart: Calling on_header_value with data[63:88]
2025-07-22 00:42:18 [DEBUG] python_multipart.multipart: Calling on_header_end with no data
2025-07-22 00:42:18 [DEBUG] python_multipart.multipart: Calling on_headers_finished with no data
2025-07-22 00:42:18 [DEBUG] python_multipart.multipart: Calling on_part_data with data[92:94]
2025-07-22 00:42:18 [DEBUG] python_multipart.multipart: Calling on_part_end with no data
2025-07-22 00:42:18 [DEBUG] python_multipart.multipart: Calling on_part_begin with no data
2025-07-22 00:42:18 [DEBUG] python_multipart.multipart: Calling on_header_field with data[138:157]
2025-07-22 00:42:18 [DEBUG] python_multipart.multipart: Calling on_header_value with data[159:183]
2025-07-22 00:42:18 [DEBUG] python_multipart.multipart: Calling on_header_end with no data
2025-07-22 00:42:18 [DEBUG] python_multipart.multipart: Calling on_headers_finished with no data
2025-07-22 00:42:18 [DEBUG] python_multipart.multipart: Calling on_part_data with data[187:190]
2025-07-22 00:42:18 [DEBUG] python_multipart.multipart: Calling on_part_end with no data
2025-07-22 00:42:18 [DEBUG] python_multipart.multipart: Calling on_end with no data
2025-07-22 00:42:18 [INFO] face-presence-api: Logging duration for user: 44, duration: 505.0
2025-07-22 00:42:18 [INFO] face-presence-api: Duration 505.0s successfully enqueued for user 44.
2025-07-22 00:42:24 [INFO] face-presence-api: [BatchLogger] Flushing durations: 1
2025-07-22 00:42:24 [DEBUG] urllib3.connectionpool: https://sheets.googleapis.com:443 "GET /v4/spreadsheets/1hjXERVEURCeKXeCw8TUbrkjF25_GVmORN0JgjZuu058?includeGridData=false HTTP/1.1" 200 None
2025-07-22 00:42:25 [DEBUG] urllib3.connectionpool: https://sheets.googleapis.com:443 "GET /v4/spreadsheets/1hjXERVEURCeKXeCw8TUbrkjF25_GVmORN0JgjZuu058/values/%27Verification%27 HTTP/1.1" 200 None
2025-07-22 00:42:25 [DEBUG] urllib3.connectionpool: https://sheets.googleapis.com:443 "GET /v4/spreadsheets/1hjXERVEURCeKXeCw8TUbrkjF25_GVmORN0JgjZuu058/values/%27Verification%27 HTTP/1.1" 200 None
2025-07-22 00:42:26 [DEBUG] urllib3.connectionpool: https://sheets.googleapis.com:443 "POST /v4/spreadsheets/1hjXERVEURCeKXeCw8TUbrkjF25_GVmORN0JgjZuu058/values:batchUpdate HTTP/1.1" 200 None
2025-07-22 00:42:26 [INFO] face-presence-api: [BatchLogger] Added 1 new duration headers
2025-07-22 00:42:26 [DEBUG] urllib3.connectionpool: https://sheets.googleapis.com:443 "POST /v4/spreadsheets/1hjXERVEURCeKXeCw8TUbrkjF25_GVmORN0JgjZuu058/values:batchUpdate HTTP/1.1" 200 None
2025-07-22 00:42:26 [INFO] face-presence-api: [BatchLogger] Updated durations for 1 cells
2025-07-22 00:42:26 [DEBUG] python_multipart.multipart: Calling on_part_begin with no data
2025-07-22 00:42:26 [DEBUG] python_multipart.multipart: Calling on_header_field with data[42:61]
2025-07-22 00:42:26 [DEBUG] python_multipart.multipart: Calling on_header_value with data[63:88]
2025-07-22 00:42:26 [DEBUG] python_multipart.multipart: Calling on_header_end with no data
2025-07-22 00:42:26 [DEBUG] python_multipart.multipart: Calling on_headers_finished with no data
2025-07-22 00:42:26 [DEBUG] python_multipart.multipart: Calling on_part_data with data[92:94]
2025-07-22 00:42:26 [DEBUG] python_multipart.multipart: Calling on_part_end with no data
2025-07-22 00:42:26 [DEBUG] python_multipart.multipart: Calling on_part_begin with no data
2025-07-22 00:42:26 [DEBUG] python_multipart.multipart: Calling on_header_field with data[138:157]
2025-07-22 00:42:26 [DEBUG] python_multipart.multipart: Calling on_header_value with data[159:214]
2025-07-22 00:42:26 [DEBUG] python_multipart.multipart: Calling on_header_end with no data
2025-07-22 00:42:26 [DEBUG] python_multipart.multipart: Calling on_header_field with data[216:228]
2025-07-22 00:42:26 [DEBUG] python_multipart.multipart: Calling on_header_value with data[230:240]
2025-07-22 00:42:26 [DEBUG] python_multipart.multipart: Calling on_header_end with no data
2025-07-22 00:42:26 [DEBUG] python_multipart.multipart: Calling on_headers_finished with no data
2025-07-22 00:42:26 [DEBUG] python_multipart.multipart: Calling on_part_data with data[244:2740]
2025-07-22 00:42:26 [DEBUG] python_multipart.multipart: Calling on_part_end with no data
2025-07-22 00:42:26 [DEBUG] python_multipart.multipart: Calling on_end with no data
2025-07-22 00:42:26 [INFO] face-presence-api: Verifying user: 44
2025-07-22 00:42:26 [INFO] face-presence-api: Starting verification for user: 44
2025-07-22 00:42:26 [INFO] face-presence-api: Computed similarity for user 44: 0.8105
2025-07-22 00:42:26 [INFO] face-presence-api: Comparison completed for user 44 with result: {'error': False, 'similarity': 0.8105486035346985}
2025-07-22 00:42:26 [INFO] face-presence-api: Verification success for user 44: Match (score=0.81055)
2025-07-22 00:42:26 [INFO] face-presence-api: Verification successful for user 44
2025-07-22 00:42:26 [DEBUG] python_multipart.multipart: Calling on_part_begin with no data
2025-07-22 00:42:26 [DEBUG] python_multipart.multipart: Calling on_header_field with data[42:61]
2025-07-22 00:42:26 [DEBUG] python_multipart.multipart: Calling on_header_value with data[63:88]
2025-07-22 00:42:26 [DEBUG] python_multipart.multipart: Calling on_header_end with no data
2025-07-22 00:42:26 [DEBUG] python_multipart.multipart: Calling on_headers_finished with no data
2025-07-22 00:42:26 [DEBUG] python_multipart.multipart: Calling on_part_data with data[92:94]
2025-07-22 00:42:26 [DEBUG] python_multipart.multipart: Calling on_part_end with no data
2025-07-22 00:42:26 [DEBUG] python_multipart.multipart: Calling on_part_begin with no data
2025-07-22 00:42:26 [DEBUG] python_multipart.multipart: Calling on_header_field with data[138:157]
2025-07-22 00:42:26 [DEBUG] python_multipart.multipart: Calling on_header_value with data[159:183]
2025-07-22 00:42:26 [DEBUG] python_multipart.multipart: Calling on_header_end with no data
2025-07-22 00:42:26 [DEBUG] python_multipart.multipart: Calling on_headers_finished with no data
2025-07-22 00:42:26 [DEBUG] python_multipart.multipart: Calling on_part_data with data[187:190]
2025-07-22 00:42:26 [DEBUG] python_multipart.multipart: Calling on_part_end with no data
2025-07-22 00:42:26 [DEBUG] python_multipart.multipart: Calling on_end with no data
2025-07-22 00:42:26 [INFO] face-presence-api: Logging duration for user: 44, duration: 152.0
2025-07-22 00:42:26 [INFO] face-presence-api: Duration 152.0s successfully enqueued for user 44.
2025-07-22 00:42:36 [INFO] face-presence-api: [BatchLogger] Flushing durations: 1
2025-07-22 00:42:36 [DEBUG] urllib3.connectionpool: https://sheets.googleapis.com:443 "GET /v4/spreadsheets/1hjXERVEURCeKXeCw8TUbrkjF25_GVmORN0JgjZuu058?includeGridData=false HTTP/1.1" 200 None
2025-07-22 00:42:37 [DEBUG] urllib3.connectionpool: https://sheets.googleapis.com:443 "GET /v4/spreadsheets/1hjXERVEURCeKXeCw8TUbrkjF25_GVmORN0JgjZuu058/values/%27Verification%27 HTTP/1.1" 200 None
2025-07-22 00:42:37 [DEBUG] urllib3.connectionpool: https://sheets.googleapis.com:443 "GET /v4/spreadsheets/1hjXERVEURCeKXeCw8TUbrkjF25_GVmORN0JgjZuu058/values/%27Verification%27 HTTP/1.1" 200 None
2025-07-22 00:42:37 [DEBUG] urllib3.connectionpool: https://sheets.googleapis.com:443 "POST /v4/spreadsheets/1hjXERVEURCeKXeCw8TUbrkjF25_GVmORN0JgjZuu058/values:batchUpdate HTTP/1.1" 200 None
2025-07-22 00:42:37 [INFO] face-presence-api: [BatchLogger] Added 1 new duration headers
2025-07-22 00:42:38 [DEBUG] urllib3.connectionpool: https://sheets.googleapis.com:443 "POST /v4/spreadsheets/1hjXERVEURCeKXeCw8TUbrkjF25_GVmORN0JgjZuu058/values:batchUpdate HTTP/1.1" 200 None
2025-07-22 00:42:38 [INFO] face-presence-api: [BatchLogger] Updated durations for 1 cells
2025-07-22 00:42:43 [DEBUG] python_multipart.multipart: Calling on_part_begin with no data
2025-07-22 00:42:43 [DEBUG] python_multipart.multipart: Calling on_header_field with data[42:61]
2025-07-22 00:42:43 [DEBUG] python_multipart.multipart: Calling on_header_value with data[63:88]
2025-07-22 00:42:43 [DEBUG] python_multipart.multipart: Calling on_header_end with no data
2025-07-22 00:42:43 [DEBUG] python_multipart.multipart: Calling on_headers_finished with no data
2025-07-22 00:42:43 [DEBUG] python_multipart.multipart: Calling on_part_data with data[92:94]
2025-07-22 00:42:43 [DEBUG] python_multipart.multipart: Calling on_part_end with no data
2025-07-22 00:42:43 [DEBUG] python_multipart.multipart: Calling on_end with no data
2025-07-22 00:42:43 [INFO] face-presence-api: Checking status for user: 44
2025-07-22 00:42:43 [INFO] face-presence-api: User 44 is already registered.
2025-07-22 00:42:45 [INFO] face-presence-api: [BatchLogger] Flushing 2 verifications...
2025-07-22 00:42:45 [DEBUG] urllib3.connectionpool: https://sheets.googleapis.com:443 "GET /v4/spreadsheets/1hjXERVEURCeKXeCw8TUbrkjF25_GVmORN0JgjZuu058?includeGridData=false HTTP/1.1" 200 None
2025-07-22 00:42:46 [DEBUG] urllib3.connectionpool: https://sheets.googleapis.com:443 "GET /v4/spreadsheets/1hjXERVEURCeKXeCw8TUbrkjF25_GVmORN0JgjZuu058/values/%27Verification%27 HTTP/1.1" 200 None
2025-07-22 00:42:46 [DEBUG] urllib3.connectionpool: https://sheets.googleapis.com:443 "GET /v4/spreadsheets/1hjXERVEURCeKXeCw8TUbrkjF25_GVmORN0JgjZuu058/values/%27Verification%27 HTTP/1.1" 200 None
2025-07-22 00:42:46 [DEBUG] urllib3.connectionpool: https://sheets.googleapis.com:443 "POST /v4/spreadsheets/1hjXERVEURCeKXeCw8TUbrkjF25_GVmORN0JgjZuu058/values:batchUpdate HTTP/1.1" 200 None
2025-07-22 00:42:46 [INFO] face-presence-api: [BatchLogger] Updated verification for 1 users
2025-07-22 00:42:46 [DEBUG] face-presence-api: [BatchLogger] No registrations, skip flush
2025-07-22 00:42:48 [DEBUG] face-presence-api: [BatchLogger] No durations, skip flush
2025-07-22 00:42:58 [DEBUG] face-presence-api: [BatchLogger] No durations, skip flush
2025-07-22 00:43:08 [DEBUG] face-presence-api: [BatchLogger] No durations, skip flush
2025-07-22 00:43:16 [DEBUG] face-presence-api: [BatchLogger] No verifications, skip flush
2025-07-22 00:43:16 [DEBUG] face-presence-api: [BatchLogger] No registrations, skip flush
2025-07-22 00:43:18 [DEBUG] face-presence-api: [BatchLogger] No durations, skip flush
2025-07-22 00:43:28 [DEBUG] face-presence-api: [BatchLogger] No durations, skip flush
2025-07-22 00:43:38 [DEBUG] face-presence-api: [BatchLogger] No durations, skip flush
2025-07-22 00:43:46 [DEBUG] face-presence-api: [BatchLogger] No verifications, skip flush
2025-07-22 00:43:46 [DEBUG] face-presence-api: [BatchLogger] No registrations, skip flush
2025-07-22 00:43:48 [DEBUG] face-presence-api: [BatchLogger] No durations, skip flush
2025-07-22 00:43:58 [DEBUG] face-presence-api: [BatchLogger] No durations, skip flush
2025-07-22 00:44:08 [DEBUG] face-presence-api: [BatchLogger] No durations, skip flush
2025-07-22 00:44:16 [DEBUG] face-presence-api: [BatchLogger] No registrations, skip flush
2025-07-22 00:44:16 [DEBUG] face-presence-api: [BatchLogger] No verifications, skip flush
2025-07-22 00:44:18 [DEBUG] face-presence-api: [BatchLogger] No durations, skip flush
2025-07-22 00:44:28 [DEBUG] face-presence-api: [BatchLogger] No durations, skip flush
2025-07-22 00:44:38 [DEBUG] face-presence-api: [BatchLogger] No durations, skip flush
2025-07-22 00:44:46 [DEBUG] face-presence-api: [BatchLogger] No verifications, skip flush
2025-07-22 00:44:46 [DEBUG] face-presence-api: [BatchLogger] No registrations, skip flush
2025-07-22 00:44:48 [DEBUG] face-presence-api: [BatchLogger] No durations, skip flush
2025-07-22 00:44:58 [DEBUG] face-presence-api: [BatchLogger] No durations, skip flush
2025-07-22 00:45:08 [DEBUG] face-presence-api: [BatchLogger] No durations, skip flush
2025-07-22 00:45:16 [DEBUG] face-presence-api: [BatchLogger] No registrations, skip flush
2025-07-22 00:45:16 [DEBUG] face-presence-api: [BatchLogger] No verifications, skip flush
2025-07-22 00:45:18 [DEBUG] face-presence-api: [BatchLogger] No durations, skip flush
2025-07-22 00:45:28 [DEBUG] face-presence-api: [BatchLogger] No durations, skip flush
2025-07-22 00:45:38 [DEBUG] face-presence-api: [BatchLogger] No durations, skip flush
2025-07-22 00:45:46 [DEBUG] face-presence-api: [BatchLogger] No verifications, skip flush
2025-07-22 00:45:46 [DEBUG] face-presence-api: [BatchLogger] No registrations, skip flush
2025-07-22 00:45:48 [DEBUG] face-presence-api: [BatchLogger] No durations, skip flush
2025-07-22 00:45:58 [DEBUG] face-presence-api: [BatchLogger] No durations, skip flush
2025-07-22 00:46:08 [DEBUG] face-presence-api: [BatchLogger] No durations, skip flush
2025-07-22 00:46:16 [DEBUG] face-presence-api: [BatchLogger] No verifications, skip flush
2025-07-22 00:46:16 [DEBUG] face-presence-api: [BatchLogger] No registrations, skip flush
2025-07-22 00:46:18 [DEBUG] face-presence-api: [BatchLogger] No durations, skip flush
2025-07-22 00:46:28 [DEBUG] face-presence-api: [BatchLogger] No durations, skip flush
2025-07-22 00:46:38 [DEBUG] face-presence-api: [BatchLogger] No durations, skip flush
2025-07-22 00:46:46 [DEBUG] face-presence-api: [BatchLogger] No verifications, skip flush
2025-07-22 00:46:46 [DEBUG] face-presence-api: [BatchLogger] No registrations, skip flush
2025-07-22 00:46:48 [DEBUG] face-presence-api: [BatchLogger] No durations, skip flush
2025-07-22 00:46:58 [DEBUG] face-presence-api: [BatchLogger] No durations, skip flush
2025-07-22 00:47:08 [DEBUG] face-presence-api: [BatchLogger] No durations, skip flush
2025-07-22 00:47:16 [DEBUG] face-presence-api: [BatchLogger] No verifications, skip flush
2025-07-22 00:47:16 [DEBUG] face-presence-api: [BatchLogger] No registrations, skip flush
2025-07-22 00:47:18 [DEBUG] face-presence-api: [BatchLogger] No durations, skip flush
2025-07-22 00:47:28 [DEBUG] face-presence-api: [BatchLogger] No durations, skip flush
2025-07-22 00:47:38 [DEBUG] face-presence-api: [BatchLogger] No durations, skip flush
2025-07-22 00:47:46 [DEBUG] face-presence-api: [BatchLogger] No verifications, skip flush
2025-07-22 00:47:46 [DEBUG] face-presence-api: [BatchLogger] No registrations, skip flush
2025-07-22 00:47:48 [DEBUG] face-presence-api: [BatchLogger] No durations, skip flush
2025-07-22 00:47:58 [DEBUG] face-presence-api: [BatchLogger] No durations, skip flush
2025-07-22 00:48:08 [DEBUG] face-presence-api: [BatchLogger] No durations, skip flush
2025-07-22 00:48:16 [DEBUG] face-presence-api: [BatchLogger] No verifications, skip flush
2025-07-22 00:48:16 [DEBUG] face-presence-api: [BatchLogger] No registrations, skip flush
2025-07-22 00:48:18 [DEBUG] face-presence-api: [BatchLogger] No durations, skip flush
2025-07-22 00:48:28 [DEBUG] face-presence-api: [BatchLogger] No durations, skip flush
2025-07-22 00:48:38 [DEBUG] face-presence-api: [BatchLogger] No durations, skip flush
2025-07-22 00:48:46 [DEBUG] face-presence-api: [BatchLogger] No verifications, skip flush
2025-07-22 00:48:46 [DEBUG] face-presence-api: [BatchLogger] No registrations, skip flush
2025-07-22 00:48:48 [DEBUG] face-presence-api: [BatchLogger] No durations, skip flush
2025-07-22 00:48:58 [DEBUG] face-presence-api: [BatchLogger] No durations, skip flush
2025-07-22 00:49:08 [DEBUG] face-presence-api: [BatchLogger] No durations, skip flush
2025-07-22 00:49:16 [DEBUG] face-presence-api: [BatchLogger] No verifications, skip flush
2025-07-22 00:49:16 [DEBUG] face-presence-api: [BatchLogger] No registrations, skip flush
2025-07-22 00:49:18 [DEBUG] face-presence-api: [BatchLogger] No durations, skip flush
2025-07-22 00:49:28 [DEBUG] face-presence-api: [BatchLogger] No durations, skip flush
2025-07-22 00:49:36 [DEBUG] python_multipart.multipart: Calling on_part_begin with no data
2025-07-22 00:49:36 [DEBUG] python_multipart.multipart: Calling on_header_field with data[42:61]
2025-07-22 00:49:36 [DEBUG] python_multipart.multipart: Calling on_header_value with data[63:88]
2025-07-22 00:49:36 [DEBUG] python_multipart.multipart: Calling on_header_end with no data
2025-07-22 00:49:36 [DEBUG] python_multipart.multipart: Calling on_headers_finished with no data
2025-07-22 00:49:36 [DEBUG] python_multipart.multipart: Calling on_part_data with data[92:94]
2025-07-22 00:49:36 [DEBUG] python_multipart.multipart: Calling on_part_end with no data
2025-07-22 00:49:36 [DEBUG] python_multipart.multipart: Calling on_end with no data
2025-07-22 00:49:36 [INFO] face-presence-api: Checking status for user: 44
2025-07-22 00:49:36 [INFO] face-presence-api: User 44 is already registered.
2025-07-22 00:49:38 [DEBUG] face-presence-api: [BatchLogger] No durations, skip flush
2025-07-22 00:49:46 [DEBUG] face-presence-api: [BatchLogger] No verifications, skip flush
2025-07-22 00:49:46 [DEBUG] face-presence-api: [BatchLogger] No registrations, skip flush
2025-07-22 00:49:48 [DEBUG] face-presence-api: [BatchLogger] No durations, skip flush
2025-07-22 00:49:54 [DEBUG] python_multipart.multipart: Calling on_part_begin with no data
2025-07-22 00:49:54 [DEBUG] python_multipart.multipart: Calling on_header_field with data[42:61]
2025-07-22 00:49:54 [DEBUG] python_multipart.multipart: Calling on_header_value with data[63:88]
2025-07-22 00:49:54 [DEBUG] python_multipart.multipart: Calling on_header_end with no data
2025-07-22 00:49:54 [DEBUG] python_multipart.multipart: Calling on_headers_finished with no data
2025-07-22 00:49:54 [DEBUG] python_multipart.multipart: Calling on_part_data with data[92:94]
2025-07-22 00:49:54 [DEBUG] python_multipart.multipart: Calling on_part_end with no data
2025-07-22 00:49:54 [DEBUG] python_multipart.multipart: Calling on_end with no data
2025-07-22 00:49:54 [INFO] face-presence-api: Checking status for user: 44
2025-07-22 00:49:54 [INFO] face-presence-api: User 44 is already registered.
2025-07-22 00:49:58 [DEBUG] face-presence-api: [BatchLogger] No durations, skip flush
2025-07-22 00:50:04 [DEBUG] python_multipart.multipart: Calling on_part_begin with no data
2025-07-22 00:50:04 [DEBUG] python_multipart.multipart: Calling on_header_field with data[42:61]
2025-07-22 00:50:04 [DEBUG] python_multipart.multipart: Calling on_header_value with data[63:88]
2025-07-22 00:50:04 [DEBUG] python_multipart.multipart: Calling on_header_end with no data
2025-07-22 00:50:04 [DEBUG] python_multipart.multipart: Calling on_headers_finished with no data
2025-07-22 00:50:04 [DEBUG] python_multipart.multipart: Calling on_part_data with data[92:94]
2025-07-22 00:50:04 [DEBUG] python_multipart.multipart: Calling on_part_end with no data
2025-07-22 00:50:04 [DEBUG] python_multipart.multipart: Calling on_end with no data
2025-07-22 00:50:04 [INFO] face-presence-api: Checking status for user: 44
2025-07-22 00:50:04 [INFO] face-presence-api: User 44 is already registered.
2025-07-22 00:50:08 [DEBUG] face-presence-api: [BatchLogger] No durations, skip flush
2025-07-22 00:50:15 [DEBUG] python_multipart.multipart: Calling on_part_begin with no data
2025-07-22 00:50:15 [DEBUG] python_multipart.multipart: Calling on_header_field with data[42:61]
2025-07-22 00:50:15 [DEBUG] python_multipart.multipart: Calling on_header_value with data[63:88]
2025-07-22 00:50:15 [DEBUG] python_multipart.multipart: Calling on_header_end with no data
2025-07-22 00:50:15 [DEBUG] python_multipart.multipart: Calling on_headers_finished with no data
2025-07-22 00:50:15 [DEBUG] python_multipart.multipart: Calling on_part_data with data[92:94]
2025-07-22 00:50:15 [DEBUG] python_multipart.multipart: Calling on_part_end with no data
2025-07-22 00:50:15 [DEBUG] python_multipart.multipart: Calling on_end with no data
2025-07-22 00:50:15 [INFO] face-presence-api: Checking status for user: 44
2025-07-22 00:50:15 [INFO] face-presence-api: User 44 is already registered.
2025-07-22 00:50:16 [DEBUG] face-presence-api: [BatchLogger] No verifications, skip flush
2025-07-22 00:50:16 [DEBUG] face-presence-api: [BatchLogger] No registrations, skip flush
2025-07-22 00:50:18 [DEBUG] face-presence-api: [BatchLogger] No durations, skip flush
2025-07-22 00:50:28 [DEBUG] face-presence-api: [BatchLogger] No durations, skip flush
2025-07-22 00:50:38 [DEBUG] face-presence-api: [BatchLogger] No durations, skip flush
2025-07-22 00:50:46 [DEBUG] face-presence-api: [BatchLogger] No verifications, skip flush
2025-07-22 00:50:46 [DEBUG] face-presence-api: [BatchLogger] No registrations, skip flush
2025-07-22 00:50:48 [DEBUG] face-presence-api: [BatchLogger] No durations, skip flush
2025-07-22 00:50:58 [DEBUG] face-presence-api: [BatchLogger] No durations, skip flush
2025-07-22 00:51:08 [DEBUG] face-presence-api: [BatchLogger] No durations, skip flush
2025-07-22 00:51:16 [DEBUG] face-presence-api: [BatchLogger] No verifications, skip flush
2025-07-22 00:51:16 [DEBUG] face-presence-api: [BatchLogger] No registrations, skip flush
2025-07-22 00:51:18 [DEBUG] face-presence-api: [BatchLogger] No durations, skip flush
2025-07-22 00:51:28 [DEBUG] face-presence-api: [BatchLogger] No durations, skip flush
2025-07-22 00:51:37 [DEBUG] python_multipart.multipart: Calling on_part_begin with no data
2025-07-22 00:51:37 [DEBUG] python_multipart.multipart: Calling on_header_field with data[42:61]
2025-07-22 00:51:37 [DEBUG] python_multipart.multipart: Calling on_header_value with data[63:88]
2025-07-22 00:51:37 [DEBUG] python_multipart.multipart: Calling on_header_end with no data
2025-07-22 00:51:37 [DEBUG] python_multipart.multipart: Calling on_headers_finished with no data
2025-07-22 00:51:37 [DEBUG] python_multipart.multipart: Calling on_part_data with data[92:94]
2025-07-22 00:51:37 [DEBUG] python_multipart.multipart: Calling on_part_end with no data
2025-07-22 00:51:37 [DEBUG] python_multipart.multipart: Calling on_end with no data
2025-07-22 00:51:37 [INFO] face-presence-api: Checking status for user: 44
2025-07-22 00:51:37 [INFO] face-presence-api: User 44 is already registered.
2025-07-22 00:51:38 [DEBUG] face-presence-api: [BatchLogger] No durations, skip flush
2025-07-22 00:51:46 [DEBUG] face-presence-api: [BatchLogger] No verifications, skip flush
2025-07-22 00:51:46 [DEBUG] face-presence-api: [BatchLogger] No registrations, skip flush
2025-07-22 00:51:48 [DEBUG] face-presence-api: [BatchLogger] No durations, skip flush
2025-07-22 00:51:58 [DEBUG] face-presence-api: [BatchLogger] No durations, skip flush
2025-07-22 00:52:08 [DEBUG] face-presence-api: [BatchLogger] No durations, skip flush
2025-07-22 00:52:16 [DEBUG] face-presence-api: [BatchLogger] No verifications, skip flush
2025-07-22 00:52:16 [DEBUG] face-presence-api: [BatchLogger] No registrations, skip flush
2025-07-22 00:52:18 [DEBUG] face-presence-api: [BatchLogger] No durations, skip flush
2025-07-22 00:52:28 [DEBUG] face-presence-api: [BatchLogger] No durations, skip flush
2025-07-22 00:52:38 [DEBUG] face-presence-api: [BatchLogger] No durations, skip flush
2025-07-22 00:52:46 [DEBUG] face-presence-api: [BatchLogger] No verifications, skip flush
2025-07-22 00:52:46 [DEBUG] face-presence-api: [BatchLogger] No registrations, skip flush
2025-07-22 00:52:48 [DEBUG] face-presence-api: [BatchLogger] No durations, skip flush
2025-07-22 00:52:58 [DEBUG] face-presence-api: [BatchLogger] No durations, skip flush
2025-07-22 00:53:08 [DEBUG] face-presence-api: [BatchLogger] No durations, skip flush
2025-07-22 00:53:16 [DEBUG] face-presence-api: [BatchLogger] No verifications, skip flush
2025-07-22 00:53:17 [DEBUG] face-presence-api: [BatchLogger] No registrations, skip flush
2025-07-22 00:53:18 [DEBUG] face-presence-api: [BatchLogger] No durations, skip flush
2025-07-22 00:53:19 [DEBUG] python_multipart.multipart: Calling on_part_begin with no data
2025-07-22 00:53:19 [DEBUG] python_multipart.multipart: Calling on_header_field with data[42:61]
2025-07-22 00:53:19 [DEBUG] python_multipart.multipart: Calling on_header_value with data[63:88]
2025-07-22 00:53:19 [DEBUG] python_multipart.multipart: Calling on_header_end with no data
2025-07-22 00:53:19 [DEBUG] python_multipart.multipart: Calling on_headers_finished with no data
2025-07-22 00:53:19 [DEBUG] python_multipart.multipart: Calling on_part_data with data[92:94]
2025-07-22 00:53:19 [DEBUG] python_multipart.multipart: Calling on_part_end with no data
2025-07-22 00:53:19 [DEBUG] python_multipart.multipart: Calling on_end with no data
2025-07-22 00:53:19 [INFO] face-presence-api: Checking status for user: 44
2025-07-22 00:53:19 [INFO] face-presence-api: User 44 is already registered.
2025-07-22 00:53:27 [DEBUG] python_multipart.multipart: Calling on_part_begin with no data
2025-07-22 00:53:27 [DEBUG] python_multipart.multipart: Calling on_header_field with data[42:61]
2025-07-22 00:53:27 [DEBUG] python_multipart.multipart: Calling on_header_value with data[63:88]
2025-07-22 00:53:27 [DEBUG] python_multipart.multipart: Calling on_header_end with no data
2025-07-22 00:53:27 [DEBUG] python_multipart.multipart: Calling on_headers_finished with no data
2025-07-22 00:53:27 [DEBUG] python_multipart.multipart: Calling on_part_data with data[92:94]
2025-07-22 00:53:27 [DEBUG] python_multipart.multipart: Calling on_part_end with no data
2025-07-22 00:53:27 [DEBUG] python_multipart.multipart: Calling on_end with no data
2025-07-22 00:53:27 [INFO] face-presence-api: Checking status for user: 44
2025-07-22 00:53:27 [INFO] face-presence-api: User 44 is already registered.
2025-07-22 00:53:28 [DEBUG] face-presence-api: [BatchLogger] No durations, skip flush
2025-07-22 00:53:38 [DEBUG] face-presence-api: [BatchLogger] No durations, skip flush
2025-07-22 00:53:47 [DEBUG] face-presence-api: [BatchLogger] No verifications, skip flush
2025-07-22 00:53:47 [DEBUG] face-presence-api: [BatchLogger] No registrations, skip flush
2025-07-22 00:53:48 [DEBUG] face-presence-api: [BatchLogger] No durations, skip flush
2025-07-22 00:53:58 [DEBUG] face-presence-api: [BatchLogger] No durations, skip flush
2025-07-22 00:54:08 [DEBUG] face-presence-api: [BatchLogger] No durations, skip flush
2025-07-22 00:54:17 [DEBUG] face-presence-api: [BatchLogger] No registrations, skip flush
2025-07-22 00:54:17 [DEBUG] face-presence-api: [BatchLogger] No verifications, skip flush
2025-07-22 00:54:18 [DEBUG] face-presence-api: [BatchLogger] No durations, skip flush
2025-07-22 00:54:28 [DEBUG] face-presence-api: [BatchLogger] No durations, skip flush
2025-07-22 00:54:38 [DEBUG] face-presence-api: [BatchLogger] No durations, skip flush
2025-07-22 00:54:47 [DEBUG] face-presence-api: [BatchLogger] No registrations, skip flush
2025-07-22 00:54:47 [DEBUG] face-presence-api: [BatchLogger] No verifications, skip flush
2025-07-22 00:54:48 [DEBUG] face-presence-api: [BatchLogger] No durations, skip flush
2025-07-22 00:54:58 [DEBUG] face-presence-api: [BatchLogger] No durations, skip flush
2025-07-22 00:55:08 [DEBUG] face-presence-api: [BatchLogger] No durations, skip flush
2025-07-22 00:55:17 [DEBUG] face-presence-api: [BatchLogger] No verifications, skip flush
2025-07-22 00:55:17 [DEBUG] face-presence-api: [BatchLogger] No registrations, skip flush
2025-07-22 00:55:18 [DEBUG] face-presence-api: [BatchLogger] No durations, skip flush
2025-07-22 00:55:29 [DEBUG] face-presence-api: [BatchLogger] No durations, skip flush
2025-07-22 00:55:39 [DEBUG] face-presence-api: [BatchLogger] No durations, skip flush
2025-07-22 00:55:47 [DEBUG] face-presence-api: [BatchLogger] No verifications, skip flush
2025-07-22 00:55:47 [DEBUG] face-presence-api: [BatchLogger] No registrations, skip flush
2025-07-22 00:55:49 [DEBUG] face-presence-api: [BatchLogger] No durations, skip flush
2025-07-22 00:55:59 [DEBUG] face-presence-api: [BatchLogger] No durations, skip flush
2025-07-22 00:56:09 [DEBUG] face-presence-api: [BatchLogger] No durations, skip flush
2025-07-22 00:56:17 [DEBUG] face-presence-api: [BatchLogger] No verifications, skip flush
2025-07-22 00:56:17 [DEBUG] face-presence-api: [BatchLogger] No registrations, skip flush
2025-07-22 00:56:19 [DEBUG] face-presence-api: [BatchLogger] No durations, skip flush
2025-07-22 00:56:29 [DEBUG] face-presence-api: [BatchLogger] No durations, skip flush
2025-07-22 00:56:37 [DEBUG] python_multipart.multipart: Calling on_part_begin with no data
2025-07-22 00:56:37 [DEBUG] python_multipart.multipart: Calling on_header_field with data[42:61]
2025-07-22 00:56:37 [DEBUG] python_multipart.multipart: Calling on_header_value with data[63:88]
2025-07-22 00:56:37 [DEBUG] python_multipart.multipart: Calling on_header_end with no data
2025-07-22 00:56:37 [DEBUG] python_multipart.multipart: Calling on_headers_finished with no data
2025-07-22 00:56:38 [DEBUG] python_multipart.multipart: Calling on_part_data with data[92:94]
2025-07-22 00:56:38 [DEBUG] python_multipart.multipart: Calling on_part_end with no data
2025-07-22 00:56:38 [DEBUG] python_multipart.multipart: Calling on_end with no data
2025-07-22 00:56:38 [INFO] face-presence-api: Checking status for user: 44
2025-07-22 00:56:38 [INFO] face-presence-api: User 44 is already registered.
2025-07-22 00:56:39 [DEBUG] face-presence-api: [BatchLogger] No durations, skip flush
2025-07-22 00:56:47 [DEBUG] face-presence-api: [BatchLogger] No verifications, skip flush
2025-07-22 00:56:47 [DEBUG] face-presence-api: [BatchLogger] No registrations, skip flush
2025-07-22 00:56:49 [DEBUG] face-presence-api: [BatchLogger] No durations, skip flush
2025-07-22 00:56:59 [DEBUG] face-presence-api: [BatchLogger] No durations, skip flush
2025-07-22 00:57:09 [DEBUG] face-presence-api: [BatchLogger] No durations, skip flush
2025-07-22 00:57:17 [DEBUG] face-presence-api: [BatchLogger] No verifications, skip flush
2025-07-22 00:57:17 [DEBUG] face-presence-api: [BatchLogger] No registrations, skip flush
2025-07-22 00:57:19 [DEBUG] face-presence-api: [BatchLogger] No durations, skip flush
2025-07-22 00:57:29 [DEBUG] face-presence-api: [BatchLogger] No durations, skip flush
2025-07-22 00:57:39 [DEBUG] face-presence-api: [BatchLogger] No durations, skip flush
2025-07-22 00:57:47 [DEBUG] face-presence-api: [BatchLogger] No verifications, skip flush
2025-07-22 00:57:47 [DEBUG] face-presence-api: [BatchLogger] No registrations, skip flush
2025-07-22 00:57:49 [DEBUG] face-presence-api: [BatchLogger] No durations, skip flush
2025-07-22 00:57:59 [DEBUG] face-presence-api: [BatchLogger] No durations, skip flush
2025-07-22 00:58:09 [DEBUG] face-presence-api: [BatchLogger] No durations, skip flush
2025-07-22 00:58:17 [DEBUG] face-presence-api: [BatchLogger] No verifications, skip flush
2025-07-22 00:58:17 [DEBUG] face-presence-api: [BatchLogger] No registrations, skip flush
2025-07-22 00:58:19 [DEBUG] face-presence-api: [BatchLogger] No durations, skip flush
2025-07-22 00:58:29 [DEBUG] face-presence-api: [BatchLogger] No durations, skip flush
2025-07-22 00:58:39 [DEBUG] face-presence-api: [BatchLogger] No durations, skip flush
2025-07-22 00:58:47 [DEBUG] face-presence-api: [BatchLogger] No verifications, skip flush
2025-07-22 00:58:47 [DEBUG] face-presence-api: [BatchLogger] No registrations, skip flush
2025-07-22 00:58:49 [DEBUG] face-presence-api: [BatchLogger] No durations, skip flush
2025-07-22 00:58:59 [DEBUG] face-presence-api: [BatchLogger] No durations, skip flush
2025-07-22 00:59:09 [DEBUG] face-presence-api: [BatchLogger] No durations, skip flush
2025-07-22 00:59:17 [DEBUG] face-presence-api: [BatchLogger] No verifications, skip flush
2025-07-22 00:59:17 [DEBUG] face-presence-api: [BatchLogger] No registrations, skip flush
2025-07-22 00:59:19 [DEBUG] face-presence-api: [BatchLogger] No durations, skip flush
2025-07-22 00:59:29 [DEBUG] face-presence-api: [BatchLogger] No durations, skip flush
2025-07-22 00:59:39 [DEBUG] face-presence-api: [BatchLogger] No durations, skip flush
2025-07-22 00:59:47 [DEBUG] face-presence-api: [BatchLogger] No verifications, skip flush
2025-07-22 00:59:47 [DEBUG] face-presence-api: [BatchLogger] No registrations, skip flush
2025-07-22 00:59:49 [DEBUG] face-presence-api: [BatchLogger] No durations, skip flush
2025-07-22 00:59:59 [DEBUG] face-presence-api: [BatchLogger] No durations, skip flush
2025-07-22 01:00:09 [DEBUG] face-presence-api: [BatchLogger] No durations, skip flush
2025-07-22 01:00:17 [DEBUG] face-presence-api: [BatchLogger] No verifications, skip flush
2025-07-22 01:00:17 [DEBUG] face-presence-api: [BatchLogger] No registrations, skip flush
2025-07-22 01:00:19 [DEBUG] face-presence-api: [BatchLogger] No durations, skip flush
2025-07-22 01:00:29 [DEBUG] face-presence-api: [BatchLogger] No durations, skip flush
2025-07-22 01:00:29 [DEBUG] python_multipart.multipart: Calling on_part_begin with no data
2025-07-22 01:00:29 [DEBUG] python_multipart.multipart: Calling on_header_field with data[42:61]
2025-07-22 01:00:29 [DEBUG] python_multipart.multipart: Calling on_header_value with data[63:88]
2025-07-22 01:00:29 [DEBUG] python_multipart.multipart: Calling on_header_end with no data
2025-07-22 01:00:29 [DEBUG] python_multipart.multipart: Calling on_headers_finished with no data
2025-07-22 01:00:29 [DEBUG] python_multipart.multipart: Calling on_part_data with data[92:94]
2025-07-22 01:00:29 [DEBUG] python_multipart.multipart: Calling on_part_end with no data
2025-07-22 01:00:29 [DEBUG] python_multipart.multipart: Calling on_end with no data
2025-07-22 01:00:29 [INFO] face-presence-api: Checking status for user: 44
2025-07-22 01:00:29 [INFO] face-presence-api: User 44 is already registered.
2025-07-22 01:00:39 [DEBUG] face-presence-api: [BatchLogger] No durations, skip flush
2025-07-22 01:00:47 [DEBUG] face-presence-api: [BatchLogger] No verifications, skip flush
2025-07-22 01:00:47 [DEBUG] face-presence-api: [BatchLogger] No registrations, skip flush
2025-07-22 01:00:49 [DEBUG] face-presence-api: [BatchLogger] No durations, skip flush
2025-07-22 01:00:59 [DEBUG] face-presence-api: [BatchLogger] No durations, skip flush
2025-07-22 01:01:09 [DEBUG] face-presence-api: [BatchLogger] No durations, skip flush
2025-07-22 01:01:17 [DEBUG] face-presence-api: [BatchLogger] No verifications, skip flush
2025-07-22 01:01:17 [DEBUG] face-presence-api: [BatchLogger] No registrations, skip flush
2025-07-22 01:01:19 [DEBUG] face-presence-api: [BatchLogger] No durations, skip flush
2025-07-22 01:01:29 [DEBUG] face-presence-api: [BatchLogger] No durations, skip flush
2025-07-22 01:01:39 [DEBUG] face-presence-api: [BatchLogger] No durations, skip flush
2025-07-22 01:01:47 [DEBUG] face-presence-api: [BatchLogger] No verifications, skip flush
2025-07-22 01:01:47 [DEBUG] face-presence-api: [BatchLogger] No registrations, skip flush
2025-07-22 01:01:49 [DEBUG] face-presence-api: [BatchLogger] No durations, skip flush
2025-07-22 01:01:59 [DEBUG] face-presence-api: [BatchLogger] No durations, skip flush
2025-07-22 01:02:09 [DEBUG] face-presence-api: [BatchLogger] No durations, skip flush
2025-07-22 01:02:15 [DEBUG] python_multipart.multipart: Calling on_part_begin with no data
2025-07-22 01:02:15 [DEBUG] python_multipart.multipart: Calling on_header_field with data[42:61]
2025-07-22 01:02:15 [DEBUG] python_multipart.multipart: Calling on_header_value with data[63:88]
2025-07-22 01:02:15 [DEBUG] python_multipart.multipart: Calling on_header_end with no data
2025-07-22 01:02:15 [DEBUG] python_multipart.multipart: Calling on_headers_finished with no data
2025-07-22 01:02:15 [DEBUG] python_multipart.multipart: Calling on_part_data with data[92:94]
2025-07-22 01:02:15 [DEBUG] python_multipart.multipart: Calling on_part_end with no data
2025-07-22 01:02:15 [DEBUG] python_multipart.multipart: Calling on_end with no data
2025-07-22 01:02:15 [INFO] face-presence-api: Checking status for user: 44
2025-07-22 01:02:15 [INFO] face-presence-api: User 44 is already registered.
2025-07-22 01:02:17 [DEBUG] face-presence-api: [BatchLogger] No verifications, skip flush
2025-07-22 01:02:17 [DEBUG] face-presence-api: [BatchLogger] No registrations, skip flush
2025-07-22 01:02:19 [DEBUG] face-presence-api: [BatchLogger] No durations, skip flush
2025-07-22 01:02:29 [DEBUG] face-presence-api: [BatchLogger] No durations, skip flush
2025-07-22 01:02:39 [DEBUG] face-presence-api: [BatchLogger] No durations, skip flush
2025-07-22 01:02:47 [DEBUG] face-presence-api: [BatchLogger] No verifications, skip flush
2025-07-22 01:02:47 [DEBUG] face-presence-api: [BatchLogger] No registrations, skip flush
2025-07-22 01:02:49 [DEBUG] face-presence-api: [BatchLogger] No durations, skip flush
2025-07-22 01:02:59 [DEBUG] face-presence-api: [BatchLogger] No durations, skip flush
2025-07-22 01:03:02 [DEBUG] python_multipart.multipart: Calling on_part_begin with no data
2025-07-22 01:03:02 [DEBUG] python_multipart.multipart: Calling on_header_field with data[42:61]
2025-07-22 01:03:03 [DEBUG] python_multipart.multipart: Calling on_header_value with data[63:88]
2025-07-22 01:03:03 [DEBUG] python_multipart.multipart: Calling on_header_end with no data
2025-07-22 01:03:03 [DEBUG] python_multipart.multipart: Calling on_headers_finished with no data
2025-07-22 01:03:03 [DEBUG] python_multipart.multipart: Calling on_part_data with data[92:94]
2025-07-22 01:03:03 [DEBUG] python_multipart.multipart: Calling on_part_end with no data
2025-07-22 01:03:03 [DEBUG] python_multipart.multipart: Calling on_end with no data
2025-07-22 01:03:03 [INFO] face-presence-api: Checking status for user: 44
2025-07-22 01:03:03 [INFO] face-presence-api: User 44 is already registered.
2025-07-22 01:03:09 [DEBUG] face-presence-api: [BatchLogger] No durations, skip flush
2025-07-22 01:03:14 [DEBUG] python_multipart.multipart: Calling on_part_begin with no data
2025-07-22 01:03:14 [DEBUG] python_multipart.multipart: Calling on_header_field with data[42:61]
2025-07-22 01:03:14 [DEBUG] python_multipart.multipart: Calling on_header_value with data[63:88]
2025-07-22 01:03:14 [DEBUG] python_multipart.multipart: Calling on_header_end with no data
2025-07-22 01:03:14 [DEBUG] python_multipart.multipart: Calling on_headers_finished with no data
2025-07-22 01:03:14 [DEBUG] python_multipart.multipart: Calling on_part_data with data[92:94]
2025-07-22 01:03:14 [DEBUG] python_multipart.multipart: Calling on_part_end with no data
2025-07-22 01:03:14 [DEBUG] python_multipart.multipart: Calling on_end with no data
2025-07-22 01:03:14 [INFO] face-presence-api: Checking status for user: 44
2025-07-22 01:03:14 [INFO] face-presence-api: User 44 is already registered.
2025-07-22 01:03:17 [DEBUG] face-presence-api: [BatchLogger] No verifications, skip flush
2025-07-22 01:03:17 [DEBUG] face-presence-api: [BatchLogger] No registrations, skip flush
2025-07-22 01:03:19 [DEBUG] face-presence-api: [BatchLogger] No durations, skip flush
2025-07-22 01:03:29 [DEBUG] face-presence-api: [BatchLogger] No durations, skip flush
2025-07-22 01:03:37 [DEBUG] python_multipart.multipart: Calling on_part_begin with no data
2025-07-22 01:03:37 [DEBUG] python_multipart.multipart: Calling on_header_field with data[42:61]
2025-07-22 01:03:37 [DEBUG] python_multipart.multipart: Calling on_header_value with data[63:88]
2025-07-22 01:03:37 [DEBUG] python_multipart.multipart: Calling on_header_end with no data
2025-07-22 01:03:37 [DEBUG] python_multipart.multipart: Calling on_headers_finished with no data
2025-07-22 01:03:37 [DEBUG] python_multipart.multipart: Calling on_part_data with data[92:94]
2025-07-22 01:03:37 [DEBUG] python_multipart.multipart: Calling on_part_end with no data
2025-07-22 01:03:37 [DEBUG] python_multipart.multipart: Calling on_end with no data
2025-07-22 01:03:37 [INFO] face-presence-api: Checking status for user: 44
2025-07-22 01:03:37 [INFO] face-presence-api: User 44 is already registered.
2025-07-22 01:03:39 [DEBUG] face-presence-api: [BatchLogger] No durations, skip flush
2025-07-22 01:03:47 [DEBUG] face-presence-api: [BatchLogger] No verifications, skip flush
2025-07-22 01:03:47 [DEBUG] face-presence-api: [BatchLogger] No registrations, skip flush
2025-07-22 01:03:49 [DEBUG] face-presence-api: [BatchLogger] No durations, skip flush
2025-07-22 01:03:59 [DEBUG] face-presence-api: [BatchLogger] No durations, skip flush
2025-07-22 01:04:09 [DEBUG] face-presence-api: [BatchLogger] No durations, skip flush
2025-07-22 01:04:17 [DEBUG] face-presence-api: [BatchLogger] No verifications, skip flush
2025-07-22 01:04:17 [DEBUG] face-presence-api: [BatchLogger] No registrations, skip flush
2025-07-22 01:04:19 [DEBUG] face-presence-api: [BatchLogger] No durations, skip flush
2025-07-22 01:04:29 [DEBUG] face-presence-api: [BatchLogger] No durations, skip flush
2025-07-22 01:04:39 [DEBUG] face-presence-api: [BatchLogger] No durations, skip flush
2025-07-22 01:04:47 [DEBUG] face-presence-api: [BatchLogger] No verifications, skip flush
2025-07-22 01:04:47 [DEBUG] face-presence-api: [BatchLogger] No registrations, skip flush
2025-07-22 01:04:50 [DEBUG] face-presence-api: [BatchLogger] No durations, skip flush
2025-07-22 01:05:00 [DEBUG] face-presence-api: [BatchLogger] No durations, skip flush
2025-07-22 01:05:10 [DEBUG] face-presence-api: [BatchLogger] No durations, skip flush
2025-07-22 01:05:17 [DEBUG] face-presence-api: [BatchLogger] No verifications, skip flush
2025-07-22 01:05:17 [DEBUG] face-presence-api: [BatchLogger] No registrations, skip flush
2025-07-22 01:05:20 [DEBUG] face-presence-api: [BatchLogger] No durations, skip flush
2025-07-22 01:05:30 [DEBUG] face-presence-api: [BatchLogger] No durations, skip flush
2025-07-22 01:05:40 [DEBUG] face-presence-api: [BatchLogger] No durations, skip flush
2025-07-22 01:05:47 [DEBUG] face-presence-api: [BatchLogger] No verifications, skip flush
2025-07-22 01:05:47 [DEBUG] face-presence-api: [BatchLogger] No registrations, skip flush
2025-07-22 01:05:50 [DEBUG] face-presence-api: [BatchLogger] No durations, skip flush
2025-07-22 01:06:00 [DEBUG] face-presence-api: [BatchLogger] No durations, skip flush
2025-07-22 01:06:10 [DEBUG] face-presence-api: [BatchLogger] No durations, skip flush
2025-07-22 01:06:17 [DEBUG] face-presence-api: [BatchLogger] No verifications, skip flush
2025-07-22 01:06:17 [DEBUG] face-presence-api: [BatchLogger] No registrations, skip flush
2025-07-22 01:06:20 [DEBUG] face-presence-api: [BatchLogger] No durations, skip flush
2025-07-22 01:06:30 [DEBUG] face-presence-api: [BatchLogger] No durations, skip flush
2025-07-22 01:06:40 [DEBUG] face-presence-api: [BatchLogger] No durations, skip flush
2025-07-22 01:06:47 [DEBUG] face-presence-api: [BatchLogger] No verifications, skip flush
2025-07-22 01:06:47 [DEBUG] face-presence-api: [BatchLogger] No registrations, skip flush
2025-07-22 01:06:50 [DEBUG] face-presence-api: [BatchLogger] No durations, skip flush
2025-07-22 01:07:00 [DEBUG] face-presence-api: [BatchLogger] No durations, skip flush
2025-07-22 01:07:10 [DEBUG] face-presence-api: [BatchLogger] No durations, skip flush
2025-07-22 01:07:17 [DEBUG] face-presence-api: [BatchLogger] No verifications, skip flush
2025-07-22 01:07:17 [DEBUG] face-presence-api: [BatchLogger] No registrations, skip flush
2025-07-22 01:07:20 [DEBUG] face-presence-api: [BatchLogger] No durations, skip flush
2025-07-22 01:07:30 [DEBUG] face-presence-api: [BatchLogger] No durations, skip flush
2025-07-22 01:07:40 [DEBUG] face-presence-api: [BatchLogger] No durations, skip flush
2025-07-22 01:07:47 [DEBUG] face-presence-api: [BatchLogger] No verifications, skip flush
2025-07-22 01:07:47 [DEBUG] face-presence-api: [BatchLogger] No registrations, skip flush
2025-07-22 01:07:50 [DEBUG] face-presence-api: [BatchLogger] No durations, skip flush
2025-07-22 01:08:00 [DEBUG] face-presence-api: [BatchLogger] No durations, skip flush
2025-07-22 01:08:10 [DEBUG] face-presence-api: [BatchLogger] No durations, skip flush
2025-07-22 01:08:17 [DEBUG] face-presence-api: [BatchLogger] No verifications, skip flush
2025-07-22 01:08:17 [DEBUG] face-presence-api: [BatchLogger] No registrations, skip flush
2025-07-22 01:08:20 [DEBUG] face-presence-api: [BatchLogger] No durations, skip flush
2025-07-22 01:08:30 [DEBUG] face-presence-api: [BatchLogger] No durations, skip flush
2025-07-22 01:08:40 [DEBUG] face-presence-api: [BatchLogger] No durations, skip flush
2025-07-22 01:08:47 [DEBUG] face-presence-api: [BatchLogger] No verifications, skip flush
2025-07-22 01:08:47 [DEBUG] face-presence-api: [BatchLogger] No registrations, skip flush
2025-07-22 01:08:50 [DEBUG] face-presence-api: [BatchLogger] No durations, skip flush
2025-07-22 01:09:00 [DEBUG] face-presence-api: [BatchLogger] No durations, skip flush
2025-07-22 01:09:10 [DEBUG] face-presence-api: [BatchLogger] No durations, skip flush
2025-07-22 01:09:17 [DEBUG] face-presence-api: [BatchLogger] No verifications, skip flush
2025-07-22 01:09:17 [DEBUG] face-presence-api: [BatchLogger] No registrations, skip flush
2025-07-22 01:09:20 [DEBUG] face-presence-api: [BatchLogger] No durations, skip flush
2025-07-22 01:09:30 [DEBUG] face-presence-api: [BatchLogger] No durations, skip flush
2025-07-22 01:09:40 [DEBUG] face-presence-api: [BatchLogger] No durations, skip flush
2025-07-22 01:09:47 [DEBUG] face-presence-api: [BatchLogger] No verifications, skip flush
2025-07-22 01:09:47 [DEBUG] face-presence-api: [BatchLogger] No registrations, skip flush
2025-07-22 01:09:50 [DEBUG] face-presence-api: [BatchLogger] No durations, skip flush
2025-07-22 01:10:00 [DEBUG] face-presence-api: [BatchLogger] No durations, skip flush
2025-07-22 01:10:10 [DEBUG] face-presence-api: [BatchLogger] No durations, skip flush
2025-07-22 01:10:17 [DEBUG] face-presence-api: [BatchLogger] No verifications, skip flush
2025-07-22 01:10:17 [DEBUG] face-presence-api: [BatchLogger] No registrations, skip flush
2025-07-22 01:10:20 [DEBUG] face-presence-api: [BatchLogger] No durations, skip flush
2025-07-22 01:10:30 [DEBUG] face-presence-api: [BatchLogger] No durations, skip flush
2025-07-22 01:10:40 [DEBUG] face-presence-api: [BatchLogger] No durations, skip flush
2025-07-22 01:10:47 [DEBUG] face-presence-api: [BatchLogger] No verifications, skip flush
2025-07-22 01:10:47 [DEBUG] face-presence-api: [BatchLogger] No registrations, skip flush
2025-07-22 01:10:50 [DEBUG] face-presence-api: [BatchLogger] No durations, skip flush
2025-07-22 01:11:00 [DEBUG] face-presence-api: [BatchLogger] No durations, skip flush
2025-07-22 01:11:10 [DEBUG] face-presence-api: [BatchLogger] No durations, skip flush
2025-07-22 01:11:17 [DEBUG] face-presence-api: [BatchLogger] No verifications, skip flush
2025-07-22 01:11:17 [DEBUG] face-presence-api: [BatchLogger] No registrations, skip flush
2025-07-22 01:11:20 [DEBUG] face-presence-api: [BatchLogger] No durations, skip flush
2025-07-22 01:11:30 [DEBUG] face-presence-api: [BatchLogger] No durations, skip flush
2025-07-22 01:11:40 [DEBUG] face-presence-api: [BatchLogger] No durations, skip flush
2025-07-22 01:11:47 [DEBUG] face-presence-api: [BatchLogger] No verifications, skip flush
2025-07-22 01:11:47 [DEBUG] face-presence-api: [BatchLogger] No registrations, skip flush
2025-07-22 01:11:50 [DEBUG] face-presence-api: [BatchLogger] No durations, skip flush
2025-07-22 01:12:00 [DEBUG] face-presence-api: [BatchLogger] No durations, skip flush
2025-07-22 01:12:10 [DEBUG] face-presence-api: [BatchLogger] No durations, skip flush
2025-07-22 01:12:17 [DEBUG] face-presence-api: [BatchLogger] No verifications, skip flush
2025-07-22 01:12:17 [DEBUG] face-presence-api: [BatchLogger] No registrations, skip flush
2025-07-22 01:12:20 [DEBUG] face-presence-api: [BatchLogger] No durations, skip flush
2025-07-22 01:12:30 [DEBUG] face-presence-api: [BatchLogger] No durations, skip flush
2025-07-22 01:12:40 [DEBUG] face-presence-api: [BatchLogger] No durations, skip flush
2025-07-22 01:12:47 [DEBUG] face-presence-api: [BatchLogger] No verifications, skip flush
2025-07-22 01:12:47 [DEBUG] face-presence-api: [BatchLogger] No registrations, skip flush
2025-07-22 01:12:50 [DEBUG] face-presence-api: [BatchLogger] No durations, skip flush
2025-07-22 01:13:00 [DEBUG] face-presence-api: [BatchLogger] No durations, skip flush
2025-07-22 01:13:10 [DEBUG] face-presence-api: [BatchLogger] No durations, skip flush
2025-07-22 01:13:17 [DEBUG] face-presence-api: [BatchLogger] No verifications, skip flush
2025-07-22 01:13:17 [DEBUG] face-presence-api: [BatchLogger] No registrations, skip flush
2025-07-22 01:13:20 [DEBUG] face-presence-api: [BatchLogger] No durations, skip flush
2025-07-22 01:13:30 [DEBUG] face-presence-api: [BatchLogger] No durations, skip flush
2025-07-22 01:13:40 [DEBUG] face-presence-api: [BatchLogger] No durations, skip flush
2025-07-22 01:13:47 [DEBUG] face-presence-api: [BatchLogger] No verifications, skip flush
2025-07-22 01:13:47 [DEBUG] face-presence-api: [BatchLogger] No registrations, skip flush
2025-07-22 01:13:50 [DEBUG] face-presence-api: [BatchLogger] No durations, skip flush
2025-07-22 01:14:00 [DEBUG] face-presence-api: [BatchLogger] No durations, skip flush
2025-07-22 01:14:10 [DEBUG] face-presence-api: [BatchLogger] No durations, skip flush
2025-07-22 01:14:17 [DEBUG] face-presence-api: [BatchLogger] No verifications, skip flush
2025-07-22 01:14:17 [DEBUG] face-presence-api: [BatchLogger] No registrations, skip flush
2025-07-22 01:14:20 [DEBUG] face-presence-api: [BatchLogger] No durations, skip flush
2025-07-22 01:14:30 [DEBUG] face-presence-api: [BatchLogger] No durations, skip flush
2025-07-22 01:14:40 [DEBUG] face-presence-api: [BatchLogger] No durations, skip flush
2025-07-22 01:14:47 [DEBUG] face-presence-api: [BatchLogger] No verifications, skip flush
2025-07-22 01:14:47 [DEBUG] face-presence-api: [BatchLogger] No registrations, skip flush
2025-07-22 01:14:50 [DEBUG] face-presence-api: [BatchLogger] No durations, skip flush
2025-07-22 01:15:00 [DEBUG] face-presence-api: [BatchLogger] No durations, skip flush
2025-07-22 01:15:10 [DEBUG] face-presence-api: [BatchLogger] No durations, skip flush
2025-07-22 01:15:17 [DEBUG] face-presence-api: [BatchLogger] No verifications, skip flush
2025-07-22 01:15:17 [DEBUG] face-presence-api: [BatchLogger] No registrations, skip flush
2025-07-22 01:15:20 [DEBUG] face-presence-api: [BatchLogger] No durations, skip flush
2025-07-22 01:15:30 [DEBUG] face-presence-api: [BatchLogger] No durations, skip flush
2025-07-22 01:15:40 [DEBUG] face-presence-api: [BatchLogger] No durations, skip flush
2025-07-22 01:15:47 [DEBUG] face-presence-api: [BatchLogger] No verifications, skip flush
2025-07-22 01:15:47 [DEBUG] face-presence-api: [BatchLogger] No registrations, skip flush
2025-07-22 01:15:50 [DEBUG] face-presence-api: [BatchLogger] No durations, skip flush
2025-07-22 01:16:00 [DEBUG] face-presence-api: [BatchLogger] No durations, skip flush
2025-07-22 01:16:10 [DEBUG] face-presence-api: [BatchLogger] No durations, skip flush
2025-07-22 01:16:17 [DEBUG] face-presence-api: [BatchLogger] No verifications, skip flush
2025-07-22 01:16:17 [DEBUG] face-presence-api: [BatchLogger] No registrations, skip flush
2025-07-22 01:16:20 [DEBUG] face-presence-api: [BatchLogger] No durations, skip flush
2025-07-22 01:16:30 [DEBUG] face-presence-api: [BatchLogger] No durations, skip flush
2025-07-22 01:16:40 [DEBUG] face-presence-api: [BatchLogger] No durations, skip flush
2025-07-22 01:16:47 [DEBUG] face-presence-api: [BatchLogger] No verifications, skip flush
2025-07-22 01:16:47 [DEBUG] face-presence-api: [BatchLogger] No registrations, skip flush
2025-07-22 01:16:50 [DEBUG] face-presence-api: [BatchLogger] No durations, skip flush
2025-07-22 01:17:00 [DEBUG] face-presence-api: [BatchLogger] No durations, skip flush
2025-07-22 01:17:10 [DEBUG] face-presence-api: [BatchLogger] No durations, skip flush
2025-07-22 01:17:17 [DEBUG] face-presence-api: [BatchLogger] No verifications, skip flush
2025-07-22 01:17:17 [DEBUG] face-presence-api: [BatchLogger] No registrations, skip flush
2025-07-22 01:17:20 [DEBUG] face-presence-api: [BatchLogger] No durations, skip flush
2025-07-22 01:17:30 [DEBUG] face-presence-api: [BatchLogger] No durations, skip flush
2025-07-22 01:17:40 [DEBUG] face-presence-api: [BatchLogger] No durations, skip flush
2025-07-22 01:17:47 [DEBUG] face-presence-api: [BatchLogger] No verifications, skip flush
2025-07-22 01:17:47 [DEBUG] face-presence-api: [BatchLogger] No registrations, skip flush
2025-07-22 01:17:50 [DEBUG] face-presence-api: [BatchLogger] No durations, skip flush
2025-07-22 01:18:00 [DEBUG] face-presence-api: [BatchLogger] No durations, skip flush
2025-07-22 01:18:10 [DEBUG] face-presence-api: [BatchLogger] No durations, skip flush
2025-07-22 01:18:17 [DEBUG] face-presence-api: [BatchLogger] No verifications, skip flush
2025-07-22 01:18:17 [DEBUG] face-presence-api: [BatchLogger] No registrations, skip flush
2025-07-22 01:18:20 [DEBUG] face-presence-api: [BatchLogger] No durations, skip flush
2025-07-22 01:18:30 [DEBUG] face-presence-api: [BatchLogger] No durations, skip flush
2025-07-22 01:18:40 [DEBUG] face-presence-api: [BatchLogger] No durations, skip flush
2025-07-22 01:18:47 [DEBUG] face-presence-api: [BatchLogger] No verifications, skip flush
2025-07-22 01:18:47 [DEBUG] face-presence-api: [BatchLogger] No registrations, skip flush
2025-07-22 01:18:50 [DEBUG] face-presence-api: [BatchLogger] No durations, skip flush
2025-07-22 01:19:00 [DEBUG] face-presence-api: [BatchLogger] No durations, skip flush
2025-07-22 01:19:10 [DEBUG] face-presence-api: [BatchLogger] No durations, skip flush
2025-07-22 01:19:17 [DEBUG] face-presence-api: [BatchLogger] No verifications, skip flush
2025-07-22 01:19:17 [DEBUG] face-presence-api: [BatchLogger] No registrations, skip flush
2025-07-22 01:19:20 [DEBUG] face-presence-api: [BatchLogger] No durations, skip flush
2025-07-22 01:19:30 [DEBUG] face-presence-api: [BatchLogger] No durations, skip flush
2025-07-22 01:19:40 [DEBUG] face-presence-api: [BatchLogger] No durations, skip flush
2025-07-22 01:19:47 [DEBUG] face-presence-api: [BatchLogger] No verifications, skip flush
2025-07-22 01:19:47 [DEBUG] face-presence-api: [BatchLogger] No registrations, skip flush
2025-07-22 01:19:50 [DEBUG] face-presence-api: [BatchLogger] No durations, skip flush
2025-07-22 01:20:00 [DEBUG] face-presence-api: [BatchLogger] No durations, skip flush
2025-07-22 01:20:10 [DEBUG] face-presence-api: [BatchLogger] No durations, skip flush
2025-07-22 01:20:17 [DEBUG] face-presence-api: [BatchLogger] No verifications, skip flush
2025-07-22 01:20:17 [DEBUG] face-presence-api: [BatchLogger] No registrations, skip flush
2025-07-22 01:20:20 [DEBUG] face-presence-api: [BatchLogger] No durations, skip flush
2025-07-22 01:20:30 [DEBUG] face-presence-api: [BatchLogger] No durations, skip flush
2025-07-22 01:20:40 [DEBUG] face-presence-api: [BatchLogger] No durations, skip flush
2025-07-22 01:20:47 [DEBUG] face-presence-api: [BatchLogger] No verifications, skip flush
2025-07-22 01:20:47 [DEBUG] face-presence-api: [BatchLogger] No registrations, skip flush
2025-07-22 01:20:50 [DEBUG] face-presence-api: [BatchLogger] No durations, skip flush
2025-07-22 01:21:00 [DEBUG] face-presence-api: [BatchLogger] No durations, skip flush
2025-07-22 01:21:10 [DEBUG] face-presence-api: [BatchLogger] No durations, skip flush
2025-07-22 01:21:17 [DEBUG] face-presence-api: [BatchLogger] No verifications, skip flush
2025-07-22 01:21:17 [DEBUG] face-presence-api: [BatchLogger] No registrations, skip flush
2025-07-22 01:21:20 [DEBUG] face-presence-api: [BatchLogger] No durations, skip flush
2025-07-22 01:21:30 [DEBUG] face-presence-api: [BatchLogger] No durations, skip flush
2025-07-22 01:21:40 [DEBUG] face-presence-api: [BatchLogger] No durations, skip flush
2025-07-22 01:21:47 [DEBUG] face-presence-api: [BatchLogger] No verifications, skip flush
2025-07-22 01:21:47 [DEBUG] face-presence-api: [BatchLogger] No registrations, skip flush
2025-07-22 01:21:50 [DEBUG] face-presence-api: [BatchLogger] No durations, skip flush
2025-07-22 01:22:00 [DEBUG] face-presence-api: [BatchLogger] No durations, skip flush
2025-07-22 01:22:10 [DEBUG] face-presence-api: [BatchLogger] No durations, skip flush
2025-07-22 01:22:17 [DEBUG] face-presence-api: [BatchLogger] No verifications, skip flush
2025-07-22 01:22:17 [DEBUG] face-presence-api: [BatchLogger] No registrations, skip flush
2025-07-22 01:22:21 [DEBUG] face-presence-api: [BatchLogger] No durations, skip flush
2025-07-22 01:22:31 [DEBUG] face-presence-api: [BatchLogger] No durations, skip flush
2025-07-22 01:22:41 [DEBUG] face-presence-api: [BatchLogger] No durations, skip flush
2025-07-22 01:22:47 [DEBUG] face-presence-api: [BatchLogger] No verifications, skip flush
2025-07-22 01:22:47 [DEBUG] face-presence-api: [BatchLogger] No registrations, skip flush
2025-07-22 01:22:51 [DEBUG] face-presence-api: [BatchLogger] No durations, skip flush
2025-07-22 01:23:01 [DEBUG] face-presence-api: [BatchLogger] No durations, skip flush
2025-07-22 01:23:11 [DEBUG] face-presence-api: [BatchLogger] No durations, skip flush
2025-07-22 01:23:17 [DEBUG] face-presence-api: [BatchLogger] No verifications, skip flush
2025-07-22 01:23:17 [DEBUG] face-presence-api: [BatchLogger] No registrations, skip flush
2025-07-22 01:23:21 [DEBUG] face-presence-api: [BatchLogger] No durations, skip flush
2025-07-22 01:23:31 [DEBUG] face-presence-api: [BatchLogger] No durations, skip flush
2025-07-22 01:23:41 [DEBUG] face-presence-api: [BatchLogger] No durations, skip flush
2025-07-22 01:23:47 [DEBUG] face-presence-api: [BatchLogger] No verifications, skip flush
2025-07-22 01:23:47 [DEBUG] face-presence-api: [BatchLogger] No registrations, skip flush
2025-07-22 01:23:51 [DEBUG] face-presence-api: [BatchLogger] No durations, skip flush
2025-07-22 01:24:01 [DEBUG] face-presence-api: [BatchLogger] No durations, skip flush
2025-07-22 01:24:11 [DEBUG] face-presence-api: [BatchLogger] No durations, skip flush
2025-07-22 01:24:17 [DEBUG] face-presence-api: [BatchLogger] No verifications, skip flush
2025-07-22 01:24:17 [DEBUG] face-presence-api: [BatchLogger] No registrations, skip flush
2025-07-22 01:24:21 [DEBUG] face-presence-api: [BatchLogger] No durations, skip flush
2025-07-22 01:24:31 [DEBUG] face-presence-api: [BatchLogger] No durations, skip flush
2025-07-22 01:24:41 [DEBUG] face-presence-api: [BatchLogger] No durations, skip flush
2025-07-22 01:24:47 [DEBUG] face-presence-api: [BatchLogger] No verifications, skip flush
2025-07-22 01:24:47 [DEBUG] face-presence-api: [BatchLogger] No registrations, skip flush
2025-07-22 01:24:51 [DEBUG] face-presence-api: [BatchLogger] No durations, skip flush
2025-07-22 01:25:01 [DEBUG] face-presence-api: [BatchLogger] No durations, skip flush
2025-07-22 01:25:11 [DEBUG] face-presence-api: [BatchLogger] No durations, skip flush
2025-07-22 01:25:17 [DEBUG] face-presence-api: [BatchLogger] No verifications, skip flush
2025-07-22 01:25:17 [DEBUG] face-presence-api: [BatchLogger] No registrations, skip flush
2025-07-22 01:25:21 [DEBUG] face-presence-api: [BatchLogger] No durations, skip flush
2025-07-22 01:25:31 [DEBUG] face-presence-api: [BatchLogger] No durations, skip flush
2025-07-22 01:25:41 [DEBUG] face-presence-api: [BatchLogger] No durations, skip flush
2025-07-22 01:25:47 [DEBUG] face-presence-api: [BatchLogger] No verifications, skip flush
2025-07-22 01:25:47 [DEBUG] face-presence-api: [BatchLogger] No registrations, skip flush
2025-07-22 01:25:51 [DEBUG] face-presence-api: [BatchLogger] No durations, skip flush
2025-07-22 01:26:01 [DEBUG] face-presence-api: [BatchLogger] No durations, skip flush
2025-07-22 01:26:11 [DEBUG] face-presence-api: [BatchLogger] No durations, skip flush
2025-07-22 01:26:17 [DEBUG] face-presence-api: [BatchLogger] No verifications, skip flush
2025-07-22 01:26:18 [DEBUG] face-presence-api: [BatchLogger] No registrations, skip flush
2025-07-22 01:26:21 [DEBUG] face-presence-api: [BatchLogger] No durations, skip flush
2025-07-22 01:26:31 [DEBUG] face-presence-api: [BatchLogger] No durations, skip flush
2025-07-22 01:26:41 [DEBUG] face-presence-api: [BatchLogger] No durations, skip flush
2025-07-22 01:26:47 [DEBUG] face-presence-api: [BatchLogger] No verifications, skip flush
2025-07-22 01:26:48 [DEBUG] face-presence-api: [BatchLogger] No registrations, skip flush
2025-07-22 01:26:51 [DEBUG] face-presence-api: [BatchLogger] No durations, skip flush
2025-07-22 01:27:01 [DEBUG] face-presence-api: [BatchLogger] No durations, skip flush
2025-07-22 01:27:11 [DEBUG] face-presence-api: [BatchLogger] No durations, skip flush
2025-07-22 01:27:17 [DEBUG] face-presence-api: [BatchLogger] No verifications, skip flush
2025-07-22 01:27:18 [DEBUG] face-presence-api: [BatchLogger] No registrations, skip flush
2025-07-22 01:27:21 [DEBUG] face-presence-api: [BatchLogger] No durations, skip flush
2025-07-22 01:27:31 [DEBUG] face-presence-api: [BatchLogger] No durations, skip flush
2025-07-22 01:27:41 [DEBUG] face-presence-api: [BatchLogger] No durations, skip flush
2025-07-22 01:27:47 [DEBUG] face-presence-api: [BatchLogger] No verifications, skip flush
2025-07-22 01:27:48 [DEBUG] face-presence-api: [BatchLogger] No registrations, skip flush
2025-07-22 01:27:51 [DEBUG] face-presence-api: [BatchLogger] No durations, skip flush
2025-07-22 01:28:01 [DEBUG] face-presence-api: [BatchLogger] No durations, skip flush
2025-07-22 01:28:11 [DEBUG] face-presence-api: [BatchLogger] No durations, skip flush
2025-07-22 01:28:17 [DEBUG] face-presence-api: [BatchLogger] No verifications, skip flush
2025-07-22 01:28:18 [DEBUG] face-presence-api: [BatchLogger] No registrations, skip flush
2025-07-22 01:28:21 [DEBUG] face-presence-api: [BatchLogger] No durations, skip flush
2025-07-22 01:28:31 [DEBUG] face-presence-api: [BatchLogger] No durations, skip flush
2025-07-22 01:28:41 [DEBUG] face-presence-api: [BatchLogger] No durations, skip flush
2025-07-22 01:28:42 [DEBUG] python_multipart.multipart: Calling on_part_begin with no data
2025-07-22 01:28:42 [DEBUG] python_multipart.multipart: Calling on_header_field with data[42:61]
2025-07-22 01:28:42 [DEBUG] python_multipart.multipart: Calling on_header_value with data[63:88]
2025-07-22 01:28:42 [DEBUG] python_multipart.multipart: Calling on_header_end with no data
2025-07-22 01:28:42 [DEBUG] python_multipart.multipart: Calling on_headers_finished with no data
2025-07-22 01:28:42 [DEBUG] python_multipart.multipart: Calling on_part_data with data[92:94]
2025-07-22 01:28:42 [DEBUG] python_multipart.multipart: Calling on_part_end with no data
2025-07-22 01:28:42 [DEBUG] python_multipart.multipart: Calling on_end with no data
2025-07-22 01:28:42 [INFO] face-presence-api: Checking status for user: 44
2025-07-22 01:28:42 [INFO] face-presence-api: User 44 is already registered.
2025-07-22 01:28:47 [DEBUG] face-presence-api: [BatchLogger] No verifications, skip flush
2025-07-22 01:28:48 [DEBUG] face-presence-api: [BatchLogger] No registrations, skip flush
2025-07-22 01:28:51 [DEBUG] face-presence-api: [BatchLogger] No durations, skip flush
2025-07-22 01:29:01 [DEBUG] face-presence-api: [BatchLogger] No durations, skip flush
2025-07-22 01:29:11 [DEBUG] face-presence-api: [BatchLogger] No durations, skip flush
2025-07-22 01:29:17 [DEBUG] face-presence-api: [BatchLogger] No verifications, skip flush
2025-07-22 01:29:18 [DEBUG] face-presence-api: [BatchLogger] No registrations, skip flush
2025-07-22 01:29:21 [DEBUG] face-presence-api: [BatchLogger] No durations, skip flush
2025-07-22 01:29:22 [DEBUG] python_multipart.multipart: Calling on_part_begin with no data
2025-07-22 01:29:22 [DEBUG] python_multipart.multipart: Calling on_header_field with data[42:61]
2025-07-22 01:29:22 [DEBUG] python_multipart.multipart: Calling on_header_value with data[63:88]
2025-07-22 01:29:22 [DEBUG] python_multipart.multipart: Calling on_header_end with no data
2025-07-22 01:29:22 [DEBUG] python_multipart.multipart: Calling on_headers_finished with no data
2025-07-22 01:29:22 [DEBUG] python_multipart.multipart: Calling on_part_data with data[92:94]
2025-07-22 01:29:22 [DEBUG] python_multipart.multipart: Calling on_part_end with no data
2025-07-22 01:29:22 [DEBUG] python_multipart.multipart: Calling on_end with no data
2025-07-22 01:29:22 [INFO] face-presence-api: Checking status for user: 51
2025-07-22 01:29:22 [INFO] face-presence-api: User 51 has not registered.
2025-07-22 01:29:31 [DEBUG] face-presence-api: [BatchLogger] No durations, skip flush
2025-07-22 01:29:41 [DEBUG] face-presence-api: [BatchLogger] No durations, skip flush
2025-07-22 01:29:47 [DEBUG] face-presence-api: [BatchLogger] No verifications, skip flush
2025-07-22 01:29:48 [DEBUG] face-presence-api: [BatchLogger] No registrations, skip flush
2025-07-22 01:29:51 [DEBUG] face-presence-api: [BatchLogger] No durations, skip flush
2025-07-22 01:29:59 [DEBUG] python_multipart.multipart: Calling on_part_begin with no data
2025-07-22 01:29:59 [DEBUG] python_multipart.multipart: Calling on_header_field with data[42:61]
2025-07-22 01:29:59 [DEBUG] python_multipart.multipart: Calling on_header_value with data[63:88]
2025-07-22 01:29:59 [DEBUG] python_multipart.multipart: Calling on_header_end with no data
2025-07-22 01:29:59 [DEBUG] python_multipart.multipart: Calling on_headers_finished with no data
2025-07-22 01:29:59 [DEBUG] python_multipart.multipart: Calling on_part_data with data[92:94]
2025-07-22 01:29:59 [DEBUG] python_multipart.multipart: Calling on_part_end with no data
2025-07-22 01:29:59 [DEBUG] python_multipart.multipart: Calling on_end with no data
2025-07-22 01:29:59 [INFO] face-presence-api: Checking status for user: 51
2025-07-22 01:29:59 [INFO] face-presence-api: User 51 has not registered.
2025-07-22 01:30:01 [DEBUG] face-presence-api: [BatchLogger] No durations, skip flush
2025-07-22 01:30:11 [DEBUG] face-presence-api: [BatchLogger] No durations, skip flush
2025-07-22 01:30:17 [DEBUG] face-presence-api: [BatchLogger] No verifications, skip flush
2025-07-22 01:30:18 [DEBUG] face-presence-api: [BatchLogger] No registrations, skip flush
2025-07-22 01:30:21 [DEBUG] face-presence-api: [BatchLogger] No durations, skip flush
2025-07-22 01:30:23 [DEBUG] python_multipart.multipart: Calling on_part_begin with no data
2025-07-22 01:30:23 [DEBUG] python_multipart.multipart: Calling on_header_field with data[42:61]
2025-07-22 01:30:23 [DEBUG] python_multipart.multipart: Calling on_header_value with data[63:88]
2025-07-22 01:30:23 [DEBUG] python_multipart.multipart: Calling on_header_end with no data
2025-07-22 01:30:23 [DEBUG] python_multipart.multipart: Calling on_headers_finished with no data
2025-07-22 01:30:23 [DEBUG] python_multipart.multipart: Calling on_part_data with data[92:94]
2025-07-22 01:30:23 [DEBUG] python_multipart.multipart: Calling on_part_end with no data
2025-07-22 01:30:23 [DEBUG] python_multipart.multipart: Calling on_end with no data
2025-07-22 01:30:23 [INFO] face-presence-api: Checking status for user: 51
2025-07-22 01:30:23 [INFO] face-presence-api: User 51 has not registered.
2025-07-22 01:30:31 [DEBUG] face-presence-api: [BatchLogger] No durations, skip flush
2025-07-22 01:30:41 [DEBUG] face-presence-api: [BatchLogger] No durations, skip flush
2025-07-22 01:30:47 [DEBUG] face-presence-api: [BatchLogger] No verifications, skip flush
2025-07-22 01:30:48 [DEBUG] face-presence-api: [BatchLogger] No registrations, skip flush
2025-07-22 01:30:51 [DEBUG] face-presence-api: [BatchLogger] No durations, skip flush
2025-07-22 01:31:01 [DEBUG] face-presence-api: [BatchLogger] No durations, skip flush
2025-07-22 01:31:03 [DEBUG] python_multipart.multipart: Calling on_part_begin with no data
2025-07-22 01:31:03 [DEBUG] python_multipart.multipart: Calling on_header_field with data[42:61]
2025-07-22 01:31:03 [DEBUG] python_multipart.multipart: Calling on_header_value with data[63:88]
2025-07-22 01:31:03 [DEBUG] python_multipart.multipart: Calling on_header_end with no data
2025-07-22 01:31:03 [DEBUG] python_multipart.multipart: Calling on_headers_finished with no data
2025-07-22 01:31:03 [DEBUG] python_multipart.multipart: Calling on_part_data with data[92:94]
2025-07-22 01:31:03 [DEBUG] python_multipart.multipart: Calling on_part_end with no data
2025-07-22 01:31:03 [DEBUG] python_multipart.multipart: Calling on_end with no data
2025-07-22 01:31:03 [INFO] face-presence-api: Checking status for user: 51
2025-07-22 01:31:03 [INFO] face-presence-api: User 51 has not registered.
2025-07-22 01:31:11 [DEBUG] face-presence-api: [BatchLogger] No durations, skip flush
2025-07-22 01:31:18 [DEBUG] face-presence-api: [BatchLogger] No verifications, skip flush
2025-07-22 01:31:18 [DEBUG] face-presence-api: [BatchLogger] No registrations, skip flush
2025-07-22 01:31:21 [DEBUG] face-presence-api: [BatchLogger] No durations, skip flush
2025-07-22 01:31:31 [DEBUG] face-presence-api: [BatchLogger] No durations, skip flush
2025-07-22 01:31:41 [DEBUG] face-presence-api: [BatchLogger] No durations, skip flush
2025-07-22 01:31:48 [DEBUG] face-presence-api: [BatchLogger] No verifications, skip flush
2025-07-22 01:31:48 [DEBUG] face-presence-api: [BatchLogger] No registrations, skip flush
2025-07-22 01:31:51 [DEBUG] face-presence-api: [BatchLogger] No durations, skip flush
2025-07-22 01:32:01 [DEBUG] face-presence-api: [BatchLogger] No durations, skip flush
2025-07-22 01:32:11 [DEBUG] face-presence-api: [BatchLogger] No durations, skip flush
2025-07-22 01:32:18 [DEBUG] face-presence-api: [BatchLogger] No verifications, skip flush
2025-07-22 01:32:18 [DEBUG] face-presence-api: [BatchLogger] No registrations, skip flush
2025-07-22 01:32:21 [DEBUG] face-presence-api: [BatchLogger] No durations, skip flush
2025-07-22 01:32:31 [DEBUG] face-presence-api: [BatchLogger] No durations, skip flush
2025-07-22 01:32:37 [DEBUG] python_multipart.multipart: Calling on_part_begin with no data
2025-07-22 01:32:37 [DEBUG] python_multipart.multipart: Calling on_header_field with data[42:61]
2025-07-22 01:32:37 [DEBUG] python_multipart.multipart: Calling on_header_value with data[63:88]
2025-07-22 01:32:37 [DEBUG] python_multipart.multipart: Calling on_header_end with no data
2025-07-22 01:32:37 [DEBUG] python_multipart.multipart: Calling on_headers_finished with no data
2025-07-22 01:32:37 [DEBUG] python_multipart.multipart: Calling on_part_data with data[92:94]
2025-07-22 01:32:37 [DEBUG] python_multipart.multipart: Calling on_part_end with no data
2025-07-22 01:32:37 [DEBUG] python_multipart.multipart: Calling on_end with no data
2025-07-22 01:32:37 [INFO] face-presence-api: Checking status for user: 51
2025-07-22 01:32:37 [INFO] face-presence-api: User 51 has not registered.
2025-07-22 01:32:41 [DEBUG] face-presence-api: [BatchLogger] No durations, skip flush
2025-07-22 01:32:48 [DEBUG] face-presence-api: [BatchLogger] No verifications, skip flush
2025-07-22 01:32:48 [DEBUG] face-presence-api: [BatchLogger] No registrations, skip flush
2025-07-22 01:32:51 [DEBUG] face-presence-api: [BatchLogger] No durations, skip flush
2025-07-22 01:33:02 [DEBUG] face-presence-api: [BatchLogger] No durations, skip flush
2025-07-22 01:33:12 [DEBUG] face-presence-api: [BatchLogger] No durations, skip flush
2025-07-22 01:33:18 [DEBUG] face-presence-api: [BatchLogger] No verifications, skip flush
2025-07-22 01:33:18 [DEBUG] face-presence-api: [BatchLogger] No registrations, skip flush
2025-07-22 01:33:22 [DEBUG] face-presence-api: [BatchLogger] No durations, skip flush
2025-07-22 01:33:25 [DEBUG] python_multipart.multipart: Calling on_part_begin with no data
2025-07-22 01:33:25 [DEBUG] python_multipart.multipart: Calling on_header_field with data[42:61]
2025-07-22 01:33:25 [DEBUG] python_multipart.multipart: Calling on_header_value with data[63:88]
2025-07-22 01:33:25 [DEBUG] python_multipart.multipart: Calling on_header_end with no data
2025-07-22 01:33:25 [DEBUG] python_multipart.multipart: Calling on_headers_finished with no data
2025-07-22 01:33:25 [DEBUG] python_multipart.multipart: Calling on_part_data with data[92:94]
2025-07-22 01:33:25 [DEBUG] python_multipart.multipart: Calling on_part_end with no data
2025-07-22 01:33:25 [DEBUG] python_multipart.multipart: Calling on_end with no data
2025-07-22 01:33:25 [INFO] face-presence-api: Checking status for user: 51
2025-07-22 01:33:25 [INFO] face-presence-api: User 51 has not registered.
2025-07-22 01:33:32 [DEBUG] face-presence-api: [BatchLogger] No durations, skip flush
2025-07-22 01:33:42 [DEBUG] face-presence-api: [BatchLogger] No durations, skip flush
2025-07-22 01:33:48 [DEBUG] face-presence-api: [BatchLogger] No verifications, skip flush
2025-07-22 01:33:48 [DEBUG] face-presence-api: [BatchLogger] No registrations, skip flush
2025-07-22 01:33:50 [DEBUG] python_multipart.multipart: Calling on_part_begin with no data
2025-07-22 01:33:50 [DEBUG] python_multipart.multipart: Calling on_header_field with data[42:61]
2025-07-22 01:33:50 [DEBUG] python_multipart.multipart: Calling on_header_value with data[63:88]
2025-07-22 01:33:50 [DEBUG] python_multipart.multipart: Calling on_header_end with no data
2025-07-22 01:33:50 [DEBUG] python_multipart.multipart: Calling on_headers_finished with no data
2025-07-22 01:33:50 [DEBUG] python_multipart.multipart: Calling on_part_data with data[92:94]
2025-07-22 01:33:50 [DEBUG] python_multipart.multipart: Calling on_part_end with no data
2025-07-22 01:33:50 [DEBUG] python_multipart.multipart: Calling on_end with no data
2025-07-22 01:33:50 [INFO] face-presence-api: Checking status for user: 51
2025-07-22 01:33:50 [INFO] face-presence-api: User 51 has not registered.
2025-07-22 01:33:52 [DEBUG] face-presence-api: [BatchLogger] No durations, skip flush
2025-07-22 01:34:02 [DEBUG] face-presence-api: [BatchLogger] No durations, skip flush
2025-07-22 01:34:04 [DEBUG] python_multipart.multipart: Calling on_part_begin with no data
2025-07-22 01:34:04 [DEBUG] python_multipart.multipart: Calling on_header_field with data[42:61]
2025-07-22 01:34:04 [DEBUG] python_multipart.multipart: Calling on_header_value with data[63:88]
2025-07-22 01:34:04 [DEBUG] python_multipart.multipart: Calling on_header_end with no data
2025-07-22 01:34:04 [DEBUG] python_multipart.multipart: Calling on_headers_finished with no data
2025-07-22 01:34:04 [DEBUG] python_multipart.multipart: Calling on_part_data with data[92:94]
2025-07-22 01:34:04 [DEBUG] python_multipart.multipart: Calling on_part_end with no data
2025-07-22 01:34:04 [DEBUG] python_multipart.multipart: Calling on_end with no data
2025-07-22 01:34:04 [INFO] face-presence-api: Checking status for user: 51
2025-07-22 01:34:04 [INFO] face-presence-api: User 51 has not registered.
2025-07-22 01:34:12 [DEBUG] face-presence-api: [BatchLogger] No durations, skip flush
2025-07-22 01:34:18 [DEBUG] face-presence-api: [BatchLogger] No verifications, skip flush
2025-07-22 01:34:18 [DEBUG] face-presence-api: [BatchLogger] No registrations, skip flush
2025-07-22 01:34:22 [DEBUG] face-presence-api: [BatchLogger] No durations, skip flush
2025-07-22 01:34:24 [DEBUG] python_multipart.multipart: Calling on_part_begin with no data
2025-07-22 01:34:24 [DEBUG] python_multipart.multipart: Calling on_header_field with data[42:61]
2025-07-22 01:34:24 [DEBUG] python_multipart.multipart: Calling on_header_value with data[63:88]
2025-07-22 01:34:24 [DEBUG] python_multipart.multipart: Calling on_header_end with no data
2025-07-22 01:34:24 [DEBUG] python_multipart.multipart: Calling on_headers_finished with no data
2025-07-22 01:34:24 [DEBUG] python_multipart.multipart: Calling on_part_data with data[92:94]
2025-07-22 01:34:24 [DEBUG] python_multipart.multipart: Calling on_part_end with no data
2025-07-22 01:34:24 [DEBUG] python_multipart.multipart: Calling on_end with no data
2025-07-22 01:34:24 [INFO] face-presence-api: Checking status for user: 51
2025-07-22 01:34:24 [INFO] face-presence-api: User 51 has not registered.
2025-07-22 01:34:32 [DEBUG] face-presence-api: [BatchLogger] No durations, skip flush
2025-07-22 01:34:42 [DEBUG] face-presence-api: [BatchLogger] No durations, skip flush
2025-07-22 01:34:48 [DEBUG] face-presence-api: [BatchLogger] No verifications, skip flush
2025-07-22 01:34:48 [DEBUG] face-presence-api: [BatchLogger] No registrations, skip flush
2025-07-22 01:34:52 [DEBUG] face-presence-api: [BatchLogger] No durations, skip flush
2025-07-22 01:35:02 [DEBUG] face-presence-api: [BatchLogger] No durations, skip flush
2025-07-22 01:35:02 [DEBUG] python_multipart.multipart: Calling on_part_begin with no data
2025-07-22 01:35:02 [DEBUG] python_multipart.multipart: Calling on_header_field with data[42:61]
2025-07-22 01:35:02 [DEBUG] python_multipart.multipart: Calling on_header_value with data[63:88]
2025-07-22 01:35:02 [DEBUG] python_multipart.multipart: Calling on_header_end with no data
2025-07-22 01:35:02 [DEBUG] python_multipart.multipart: Calling on_headers_finished with no data
2025-07-22 01:35:02 [DEBUG] python_multipart.multipart: Calling on_part_data with data[92:94]
2025-07-22 01:35:02 [DEBUG] python_multipart.multipart: Calling on_part_end with no data
2025-07-22 01:35:02 [DEBUG] python_multipart.multipart: Calling on_end with no data
2025-07-22 01:35:02 [INFO] face-presence-api: Checking status for user: 51
2025-07-22 01:35:02 [INFO] face-presence-api: User 51 has not registered.
2025-07-22 01:35:12 [DEBUG] face-presence-api: [BatchLogger] No durations, skip flush
2025-07-22 01:35:18 [DEBUG] face-presence-api: [BatchLogger] No verifications, skip flush
2025-07-22 01:35:18 [DEBUG] face-presence-api: [BatchLogger] No registrations, skip flush
2025-07-22 01:35:22 [DEBUG] face-presence-api: [BatchLogger] No durations, skip flush
